axis_index,driver,team,lap,stint,compound,tyre_age,position,lap_duration_s,lap_length_m,telemetry_samples,observed_time_s,telemetry_coverage,sample_full_throttle_share,time_full_throttle_share,time_brake_share,time_drs_share,lap_speed_p99_kph,lap_speed_max_kph,lap_speed_median_kph,axis_reconstructed_time_s,axis_time_error_s,deleted,is_accurate,green_or_yellow,pace_eligible,acceleration_150_250_kph_per_100m,straight_max_speed_kph,straight_full_throttle_distance_share,traffic_ratio,traffic_missing_share,traffic_observed_time_s,lap_fraction,clean_air_share,candidate_weight,audited_candidate
0,ALB,Williams,2,1,SOFT,2.0,15,91.70999908447266,5182.279312793732,697,91.83599972724915,1.0,0.4519368723098996,0.45462552333619466,0.19600151667198049,0.16551242324071688,338.03999999999996,341.0,206.0,91.63337659160138,-0.0766224928712802,False,True,True,True,47.62186728267543,340.9355163574219,0.8527144575485536,1.0,0.0,91.83599972724915,0.034482758620689655,0.0,0.0,False
1,ALB,Williams,3,1,SOFT,3.0,15,90.2239990234375,5172.1253894686715,688,90.35700225830078,1.0,0.48255813953488375,0.48693518622343673,0.2036365522647329,0.1717520359447933,333.04658386230466,334.0,215.7903823852539,89.83014109161746,-0.3938579318200368,False,True,True,True,45.77446150884949,333.98736572265625,0.8912519069412662,1.0,0.0,90.35700225830078,0.05172413793103448,0.0,0.0,False
2,ALB,Williams,4,1,SOFT,4.0,15,90.8740005493164,5196.786679875553,679,91.00799989700317,1.0,0.4698085419734904,0.45769608273778595,0.20960790198309567,0.17011689588964723,335.06116333007816,336.0,217.41354370117188,90.61664017534255,-0.25736037397385303,False,True,True,True,45.477241803931825,336.0,0.8998595464413542,1.0,0.0,91.00799989700317,0.06896551724137931,0.0,0.0,False
3,ALB,Williams,5,1,SOFT,5.0,15,90.31400299072266,5166.369867339195,684,90.44000244140625,1.0,0.4868421052631579,0.4932110285071425,0.20787267195494036,0.17428125605273156,331.710305480957,332.0,213.16429138183594,90.07235299284233,-0.24164999788033015,False,True,True,True,44.4449451443791,332.0,0.908914950419527,1.0,0.0,90.44000244140625,0.08620689655172414,0.0,0.0,False
4,ALB,Williams,6,1,SOFT,6.0,15,90.2229995727539,5194.895526159764,670,90.35599517822266,1.0,0.4955223880597015,0.487980835806143,0.1907566450277,0.16734918549057215,335.2983731079101,339.0,218.89552307128906,89.98326648006588,-0.23973309268802723,False,True,True,True,46.088271684796354,338.9291076660156,0.8862575544211699,1.0,0.0,90.35599517822266,0.10344827586206896,0.0,0.0,False
5,ALB,Williams,7,1,SOFT,7.0,15,90.41999816894531,5187.922824577727,679,90.55199813842773,1.0,0.49042709867452133,0.4716405449222192,0.18728481190418786,0.17669407894113248,337.0,339.0,218.0,90.20955571117796,-0.21044245776735693,False,True,True,True,40.05331887301198,339.0,0.8959572845156369,1.0,0.0,90.55199813842773,0.1206896551724138,0.0,0.0,False
6,ALB,Williams,10,2,HARD,2.0,20,89.3740005493164,5210.508554794789,694,89.50600051879883,1.0,0.4942363112391931,0.4837552578027598,0.17698255118884634,0.0,312.19549346923833,314.0,226.84500122070312,89.18130791408963,-0.19269263522677704,False,True,True,True,41.6332208965099,314.0,0.9520356598016781,1.0,0.0,89.50600051879883,0.1724137931034483,0.0,0.0,False
7,ALB,Williams,11,2,HARD,3.0,20,89.80699920654297,5210.843732625916,694,89.93399810791016,1.0,0.46829971181556196,0.46427373310216835,0.17570674485522314,0.0,313.0,314.0,222.2154998779297,89.59917475538246,-0.20782445116050496,False,True,True,True,39.918005715385476,314.0,0.9012395118230359,0.948840282633893,0.0,89.93399810791016,0.1896551724137931,0.05115971736610703,0.0026173166809799527,False
8,ALB,Williams,12,2,HARD,4.0,20,89.45999908447266,5210.863225111201,675,89.58799934387207,1.0,0.4948148148148148,0.4860806427297406,0.169207834172484,0.0,313.0,314.0,223.0,89.39066212042552,-0.06933696404713885,False,True,True,True,34.844998856489354,313.91815185546875,0.9438215102974828,0.6212886108603182,0.0,89.58799934387207,0.20689655172413793,0.37871138913968183,0.1434223162641075,False
9,ALB,Williams,13,2,HARD,5.0,20,89.69200134277344,5190.850319431424,657,89.82099914550781,1.0,0.5098934550989346,0.48211449742538404,0.17100671690555472,0.0,314.0341064453125,315.0,227.0,89.41264625038366,-0.2793550923897783,False,True,True,True,45.8936825388473,315.0,0.9473302822273074,0.046859878027876965,0.0,89.82099914550781,0.22413793103448276,0.9531401219721231,0.9084760921130336,True
10,ALB,Williams,14,2,HARD,6.0,19,89.79299926757812,5209.492373314824,682,89.92399978637695,1.0,0.49266862170087977,0.4851762842437315,0.17612643896923422,0.0,311.6179473876952,314.0,224.0,89.79276752291211,-0.0002317446660100586,False,True,True,True,44.913999367872805,313.9525146484375,0.9220823798627001,0.0687247017641384,0.0,89.92399978637695,0.2413793103448276,0.9312752982358616,0.867273681104293,True
11,ALB,Williams,15,2,HARD,7.0,17,89.81900024414062,5218.271400470077,680,89.94700241088867,1.0,0.5,0.5038189329119765,0.16098368629259163,0.0,313.0,313.0,222.11772918701172,89.86931737153964,0.05031712739901195,False,True,True,True,41.97778621658284,313.0,0.944369755911518,0.038033507644725725,0.0,89.94700241088867,0.25862068965517243,0.9619664923552743,0.92537953241431,True
12,ALB,Williams,16,2,HARD,8.0,16,89.90699768066406,5185.303600412638,674,90.03799438476562,1.0,0.48516320474777447,0.4883826132529365,0.18257848499253482,0.0,312.40428924560547,314.0,223.0,89.61918973491046,-0.2878079457535989,False,True,True,True,42.57003866009343,313.9653625488281,0.9263682303585049,0.8386348582611812,0.0,90.03799438476562,0.27586206896551724,0.16136514173881877,0.02603870896838907,False
13,ALB,Williams,17,2,HARD,9.0,16,90.13300323486328,5204.414319212677,679,90.26300430297852,1.0,0.47128129602356406,0.4757763216866943,0.1763845567379296,0.0,316.19977416992185,317.0,217.0,89.98363227164575,-0.1493709632175353,True,True,True,True,41.96900558630413,317.0,0.9035230739893212,0.8169793070338166,0.0,90.26300430297852,0.29310344827586204,0.1830206929661834,0.03349657405382197,False
14,ALB,Williams,18,2,HARD,10.0,16,89.98699951171875,5199.599171593488,666,90.11700057983398,1.0,0.46996996996997,0.47125408028935095,0.16552933268387066,0.0,315.4371337890625,316.0,220.73270416259766,89.72061392303742,-0.2663855886813309,False,True,True,True,44.55379858620654,316.0,0.9366943173150267,0.4197543023762943,0.0,90.11700057983398,0.3103448275862069,0.5802456976237057,0.3366850696108209,False
15,ALB,Williams,19,2,HARD,11.0,15,90.0469970703125,5189.6511076150255,668,90.17699718475342,1.0,0.47005988023952094,0.47244862870910154,0.16943343217801962,0.0,317.09664947509765,319.0,217.0,89.76065731206256,-0.2863397582499374,True,True,True,True,40.16059563127444,318.8728942871094,0.9162614416475973,0.9525378014959902,0.0,90.17699718475342,0.3275862068965517,0.04746219850400979,0.0022526602868340293,False
16,ALB,Williams,20,2,HARD,12.0,14,90.10900115966797,5205.144859646797,695,90.23800468444824,1.0,0.4906474820143885,0.47516576481647294,0.18886714968069698,0.0,315.9965460205078,318.0,222.0,89.80356778542654,-0.30543337424143147,False,True,True,True,42.40692883483923,318.0,0.9474494660564455,0.9826015663939722,0.0,90.23800468444824,0.3448275862068966,0.017398433606027774,0.0003027054919433566,False
17,ALB,Williams,21,2,HARD,13.0,14,90.2699966430664,5196.828735234305,680,90.39999580383301,1.0,0.46176470588235297,0.4675886093767331,0.1800553201810808,0.0,317.0,318.0,215.0,90.13039624731401,-0.1396003957523959,False,True,True,True,46.775110779675174,318.0,0.9209954233409611,0.8203097108123865,0.0,90.39999580383301,0.3620689655172414,0.17969028918761354,0.03228860002832818,False
18,ALB,Williams,22,2,HARD,14.0,13,90.2979965209961,5181.480582294881,685,90.42799377441406,1.0,0.48613138686131385,0.4726633047679585,0.1649821904778859,0.0,317.0049853515625,318.0,218.76942443847656,89.81344263214802,-0.48455388884806894,False,True,True,True,40.98835920475348,318.0,0.9028842486651412,0.6643185518901458,0.0,90.42799377441406,0.3793103448275862,0.33568144810985423,0.11268203460512875,False
19,ALB,Williams,23,2,HARD,15.0,13,90.62100219726562,5209.901575727463,690,90.75100135803223,1.0,0.4753623188405797,0.4588157637356853,0.18026247864607525,0.0,317.0,319.0,219.18329620361328,90.56494453331901,-0.05605766394661771,False,True,True,True,37.91137565514895,318.986572265625,0.9091342486651411,0.16094588189688866,0.0,90.75100135803223,0.39655172413793105,0.8390541181031114,0.70401181310579,True
20,ALB,Williams,24,2,HARD,16.0,13,90.38800048828125,5192.966384712365,666,90.51900100708008,1.0,0.47297297297297297,0.4807388770236672,0.17453804336488837,0.0,315.35,316.0,215.93333435058594,90.24704840810776,-0.14095208017349137,False,True,True,True,40.822286605171946,316.0,0.8919002669717773,0.4321522770458257,0.0,90.51900100708008,0.41379310344827586,0.5678477229541743,0.32245103646424067,False
21,ALB,Williams,25,2,HARD,17.0,14,90.93399810791016,5191.903826847749,691,91.0629997253418,1.0,0.48191027496382055,0.4689720379878717,0.192844450558632,0.058860356308468226,318.0,319.0,216.0,90.68305067597544,-0.25094743193471913,False,True,True,True,43.862543721053356,319.0,0.9398741418764303,0.9496063505370121,0.0,91.0629997253418,0.43103448275862066,0.050393649462987855,0.002539519906198496,False
22,ALB,Williams,26,2,HARD,18.0,14,90.29399871826172,5202.66297133553,680,90.42599868774414,1.0,0.4823529411764706,0.4906664290056716,0.18444913542850463,0.0,315.0479946899414,317.0,216.71250915527344,90.35297447793383,0.05897575967210855,False,True,True,True,42.56868765684636,316.9505310058594,0.9492038520213577,1.0,0.0,90.42599868774414,0.4482758620689655,0.0,0.0,False
23,ALB,Williams,27,2,HARD,19.0,14,90.11299896240234,5201.497535400547,668,90.24399948120117,1.0,0.5044910179640718,0.4985817100981391,0.16710250631495904,0.0,317.0,317.0,217.5999984741211,90.06389292478106,-0.049106037621285736,False,True,True,True,44.123596289571616,317.0,0.9530415713196033,0.2890053791019229,0.0,90.24399948120117,0.46551724137931033,0.7109946208980771,0.5055133509460004,False
24,ALB,Williams,28,2,HARD,20.0,15,91.01399993896484,5196.372574529291,673,91.14599990844727,1.0,0.5066864784546805,0.5036974838257481,0.17689203947604393,0.0,317.0,317.0,220.3000030517578,90.7866920036177,-0.22730793534714167,False,True,True,True,45.80980088638049,317.0,0.9411994660564454,0.5985780913263119,0.0,91.14599990844727,0.4827586206896552,0.4014219086736881,0.16113954876322678,False
25,ALB,Williams,29,2,HARD,21.0,15,90.4219970703125,5188.8762758676485,695,90.54999542236328,1.0,0.497841726618705,0.4831695642920389,0.16875747088802365,0.0,317.0,318.0,216.0,90.34743528699244,-0.07456178332006402,False,True,True,True,46.96666512098783,318.0,0.9397549580472923,1.0,0.0,90.54999542236328,0.5,0.0,0.0,False
26,ALB,Williams,30,2,HARD,22.0,15,90.21499633789062,5204.341433231532,676,90.3429946899414,1.0,0.5088757396449705,0.513476243951642,0.17666005190079548,0.0,316.9651870727539,317.0,218.17198944091797,90.14458300453926,-0.07041333335136812,False,True,True,True,44.13868844117679,317.0,0.933385774218154,0.8002501723397253,0.0,90.3429946899414,0.5172413793103449,0.19974982766027471,0.03989999365030945,False
27,ALB,Williams,31,2,HARD,23.0,15,90.53900146484375,5195.4550334042015,680,90.67300033569336,1.0,0.5044117647058823,0.4935096101358626,0.17203576813499954,0.0,317.0,317.0,220.88957977294922,90.42242225586259,-0.11657920898116458,False,True,True,True,41.79714020886162,317.0,0.9409610983981693,1.0,0.0,90.67300033569336,0.5344827586206896,0.0,0.0,False
28,ALB,Williams,32,2,HARD,24.0,14,90.48500061035156,5191.758394939066,702,90.6050009727478,1.0,0.50997150997151,0.5145079539231688,0.1938303740387887,0.0,315.0,316.0,217.26964569091797,90.21384542218102,-0.27115518817053896,False,True,True,True,46.086318535135476,316.0,0.956779176201373,0.9752772823438909,0.0,90.6050009727478,0.5517241379310345,0.024722717656109117,0.0006112127683036894,False
29,ALB,Williams,35,3,MEDIUM,2.0,20,88.58799743652344,5215.899764155746,666,88.71399688720703,1.0,0.481981981981982,0.483136769462056,0.16457391114886316,0.0,312.64554290771486,313.0,229.37657165527344,88.61685790275376,0.02886046623032712,False,True,True,True,45.514005324531226,313.0,0.9459048436308161,0.09224022075829376,0.0,88.71399688720703,0.603448275862069,0.9077597792417063,0.8240278168089513,True
30,ALB,Williams,36,3,MEDIUM,3.0,20,88.43900299072266,5201.5121903481895,656,88.5730037689209,1.0,0.5121951219512195,0.4966524254193726,0.16800821671793278,0.0,313.5437377929688,315.0,231.0,88.32124532126757,-0.11775766945508792,False,True,True,True,43.369944553244814,314.7642517089844,0.9255911517925247,0.0,0.0,88.5730037689209,0.6206896551724138,1.0,1.0,True
31,ALB,Williams,37,3,MEDIUM,4.0,20,88.41100311279297,5210.531392342329,659,88.5460033416748,1.0,0.4931714719271624,0.47952477066247784,0.16080903623020934,0.0,314.0,315.0,229.5500030517578,88.39320377967006,-0.017799333122908934,False,True,True,True,43.800700220065316,314.7137145996094,0.9319603356216629,0.0,0.0,88.5460033416748,0.6379310344827587,1.0,1.0,True
32,ALB,Williams,38,3,MEDIUM,5.0,20,88.56900024414062,5184.919025848598,647,88.7040023803711,1.0,0.4806800618238022,0.48567148565476215,0.15512262128663287,0.0,313.6833380126953,314.0,223.34999084472656,88.21428613977972,-0.3547141043609088,False,True,True,True,41.583513964361686,314.0,0.9482074752097636,0.426125162353845,0.0,88.7040023803711,0.6551724137931034,0.573874837646155,0.3293323292834007,False
33,ALB,Williams,39,3,MEDIUM,6.0,20,88.87000274658203,5192.966919329881,669,89.00500106811523,1.0,0.476831091180867,0.4704679946238935,0.15641816271186934,0.0,318.0,319.0,220.7142791748047,88.69161340793477,-0.17838933864726414,False,True,True,True,43.6451296956611,319.0,0.956998474446987,0.40767369815876625,0.0,89.00500106811523,0.6724137931034483,0.5923263018412337,0.3508504478529123,False
34,ALB,Williams,40,3,MEDIUM,7.0,19,89.72200012207031,5196.638325949759,676,89.84700012207031,1.0,0.46893491124260356,0.474562276470807,0.17943832768108084,0.09259074017872655,328.0875015258789,329.0,222.14263153076172,89.59851773721218,-0.12348238485813567,False,True,True,True,44.6735344643888,329.0,0.9359172387490465,0.827417715697445,0.0,89.84700012207031,0.6896551724137931,0.17258228430255496,0.029784644855087906,False
35,ALB,Williams,41,3,MEDIUM,8.0,18,88.7770004272461,5192.082197131694,685,88.9020004272461,1.0,0.5065693430656935,0.5031832025924253,0.15205495724417023,0.0,313.93281127929686,315.0,224.84375,88.75032921873591,-0.026671208510180122,False,True,True,True,47.412203189383106,314.57666015625,0.9427154843630817,0.36550358532174426,0.0,88.9020004272461,0.7068965517241379,0.6344964146782557,0.402585700239561,False
36,ALB,Williams,42,3,MEDIUM,9.0,18,88.84500122070312,5198.378671509475,658,88.98100280761719,1.0,0.5151975683890577,0.5153572362851218,0.17936422514502803,0.0854227475491125,322.82267517089844,326.0,224.3357162475586,88.81830200097346,-0.026699219729664492,False,True,True,True,45.08283077481657,317.0,0.9739940884820748,1.0,0.0,88.98100280761719,0.7241379310344828,0.0,0.0,False
37,ALB,Williams,43,3,MEDIUM,10.0,15,88.39099884033203,5197.793930074178,660,88.5270004272461,1.0,0.5227272727272727,0.5155828504868094,0.18388733116925704,0.09670494736418454,334.04978607177736,336.0,227.1736068725586,88.38022079206368,-0.010778048268349494,False,True,True,True,48.73277734246144,336.0,0.9242848970251716,0.4035717896875324,0.0,88.5270004272461,0.7413793103448276,0.5964282103124676,0.3557266100565331,False
38,ALB,Williams,44,3,MEDIUM,11.0,15,88.50700378417969,5207.88558041668,673,88.6310043334961,1.0,0.512630014858841,0.5055907084100489,0.16250523046183096,0.0,314.0,315.0,227.68026733398438,88.52572238879122,0.01871860461153574,False,True,True,True,41.14161018134706,315.0,0.9409610983981693,0.0,0.0,88.6310043334961,0.7586206896551724,1.0,1.0,True
39,ALB,Williams,45,3,MEDIUM,12.0,15,88.36699676513672,5201.0347346693725,680,88.48999786376953,1.0,0.5191176470588236,0.5204655721946886,0.17082159480818354,0.0,314.0,315.0,224.5571060180664,88.27306350564014,-0.09393325949658049,False,True,True,True,40.978136857987614,314.9136657714844,0.9463339054157132,0.04588082090528299,0.0,88.48999786376953,0.7758620689655172,0.954119179094717,0.9103434079163767,True
40,ALB,Williams,46,3,MEDIUM,13.0,15,88.51699829101562,5194.584355623543,660,88.65399742126465,1.0,0.5060606060606061,0.5068920328207519,0.16606122104352028,0.0,314.0,315.0,223.89639282226562,88.33989686362406,-0.17710142739156254,False,True,True,True,42.54657542111529,315.0,0.9617038520213578,0.0,0.0,88.65399742126465,0.7931034482758621,1.0,1.0,True
41,ALB,Williams,47,3,MEDIUM,14.0,16,89.56300354003906,5205.924114033737,687,89.68500518798828,1.0,0.4963609898107715,0.49084023705523167,0.17214690775387526,0.08382669684793775,323.12810119628904,326.0,222.79501342773438,89.5572695193174,-0.005734020721661182,False,True,True,True,38.52553015156433,316.0,0.9405320366132722,0.61080451847962,0.0,89.68500518798828,0.8103448275862069,0.38919548152037997,0.15147312283588044,False
42,ALB,Williams,48,3,MEDIUM,15.0,16,88.9469985961914,5192.946016784042,657,89.08499908447266,1.0,0.4961948249619482,0.4853004245946298,0.16657128049991482,0.0,315.0,316.0,228.0,88.52907516131228,-0.4179234348791283,False,True,True,True,43.389187705530304,315.84954833984375,0.9274647215865751,1.0,0.0,89.08499908447266,0.8275862068965517,0.0,0.0,False
43,ALB,Williams,49,3,MEDIUM,16.0,16,89.29000091552734,5190.750386802228,674,89.42800089716911,1.0,0.5148367952522255,0.5105223430311158,0.18252673373150022,0.08363152498681747,323.7992544555664,326.0,221.87311553955078,89.08591740379154,-0.20408351173580286,False,True,True,True,39.575592262588586,318.0,0.9367944317315026,0.9677729576802644,0.0,89.42800089716911,0.8448275862068966,0.03222704231973561,0.00103858225667803,False
44,ALB,Williams,50,3,MEDIUM,17.0,17,89.5260009765625,5181.819720850513,651,89.66500091552734,1.0,0.5069124423963134,0.5137233535964173,0.17753853603607245,0.09412816991277909,321.0,324.0,217.4600067138672,89.25776392548259,-0.2682370510799075,False,True,True,True,46.45565344306433,316.0,0.9533705186880245,1.0,0.0,89.66500091552734,0.8620689655172413,0.0,0.0,False
45,ALB,Williams,51,3,MEDIUM,18.0,17,89.41999816894531,5199.758494266652,672,89.54100036621094,1.0,0.5148809523809523,0.5065835756580557,0.1679566155245623,0.08889781275524403,320.0,326.0,220.73880767822266,89.38160720257376,-0.03839096637155137,False,True,True,True,45.36981402464843,319.40460205078125,0.9652316933638444,1.0,0.0,89.54100036621094,0.8793103448275862,0.0,0.0,False
46,ALB,Williams,52,3,MEDIUM,19.0,17,89.39299774169922,5183.23044744119,646,89.53199768066406,1.0,0.4938080495356037,0.48854046017609676,0.18805567092606837,0.16933609983964398,332.91224670410156,334.0,219.10781860351562,89.26038809057914,-0.1326096511200774,False,True,True,True,44.15742539187683,334.0,0.9498617467581999,1.0,0.0,89.53199768066406,0.896551724137931,0.0,0.0,False
47,ALB,Williams,53,3,MEDIUM,20.0,16,88.62699890136719,5181.365229486704,664,88.76599884033203,1.0,0.5271084337349398,0.5334473960391197,0.17392920549042062,0.0946195861582432,334.0,336.0,218.75177001953125,88.51860799626137,-0.10839090510582139,True,True,True,True,33.012080581014054,335.397705078125,0.9584143783371473,0.46533583010943863,0.0,88.76599884033203,0.9137931034482759,0.5346641698905614,0.28586577456476314,False
48,ALB,Williams,54,3,MEDIUM,21.0,16,88.75199890136719,5174.485636991337,646,88.89199829101562,1.0,0.5851393188854489,0.5783534250224782,0.16649404930903564,0.0,310.5806182861328,312.0,224.2562484741211,88.30372488193672,-0.44827401943047107,False,True,True,True,44.07063653726297,311.9098815917969,0.9737843249427917,0.0,0.0,88.89199829101562,0.9310344827586207,1.0,1.0,True
49,ALB,Williams,55,3,MEDIUM,22.0,16,88.78500366210938,5202.320252253472,672,88.906005859375,1.0,0.5818452380952381,0.5669922588330235,0.1669179126597173,0.0,312.8195315551758,314.0,226.03759765625,88.7571162331442,-0.02788742896517249,False,True,True,True,42.97657387954846,313.9358825683594,0.9608266590389016,0.0,0.0,88.906005859375,0.9482758620689655,1.0,1.0,True
50,ALB,Williams,56,3,MEDIUM,23.0,16,89.06099700927734,5192.538083602173,662,89.20099639892578,1.0,0.5755287009063444,0.5636482987196189,0.1748859056892495,0.0,314.0,315.0,221.7468719482422,88.83902344556961,-0.2219735637077349,False,True,True,True,51.312828018797916,314.9837646484375,0.9550343249427917,0.08428154443563766,0.0,89.20099639892578,0.9655172413793104,0.9157184555643624,0.8385402898611811,True
51,ALB,Williams,57,3,MEDIUM,24.0,16,89.10299682617188,5192.360526584522,658,89.24299621582031,1.0,0.560790273556231,0.5638874138280955,0.18687181859201532,0.0,319.0,320.0,220.5124969482422,88.89570000991054,-0.20729681626133356,False,True,True,True,47.638865536061786,320.0,0.9720299389778795,1.0,0.0,89.24299621582031,0.9827586206896551,0.0,0.0,False
52,ALB,Williams,58,3,MEDIUM,25.0,16,89.25599670410156,5193.660039683849,647,89.39399719238281,1.0,0.5672333848531684,0.5614582915494941,0.1811755145279742,0.0,319.0,319.0,221.4499969482422,89.20739279403463,-0.04860391006693021,False,True,True,True,45.621170163698146,319.0,0.9594107551487414,0.989551892327847,0.010448107672152974,89.39399719238281,1.0,0.010448107672152984,0.00010916295392890205,False
53,ALO,Aston Martin,2,1,MEDIUM,3.0,5,90.39600372314453,5190.573736782056,688,90.52899932861328,1.0,0.5087209302325582,0.4986247075317275,0.19486568012973737,0.15729768123004087,331.0252081298828,334.0,220.0,90.20900322379953,-0.18700049934500385,False,True,True,True,38.2875993763864,333.96417236328125,0.8930158276125096,1.0,0.0,90.52899932861328,0.034482758620689655,0.0,0.0,False
54,ALO,Aston Martin,3,1,MEDIUM,4.0,5,90.05899810791016,5202.340412858074,683,90.19299697875977,1.0,0.5329428989751098,0.5144855343864774,0.19340750626608447,0.16098815605251884,329.02699890136716,331.0,223.71429443359375,89.89221281214682,-0.1667852957633329,False,True,True,True,36.694015266900756,331.0,0.8866466437833714,1.0,0.0,90.19299697875977,0.05172413793103448,0.0,0.0,False
55,ALO,Aston Martin,4,1,MEDIUM,5.0,6,90.89600372314453,5196.781670526684,682,91.03000259399414,1.0,0.4941348973607038,0.49290337677595775,0.17623866816404948,0.07998459873119727,310.5645458984375,312.0,218.0,90.9211762906863,0.025172567541773105,False,True,True,True,39.410481075145924,311.9300842285156,0.9111365369946606,1.0,0.0,91.03000259399414,0.06896551724137931,0.0,0.0,False
56,ALO,Aston Martin,5,1,MEDIUM,6.0,6,90.19599914550781,5193.8555336683985,685,90.3219985961914,1.0,0.49635036496350365,0.4942649326128704,0.1807200451317017,0.1727264894707478,328.0,329.0,214.0,90.17936059141924,-0.016638554088572732,False,True,True,True,38.79627697532248,329.0,0.8672006102212052,1.0,0.0,90.3219985961914,0.08620689655172414,0.0,0.0,False
57,ALO,Aston Martin,6,1,MEDIUM,7.0,6,90.41200256347656,5205.258485876621,674,90.54500198364258,1.0,0.526706231454006,0.5195538514791289,0.16390743609587008,0.0,311.0,312.0,221.0,90.1660859109108,-0.2459166525657679,False,True,True,True,36.347044199504445,311.9110412597656,0.9574561403508772,1.0,0.0,90.54500198364258,0.10344827586206896,0.0,0.0,False
58,ALO,Aston Martin,7,1,MEDIUM,8.0,6,90.31900024414062,5198.901835479095,670,90.45199584960938,1.0,0.5268656716417911,0.5307456128364662,0.17779598487616616,0.0,309.0,310.0,219.18224334716797,90.47476711022361,0.15576686608298473,False,True,True,True,37.712205744207985,309.937255859375,0.9073703279938977,0.6394441621616698,0.0,90.45199584960938,0.1206896551724138,0.36055583783833023,0.13000051219930028,False
59,ALO,Aston Martin,8,1,MEDIUM,9.0,6,90.0989990234375,5174.632091445894,692,90.23099899291992,1.0,0.5635838150289018,0.5631212105262157,0.16575230467860697,0.0,308.0,309.0,220.0,89.81593066377042,-0.28306835966708377,False,True,True,True,40.49844164856033,308.9748840332031,0.9790570175438597,0.22401393619510673,0.0,90.23099899291992,0.13793103448275862,0.7759860638048932,0.6021543712194118,False
60,ALO,Aston Martin,9,1,MEDIUM,10.0,6,90.01100158691406,5195.14714338255,678,90.13899993896484,1.0,0.5294985250737463,0.5207845461192029,0.16993769794727737,0.0,307.3149365234375,308.0,221.6624984741211,89.908773269391,-0.10222831752305694,False,True,True,True,39.387548603079864,308.0,0.9118754767353167,0.06665262906824795,0.0,90.13899993896484,0.15517241379310345,0.933347370931752,0.8711373148252135,True
61,ALO,Aston Martin,10,1,MEDIUM,11.0,6,90.0250015258789,5193.627128603913,690,90.15300369262695,1.0,0.5347826086956522,0.5420119579052556,0.16903484371835076,0.0,307.5711322021484,308.0,221.0,89.88948580811484,-0.1355157177640649,False,True,True,True,37.25855198762734,308.0,0.8418239893211289,0.5535145689288175,0.0,90.15300369262695,0.1724137931034483,0.44648543107118255,0.1993492401588197,False
62,ALO,Aston Martin,11,1,MEDIUM,12.0,6,89.80000305175781,5187.3369788819255,695,89.92800235748291,1.0,0.543884892086331,0.5443021651581511,0.17926559613736884,0.0,308.0,309.0,220.90567016601562,89.7278500299332,-0.07215302182461869,False,True,True,True,39.040434064148144,308.934814453125,0.9404128527841342,0.3089917323942938,0.0,89.92800235748291,0.1896551724137931,0.6910082676057062,0.4774924258994393,False
63,ALO,Aston Martin,12,1,MEDIUM,13.0,6,89.96900177001953,5195.1485623637445,690,90.09700012207031,1.0,0.5492753623188406,0.5486197846144284,0.16246940201846122,0.0,308.0,309.0,220.78784942626953,89.90556405034316,-0.06343771967637224,False,True,True,True,38.80376396099645,309.0,0.9736842105263158,1.0,0.0,90.09700012207031,0.20689655172413793,0.0,0.0,False
64,ALO,Aston Martin,13,1,MEDIUM,14.0,6,89.96800231933594,5213.956517755032,658,90.09700012207031,1.0,0.5729483282674772,0.5507287849196143,0.17268050850887876,0.0,308.795747680664,309.0,223.0,90.08674637304965,0.1187440537137121,False,True,True,True,34.99880068479559,309.0,0.9777316933638444,0.9386105436154237,0.0,90.09700012207031,0.22413793103448276,0.06138945638457627,0.003768665355193792,False
65,ALO,Aston Martin,14,1,MEDIUM,15.0,5,90.26699829101562,5206.577916398407,677,90.3969955444336,1.0,0.5435745937961596,0.5423189214006987,0.16770471869259565,0.0,306.71330688476564,308.0,221.0,90.22412783360463,-0.0428704574109986,False,True,True,True,35.95500580508719,308.0,0.9440312738367659,0.7107979354374788,0.0,90.3969955444336,0.2413793103448276,0.2892020645625212,0.08363783414722467,False
66,ALO,Aston Martin,15,1,MEDIUM,16.0,5,89.83599853515625,5216.233456019319,692,89.9640007019043,1.0,0.5910404624277457,0.5825440022256216,0.17076834746021619,0.0,304.0,306.0,224.88750457763672,89.72992780421971,-0.10607073093653696,False,True,True,True,41.62552888368589,305.8149108886719,0.963996948893974,0.0,0.0,89.9640007019043,0.25862068965517243,1.0,1.0,True
67,ALO,Aston Martin,18,2,HARD,3.0,14,89.99299621582031,5228.082062858939,667,90.12300109863281,1.0,0.5367316341829086,0.5264250839908091,0.1700009817904641,0.0,308.0,309.0,226.4499969482422,89.75868693828781,-0.2343092775325033,False,True,True,True,37.6305027747089,309.0,0.8975924866514111,0.15378980431237757,0.0,90.12300109863281,0.3103448275862069,0.8462101956876225,0.7160716952856843,True
68,ALO,Aston Martin,19,2,HARD,4.0,13,90.11199951171875,5224.076545628488,667,90.24200057983398,1.0,0.5352323838080959,0.5212650443966557,0.17022009034426583,0.0,310.138125,311.0,226.0,89.90303399749604,-0.2089655142227116,False,True,True,True,39.08152189044287,311.0,0.9075896262395119,0.01030562333261288,0.0,90.24200057983398,0.3275862068965517,0.9896943766673871,0.979494959207048,True
69,ALO,Aston Martin,20,2,HARD,5.0,12,90.10700225830078,5216.794046423764,693,90.23600387573242,1.0,0.5223665223665224,0.5101179084928417,0.18618950901648953,0.0,310.0,311.0,223.96261596679688,90.22082199807932,0.11381973977853477,False,True,True,True,40.47648767347674,311.0,0.925939168573608,0.007513680505885754,0.0,90.23600387573242,0.3448275862068966,0.9924863194941143,0.985029094382973,True
70,ALO,Aston Martin,21,2,HARD,6.0,11,90.03099822998047,5194.75774495265,680,90.1609992980957,1.0,0.5676470588235294,0.5489180290258181,0.18144200601095867,0.0,313.0,314.0,222.9583282470703,89.53478517279444,-0.4962130571860257,False,True,True,True,42.64076241167049,313.9736328125,0.9341628527841342,0.39799916776548844,0.0,90.1609992980957,0.3620689655172414,0.6020008322345116,0.3624050020110446,False
71,ALO,Aston Martin,22,2,HARD,7.0,11,90.32099914550781,5202.306725192368,685,90.45049858093262,1.0,0.4948905109489051,0.48874799668871766,0.19946823697915936,0.17469222321207928,327.0356005859375,328.0,220.0,90.13350063860537,-0.1874985069024433,False,True,True,True,41.24469781317395,328.0,0.8870757055682685,1.0,0.0,90.45049858093262,0.3793103448275862,0.0,0.0,False
72,ALO,Aston Martin,23,2,HARD,8.0,10,89.41999816894531,5203.249980626464,680,89.54999828338623,1.0,0.5397058823529411,0.5351758784738386,0.1889447973145979,0.17734229738219642,344.0,345.0,221.14151000976562,89.3601393191166,-0.059858849828714256,False,True,True,True,41.707044003209774,345.0,0.9646834477498093,1.0,0.0,89.54999828338623,0.39655172413793105,0.0,0.0,False
73,ALO,Aston Martin,24,2,HARD,9.0,10,90.8030014038086,5206.285526490786,670,90.93400192260742,1.0,0.5059701492537313,0.5131083887009218,0.2133525581195549,0.16936462223469168,326.0,327.0,212.9142837524414,90.71739469041145,-0.08560671339714077,False,True,True,True,34.07193179323461,326.9055480957031,0.9099017925247902,1.0,0.0,90.93400192260742,0.41379310344827586,0.0,0.0,False
74,ALO,Aston Martin,25,2,HARD,10.0,10,90.26000213623047,5193.161208366156,691,90.38900375366211,1.0,0.5137481910274964,0.5029373286949299,0.19296591233527333,0.1655068477714752,338.1360076904297,340.0,218.0,90.02476554907635,-0.23523658715411955,False,True,True,True,38.04254028666959,339.9951477050781,0.9233075896262396,1.0,0.0,90.38900375366211,0.43103448275862066,0.0,0.0,False
75,ALO,Aston Martin,26,2,HARD,11.0,10,89.8239974975586,5214.922481313229,673,89.95499801635742,1.0,0.5423476968796433,0.5386582634834423,0.18898334764065708,0.1760769178347989,329.0,330.0,220.74000549316406,89.60913944934471,-0.214858048213884,False,True,True,True,41.35407543513421,329.9415283203125,0.9497425629290618,0.9764326297222915,0.0,89.95499801635742,0.4482758620689655,0.0235673702777085,0.000555420941806618,False
76,ALO,Aston Martin,27,2,HARD,12.0,9,89.75,5212.528994187414,661,89.8809986114502,1.0,0.5627836611195158,0.5525304726222859,0.18423240861269113,0.0952370311654715,329.0,329.0,220.0,89.66439824756347,-0.08560175243653134,False,True,True,True,42.57569216625793,329.0,0.9566599923722349,1.0,0.0,89.8809986114502,0.46551724137931033,0.0,0.0,False
77,ALO,Aston Martin,28,2,HARD,13.0,9,90.53299713134766,5237.345379053711,673,90.66499710083008,1.0,0.5274888558692422,0.5229471887512604,0.17073834369386323,0.0,309.0,310.0,222.0,90.55254056922598,0.01954343787832613,False,True,True,True,41.97618321041966,310.0,0.8490894355453852,0.4758176207337102,0.0,90.66499710083008,0.4827586206896552,0.5241823792662899,0.27476716673326856,False
78,ALO,Aston Martin,29,2,HARD,14.0,9,90.39700317382812,5215.050948227657,697,90.52500224113464,1.0,0.5351506456241033,0.5272908963829616,0.16169012723424112,0.0,309.0,310.0,223.0,90.15396716390143,-0.24303600992669772,False,True,True,True,39.304413625534664,310.0,0.8855406178489703,0.13918804929226108,0.0,90.52500224113464,0.5,0.860811950707739,0.7409972144812629,True
79,ALO,Aston Martin,30,2,HARD,15.0,9,90.41000366210938,5204.119685013757,670,90.53800201416016,1.0,0.5194029850746269,0.508095990396728,0.18776635845614523,0.0,308.0455142211914,309.0,223.1781234741211,90.25871720230487,-0.15128645980450983,False,True,True,True,42.316489321170764,309.0,0.9449275362318841,0.01951664772477822,0.0,90.53800201416016,0.5172413793103449,0.9804833522752218,0.9613476040888567,True
80,ALO,Aston Martin,31,2,HARD,16.0,9,89.70800018310547,5197.467319823172,685,89.84099984169006,1.0,0.5226277372262774,0.5320955909334701,0.166983881833488,0.0,308.9816198730469,310.0,223.0,89.63142066328437,-0.07657951982109523,False,True,True,True,43.657759794289,309.9881591796875,0.9515160183066361,0.001480389341380384,0.0,89.84099984169006,0.5344827586206896,0.9985196106586196,0.9970414128698413,True
81,ALO,Aston Martin,32,2,HARD,17.0,8,90.0479965209961,5196.654178491713,687,90.17399597167969,1.0,0.5254730713245997,0.5066094199768074,0.16589041948049993,0.0,308.14,310.0,224.0,90.00541529707431,-0.042581223921786204,False,True,True,True,42.88935868381059,309.9486389160156,0.925939168573608,0.012642225437729488,0.0,90.17399597167969,0.5517241379310345,0.9873577745622705,0.9748753749885594,True
82,ALO,Aston Martin,33,2,HARD,18.0,7,89.98200225830078,5200.556680973679,700,90.10200500488281,1.0,0.5428571428571428,0.5174913366808215,0.17048451081089092,0.0,308.00621307373046,309.0,230.0,89.77748371681969,-0.20451854148109305,False,True,True,True,42.05828143102535,309.0,0.9344918001525553,0.0014761062799273487,0.0,90.10200500488281,0.5689655172413793,0.9985238937200727,0.997049966329895,True
83,ALO,Aston Martin,34,2,HARD,19.0,7,89.7509994506836,5204.243590197922,672,89.87800216674805,1.0,0.5401785714285714,0.536627446592945,0.15442046678111296,0.0,308.5908312988281,309.0,223.0,89.67898225065466,-0.07201720002893808,False,True,True,True,41.97012217762377,309.0,0.9195509153318078,0.0,0.0,89.87800216674805,0.5862068965517241,1.0,1.0,True
84,ALO,Aston Martin,35,2,HARD,20.0,7,89.76399993896484,5194.892308469058,673,89.88999938964844,1.0,0.5260029717682021,0.5232394937533006,0.15264213725916567,0.0,308.0,309.0,222.84112548828125,89.64417118701206,-0.11982875195278098,False,True,True,True,44.273159513352425,308.98016357421875,0.9088053012967201,0.0075536862732516604,0.0,89.88999938964844,0.603448275862069,0.9924463137267483,0.9849496856298113,True
85,ALO,Aston Martin,36,2,HARD,21.0,7,89.81900024414062,5213.8733523974415,673,89.94499969482422,1.0,0.5141158989598811,0.5171382204209234,0.16501207167516974,0.0,308.0,309.0,225.0,89.79885139784938,-0.020148846291249356,False,True,True,True,42.13413157862582,309.0,0.9130816170861937,0.048262823036301396,0.0,89.94499969482422,0.6206896551724138,0.9517371769636986,0.9058036540148307,True
86,ALO,Aston Martin,37,2,HARD,22.0,7,90.30000305175781,5202.710539347119,676,90.43500328063965,1.0,0.5192307692307693,0.5038204285583493,0.16321114800997436,0.0,309.078125,310.0,223.28125,90.05903864525702,-0.24096440650079387,False,True,True,True,45.8725943179331,310.0,0.9216533180778033,0.0,0.0,90.43500328063965,0.6379310344827587,1.0,1.0,True
87,ALO,Aston Martin,38,2,HARD,23.0,7,90.51200103759766,5161.826591081565,655,90.64750099182129,1.0,0.5221374045801527,0.49739370141400396,0.1668220783089934,0.0,308.0,309.0,228.25,89.75913072379541,-0.7528703138022479,False,True,True,True,38.156729420611704,309.0,0.951067887109077,0.24418767085733128,0.0,90.64750099182129,0.6551724137931034,0.7558123291426687,0.5712522768840658,False
88,ALO,Aston Martin,39,2,HARD,24.0,7,90.10099792480469,5205.028031640053,667,90.23099517822266,1.0,0.5157421289355323,0.5219713416577343,0.15736278127638878,0.0,307.2615368652344,309.0,225.42999267578125,89.97863686304993,-0.12236106175475925,False,True,True,True,37.69300506867386,308.9590759277344,0.9598588863463005,0.01196929978353322,0.0,90.23099517822266,0.6724137931034483,0.9880307002164668,0.9762046645702417,True
89,ALO,Aston Martin,40,2,HARD,25.0,7,89.98400115966797,5210.942791984857,680,90.11899948120117,1.0,0.5338235294117647,0.5333170805474312,0.14913609608470652,0.0,303.01721313476565,304.0,223.9187469482422,89.86405038190749,-0.11995077776047935,False,True,True,True,36.31984127080883,304.0,0.9344822654462243,0.002219253979666151,0.0,90.11899948120117,0.6896551724137931,0.9977807460203338,0.9955664171288939,True
90,ALO,Aston Martin,41,2,HARD,26.0,7,89.5270004272461,5207.735457746536,696,89.6520004272461,1.0,0.5229885057471264,0.524159954005947,0.16239462905162658,0.0,307.372329711914,308.0,227.46597290039062,89.49403144526337,-0.03296898198271947,False,True,True,True,44.03042712035507,308.0,0.9242658276125096,0.0,0.0,89.6520004272461,0.7068965517241379,1.0,1.0,True
91,ALO,Aston Martin,42,2,HARD,27.0,7,88.947998046875,5201.779454341324,660,89.08399963378906,1.0,0.5803030303030303,0.5758160191978396,0.17107456991519146,0.0,307.0,308.0,227.0,88.63454514119947,-0.31345290567553263,False,True,True,True,45.43865951558801,308.0,0.9562118611746758,0.011360076352182663,0.0,89.08399963378906,0.7241379310344828,0.9886399236478174,0.9774088986303622,True
92,ALO,Aston Martin,43,2,HARD,28.0,6,89.63800048828125,5209.971024505794,675,89.77400064468384,1.0,0.52,0.5176666136841704,0.1630873046635618,0.0,308.0,309.0,224.0,89.56536403250868,-0.07263645577256739,False,True,True,True,35.128469169093094,308.9441223144531,0.9162614416475973,0.002495154558174449,0.0,89.77400064468384,0.7413793103448276,0.9975048454418256,0.9950159166799204,True
93,ALO,Aston Martin,44,2,HARD,29.0,6,89.12999725341797,5210.294482432455,670,89.2659969329834,1.0,0.5194029850746269,0.517677520594552,0.16178612160985734,0.0,307.680816040039,308.0,222.6808090209961,89.24817369727263,0.11817644385466508,False,True,True,True,40.85848158656849,308.0,0.9171481693363844,0.0,0.0,89.2659969329834,0.7586206896551724,1.0,1.0,True
94,ALO,Aston Martin,45,2,HARD,30.0,6,89.3550033569336,5206.298220049948,689,89.4780044555664,1.0,0.5283018867924528,0.5120141955903879,0.14886347154913332,0.0,308.0,309.0,225.0,89.34367228320109,-0.011331073732506525,False,True,True,True,39.58901055371809,309.0,0.938868230358505,0.0,0.0,89.4780044555664,0.7758620689655172,1.0,1.0,True
95,ALO,Aston Martin,46,2,HARD,31.0,6,89.23500061035156,5202.245557718337,673,89.3720006942749,1.0,0.5274888558692422,0.5232287672826925,0.16829650230674215,0.0,307.29061401367187,309.0,223.15000915527344,89.01187166220079,-0.223128948150773,False,True,True,True,46.544746476011916,308.9644470214844,0.9301058352402746,0.0,0.0,89.3720006942749,0.7931034482758621,1.0,1.0,True
96,ALO,Aston Martin,47,2,HARD,32.0,6,89.12000274658203,5216.99791599533,673,89.2430009841919,1.0,0.5572065378900446,0.5346188539111659,0.1617942394173575,0.0,309.1143688964844,310.0,228.3070526123047,89.25510715910889,0.13510441252685723,False,True,True,True,43.438470716683646,310.0,0.93380530129672,0.0,0.0,89.2430009841919,0.8103448275862069,1.0,1.0,True
97,ALO,Aston Martin,48,2,HARD,33.0,6,89.44599914550781,5198.147545898185,666,89.56899929046631,1.0,0.5285285285285285,0.5209058137549397,0.15140297259463736,0.0,307.0,309.0,227.53570556640625,89.19930244168839,-0.2466967038194241,False,True,True,True,44.964938460896576,309.0,0.9364559496567506,0.0,0.0,89.56899929046631,0.8275862068965517,1.0,1.0,True
98,ALO,Aston Martin,49,2,HARD,34.0,6,89.31999969482422,5204.8180267406115,678,89.45800018310547,1.0,0.532448377581121,0.5381743596124631,0.15873361969645658,0.0,308.0,309.0,222.0145263671875,89.29387801546937,-0.02612167935484422,False,True,True,True,46.05054082579245,309.0,0.93316647597254,0.0,0.0,89.45800018310547,0.8448275862068966,1.0,1.0,True
99,ALO,Aston Martin,50,2,HARD,35.0,6,89.00599670410156,5205.460720379532,639,89.14399719238281,1.0,0.543035993740219,0.5358970014160904,0.16734720520268168,0.0,309.0,310.0,229.5642852783203,89.00643162726351,0.00043492316194715386,False,True,True,True,39.17164696240329,310.0,0.904174612255276,0.0,0.0,89.14399719238281,0.8620689655172413,1.0,1.0,True
100,ALO,Aston Martin,51,2,HARD,36.0,6,88.51399993896484,5190.270325381346,661,88.6440007686615,1.0,0.5642965204236006,0.5440413084364385,0.15296010028104176,0.0,309.0,310.0,230.0,88.11893517040318,-0.3950647685616673,False,True,True,True,44.198952660766,310.0,0.9347015636918382,0.0,0.0,88.6440007686615,0.8793103448275862,1.0,1.0,True
101,ALO,Aston Martin,52,2,HARD,37.0,6,89.08499908447266,5200.239403320433,650,89.20600128173828,1.0,0.4907692307692308,0.5039010726959688,0.16141290366253866,0.0,307.7864923095703,309.0,221.5,89.10294072202399,0.01794163755133127,False,True,True,True,44.75736322481858,309.0,0.8924580472921434,0.0,0.0,89.20600128173828,0.896551724137931,1.0,1.0,True
102,ALO,Aston Martin,53,2,HARD,38.0,6,88.55699920654297,5207.82389248702,659,88.6969985961914,1.0,0.5462822458270106,0.5549003885187748,0.1646165738248894,0.0,307.0,308.0,228.1749725341797,88.57901904331533,0.022019836772358303,False,True,True,True,43.14204084758597,308.0,0.9394164759725401,0.0,0.0,88.6969985961914,0.9137931034482759,1.0,1.0,True
103,ALO,Aston Martin,54,2,HARD,39.0,6,88.27899932861328,5188.163766726275,653,88.40000057220459,1.0,0.5880551301684533,0.5771946222391952,0.1611200382626216,0.0,307.0,308.0,227.58172607421875,87.95482778164791,-0.3241715469653741,False,True,True,True,46.6828907820306,307.8564453125,0.9587433257055683,0.0,0.0,88.40000057220459,0.9310344827586207,1.0,1.0,True
104,ALO,Aston Martin,55,2,HARD,40.0,6,88.39299774169922,5206.954127823949,658,88.53199768066406,1.0,0.5699088145896657,0.5651289168813759,0.15450903696169946,0.0,308.6754437255859,309.0,230.5,88.24479329979525,-0.14820444190397097,False,True,True,True,34.77423866239631,309.0,0.9430348970251717,0.0,0.0,88.53199768066406,0.9482758620689655,1.0,1.0,True
105,ALO,Aston Martin,56,2,HARD,41.0,6,88.7770004272461,5185.200229826451,663,88.91600036621094,1.0,0.5444947209653092,0.536191348107384,0.12596162195593458,0.0,308.0,310.0,228.0,88.25961499985297,-0.5173854273931227,False,True,True,True,38.75635605325005,309.99609375,0.9366847826086957,0.0,0.0,88.91600036621094,0.9655172413793104,1.0,1.0,True
106,ALO,Aston Martin,57,2,HARD,42.0,6,89.11599731445312,5202.485713379979,661,89.25599670410156,1.0,0.4886535552193646,0.49583221838398994,0.15954106120696862,0.0,308.0,310.0,224.0,88.84846938842922,-0.2675279260239023,False,True,True,True,41.47780322919046,309.892822265625,0.8672196796338673,0.0,0.0,89.25599670410156,0.9827586206896551,1.0,1.0,True
107,ALO,Aston Martin,58,2,HARD,43.0,6,89.24600219726562,5176.318923238519,657,89.38399982452393,1.0,0.4977168949771689,0.4945629046232751,0.16156136941290208,0.0,308.9964965820312,311.0,225.19444274902344,88.49926375390996,-0.7467384433556674,False,True,True,True,45.74007046204906,311.0,0.8247473302822274,0.0,0.0,89.38399982452393,1.0,1.0,1.0,True
108,ANT,Mercedes,2,1,HARD,2.0,17,91.71499633789062,5335.945419389457,696,91.84099960327148,1.0,0.47270114942528735,0.4760944986259306,0.27612925481671935,0.15939504145426772,339.00167388916014,341.0,219.42501068115234,91.68135580762556,-0.03364053026506042,False,True,True,True,37.957200596887745,341.0,0.8563644164759725,1.0,0.0,91.84099960327148,0.034482758620689655,0.0,0.0,False
109,ANT,Mercedes,3,1,HARD,3.0,17,90.49199676513672,5381.169580665111,693,90.62499618530273,1.0,0.46176046176046176,0.4603807419509674,0.23307029389775955,0.16993107951959352,336.0648217773438,339.0,229.0,90.44377283480229,-0.048223930334430065,False,True,True,True,32.59275979029674,338.87384033203125,0.8127765064836003,1.0,0.0,90.62499618530273,0.05172413793103448,0.0,0.0,False
110,ANT,Mercedes,4,1,HARD,4.0,17,90.52400207519531,5403.021738823326,673,90.65800476074219,1.0,0.48291233283803864,0.488638702306188,0.26650694461860014,0.16235744222327436,337.616708984375,339.0,224.57142639160156,90.16859147378486,-0.3554106014104548,False,True,True,True,42.43207374144324,338.9658203125,0.7996901220442411,1.0,0.0,90.65800476074219,0.06896551724137931,0.0,0.0,False
111,ANT,Mercedes,5,1,HARD,5.0,17,90.70700073242188,5415.708397722096,686,90.83300018310547,1.0,0.4956268221574344,0.5023835295858786,0.2664450023698806,0.16909054119875558,335.6919006347656,338.0,224.09375,90.44412893551295,-0.26287179690892515,False,True,True,True,36.55398880348669,338.0,0.835492944317315,1.0,0.0,90.83300018310547,0.08620689655172414,0.0,0.0,False
112,ANT,Mercedes,6,1,HARD,6.0,17,90.26000213623047,5464.299760630355,672,90.39300155639648,1.0,0.5342261904761905,0.5387696250035291,0.2283362912186424,0.2048609462624952,328.0,330.0,232.73333740234375,90.10516097852015,-0.15484115771032236,False,True,True,True,40.09454319948536,330.0,0.8150791380625476,1.0,0.0,90.39300155639648,0.10344827586206896,0.0,0.0,False
113,ANT,Mercedes,7,1,HARD,7.0,17,90.30799865722656,5384.524131278813,678,90.44099426269531,1.0,0.48672566371681414,0.471633375285825,0.22159205582843397,0.1932752021590173,333.1610028076172,336.0,225.23928833007812,90.04288378574942,-0.2651148714771381,False,True,True,True,43.03839730750191,336.0,0.7977847698957539,1.0,0.0,90.44099426269531,0.1206896551724138,0.0,0.0,False
114,ANT,Mercedes,8,1,HARD,8.0,16,90.44100189208984,5398.595205640607,695,90.56900024414062,1.0,0.49928057553956834,0.4992878479259645,0.24426685833025863,0.17888021372986068,332.8958392333984,338.0,230.0,90.5181352402976,0.0771333482077523,False,True,True,True,41.11732456718844,338.0,0.8693125476735316,1.0,0.0,90.56900024414062,0.13793103448275862,0.0,0.0,False
115,ANT,Mercedes,9,1,HARD,9.0,15,90.02799987792969,5420.752375447274,673,90.15499925613403,1.0,0.512630014858841,0.5127169517189931,0.2236038050013525,0.20454774604010814,326.8111328124999,331.0,233.3249969482422,89.94458679351646,-0.08341308441322326,False,True,True,True,45.428909485383194,330.9703063964844,0.9046672387490465,1.0,0.0,90.15499925613403,0.15517241379310345,0.0,0.0,False
116,ANT,Mercedes,10,1,HARD,10.0,15,90.08799743652344,5383.206832745552,697,90.21749782562256,1.0,0.5150645624103299,0.5089976360758002,0.2208107893091603,0.17780362840329764,331.0,331.0,224.29086303710938,90.15693875904873,0.06894132252529062,False,True,True,True,40.615974292789964,331.0,0.9232074752097635,1.0,0.0,90.21749782562256,0.1724137931034483,0.0,0.0,False
117,ANT,Mercedes,11,1,HARD,11.0,15,90.65499877929688,5384.303696592763,698,90.78299713134766,1.0,0.47277936962750716,0.47541948834152203,0.22291635449343308,0.16522915707386157,333.0,336.0,230.8012466430664,90.6374724775659,-0.017526301730981686,False,True,True,True,45.735480533513034,335.96893310546875,0.9148932112890923,1.0,0.0,90.78299713134766,0.1896551724137931,0.0,0.0,False
118,ANT,Mercedes,12,1,HARD,12.0,15,91.06600189208984,5368.206450629475,694,91.19400024414062,1.0,0.48559077809798273,0.4790884992696382,0.22458704858537368,0.19037434597899436,331.0985443115234,333.0,225.0,90.90815545023486,-0.15784644185498564,False,True,True,True,40.87725840815129,333.0,0.8738081617086193,1.0,0.0,91.19400024414062,0.20689655172413793,0.0,0.0,False
119,ANT,Mercedes,13,1,HARD,13.0,15,90.97599792480469,5308.8878594045345,661,91.1049976348877,1.0,0.4629349470499244,0.46575921019330013,0.20459919748783095,0.17034190771756968,325.19999999999993,334.0,227.0,90.92329608644957,-0.052701838355119435,False,True,True,True,40.12267986594422,334.0,0.8795194508009153,1.0,0.0,91.1049976348877,0.22413793103448276,0.0,0.0,False
120,ANT,Mercedes,14,1,HARD,14.0,15,91.10900115966797,5241.1587447675465,695,91.2400016784668,1.0,0.45611510791366905,0.4681937966936141,0.2235533412068951,0.16264798100545033,329.0,336.0,223.89999389648438,90.96582361441052,-0.1431775452574442,False,True,True,True,43.65230200567496,336.0,0.9536184210526315,1.0,0.0,91.2400016784668,0.2413793103448276,0.0,0.0,False
121,ANT,Mercedes,15,1,HARD,15.0,12,90.93000030517578,5234.199502290697,687,91.05800151824951,1.0,0.47889374090247455,0.47437910967532,0.2468426544755103,0.1647301273386336,328.1259991455078,330.0,225.54165649414062,90.81339423378088,-0.11660607139489798,False,True,True,True,38.839441783310725,330.0,0.8866466437833714,0.9956071957489867,0.0,91.05800151824951,0.25862068965517243,0.004392804251013294,1.9296729187720462e-05,False
122,ANT,Mercedes,16,1,HARD,16.0,11,91.12000274658203,5259.105603337884,681,91.25000381469727,1.0,0.45961820851688695,0.45855350667651423,0.24197262836727493,0.16831781389135853,329.3365417480469,330.0,222.0,91.07507645640752,-0.04492629017451577,False,True,True,True,35.240790783166126,330.0,0.8322034706331044,0.9879342541447781,0.0,91.25000381469727,0.27586206896551724,0.01206574585522191,0.0001455822230428047,False
123,ANT,Mercedes,17,1,HARD,17.0,8,91.12000274658203,5171.73295488295,689,91.25000381469727,1.0,0.44847605224963716,0.4327890371959514,0.25342452152515477,0.15122190914532768,330.04875,333.0,209.0,91.0903376600254,-0.02966508655663347,False,True,True,True,18.908876105233695,332.9437561035156,0.8739273455377575,0.9950684928342848,0.0,91.25000381469727,0.29310344827586204,0.004931507165715221,2.431976292550057e-05,False
124,ANT,Mercedes,18,1,HARD,18.0,8,91.80500030517578,5209.8155753496885,680,91.93500137329102,1.0,0.4647058823529412,0.46503510353374944,0.2680155906531765,0.15663237609267205,337.7985461425781,340.0,215.0,91.68165814723824,-0.1233421579375431,False,True,True,True,38.36054882520059,339.95526123046875,0.9066218535469107,1.0,0.0,91.93500137329102,0.3103448275862069,0.0,0.0,False
125,ANT,Mercedes,19,1,HARD,19.0,9,91.11900329589844,5213.507701282144,674,91.24900436401367,1.0,0.5014836795252225,0.4958738739047571,0.27964151404122817,0.07013772649672483,315.27899780273435,321.0,219.75218200683594,91.17009285130362,0.05108955540518423,True,True,True,True,33.84572716099905,309.9649963378906,0.8924675819984745,0.9649311367516376,0.0,91.24900436401367,0.3275862068965517,0.03506886324836245,0.0012298251695323464,False
126,ANT,Mercedes,20,1,HARD,20.0,9,91.74400329589844,5243.046825731866,707,91.87300491333008,1.0,0.4809052333804809,0.48473448528412505,0.3139115516814783,0.08229839473637991,312.0,321.0,214.0,91.72290554630365,-0.021097749594787274,False,True,True,True,23.296111559298396,312.29522705078125,0.8833857742181541,0.9141205777563878,0.0,91.87300491333008,0.3448275862068966,0.08587942224361222,0.007375275164896638,False
127,ANT,Mercedes,21,1,HARD,21.0,8,91.80699920654297,5309.319195817742,694,91.93699836730957,1.0,0.5057636887608069,0.4966987880970008,0.2645071576144003,0.12225765337215373,328.2692938232422,330.0,226.97808074951172,91.7217238923451,-0.08527531419787238,False,True,True,True,38.01875246357496,329.95159912109375,0.8385440503432494,0.9942460670023203,0.0,91.93699836730957,0.3620689655172414,0.005753932997679678,3.310774494178705e-05,False
128,ANT,Mercedes,22,1,HARD,22.0,8,90.51799774169922,5331.916744836569,684,90.64799499511719,1.0,0.5555555555555556,0.5472486455526253,0.2682906312750317,0.1765069797248038,328.0,328.0,225.0,90.76744590659106,0.24944816489184518,False,True,True,True,44.67405895344999,328.0,0.817591533180778,0.9745057701044674,0.0,90.64799499511719,0.3793103448275862,0.025494229895532627,0.0006499557579662695,False
129,ANT,Mercedes,23,1,HARD,23.0,8,90.12899780273438,5303.986346442759,687,90.25899600982666,1.0,0.5356622998544396,0.5273600170205182,0.27916330937206124,0.1679500434774032,325.85667541503904,327.0,230.0,90.05256250962586,-0.07643529310851704,False,True,True,True,40.83541022098584,327.0,0.938339054157132,0.9204622757861753,0.0,90.25899600982666,0.39655172413793105,0.07953772421382466,0.006326249573114429,False
130,ANT,Mercedes,24,1,HARD,24.0,9,91.28700256347656,5272.4351522358065,674,91.41800308227539,1.0,0.526706231454006,0.5235512106336822,0.21834861373702408,0.08619747535967619,315.12343139648436,320.0,211.0,91.2339841426807,-0.053018420795865495,False,True,True,True,33.8265012781297,310.0,0.9293192219679635,0.9992452225840185,0.0,91.41800308227539,0.41379310344827586,0.0007547774159815113,5.696889476757273e-07,False
131,ANT,Mercedes,25,1,HARD,25.0,9,90.19999694824219,5267.888539665938,692,90.32899856567383,1.0,0.5173410404624278,0.5136667542259126,0.25728176368252226,0.16693417283223824,325.0086599731445,327.0,224.0,89.69276325832907,-0.5072336899131216,True,True,True,True,33.93557463356973,327.0,0.9620614035087719,1.0,0.0,90.32899856567383,0.43103448275862066,0.0,0.0,False
132,ANT,Mercedes,26,1,HARD,26.0,9,89.82099914550781,5429.002758645139,670,89.95299530029297,1.0,0.5447761194029851,0.5635608756641783,0.2526208021810097,0.0,312.88306671142567,315.0,228.0,89.4860219437717,-0.334977201736109,True,True,True,True,36.884724273526295,314.9464416503906,0.8745471014492754,0.9945749559447883,0.0,89.95299530029297,0.4482758620689655,0.005425044055211714,2.943110300098796e-05,False
133,ANT,Mercedes,27,1,HARD,27.0,10,91.27200317382812,5357.950336096048,675,91.40350151062012,1.0,0.5511111111111111,0.5413743812075011,0.22623860175917165,0.09845352296020686,318.0,318.0,219.9656219482422,90.83454970395344,-0.4374534698746828,False,True,True,True,42.85959944028974,310.0,0.8931064073226546,1.0,0.0,91.40350151062012,0.46551724137931033,0.0,0.0,False
134,ANT,Mercedes,28,1,HARD,28.0,10,90.68399810791016,5403.393215820164,672,90.81599807739258,1.0,0.5014880952380952,0.49850243851889975,0.24485771312472884,0.17529953224844477,324.0,325.0,229.56666564941406,90.70966943538977,0.025671327479614092,False,True,True,True,44.342819507241536,325.0,0.9142972921434019,0.9834831283357757,0.0,90.81599807739258,0.4827586206896552,0.01651687166422433,0.0002728070495724566,False
135,ANT,Mercedes,29,1,HARD,29.0,10,90.33399963378906,5306.078252288998,697,90.46199798583984,1.0,0.5365853658536586,0.5265304838013888,0.24718668600539678,0.179058592641415,326.0,327.0,225.0,90.17159207629209,-0.16240755749697655,False,True,True,True,40.078180013483724,326.9227294921875,0.9514159038901603,0.8607149679494073,0.0,90.46199798583984,0.5,0.13928503205059273,0.019400320153334642,False
136,ANT,Mercedes,30,1,HARD,30.0,11,91.18800354003906,5276.290718102832,677,91.31600284576416,1.0,0.5140324963072378,0.5061216728016795,0.31938539955329703,0.17564281240589927,320.0,331.0,218.0,91.10540919081345,-0.08259434922561582,False,True,True,True,40.86214723869029,330.7921142578125,0.9296306890414442,0.9806496316532805,0.0,91.31600284576416,0.5172413793103449,0.01935036834671955,0.00037443675515372586,False
137,ANT,Mercedes,31,1,HARD,31.0,11,91.01699829101562,5295.0494513839185,690,91.1500015258789,1.0,0.5217391304347826,0.5200549806051001,0.21640156526463536,0.0,308.14726959228517,309.0,224.0,90.97604653691074,-0.04095175410488139,False,True,True,True,39.28955875374185,309.0,0.8879719679633867,0.9937356101376948,0.0,91.1500015258789,0.5344827586206896,0.006264389862305153,3.9242580346951574e-05,False
138,ANT,Mercedes,34,2,MEDIUM,2.0,19,88.02899932861328,5242.964532731831,663,88.15499973297119,1.0,0.5158371040723982,0.493687320768214,0.15791504735587183,0.0,309.9819873046875,311.0,228.0,87.8657160089777,-0.16328331963558185,False,True,True,True,42.18717191547066,310.9427185058594,0.915145881006865,0.06294593983719783,0.0,88.15499973297119,0.5862068965517241,0.9370540601628021,0.8780703116675924,True
139,ANT,Mercedes,35,2,MEDIUM,3.0,19,88.31900024414062,5228.909178414278,668,88.44499969482422,1.0,0.5044910179640718,0.5028210138171014,0.17052402023590266,0.0,311.32885681152345,312.0,229.08124542236328,88.29439032471805,-0.024609919422573512,False,True,True,True,42.105866626258646,312.0,0.908695652173913,0.0,0.0,88.44499969482422,0.603448275862069,1.0,1.0,True
140,ANT,Mercedes,36,2,MEDIUM,4.0,19,88.18499755859375,5226.091792539061,649,88.31949615478516,1.0,0.5100154083204931,0.5055452072279596,0.1639502594674096,0.0,312.0,313.0,233.0,88.04141795205362,-0.14357960654012913,False,True,True,True,42.947558747354556,313.0,0.8808066361556065,0.026268262341060934,0.0,88.31949615478516,0.6206896551724138,0.9737317376589391,0.948153496924297,True
141,ANT,Mercedes,37,2,MEDIUM,5.0,19,88.677001953125,5243.753605442345,661,88.81200194358826,1.0,0.4977307110438729,0.4907332658379582,0.1720375511669945,0.0,312.09185791015625,314.0,226.0,88.55502666356713,-0.12197528955786652,False,True,True,True,46.37575085540569,313.97857666015625,0.9077088100686499,0.5566928171760379,0.0,88.81200194358826,0.6379310344827587,0.4433071828239621,0.19652125834331774,False
142,ANT,Mercedes,38,2,MEDIUM,6.0,19,88.95899963378906,5189.69961406761,648,89.09400177001953,1.0,0.5077160493827161,0.48730557167836314,0.1948504445941501,0.07632387256118034,317.05999999999995,320.0,224.71471405029297,88.66284948786236,-0.29615014592670263,False,True,True,True,48.3332246333752,316.0,0.9096729595728452,1.0,0.0,89.09400177001953,0.6551724137931034,0.0,0.0,False
143,ANT,Mercedes,39,2,MEDIUM,7.0,18,89.34700012207031,5201.585716602445,673,89.48199844360352,1.0,0.4784546805349183,0.4670660465250517,0.20698008144120034,0.16182027336717403,334.7525,337.0,216.5,89.22086756891855,-0.12613255315176275,False,True,True,True,47.261172679145844,336.9996643066406,0.9218630816170862,1.0,0.0,89.48199844360352,0.6724137931034483,0.0,0.0,False
144,ANT,Mercedes,40,2,MEDIUM,8.0,18,89.26100158691406,5180.916571452468,676,89.38600158691406,1.0,0.4881656804733728,0.48190992328270343,0.19334126308616198,0.07920705373727317,322.0,325.0,217.9496841430664,89.17421311413416,-0.08678847277990087,False,True,True,True,40.603444817648885,317.96142578125,0.914926582761251,0.9729151207041447,0.0,89.38600158691406,0.6896551724137931,0.027084879295855346,0.0007335906864710536,False
145,ANT,Mercedes,41,2,MEDIUM,9.0,16,88.12999725341797,5207.465179609449,677,88.26499652862549,1.0,0.5214180206794683,0.5169092464944,0.1962498453716411,0.09650486479806279,331.98112060546873,333.0,226.0,88.11397532461447,-0.01602192880349662,False,True,True,True,42.851766079669176,333.0,0.9349208619374524,0.4079533318566228,0.0,88.26499652862549,0.7068965517241379,0.5920466681433771,0.35051925725967414,False
146,ANT,Mercedes,42,2,MEDIUM,10.0,16,88.17400360107422,5236.175750019834,653,88.31000518798828,1.0,0.5099540581929556,0.5063300223525437,0.1716679867565952,0.0,310.096005859375,312.0,228.0,88.20076727143567,0.02676367036144711,False,True,True,True,43.61280551442626,311.9550476074219,0.9332761250953471,0.0,0.0,88.31000518798828,0.7241379310344828,1.0,1.0,True
147,ANT,Mercedes,43,2,MEDIUM,11.0,14,88.39800262451172,5248.2944202266335,664,88.53400421142578,1.0,0.516566265060241,0.5158244877838262,0.16988951386159423,0.0,311.0,312.0,227.0,88.41779352012918,0.0197908956174615,False,True,True,True,42.5907611109146,312.0,0.9017591533180779,0.01581313156926178,0.0,88.53400421142578,0.7413793103448276,0.9841868684307382,0.9686237919915032,True
148,ANT,Mercedes,44,2,MEDIUM,12.0,14,88.50299835205078,5251.207508438305,668,88.63899612426758,1.0,0.47155688622754494,0.47678784865722984,0.1669242785636762,0.0,313.13972229003906,315.0,228.1642837524414,88.4578884051303,-0.04510994692047632,False,True,True,True,45.81459513663475,315.0,0.8261838927027715,0.0,0.0,88.63899612426758,0.7586206896551724,1.0,1.0,True
149,ANT,Mercedes,45,2,MEDIUM,13.0,14,89.0009994506836,5236.0573545498855,689,89.1240005493164,1.0,0.4716981132075472,0.4736209869897782,0.19079045405015604,0.0,313.0,314.0,224.0,88.92023382022313,-0.08076563046046203,False,True,True,True,39.81456021930068,314.0,0.8771786803966437,0.17530631988036632,0.0,89.1240005493164,0.7758620689655172,0.8246936801196336,0.6801196660292645,True
150,ANT,Mercedes,46,2,MEDIUM,14.0,14,88.88300323486328,5206.468803170026,660,89.02000331878662,1.0,0.5075757575757576,0.504819236889381,0.20357211332560116,0.07864523915610903,317.0,322.0,226.38333129882812,88.09544564916638,-0.7875575856969022,False,True,True,True,46.731905298494745,317.0,0.9364559496567506,0.8995731059524734,0.0,89.02000331878662,0.7931034482758621,0.10042689404752658,0.01008556104803313,False
151,ANT,Mercedes,47,2,MEDIUM,15.0,13,88.10399627685547,5250.167092153655,674,88.22599792480469,1.0,0.48813056379821956,0.4791671242666222,0.1772492898841383,0.18044565710114133,329.36099151611324,333.0,231.83229064941406,87.99864931820733,-0.10534695864814125,False,True,True,True,46.97130807779685,333.0,0.9032036613272312,0.6134246596191373,0.0,88.22599792480469,0.8103448275862069,0.3865753403808627,0.14944049379057986,False
152,ANT,Mercedes,48,2,MEDIUM,16.0,13,88.88999938964844,5244.1908347794415,661,89.02799987792969,1.0,0.5249621785173979,0.513276675543689,0.1703170925329319,0.0,310.0,311.0,225.20555114746094,88.91490747724802,0.024908087599584405,False,True,True,True,42.12587730293984,310.9368591308594,0.9338243707093822,0.0,0.0,89.02799987792969,0.8275862068965517,1.0,1.0,True
153,ANT,Mercedes,49,2,MEDIUM,17.0,13,88.86199951171875,5238.094708478794,669,89.0,1.0,0.5052316890881914,0.5085954773292113,0.19595507289586442,0.0,312.0,313.0,231.5,88.5827164118405,-0.2792830998782563,False,True,True,True,44.9911416270245,313.0,0.908257055682685,0.0,0.0,89.0,0.8448275862068966,1.0,1.0,True
154,ANT,Mercedes,50,2,MEDIUM,18.0,13,88.86499786376953,5262.0403482787315,646,89.00399780273438,1.0,0.5170278637770898,0.5016292258089624,0.20944008695576144,0.0,312.0,313.0,229.5,88.72311785394793,-0.1418800098216053,False,True,True,True,41.17035583155217,313.0,0.9563215102974828,0.18875555763568655,0.0,89.00399780273438,0.8620689655172413,0.8112444423643135,0.658117545266986,True
155,ANT,Mercedes,51,2,MEDIUM,19.0,14,89.697998046875,5271.614407150366,668,89.81999588012695,1.0,0.47155688622754494,0.47372514591047826,0.21953901237389828,0.07571813420608446,312.0,313.0,221.15374755859375,89.65479936653558,-0.04319868033941532,False,True,True,True,42.873295834395044,312.0,0.9046386346300533,0.87440436761197,0.0,89.81999588012695,0.8793103448275862,0.12559563238802995,0.01577426287494916,False
156,ANT,Mercedes,52,2,MEDIUM,20.0,14,88.86599731445312,5247.048381213632,650,89.00499701499939,1.0,0.536923076923077,0.5149035457455301,0.21169604896831962,0.0,315.0,316.0,229.0,89.05331066605635,0.1873133516032226,False,True,True,True,43.77285750830034,316.0,0.9190026697177727,0.7413740601193342,0.0,89.00499701499939,0.896551724137931,0.25862593988066584,0.06688737677915778,False
157,ANT,Mercedes,53,2,MEDIUM,21.0,14,89.3949966430664,5224.683273728676,666,89.53399658203125,1.0,0.515015015015015,0.5141956095446256,0.19608196141588696,0.0,315.0,316.0,224.0,89.17256391515699,-0.22243272790942115,False,True,True,True,43.8092126168511,316.0,0.9521548436308162,1.0,0.0,89.53399658203125,0.9137931034482759,0.0,0.0,False
158,ANT,Mercedes,54,2,MEDIUM,22.0,15,90.00499725341797,5223.628312192112,656,90.14399743080139,1.0,0.4969512195121951,0.4961727778739935,0.18414971373226072,0.0,314.7291458129883,318.0,222.71572875976562,89.76607203996852,-0.2389252134494484,False,True,True,True,46.63885180716503,317.92755126953125,0.8756547165013985,1.0,0.0,90.14399743080139,0.9310344827586207,0.0,0.0,False
159,ANT,Mercedes,55,2,MEDIUM,23.0,15,89.51200103759766,5244.411901630104,677,89.63300228118896,1.0,0.5125553914327917,0.5088750344927967,0.22583199391958558,0.0,316.0514306640625,318.0,225.0,89.50289718327178,-0.009103854325871907,False,True,True,True,46.11121007063997,317.8901672363281,0.9187833714721587,1.0,0.0,89.63300228118896,0.9482758620689655,0.0,0.0,False
160,ANT,Mercedes,56,2,MEDIUM,24.0,15,89.73400115966797,5251.321345218838,668,89.87300109863281,1.0,0.46407185628742514,0.4621076578838038,0.22653069644275123,0.17223192618843355,333.50180541992194,337.0,222.96249389648438,89.6268403491499,-0.10716081051806725,False,True,True,True,47.36929398247924,336.8560791015625,0.8956034002229655,1.0,0.0,89.87300109863281,0.9655172413793104,0.0,0.0,False
161,ANT,Mercedes,57,2,MEDIUM,25.0,15,89.71199798583984,5276.783213063553,664,89.85199737548828,1.0,0.48042168674698793,0.47735167249847393,0.20790832528875364,0.17186039138221093,330.74,336.0,221.86907196044922,89.67243333204678,-0.03956465379306451,False,True,True,True,43.642738962528725,335.7935791015625,0.8819126620900076,1.0,0.0,89.85199737548828,0.9827586206896551,0.0,0.0,False
162,ANT,Mercedes,58,2,MEDIUM,26.0,15,89.62999725341797,5242.140321541787,650,89.76799726486206,1.0,0.4646153846153846,0.45202079857424793,0.2205908822526169,0.16932536448087346,334.09895568847656,336.0,224.64678955078125,89.42762785974077,-0.20236939367720197,False,True,True,True,49.085364495171724,336.0,0.8821605644546148,0.9941293114866536,0.0,89.76799726486206,1.0,0.005870688513346378,3.446498362073711e-05,False
163,BEA,Haas F1 Team,2,1,MEDIUM,2.0,12,91.02100372314453,5189.179752849937,691,91.14700317382812,1.0,0.49493487698986977,0.5001152529501575,0.22381423728238978,0.17597944473926952,335.02928466796874,336.0,213.0,90.59996204721588,-0.42104167592864883,False,True,True,True,44.572281810219394,336.0,0.884334477498093,1.0,0.0,91.14700317382812,0.034482758620689655,0.0,0.0,False
164,BEA,Haas F1 Team,3,1,MEDIUM,3.0,12,90.46700286865234,5193.482254887582,689,90.60099983215332,1.0,0.48911465892597966,0.49336106319576273,0.18809943058692827,0.1677575029604103,337.0,337.0,213.0,90.35803842734465,-0.10896444130769112,False,True,True,True,45.337002362799836,337.0,0.9212051868802441,1.0,0.0,90.60099983215332,0.05172413793103448,0.0,0.0,False
165,BEA,Haas F1 Team,4,1,MEDIUM,4.0,12,90.74099731445312,5202.676273949519,678,90.87499809265137,1.0,0.5162241887905604,0.5025694688919145,0.2117084878180815,0.15713887498562013,342.03844329833987,343.0,217.5,90.70310183502549,-0.037895479427632495,False,True,True,True,44.251145058316,343.0,0.9198798627002288,1.0,0.0,90.87499809265137,0.06896551724137931,0.0,0.0,False
166,BEA,Haas F1 Team,5,1,MEDIUM,5.0,12,90.19000244140625,5167.076732334859,682,90.31600189208984,1.0,0.5117302052785924,0.5155232122482207,0.1913172155802309,0.18113068459191956,332.0,333.0,209.004150390625,89.84760735965935,-0.3423950817469006,False,True,True,True,43.33686835988656,333.0,0.9497425629290618,1.0,0.0,90.31600189208984,0.08620689655172414,0.0,0.0,False
167,BEA,Haas F1 Team,6,1,MEDIUM,6.0,12,90.28800201416016,5218.0944691503055,671,90.41800308227539,1.0,0.5171385991058122,0.515616339930194,0.201265259073322,0.18005262474645647,331.0,333.0,216.0,90.44418179396874,0.156179779808582,False,True,True,True,46.99210887088186,332.9202880859375,0.927126239511823,1.0,0.0,90.41800308227539,0.10344827586206896,0.0,0.0,False
168,BEA,Haas F1 Team,7,1,MEDIUM,7.0,12,90.5459976196289,5207.220662410304,678,90.67799758911133,1.0,0.5294985250737463,0.5065727942807557,0.20465830813178226,0.1817420299862524,332.0763952636719,333.0,220.97805786132812,90.3132352065989,-0.23276241303000234,False,True,True,True,44.41015662288808,333.0,0.8962671624713959,1.0,0.0,90.67799758911133,0.1206896551724138,0.0,0.0,False
169,BEA,Haas F1 Team,8,1,MEDIUM,8.0,12,90.34300231933594,5202.871368235878,698,90.47100830078125,1.0,0.5114613180515759,0.5128383324059875,0.2179592639609533,0.17552585481660984,334.0,335.0,216.0,90.22658076951635,-0.11642154981959152,False,True,True,True,44.21911619319026,334.96502685546875,0.9377812738367658,1.0,0.0,90.47100830078125,0.13793103448275862,0.0,0.0,False
170,BEA,Haas F1 Team,9,1,MEDIUM,9.0,12,90.28500366210938,5187.818030077291,677,90.41200351715088,1.0,0.5258493353028065,0.5269100997652448,0.19109189302287563,0.18051809854107517,334.17279052734375,335.0,214.0,90.02680274741908,-0.25820091469029194,False,True,True,True,39.916567043205816,335.0,0.9319603356216629,1.0,0.0,90.41200351715088,0.15517241379310345,0.0,0.0,False
171,BEA,Haas F1 Team,10,1,MEDIUM,10.0,12,90.75399780273438,5197.466375769034,697,90.88599395751953,1.0,0.5050215208034433,0.5108377287460707,0.20157124585386796,0.18001675787394683,331.21827148437495,332.0,212.4562530517578,90.57445972536978,-0.17953807736459737,False,True,True,True,39.864717699931674,332.0,0.94502765064836,1.0,0.0,90.88599395751953,0.1724137931034483,0.0,0.0,False
172,BEA,Haas F1 Team,11,1,MEDIUM,11.0,12,90.90299987792969,5171.022539286168,699,91.03099822998047,1.0,0.5221745350500715,0.5350594382026239,0.20346912645522003,0.18279484797322074,328.0,329.0,216.0,90.20595876425676,-0.697041113672924,True,True,True,True,41.62253726404278,328.9169006347656,0.9367944317315026,1.0,0.0,91.03099822998047,0.1896551724137931,0.0,0.0,False
173,BEA,Haas F1 Team,12,1,MEDIUM,12.0,12,91.01699829101562,5187.124001646042,696,91.1449966430664,1.0,0.5502873563218391,0.5402600567259671,0.20318175144520717,0.0,316.0,316.0,216.35535430908203,90.73053960761972,-0.28645868339590663,False,True,True,True,38.604284711836186,316.0,0.9808114035087719,1.0,0.0,91.1449966430664,0.20689655172413793,0.0,0.0,False
174,BEA,Haas F1 Team,13,1,MEDIUM,13.0,12,91.05999755859375,5192.361321478725,667,91.18899536132812,1.0,0.5442278860569715,0.5415456023447824,0.19694261446560518,0.0,314.3675872802735,315.0,217.0,90.89077723730878,-0.16922032128496767,False,True,True,True,42.439301055431905,315.0,0.9696081235697941,1.0,0.0,91.18899536132812,0.22413793103448276,0.0,0.0,False
175,BEA,Haas F1 Team,16,2,HARD,2.0,18,89.26300048828125,5207.79509171486,673,89.39300346374512,1.0,0.5007429420505201,0.5090332028176603,0.16825695592905293,0.0,308.0,309.0,220.0,88.88552532912463,-0.3774751591566172,False,True,True,True,45.13098348387043,308.91278076171875,0.8957284515636919,0.0,0.0,89.39300346374512,0.27586206896551724,1.0,1.0,True
176,BEA,Haas F1 Team,17,2,HARD,3.0,18,89.86299896240234,5190.307220631187,668,89.99299812316895,1.0,0.49850299401197606,0.49064927998663227,0.1773581999026795,0.0,309.7001547241211,310.0,223.13750457763672,89.37828845550163,-0.4847105069007114,False,True,True,True,40.8364689469188,310.0,0.9402030892448513,0.0,0.0,89.99299812316895,0.29310344827586204,1.0,1.0,True
177,BEA,Haas F1 Team,18,2,HARD,4.0,18,89.53299713134766,5218.137530817034,668,89.66300201416016,1.0,0.5284431137724551,0.5131660084839499,0.18515997047899269,0.0,313.26262634277344,314.0,225.33295440673828,89.56574475798867,0.03274762664101161,False,True,True,True,37.948863521002856,314.0,0.9569889397406559,0.0,0.0,89.66300201416016,0.3103448275862069,1.0,1.0,True
178,BEA,Haas F1 Team,19,2,HARD,5.0,17,89.9219970703125,5209.320222425044,669,90.05199658870697,1.0,0.5037369207772795,0.5218429327957048,0.18125092208922444,0.0,311.51915649414065,313.0,220.0,89.7523750795386,-0.16962199077390494,False,True,True,True,38.59150269347841,313.0,0.9357980549199084,0.0,0.0,90.05199658870697,0.3275862068965517,1.0,1.0,True
179,BEA,Haas F1 Team,20,2,HARD,6.0,16,89.78700256347656,5213.409763227344,685,89.91699981689453,1.0,0.5080291970802919,0.5195347404218079,0.18419219775045836,0.0,310.0,311.0,221.47171020507812,89.83237590903423,0.045373345557663924,False,True,True,True,44.28379701718285,311.0,0.9602879481311976,0.594248025620416,0.0,89.91699981689453,0.3448275862068966,0.405751974379584,0.1646346647129306,False
180,BEA,Haas F1 Team,21,2,HARD,7.0,16,89.6449966430664,5217.507045274734,685,89.77499485015869,1.0,0.5401459854014599,0.5411974952596461,0.16972443989357727,0.0,312.0,313.0,217.79502868652344,89.63145215431855,-0.013544488747854189,False,True,True,True,47.541267783035515,313.0,0.9843201754385964,1.0,0.0,89.77499485015869,0.3620689655172414,0.0,0.0,False
181,BEA,Haas F1 Team,22,2,HARD,8.0,15,89.4729995727539,5219.313815440893,674,89.60299682617188,1.0,0.5311572700296736,0.5431625264678345,0.20132141312947638,0.19107622293571327,327.19322204589844,328.0,218.69154357910156,89.42498995509794,-0.04800961765596412,False,True,True,True,41.673883952158356,328.0,0.9474208619374523,0.9901788999653793,0.0,89.60299682617188,0.3793103448275862,0.009821100034620667,9.645400589002606e-05,False
182,BEA,Haas F1 Team,23,2,HARD,9.0,16,90.93399810791016,5216.180796366711,694,91.06399536132812,1.0,0.5259365994236311,0.5228080015063749,0.18667090474231607,0.17701839989142037,333.0031658935547,337.0,217.0,90.80177196867608,-0.13222613923407778,False,True,True,True,44.05526798476268,336.944091796875,0.9710335621662853,1.0,0.0,91.06399536132812,0.39655172413793105,0.0,0.0,False
183,BEA,Haas F1 Team,24,2,HARD,10.0,16,90.11000061035156,5210.824340917897,666,90.24100112915039,1.0,0.53003003003003,0.5216696992835306,0.19678418965869196,0.0,311.0,312.0,223.1397476196289,90.14649229423114,0.03649168387957502,False,True,True,True,46.34197462718423,312.0,0.9464530892448512,1.0,0.0,90.24100112915039,0.41379310344827586,0.0,0.0,False
184,BEA,Haas F1 Team,25,2,HARD,11.0,15,89.66699981689453,5213.507021740571,680,89.79600143432617,1.0,0.5235294117647059,0.5216491559096689,0.18618860490691322,0.09532719983697178,322.0,322.0,223.71428680419922,89.59683222246554,-0.07016759442899456,False,True,True,True,42.04712753879979,322.0,0.926039282990084,0.37137516996443803,0.0,89.79600143432617,0.43103448275862066,0.6286248300355619,0.3951691769372391,False
185,BEA,Haas F1 Team,26,2,HARD,12.0,15,89.88300323486328,5215.7210240781305,676,90.01400375366211,1.0,0.5281065088757396,0.5336503360373775,0.17952767282753204,0.0,311.0,311.0,222.01480865478516,89.90578762829966,0.022784393436381833,False,True,True,True,39.458730174600625,311.0,0.9611556064073227,0.9731152722606884,0.0,90.01400375366211,0.4482758620689655,0.02688472773931161,0.0007227885856169111,False
186,BEA,Haas F1 Team,27,2,HARD,13.0,15,89.46900177001953,5204.935220466598,664,89.60000228881836,1.0,0.5225903614457831,0.5307142673463242,0.18793539861435382,0.17858259988045863,328.0,328.0,214.95849609375,89.48449805298824,0.015496282968712194,False,True,True,True,43.4393191710837,328.0,0.9770737986270023,1.0,0.0,89.60000228881836,0.46551724137931033,0.0,0.0,False
187,BEA,Haas F1 Team,28,2,HARD,14.0,14,89.49099731445312,5198.93478236888,661,89.62299728393555,1.0,0.5249621785173979,0.5119779063120061,0.2022136587005495,0.17940706127841033,336.5185852050781,339.0,222.88571166992188,89.2646954205659,-0.226301893887225,False,True,True,True,45.5190180249365,338.8320617675781,0.9608266590389016,0.7456902321690468,0.0,89.62299728393555,0.4827586206896552,0.25430976783095316,0.0646734580142333,False
188,BEA,Haas F1 Team,29,2,HARD,15.0,14,89.99500274658203,5204.470783135444,691,90.12300288677216,1.0,0.5151953690303908,0.5133206935750025,0.19619858237126395,0.0,313.92034912109375,315.0,219.8125,89.87418132147926,-0.12082142510277549,False,True,True,True,47.49901574887836,314.8894958496094,0.9412900457665904,0.8160292112709929,0.0,90.12300288677216,0.5,0.18397078872900707,0.03384525110557295,False
189,BEA,Haas F1 Team,30,2,HARD,16.0,14,89.76300048828125,5188.536101723762,669,89.89050006866455,1.0,0.5171898355754858,0.518680993005285,0.19669501065602318,0.18334532342158363,328.0,328.0,218.0,89.48793619089805,-0.2750642973831958,False,True,True,True,46.547262658764254,328.0,0.9398741418764303,1.0,0.0,89.89050006866455,0.5172413793103449,0.0,0.0,False
190,BEA,Haas F1 Team,31,2,HARD,17.0,14,91.19200134277344,5199.25921259284,691,91.32500314712524,1.0,0.5007235890014472,0.48609906559604593,0.21812216307028254,0.17561455849034233,329.0,329.0,217.09544372558594,91.04202837694021,-0.1499729658332285,False,True,True,True,41.10278662886918,329.0,0.9334954233409611,1.0,0.0,91.32500314712524,0.5344827586206896,0.0,0.0,False
191,BEA,Haas F1 Team,32,2,HARD,18.0,12,90.21399688720703,5200.445182110369,696,90.33899688720703,1.0,0.4942528735632184,0.4941056276657045,0.2089905329724152,0.17090073628612928,339.04999999999995,342.0,212.1531219482422,90.07335035837491,-0.14064652883212148,False,True,True,True,50.465767688128615,342.0,0.8591866895499618,0.9944652916544526,0.0,90.33899688720703,0.5517241379310345,0.005534708345547368,3.063299647027168e-05,False
192,BEA,Haas F1 Team,33,2,HARD,19.0,10,89.43000030517578,5220.688881147981,692,89.55599975585938,1.0,0.5130057803468208,0.5130644202338264,0.2032360335846364,0.1692683743211529,330.0,332.0,219.0374984741211,89.31303665555734,-0.11696364961844097,False,True,True,True,46.59231878029168,331.9519958496094,0.9127812738367659,0.8116710085136806,0.0,89.55599975585938,0.5689655172413793,0.18832899148631943,0.03546780903425418,False
193,BEA,Haas F1 Team,34,2,HARD,20.0,10,89.49099731445312,5170.517038440719,665,89.61799669265747,1.0,0.5488721804511278,0.5365216184321336,0.17673907295538024,0.0,307.0,308.0,227.32298278808594,88.66222368345657,-0.828773630996551,False,True,True,True,45.82219912871763,307.9751281738281,0.908895881006865,0.21883992524716103,0.0,89.61799669265747,0.5862068965517241,0.781160074752839,0.610211062387861,False
194,BEA,Haas F1 Team,35,2,HARD,21.0,10,89.322998046875,5207.258585639954,675,89.4489974975586,1.0,0.5392592592592592,0.5337790857400881,0.17260116396268627,0.0,312.0,313.0,226.0357208251953,89.19312818614256,-0.1298698607324411,False,True,True,True,43.76995248093582,312.9737243652344,0.9711527459954233,1.0,0.0,89.4489974975586,0.603448275862069,0.0,0.0,False
195,BEA,Haas F1 Team,36,2,HARD,22.0,10,89.45500183105469,5202.629824361504,671,89.58100128173828,1.0,0.5365126676602087,0.5308045870136007,0.17054956534314306,0.0,313.0,314.0,218.67999267578125,89.41192105934519,-0.04308077170949787,False,True,True,True,46.31431403320108,313.9411926269531,0.9361270022883295,0.4525736612022882,0.0,89.58100128173828,0.6206896551724138,0.5474263387977119,0.2996755964094672,False
196,BEA,Haas F1 Team,37,2,HARD,23.0,10,89.43599700927734,5203.446758477565,670,89.57099723815918,1.0,0.5373134328358209,0.5365686854319262,0.17950011029365026,0.0,314.0,315.0,218.4953155517578,89.40168913213333,-0.034307877144016174,False,True,True,True,45.84021440337621,315.0,0.9627002288329519,0.9857096736804939,0.0,89.57099723815918,0.6379310344827587,0.014290326319506108,0.00020421342631796898,False
197,BEA,Haas F1 Team,38,2,HARD,24.0,10,89.97200012207031,5216.132651408434,648,90.10799980163574,1.0,0.529320987654321,0.5238824834217751,0.19929415897446504,0.0,316.0,316.0,223.3499984741211,90.03098688132177,0.05898675925145369,False,True,True,True,45.347128833318656,316.0,0.9533705186880245,0.9956052746779529,0.0,90.10799980163574,0.6551724137931034,0.004394725322047099,1.9313610656241983e-05,False
198,BEA,Haas F1 Team,39,2,HARD,25.0,10,90.04199981689453,5217.8709277278185,671,90.16699981689453,1.0,0.5126676602086438,0.49930689991994665,0.18009916914085183,0.17478678741542086,333.0,334.0,220.0,90.12850186594511,0.0865020490505799,False,True,True,True,42.57785650539952,333.9783935546875,0.9135106788710908,1.0,0.0,90.16699981689453,0.6724137931034483,0.0,0.0,False
199,BEA,Haas F1 Team,40,2,HARD,26.0,10,90.05599975585938,5204.655934929741,678,90.19100189208984,1.0,0.5132743362831859,0.5131000790719294,0.20713821895924509,0.17828829468980922,336.05737731933596,337.0,220.953125,89.82599744447242,-0.23000231138695426,False,True,True,True,46.83677021035802,337.0,0.9528222730739894,1.0,0.0,90.19100189208984,0.6896551724137931,0.0,0.0,False
200,BEA,Haas F1 Team,41,2,HARD,27.0,9,89.81600189208984,5205.6691148244745,699,89.94000244140625,1.0,0.530758226037196,0.5264732650762397,0.18855899570823242,0.08895931888866343,345.2683294677734,347.0,222.0460205078125,89.61844647512137,-0.1975554169684699,False,True,True,True,45.46367035070994,346.8777160644531,0.9455758962623951,1.0,0.0,89.94000244140625,0.7068965517241379,0.0,0.0,False
201,BEA,Haas F1 Team,42,2,HARD,28.0,9,89.33999633789062,5194.301502742351,662,89.47599792480469,1.0,0.5468277945619335,0.5405808250406428,0.18103185003271713,0.0,310.0,310.0,224.0,89.08878132538621,-0.25121501250441725,False,True,True,True,45.78948080178271,310.0,0.9791571319603357,0.8523738642156012,0.0,89.47599792480469,0.7241379310344828,0.14762613578439876,0.02179347596663374,False
202,BEA,Haas F1 Team,43,2,HARD,29.0,8,89.3239974975586,5207.935760352247,670,89.4599974155426,1.0,0.5388059701492537,0.5379834134380428,0.18600484765802577,0.0,309.0,310.0,227.87810516357422,89.2638233243444,-0.06017417321419316,False,True,True,True,50.11458744978229,310.0,0.9580854309687261,0.9936396152228908,0.0,89.4599974155426,0.7413793103448276,0.006360384777109207,4.0454494512882536e-05,False
203,BEA,Haas F1 Team,44,2,HARD,30.0,8,89.30699920654297,5201.230366642357,674,89.4429988861084,1.0,0.5474777448071216,0.5366880837420807,0.17933207973720927,0.0,311.3348107910156,312.0,227.5854263305664,89.11833814810544,-0.1886610584375319,False,True,True,True,43.5030452808952,312.0,0.958295194508009,1.0,0.0,89.4429988861084,0.7586206896551724,0.0,0.0,False
204,BEA,Haas F1 Team,45,2,HARD,31.0,9,90.19599914550781,5216.192015666009,697,90.31900024414062,1.0,0.509325681492109,0.5051428713280598,0.18560878017707283,0.08990355196509767,316.0,316.0,220.0,90.04709714407382,-0.14890200143399568,False,True,True,True,44.57513500261474,312.0,0.9684019832189169,0.9508409236737867,0.0,90.31900024414062,0.7758620689655172,0.0491590763262133,0.002416614785246465,False
205,BEA,Haas F1 Team,46,2,HARD,32.0,9,89.46900177001953,5216.782228306846,674,89.60599899291992,1.0,0.4836795252225519,0.494174488365633,0.18479779679795486,0.18302347733631905,328.05833740234374,329.0,218.52664947509766,89.5176830327932,0.04868126277366969,False,True,True,True,51.22459385684498,329.0,0.9399427184181189,1.0,0.0,89.60599899291992,0.7931034482758621,0.0,0.0,False
206,BEA,Haas F1 Team,47,2,HARD,33.0,9,88.98100280761719,5195.4388304131035,672,89.10400009155273,1.0,0.5342261904761905,0.5350264784188803,0.18135005879550284,0.18629913872626255,328.0,328.0,220.36099243164062,88.77816385736588,-0.20283895025130505,False,True,True,True,45.52146144174489,328.0,0.9577755530129672,1.0,0.0,89.10400009155273,0.8103448275862069,0.0,0.0,False
207,BEA,Haas F1 Team,48,2,HARD,34.0,9,89.30599975585938,5219.081069653035,665,89.44399905204773,1.0,0.5398496240601504,0.5383144650195993,0.1788828410146269,0.0,313.183603515625,314.0,224.70834350585938,89.11821674787359,-0.18778300798578584,False,True,True,True,43.85424897109663,314.0,0.9676249046529367,1.0,0.0,89.44399905204773,0.8275862068965517,0.0,0.0,False
208,BEA,Haas F1 Team,49,2,HARD,35.0,9,89.24099731445312,5227.175958593187,677,89.37899780273438,1.0,0.5391432791728212,0.5388290429671695,0.17636139282057217,0.0,315.0,316.0,230.92254638671875,89.06024584601101,-0.18075146844211076,False,True,True,True,48.8826565351491,316.0,0.9502908085430969,1.0,0.0,89.37899780273438,0.8448275862068966,0.0,0.0,False
209,BEA,Haas F1 Team,50,2,HARD,36.0,9,88.97599792480469,5200.215239164979,639,89.11399841308594,1.0,0.5633802816901409,0.5435060218657831,0.19214702737931655,0.0,315.0,315.0,227.71388244628906,88.78724074607163,-0.18875717873305575,False,True,True,True,51.66359894537179,315.0,0.9800343249427917,1.0,0.0,89.11399841308594,0.8620689655172413,0.0,0.0,False
210,BEA,Haas F1 Team,51,2,HARD,37.0,9,89.24600219726562,5195.042018365383,669,89.36800193786621,1.0,0.5276532137518685,0.5336585676987631,0.17990781518413645,0.0,314.35341186523436,315.0,217.0,89.05176419198438,-0.19423800528124957,False,True,True,True,46.18037906596429,315.0,0.9058161708619373,1.0,0.0,89.36800193786621,0.8793103448275862,0.0,0.0,False
211,BEA,Haas F1 Team,52,2,HARD,38.0,9,89.06999969482422,5232.12814206928,651,89.19200050830841,1.0,0.5453149001536098,0.5381424128091851,0.17623771514777634,0.0,315.0,315.0,226.443115234375,88.97720568798206,-0.09279400684215489,False,True,True,True,44.57216427254943,315.0,0.9484458428680397,0.7345053348930105,0.0,89.19200050830841,0.896551724137931,0.2654946651069895,0.0704874172002725,False
212,BEA,Haas F1 Team,53,2,HARD,39.0,9,89.1969985961914,5212.598866900179,665,89.33599856495857,1.0,0.5533834586466165,0.544618270159177,0.18626322088559677,0.0,314.0,315.0,224.0,89.00954979157063,-0.18744880462077163,False,True,True,True,40.34236570423745,315.0,0.9731168954996186,0.9764932130098553,0.0,89.33599856495857,0.9137931034482759,0.023506786990144746,0.0005525690346000383,False
213,BEA,Haas F1 Team,54,2,HARD,40.0,9,89.2760009765625,5204.023286547557,652,89.41500091552734,1.0,0.5368098159509203,0.536811382943041,0.17401993926433745,0.0,314.0,314.0,224.7617950439453,89.01808261233559,-0.25791836422691006,False,True,True,True,41.22178596017925,314.0,0.9623712814645309,0.7886371895500291,0.0,89.41500091552734,0.9310344827586207,0.21136281044997085,0.04467423764131031,False
214,BEA,Haas F1 Team,55,2,HARD,41.0,9,89.11199951171875,5208.347797301531,669,89.2509994506836,1.0,0.5440956651718983,0.5417530449064125,0.15822789036909357,0.0,314.07767211914063,315.0,222.0,88.88522699252289,-0.22677251919586183,False,True,True,True,49.975243387056686,315.0,0.9792763157894737,0.7997669662798215,0.0,89.2509994506836,0.9482758620689655,0.20023303372017853,0.04009326779278615,False
215,BEA,Haas F1 Team,56,2,HARD,42.0,9,89.17500305175781,5211.885814625741,665,89.31400299072266,1.0,0.5413533834586466,0.5346529863798646,0.1755490829291086,0.0,312.0,312.0,223.0,89.00788910405564,-0.1671139477021768,False,True,True,True,46.8191804179277,312.0,0.981359649122807,0.8283583826681866,0.0,89.31400299072266,0.9655172413793104,0.17164161733181338,0.029460844800280658,False
216,BEA,Haas F1 Team,57,2,HARD,43.0,9,88.9800033569336,5220.079861946837,660,89.12000274658203,1.0,0.5545454545454546,0.5468693565532191,0.16652826689730632,0.0,315.0,315.0,226.62655639648438,88.87195387242942,-0.1080494845041784,False,True,True,True,47.461032031236854,315.0,0.9592915713196034,0.8848519198088337,0.0,89.12000274658203,0.9827586206896551,0.11514808019116629,0.013259080371711262,False
217,BEA,Haas F1 Team,58,2,HARD,44.0,10,91.29100036621094,5223.088362467528,673,91.42900085449219,1.0,0.5349182763744428,0.5423770329767347,0.17720849728407945,0.0,318.0,319.0,220.0,91.2592716778817,-0.03172868832923825,False,True,True,True,52.572876167734286,318.95928955078125,0.9680730358504958,0.9810344513943928,0.0,91.42900085449219,1.0,0.018965548605607174,0.0003596920339116482,False
218,BOR,Kick Sauber,2,1,MEDIUM,2.0,7,90.65599822998047,5210.5754217210415,691,90.78200340270996,1.0,0.5137481910274964,0.5021039804571463,0.20224259792043078,0.1784494950879713,332.95501098632815,334.0,219.0,90.40802141887374,-0.24797681110672443,False,True,True,True,43.79247134129256,333.94195556640625,0.950081045003814,1.0,0.0,90.78200340270996,0.034482758620689655,0.0,0.0,False
219,BOR,Kick Sauber,3,1,MEDIUM,3.0,7,90.13700103759766,5212.649089792616,684,90.27099990844727,1.0,0.5307017543859649,0.509045078640759,0.2037975055443921,0.17503958861394572,332.0,333.0,219.0,90.13065612202388,-0.0063449155737771434,False,True,True,True,43.706904103498914,332.978759765625,0.9718106407322654,1.0,0.0,90.27099990844727,0.05172413793103448,0.0,0.0,False
220,BOR,Kick Sauber,4,1,MEDIUM,4.0,7,90.22200012207031,5213.552695373446,676,90.35599517822266,1.0,0.5014792899408284,0.4947209554669661,0.20454625381898264,0.1761919831909457,329.2817687988281,332.0,219.9924774169922,90.22752053751717,0.005520415446852667,False,True,True,True,42.146429977514835,331.83697509765625,0.9392257818459191,1.0,0.0,90.35599517822266,0.06896551724137931,0.0,0.0,False
221,BOR,Kick Sauber,5,1,MEDIUM,5.0,7,90.18599700927734,5202.827356915475,684,90.31199645996094,1.0,0.5073099415204678,0.4969439009445845,0.20285223838496613,0.1771525720147053,328.0,329.0,220.9874267578125,89.97585107187952,-0.21014593739782583,False,True,True,True,40.63130113988723,329.0,0.9465627383676583,1.0,0.0,90.31199645996094,0.08620689655172414,0.0,0.0,False
222,BOR,Kick Sauber,6,1,MEDIUM,6.0,7,90.44400024414062,5208.040702170879,676,90.57100009918213,1.0,0.5310650887573964,0.5251901570525364,0.19876114367505632,0.17091563000612284,326.0,327.0,219.75318908691406,90.3463674270208,-0.0976328171198304,False,True,True,True,41.122688657071606,327.0,0.9419479405034324,1.0,0.0,90.57100009918213,0.10344827586206896,0.0,0.0,False
223,BOR,Kick Sauber,7,1,MEDIUM,7.0,7,90.36699676513672,5202.602143637658,669,90.49999618530273,1.0,0.5007473841554559,0.5046298123830643,0.20465182540016072,0.1715027686483802,323.84099853515625,324.0,217.0,90.27878948534446,-0.08820727979225751,False,True,True,True,45.40755128755591,324.0,0.9550152555301296,1.0,0.0,90.49999618530273,0.1206896551724138,0.0,0.0,False
224,BOR,Kick Sauber,8,1,MEDIUM,8.0,7,90.26599884033203,5203.746669783115,695,90.39799880981445,1.0,0.5179856115107914,0.5154428661957297,0.2061771992269328,0.17612117130846972,326.0,327.0,218.0,90.14565642157923,-0.12034241875279861,False,True,True,True,44.67676143999814,327.0,0.9011203279938979,1.0,0.0,90.39799880981445,0.13793103448275862,0.0,0.0,False
225,BOR,Kick Sauber,9,1,MEDIUM,9.0,7,90.05799865722656,5212.180950815037,678,90.18499946594238,1.0,0.5103244837758112,0.5099517292853764,0.1889561087321333,0.17299993763074623,323.68184173583984,324.0,220.71666717529297,89.9181841901588,-0.13981446706776524,False,True,True,True,45.21174000625523,324.0,0.9418287566742944,1.0,0.0,90.18499946594238,0.15517241379310345,0.0,0.0,False
226,BOR,Kick Sauber,10,1,MEDIUM,10.0,7,90.08599853515625,5197.913836108179,690,90.2179946899414,1.0,0.508695652173913,0.5119819811801266,0.2026092504617104,0.17601806943275433,324.0,325.0,220.29998779296875,89.81836613142227,-0.2676324037339839,False,True,True,True,42.54371547044149,325.0,0.9273550724637681,1.0,0.0,90.2179946899414,0.1724137931034483,0.0,0.0,False
227,BOR,Kick Sauber,11,1,MEDIUM,11.0,7,90.2229995727539,5200.60758396268,696,90.35099792480469,1.0,0.5359195402298851,0.5323682565468095,0.19123196556871588,0.0,306.0,307.0,221.4953155517578,90.00786698443731,-0.21513258831659243,False,True,True,True,47.29711114369653,307.0,0.9334954233409611,1.0,0.0,90.35099792480469,0.1896551724137931,0.0,0.0,False
228,BOR,Kick Sauber,12,1,MEDIUM,12.0,7,90.1510009765625,5202.208954620362,691,90.27850151062012,1.0,0.5123010130246021,0.5071584702801607,0.17985461084572182,0.0,306.0,308.0,224.8224334716797,89.8661286830594,-0.28487229350309917,False,True,True,True,39.87949926554671,307.9483642578125,0.9407418001525554,0.8514707670413221,0.0,90.27850151062012,0.20689655172413793,0.14852923295867793,0.022060933043293218,False
229,BOR,Kick Sauber,13,1,MEDIUM,13.0,7,90.14399719238281,5181.715265467167,661,90.2729959487915,1.0,0.56732223903177,0.5403497811708596,0.18167113585644976,0.0,308.0,309.0,228.0,89.50020643338229,-0.6437907590005238,False,True,True,True,42.824666335455355,308.993896484375,0.9378813882532419,1.0,0.0,90.2729959487915,0.22413793103448276,0.0,0.0,False
230,BOR,Kick Sauber,14,1,MEDIUM,14.0,7,90.35900115966797,5219.237792401135,679,90.4885025024414,1.0,0.524300441826215,0.5272990997898994,0.1825646194863981,0.0,306.05610107421876,307.0,223.61111450195312,90.41248149826606,0.0534803385980922,False,True,True,True,40.747459035791785,307.0,0.933047292143402,0.9798482510320594,0.0,90.4885025024414,0.2413793103448276,0.020151748967940586,0.0004060929864668945,False
231,BOR,Kick Sauber,17,2,HARD,2.0,15,90.37699890136719,5204.753612866209,682,90.50699996948242,1.0,0.4970674486803519,0.4936966423608461,0.22889953294435983,0.08840199601557237,328.7650930786133,330.0,220.88750457763672,90.11544422571366,-0.2615546756535281,False,True,True,True,45.261797176486525,330.0,0.9055968726163234,0.9862883567121067,0.0,90.50699996948242,0.29310344827586204,0.013711643287893316,0.00018800916165442983,False
232,BOR,Kick Sauber,18,2,HARD,3.0,15,90.11599731445312,5190.53411553301,666,90.24600219726562,1.0,0.5195195195195195,0.5048201812596186,0.20079556710850638,0.1750770201418175,326.0,326.0,221.0,89.7488755910444,-0.3671217234087294,False,True,True,True,48.75490459364101,326.0,0.9586432112890922,1.0,0.0,90.24600219726562,0.3103448275862069,0.0,0.0,False
233,BOR,Kick Sauber,19,2,HARD,4.0,14,90.03600311279297,5203.914315720201,669,90.16600316762924,1.0,0.5246636771300448,0.5158041396729925,0.18809740766203753,0.17345787386482123,327.0,327.0,219.86111450195312,89.84672075614992,-0.18928235664304793,False,True,True,True,46.27900990332705,327.0,0.9227402745995423,0.9960184553494331,0.0,90.16600316762924,0.3275862068965517,0.003981544650566882,1.585269780445775e-05,False
234,BOR,Kick Sauber,20,2,HARD,5.0,13,90.12799835205078,5211.857315432191,694,90.25699996948242,1.0,0.5288184438040345,0.5190512127662119,0.1892041525116449,0.17682842222283365,323.827467956543,324.0,220.66083526611328,90.11838827602111,-0.009610076029673564,False,True,True,True,44.09251704692112,324.0,0.9437023264683448,0.9897958052657844,0.0,90.25699996948242,0.3448275862068966,0.010204194734215633,0.00010412559017379404,False
235,BOR,Kick Sauber,21,2,HARD,6.0,13,90.05599975585938,5197.471681997239,679,90.18599915504456,1.0,0.508100147275405,0.5045795277514948,0.2062182519477744,0.17208877980864426,334.0,336.0,216.27499389648438,89.74034561427762,-0.31565414158176,False,True,True,True,44.72554187535115,335.8406982421875,0.9335240274599542,0.8225888702248187,0.0,90.18599915504456,0.3620689655172414,0.17741112977518125,0.0314747089681062,False
236,BOR,Kick Sauber,22,2,HARD,7.0,12,90.33999633789062,5208.8420121795425,684,90.4699935913086,1.0,0.4868421052631579,0.4783574524651244,0.18701228415250593,0.1772963850902376,329.0,330.0,221.58499908447266,90.01676708751262,-0.3232292503780059,False,True,True,True,43.754567416686214,329.941650390625,0.9164902745995424,1.0,0.0,90.4699935913086,0.3793103448275862,0.0,0.0,False
237,BOR,Kick Sauber,23,2,HARD,8.0,12,89.99700164794922,5206.561699901279,686,90.12700164318085,1.0,0.5116618075801749,0.5149732688711254,0.20460017221282606,0.17308908647855864,329.0,332.0,219.88684844970703,89.90839698817878,-0.0886046597704393,False,True,True,True,47.71878146436753,331.9375,0.9744422196796338,1.0,0.0,90.12700164318085,0.39655172413793105,0.0,0.0,False
238,BOR,Kick Sauber,24,2,HARD,9.0,11,90.1449966430664,5208.715519546603,664,90.27599716186523,1.0,0.4894578313253012,0.5039545275783615,0.1860627196067696,0.0855155463623529,319.4319320678711,321.0,213.0,90.10127456937269,-0.04372207369371495,False,True,True,True,43.21572005125415,315.0,0.9790570175438597,1.0,0.0,90.27599716186523,0.41379310344827586,0.0,0.0,False
239,BOR,Kick Sauber,25,2,HARD,10.0,11,90.09100341796875,5213.9325582351685,690,90.22000503540039,1.0,0.4985507246376812,0.49535585104635466,0.2012856378939202,0.17821990219035574,328.1049578857422,329.0,220.34639739990234,89.94502833035617,-0.14597508761258382,False,True,True,True,39.283319692964334,329.0,0.9332761250953471,1.0,0.0,90.22000503540039,0.43103448275862066,0.0,0.0,False
240,BOR,Kick Sauber,26,2,HARD,11.0,11,89.93299865722656,5193.113006804118,674,90.06499481201172,1.0,0.5207715133531158,0.5159941060774338,0.19318265348857716,0.174529493818678,330.6420315551758,332.0,217.0,89.54780253180891,-0.38519612541765014,False,True,True,True,46.22458610314693,331.9966735839844,0.9576468344774981,1.0,0.0,90.06499481201172,0.4482758620689655,0.0,0.0,False
241,BOR,Kick Sauber,27,2,HARD,12.0,11,90.47899627685547,5195.084532579974,667,90.6099967956543,1.0,0.4947526236881559,0.4914800048137347,0.21499823579191513,0.17260790034314594,328.5091491699219,330.0,217.0,90.01973872378962,-0.4592575530658536,False,True,True,True,41.30700155124442,329.9772644042969,0.9100019069412663,1.0,0.0,90.6099967956543,0.46551724137931033,0.0,0.0,False
242,BOR,Kick Sauber,28,2,HARD,13.0,11,90.69499969482422,5205.263650287912,671,90.82699966430664,1.0,0.47093889716840537,0.46230741557881766,0.20703091187044234,0.16470874351363493,334.2175018310547,337.0,213.63999938964844,90.72424884474782,0.029249149923600726,False,True,True,True,51.988456694705135,336.8940734863281,0.9303076531909484,1.0,0.0,90.82699966430664,0.4827586206896552,0.0,0.0,False
243,BOR,Kick Sauber,29,2,HARD,14.0,11,90.31199645996094,5189.9035619251745,695,90.43999636173248,1.0,0.5050359712230216,0.495610322700812,0.20211184010107788,0.176017305182504,332.046060180664,334.0,217.0,89.9986720298794,-0.3133244300815363,False,True,True,True,47.713688032278505,333.9501953125,0.9398646071700991,1.0,0.0,90.43999636173248,0.5,0.0,0.0,False
244,BOR,Kick Sauber,30,2,HARD,15.0,10,89.83300018310547,5210.4860759329795,670,89.96000099182129,1.0,0.5,0.4878056981467318,0.21078251351443208,0.17029792611458142,338.5091485595703,341.0,217.9000015258789,89.67725078610212,-0.15574939700334767,False,True,True,True,44.449093519023755,340.87725830078125,0.9403127383676583,1.0,0.0,89.96000099182129,0.5172413793103449,0.0,0.0,False
245,BOR,Kick Sauber,31,2,HARD,16.0,10,89.98100280761719,5215.532747362018,685,90.11400604248047,1.0,0.5299270072992701,0.5382405288930894,0.1930443732308969,0.0,309.0,310.0,223.07044982910156,89.89924441778015,-0.08175838983703443,False,True,True,True,37.092103614046486,309.9638977050781,0.9277650648360031,0.9979137145456564,0.0,90.11400604248047,0.5344827586206896,0.0020862854543436393,4.352586997005845e-06,False
246,BOR,Kick Sauber,32,2,HARD,17.0,9,89.8290023803711,5193.45635136256,687,89.95500183105469,1.0,0.5065502183406113,0.498960558096284,0.19076202090787375,0.17652158731434972,325.0,326.0,222.0,89.47210511330624,-0.35689726706485203,False,True,True,True,40.991704519493105,326.0,0.9554443173150267,0.9926074147304603,0.0,89.95500183105469,0.5517241379310345,0.007392585269539675,5.4650316967414996e-05,False
247,BOR,Kick Sauber,33,2,HARD,18.0,8,89.9540023803711,5196.717392948677,698,90.07400512695312,1.0,0.5300859598853869,0.506983125045527,0.19405151581629282,0.08348691109232623,317.56717681884766,319.0,227.0,89.5289449295843,-0.42505745078679524,False,True,True,True,46.99803594418802,313.88629150390625,0.9726878337147217,0.9888869166402681,0.0,90.07400512695312,0.5689655172413793,0.011113083359731935,0.00012350062176035083,False
248,BOR,Kick Sauber,34,2,HARD,19.0,8,89.86199951171875,5207.566823896468,674,89.98900032043457,1.0,0.5074183976261127,0.5059619295850948,0.2285055937610037,0.17336563109492248,327.0,328.0,219.85684204101562,89.62564184001728,-0.23635767170146949,False,True,True,True,45.98588749195124,328.0,0.9471109839816934,1.0,0.0,89.98900032043457,0.5862068965517241,0.0,0.0,False
249,BOR,Kick Sauber,35,2,HARD,20.0,8,89.70800018310547,5212.167825536251,673,89.83399963378906,1.0,0.5052005943536404,0.5153616631033837,0.19458119159840886,0.16252201113537967,325.0,326.0,218.6540985107422,89.66038975398935,-0.047610429116119235,False,True,True,True,44.60928847192906,325.9259033203125,0.9490942028985506,0.9924416474546066,0.0,89.83399963378906,0.603448275862069,0.0075583525453933875,5.71286932004547e-05,False
250,BOR,Kick Sauber,36,2,HARD,21.0,8,89.73500061035156,5209.939257558194,672,89.86100006103516,1.0,0.53125,0.5203369156108869,0.18430689280021897,0.17671734392708738,327.0086553955078,329.0,219.93250274658203,89.59073839049327,-0.14426221985829102,False,True,True,True,47.66742656831013,328.86517333984375,0.9823464912280703,0.951692104632424,0.0,89.86100006103516,0.6206896551724138,0.04830789536757596,0.0023336527548446667,False
251,BOR,Kick Sauber,37,2,HARD,22.0,8,90.36699676513672,5209.991910836518,678,90.50199699401855,1.0,0.5088495575221239,0.4998119959507777,0.18739924863924215,0.17192992298633372,328.0,329.0,217.0,90.29967079805489,-0.06732596708182825,False,True,True,True,49.53762998094982,328.92041015625,0.9773026315789474,1.0,0.0,90.50199699401855,0.6379310344827587,0.0,0.0,False
252,BOR,Kick Sauber,38,2,HARD,23.0,9,91.00499725341797,5202.750560458005,656,91.14099502563477,1.0,0.524390243902439,0.5007954314539158,0.21285700922042528,0.17161319040442927,329.0,330.0,219.10938262939453,90.85419366612524,-0.15080358729272803,False,True,True,True,40.66434575207715,330.0,0.9551249046529366,1.0,0.0,91.14099502563477,0.6551724137931034,0.0,0.0,False
253,BOR,Kick Sauber,39,2,HARD,24.0,9,90.11499786376953,5210.74173881185,670,90.23999786376953,1.0,0.5149253731343284,0.5001995091155795,0.18393170021957336,0.17465647221489258,331.0,334.0,222.69196319580078,90.08723540048376,-0.027762463285768035,True,True,True,True,48.4927841074181,334.0,0.9543573607932876,1.0,0.0,90.23999786376953,0.6724137931034483,0.0,0.0,False
254,BOR,Kick Sauber,40,2,HARD,25.0,9,90.02100372314453,5205.654193408117,679,90.15600204467773,1.0,0.5184094256259205,0.5154398266808357,0.18680963970964534,0.177037559044007,333.0,334.0,221.0,89.85002321689598,-0.17098050624855432,False,True,True,True,44.425877826416524,333.9681091308594,0.9688310450038139,1.0,0.0,90.15600204467773,0.6896551724137931,0.0,0.0,False
255,BOR,Kick Sauber,41,2,HARD,26.0,10,91.0510025024414,5227.135007614284,709,91.17550277709961,1.0,0.5232722143864598,0.5111296029293366,0.21538679206167446,0.18121094872953813,331.0,332.0,220.0,91.00539214937336,-0.045610353068042286,False,True,True,True,46.05325017484688,332.0,0.9787280701754386,1.0,0.0,91.17550277709961,0.7068965517241379,0.0,0.0,False
256,BOR,Kick Sauber,42,2,HARD,27.0,10,89.83599853515625,5194.705825263262,666,89.97200012207031,1.0,0.5345345345345346,0.5177166770472856,0.18093407126884942,0.18227896913458286,323.6502166748047,325.0,220.5500030517578,89.626420364756,-0.20957817040024906,False,True,True,True,43.271915104966745,324.9847717285156,0.9486460717009916,1.0,0.0,89.97200012207031,0.7241379310344828,0.0,0.0,False
257,BOR,Kick Sauber,43,2,HARD,28.0,10,90.29900360107422,5211.409416944068,676,90.43500518798828,1.0,0.5414201183431953,0.5228950473434126,0.19993378325400513,0.08757672946641822,314.0,315.0,228.8000030517578,90.13924192395689,-0.1597616771173307,False,True,True,True,44.97452569621584,306.3763122558594,0.9713625095347064,0.9900923321009193,0.0,90.43500518798828,0.7413793103448276,0.009907667899080708,9.816188319847433e-05,False
258,BOR,Kick Sauber,44,2,HARD,29.0,10,89.65399932861328,5194.373573780929,677,89.78399848937988,1.0,0.5332348596750369,0.5221308045328125,0.18179199745041036,0.0,312.0,312.0,225.7166748046875,89.15212218965998,-0.5018771389533043,False,True,True,True,47.43844645631529,312.0,0.9514969488939741,0.5637864244505512,0.0,89.78399848937988,0.7586206896551724,0.43621357554944884,0.1902822834936347,False
259,BOR,Kick Sauber,45,2,HARD,30.0,10,89.36299896240234,5212.004720317722,691,89.48600006103516,1.0,0.5311143270622286,0.5294794237993696,0.17793832421541994,0.0,310.0,311.0,225.26434326171875,89.03984228089897,-0.3231566815033773,False,True,True,True,40.21753299081024,310.9266052246094,0.968950228832952,0.2121896604635527,0.0,89.48600006103516,0.7758620689655172,0.7878103395364473,0.6206451310805324,False
260,BOR,Kick Sauber,46,2,HARD,31.0,10,89.38600158691406,5219.092894212396,672,89.50900268554688,1.0,0.5297619047619048,0.5127417411800285,0.17075379424049728,0.0,313.0,314.0,227.36212158203125,89.47793765888053,0.09193607196647235,True,True,True,True,41.764908064955755,313.980224609375,0.9547864225781847,0.6052463731205023,0.0,89.50900268554688,0.7931034482758621,0.39475362687949767,0.15583042593451765,False
261,BOR,Kick Sauber,47,2,HARD,32.0,10,89.11399841308594,5206.963232439458,675,89.23600006103516,1.0,0.522962962962963,0.5267044144403793,0.17884041150134047,0.0,315.0,316.0,224.0,88.86939357196621,-0.24460484111972391,False,True,True,True,42.607491963646346,315.9815368652344,0.9761966056445462,0.6122641260202657,0.0,89.23600006103516,0.8103448275862069,0.3877358739797343,0.1503391079708284,False
262,BOR,Kick Sauber,48,2,HARD,33.0,10,89.37100219726562,5202.683382406876,663,89.50900268554688,1.0,0.5248868778280543,0.5382475074419603,0.16176012225066833,0.0,309.0094744873047,312.0,225.0,89.13516820612298,-0.23583399114264125,False,True,True,True,47.14156104632964,311.79522705078125,0.9565408085430969,0.7025662723135214,0.0,89.50900268554688,0.8275862068965517,0.2974337276864786,0.08846682236547429,False
263,BOR,Kick Sauber,49,2,HARD,34.0,10,89.45899963378906,5232.03169256337,678,89.59700012207031,1.0,0.5471976401179941,0.5352969077011609,0.18124488447296405,0.0,312.0223696899414,313.0,230.99687957763672,89.47924730312937,0.020247669340307084,False,True,True,True,52.42755575583439,313.0,0.9417191075514874,0.6441287395290292,0.0,89.59700012207031,0.8448275862068966,0.35587126047097084,0.12664435402919758,False
264,BOR,Kick Sauber,50,2,HARD,35.0,10,89.1449966430664,5213.143746401489,643,89.28299713134766,1.0,0.5489891135303266,0.5412340650515646,0.1720483189875395,0.0,312.0,314.0,227.1908721923828,89.07124978111395,-0.07374686195245772,False,True,True,True,46.42660820008845,313.9530944824219,0.9432827993897788,0.0,0.0,89.28299713134766,0.8620689655172413,1.0,1.0,True
265,BOR,Kick Sauber,51,2,HARD,36.0,10,89.25299835205078,5223.099359869241,667,89.37499904632568,1.0,0.5247376311844077,0.5421986537714462,0.13650342380020486,0.0,310.8322406005859,312.0,217.5299835205078,89.33521533642534,0.08221698437455416,False,True,True,True,45.15172025664063,312.0,0.9520451945080092,0.016134280930464748,0.0,89.37499904632568,0.8793103448275862,0.9838657190695352,0.9679917531602137,True
266,BOR,Kick Sauber,52,2,HARD,37.0,10,89.22899627685547,5205.27609625961,651,89.36699676513672,1.0,0.5314900153609831,0.5363725167458331,0.17231192199759748,0.0,310.0,311.0,224.055908203125,89.10913396463076,-0.11986231222471133,False,True,True,True,46.64686364188756,311.0,0.9037328375286041,0.190226909762581,0.0,89.36699676513672,0.896551724137931,0.809773090237419,0.6557324576726591,True
267,BOR,Kick Sauber,53,2,HARD,38.0,10,89.60900115966797,5217.257667816878,666,89.74800109863281,1.0,0.5435435435435435,0.5348976065695012,0.1725052652495654,0.0,309.9573516845703,311.0,226.5187530517578,89.33935581762492,-0.2696453420430487,False,True,True,True,43.80381093915832,310.890380859375,0.9846491228070176,0.016490612872924186,0.0,89.74800109863281,0.9137931034482759,0.9835093871270758,0.9672907145670763,True
268,BOR,Kick Sauber,54,2,HARD,39.0,10,89.7229995727539,5228.895345216751,657,89.86199951171875,1.0,0.5418569254185692,0.5268301214206489,0.1771716323841149,0.0,311.04400268554684,313.0,226.0,89.70252444966123,-0.020475123092680292,False,True,True,True,42.825845645422696,312.9511413574219,0.9864035087719297,0.0,0.0,89.86199951171875,0.9310344827586207,1.0,1.0,True
269,BOR,Kick Sauber,55,2,HARD,40.0,11,90.03800201416016,5210.387671518326,681,90.15900135040283,1.0,0.4977973568281938,0.5117957708581677,0.17927224196813227,0.05858536143424644,310.86667480468753,313.0,220.0055694580078,89.9242033362807,-0.11379867787945841,False,True,True,True,48.842192672006156,312.91802978515625,0.9631483600305111,0.5674641348744822,0.0,90.15900135040283,0.9482758620689655,0.4325358651255178,0.18708727461988012,False
270,BOR,Kick Sauber,56,2,HARD,41.0,11,89.61000061035156,5233.948463117719,665,89.75,1.0,0.5368421052631579,0.5395988156204437,0.19076322911509563,0.0,310.0,311.0,223.0,89.56629593373594,-0.04370467661561861,False,True,True,True,47.925000319155934,310.9900817871094,0.9860745614035088,0.262050150496714,0.0,89.75,0.9655172413793104,0.737949849503286,0.5445699803819225,False
271,BOR,Kick Sauber,57,2,HARD,42.0,11,89.83599853515625,5217.75764269159,667,89.97599792480469,1.0,0.5322338830584707,0.537854514889513,0.1845047592139763,0.0,308.8520196533203,310.0,224.14906311035156,89.72174166788548,-0.11425686727076823,False,True,True,True,31.565207705825532,309.914794921875,0.9921052631578947,0.3114941881574795,0.0,89.97599792480469,0.9827586206896551,0.6885058118425205,0.4740402529409282,False
272,BOR,Kick Sauber,58,2,HARD,43.0,12,90.66699981689453,5214.903718066693,663,90.78900146484375,1.0,0.5128205128205128,0.49823215366756146,0.20530012405150433,0.08328102195178849,321.0515704345703,323.0,222.28134155273438,90.59094427714743,-0.07605553974710233,False,True,True,True,48.215711390653986,313.0,0.9556826849733028,0.5447686265493412,0.0,90.78900146484375,1.0,0.4552313734506588,0.20723560337377317,False
273,COL,Alpine,2,1,MEDIUM,2.0,20,92.06999969482422,5233.471271389672,698,92.19599962234497,1.0,0.4197707736389685,0.43077793642869416,0.2282202793626707,0.15661201291291746,337.35535827636716,340.0,210.0,91.98272232672782,-0.08727736809639453,False,True,True,True,38.84208395343446,340.0,0.8183241164505466,1.0,0.0,92.19599962234497,0.034482758620689655,0.0,0.0,False
274,COL,Alpine,3,1,MEDIUM,3.0,20,91.3030014038086,5185.137535270543,698,91.43600273132324,1.0,0.48424068767908307,0.46418270199051087,0.1819961113335359,0.1587886671921005,330.29541198730465,332.0,217.0,91.01398315734554,-0.2890182464630584,False,True,True,True,40.687959799577655,332.0,0.9153032036613272,1.0,0.0,91.43600273132324,0.05172413793103448,0.0,0.0,False
275,COL,Alpine,4,1,MEDIUM,4.0,20,90.84500122070312,5200.457013488562,676,90.97900009155273,1.0,0.4881656804733728,0.4919376841514191,0.1657964563680924,0.0,316.0,317.0,215.15625,90.83918994984018,-0.005811270862949414,False,True,True,True,44.388868338679615,316.980712890625,0.9537185354691076,1.0,0.0,90.97900009155273,0.06896551724137931,0.0,0.0,False
276,COL,Alpine,5,1,MEDIUM,5.0,20,90.98999786376953,5228.9247562588625,690,91.11599731445312,1.0,0.4971014492753623,0.48800425023336325,0.1646472451584877,0.0,314.0,314.0,223.00714111328125,91.09132693844282,0.10132907467328778,False,True,True,True,41.601618925083,314.0,0.9054061784897026,1.0,0.0,91.11599731445312,0.08620689655172414,0.0,0.0,False
277,COL,Alpine,6,1,MEDIUM,6.0,20,91.2239990234375,5207.4339183440725,680,91.35099792480469,1.0,0.4838235294117647,0.4853696578744597,0.1795381409393933,0.0,312.21000000000004,315.0,215.08078002929688,91.09064619983144,-0.13335282360606016,False,True,True,True,43.89561547243876,314.87579345703125,0.8757627765064836,1.0,0.0,91.35099792480469,0.10344827586206896,0.0,0.0,False
278,COL,Alpine,7,1,MEDIUM,7.0,20,90.61000061035156,5205.728727520996,680,90.74299621582031,1.0,0.48676470588235293,0.5000055727254704,0.17415122320194293,0.0,314.0,315.0,215.87531280517578,90.53803139249396,-0.07196921785759969,False,True,True,True,42.97844832076307,314.92376708984375,0.895747520976354,0.9852109482316347,0.0,90.74299621582031,0.1206896551724138,0.014789051768365313,0.0002187160522073892,False
279,COL,Alpine,8,1,MEDIUM,8.0,19,90.70099639892578,5215.274032479645,703,90.82899475097656,1.0,0.5291607396870555,0.5202523245635624,0.16645570908123872,0.0,312.47046508789066,314.0,221.07769775390625,90.51673943473638,-0.18425696418940163,False,True,True,True,41.86606306693895,313.93682861328125,0.9128813882532417,0.9942419819073076,0.0,90.82899475097656,0.13793103448275862,0.005758018092692385,3.315477235577285e-05,False
280,COL,Alpine,9,1,MEDIUM,9.0,17,90.5510025024414,5216.238919045628,666,90.67900085449219,1.0,0.509009009009009,0.5170216544929872,0.1663339654913332,0.0,311.54107971191405,313.0,220.75,90.48744545736483,-0.06355704507657833,False,True,True,True,44.22183444469292,312.8736267089844,0.9256197559115179,0.9885640563846065,0.0,90.67900085449219,0.15517241379310345,0.011435943615393462,0.0001307808063744585,False
281,COL,Alpine,10,1,MEDIUM,10.0,17,90.83699798583984,5209.654108817756,707,90.96649837493896,1.0,0.5190947666195191,0.5162943342614255,0.1569478739420263,0.0,311.0,312.0,221.0,90.81061393999849,-0.02638404584135401,False,True,True,True,44.598732168450525,311.9604797363281,0.9456950800915331,0.9980267921194177,0.0,90.96649837493896,0.1724137931034483,0.001973207880582306,3.8935493399921166e-06,False
282,COL,Alpine,11,1,MEDIUM,11.0,17,90.88400268554688,5222.17519897756,698,91.01200103759766,1.0,0.5128939828080229,0.5060981500110024,0.1621763645699077,0.0,310.64530822753903,311.0,220.0,90.91808014871958,0.03407746317270721,False,True,True,True,43.69308225382923,311.0,0.9393258962623952,0.810475537811868,0.0,91.01200103759766,0.1896551724137931,0.18952446218813201,0.035919521767700684,False
283,COL,Alpine,12,1,MEDIUM,12.0,17,91.46299743652344,5220.917312533185,695,91.59099578857422,1.0,0.5107913669064749,0.5181186336501871,0.16421918777277664,0.0,308.42949890136714,309.0,218.6949920654297,91.61343041665071,0.15043298012727746,False,True,True,True,37.87663827676577,309.0,0.9370232646834477,1.0,0.0,91.59099578857422,0.20689655172413793,0.0,0.0,False
284,COL,Alpine,13,1,MEDIUM,13.0,16,91.56300354003906,5187.438233213333,669,91.69200229644775,1.0,0.5052316890881914,0.5029010245279699,0.175784158458207,0.0,309.29190551757813,310.0,214.90794372558594,91.2482806234674,-0.31472291657166807,False,True,True,True,45.184569524450154,310.0,0.9344918001525553,0.7216987933345103,0.0,91.69200229644775,0.22413793103448276,0.27830120666548974,0.07745156163146763,False
285,COL,Alpine,14,1,MEDIUM,14.0,16,91.1989974975586,5213.669175244868,696,91.3290023803711,1.0,0.5272988505747126,0.5325252857503858,0.17122713944702367,0.0,307.0,308.0,218.0,91.01072882638618,-0.18826867117240909,False,True,True,True,43.08556252242287,308.0,0.9312023264683448,0.0,0.0,91.3290023803711,0.2413793103448276,1.0,1.0,True
286,COL,Alpine,17,2,HARD,2.0,20,89.84700012207031,5219.7866318950655,673,89.9769995212555,1.0,0.5334323922734027,0.5206997087839076,0.16137443106105298,0.0,307.1061706542969,308.0,226.0,89.68887984089679,-0.15812028117352384,False,True,True,True,41.937589912231296,308.0,0.9540284134248664,0.0,0.0,89.9769995212555,0.29310344827586204,1.0,1.0,True
287,COL,Alpine,18,2,HARD,3.0,20,89.822998046875,5217.192873040922,671,89.95300102233887,1.0,0.5201192250372578,0.5236624360844836,0.152979921303661,0.0,305.0,306.0,222.0,89.75973973349386,-0.06325831338114085,False,True,True,True,45.80566577385422,305.99713134765625,0.9416285278413424,0.0,0.0,89.95300102233887,0.3103448275862069,1.0,1.0,True
288,COL,Alpine,19,2,HARD,4.0,20,89.71199798583984,5210.9697146132585,659,89.84200096130371,1.0,0.5189681335356601,0.5222724593207625,0.15764338079526558,0.0,307.0,308.0,222.82411193847656,89.72454253579045,0.012544549950604278,False,True,True,True,43.96074007247531,308.0,0.8682780320366134,0.0,0.0,89.84200096130371,0.3275862068965517,1.0,1.0,True
289,COL,Alpine,20,2,HARD,5.0,20,89.6989974975586,5205.076958391965,691,89.82799911499023,1.0,0.5282199710564399,0.5060672602843799,0.1651935327826452,0.0,305.406820678711,307.0,227.0,89.81369396057976,0.11469646302116132,False,True,True,True,42.84474869078271,307.0,0.914507055682685,0.0,0.0,89.82799911499023,0.3448275862068966,1.0,1.0,True
290,COL,Alpine,21,2,HARD,6.0,20,89.43000030517578,5202.761500167973,680,89.55999755859375,1.0,0.5205882352941177,0.5190374578492126,0.15099384451981837,0.0,306.1279751586914,308.0,227.61715698242188,89.09299587944216,-0.33700442573362466,False,True,True,True,42.19215828556884,308.0,0.927245423340961,0.0,0.0,89.55999755859375,0.3620689655172414,1.0,1.0,True
291,COL,Alpine,22,2,HARD,7.0,19,89.62799835205078,5203.832309521318,677,89.75799560546875,1.0,0.5317577548005908,0.5157868498804905,0.16131153546693686,0.0,306.0,307.0,227.0,89.66741994145355,0.03942158940276386,False,True,True,True,43.19354347702056,307.0,0.9483266590389016,0.0,0.0,89.75799560546875,0.3793103448275862,1.0,1.0,True
292,COL,Alpine,23,2,HARD,8.0,19,89.71700286865234,5211.184837930372,680,89.84700012207031,1.0,0.5308823529411765,0.522610645517579,0.16739575211528523,0.0,306.03849700927736,307.0,224.0,89.59155611747879,-0.12544675117355553,False,True,True,True,45.14632539887393,306.98956298828125,0.96281941266209,0.0,0.0,89.84700012207031,0.39655172413793105,1.0,1.0,True
293,COL,Alpine,24,2,HARD,9.0,19,89.85199737548828,5210.888368498058,672,89.98399353027344,1.0,0.5208333333333334,0.5233930627946424,0.16093973014016333,0.0,306.0,307.0,220.08036041259766,89.74193497918401,-0.11006239630427217,False,True,True,True,44.161730641964745,306.9737854003906,0.9341628527841342,0.0,0.0,89.98399353027344,0.41379310344827586,1.0,1.0,True
294,COL,Alpine,25,2,HARD,10.0,19,90.13800048828125,5206.85089136082,682,90.26700210571289,1.0,0.5219941348973607,0.5245327580205227,0.15998084114860897,0.0,306.00712615966796,308.0,223.19252014160156,89.87847490462975,-0.25952558365149514,True,True,True,True,46.781760053485726,307.9544982910156,0.9544574752097635,0.0,0.0,90.26700210571289,0.43103448275862066,1.0,1.0,False
295,COL,Alpine,26,2,HARD,11.0,19,89.6520004272461,5213.842299716473,671,89.78400039672852,1.0,0.5350223546944859,0.5265415265128129,0.16084163287600786,0.0,306.0,306.0,225.0,89.50651189448826,-0.14548853275783813,True,True,True,True,42.78468988603771,306.0,0.9640255530129672,0.0,0.0,89.78400039672852,0.4482758620689655,1.0,1.0,False
296,COL,Alpine,27,2,HARD,12.0,19,89.54299926757812,5206.879883897842,657,89.67399978637695,1.0,0.5296803652968036,0.5342574589276844,0.16551065445025398,0.0,307.74799316406245,308.0,224.0,89.27521291245117,-0.26778635512695814,False,True,True,True,43.071244489267016,308.0,0.9288806254767353,0.0,0.0,89.67399978637695,0.46551724137931033,1.0,1.0,True
297,COL,Alpine,28,2,HARD,13.0,19,89.83899688720703,5225.986770089984,670,89.97099685668945,1.0,0.5313432835820896,0.527558804812664,0.17291137462960599,0.0,308.0,308.0,224.7166748046875,89.7401615722221,-0.0988353149849246,False,True,True,True,47.20316109537127,308.0,0.9309639588100685,0.0,0.0,89.97099685668945,0.4827586206896552,1.0,1.0,True
298,COL,Alpine,29,2,HARD,14.0,19,89.91500091552734,5237.605019711644,688,90.0430006980896,1.0,0.5566860465116279,0.5352331993596551,0.16569867377438915,0.0,306.6795693969727,307.0,229.25653076171875,89.77001055441244,-0.14499036111490682,True,True,True,True,47.19504764158712,307.0,0.9265875286041191,0.0,0.0,90.0430006980896,0.5,1.0,1.0,False
299,COL,Alpine,30,2,HARD,15.0,19,89.67400360107422,5213.323478065312,677,89.80200386047363,1.0,0.5391432791728212,0.5306786199251508,0.1599073888208883,0.0,308.0,309.0,223.13294982910156,89.50512144768463,-0.168882153389589,False,True,True,True,45.02385804493039,308.9584655761719,0.9642353165522501,0.0,0.0,89.80200386047363,0.5172413793103449,1.0,1.0,True
300,COL,Alpine,31,2,HARD,16.0,19,89.8489990234375,5203.61581407547,681,89.98199844360352,1.0,0.5389133627019089,0.5408081085825772,0.15423093650772857,0.0,307.2879211425781,308.0,222.05471801757812,89.72976665432284,-0.11923236911465551,False,True,True,True,48.22869989173315,308.0,0.9557827993897788,0.0,0.0,89.98199844360352,0.5344827586206896,1.0,1.0,True
301,COL,Alpine,32,2,HARD,17.0,18,89.84100341796875,5302.7801364896295,690,89.95500564575195,1.0,0.5391304347826087,0.5233616585524931,0.16809513546086463,0.0,308.0,309.0,231.0,89.92329912759426,0.08229570962551236,False,True,True,True,45.67132621320313,308.8250427246094,0.9180158276125095,0.0821188117720223,0.0,89.95500564575195,0.5517241379310345,0.9178811882279777,0.8425058757028042,True
302,COL,Alpine,33,2,HARD,18.0,16,90.0530014038086,5219.65296565655,693,90.17900085449219,1.0,0.556998556998557,0.53588979116818,0.18320236892871386,0.0,306.0,306.0,227.2050323486328,89.81338185905449,-0.23961954475410607,False,True,True,True,43.44932051011167,306.0,0.9402030892448513,0.11666798735137618,0.0,90.17900085449219,0.5689655172413793,0.8833320126486238,0.7802754445698685,True
303,COL,Alpine,34,2,HARD,19.0,15,90.06999969482422,5196.1202399282465,673,90.19650077819824,1.0,0.5215453194650818,0.539660629547165,0.1560815125430061,0.0,307.6904052734375,309.0,219.0,89.94041596358701,-0.12958373123720435,False,True,True,True,46.584165562235,308.9794921875,0.9555730358504958,0.11555880647406308,0.0,90.19650077819824,0.5862068965517241,0.8844411935259369,0.7822362248055837,True
304,COL,Alpine,35,2,HARD,20.0,16,90.62999725341797,5210.941106218816,687,90.75599670410156,1.0,0.49053857350800584,0.4905240774506812,0.16703024214056156,0.08595573814453616,315.0,316.0,219.6340789794922,90.46265218308534,-0.16734507033262958,False,True,True,True,44.559977745211285,315.0,0.9093821510297483,0.5819559718449809,0.0,90.75599670410156,0.603448275862069,0.41804402815501907,0.17476080947607436,False
305,COL,Alpine,36,2,HARD,21.0,16,90.23300170898438,5214.495357087047,670,90.36700248718262,1.0,0.5238805970149254,0.5322297047796213,0.1363108053501669,0.0,308.8821011352539,310.0,219.88333129882812,90.2089099578148,-0.0240917511695784,False,True,True,True,46.70889131302655,309.9409484863281,0.9086241418764303,0.6273971848103147,0.0,90.36700248718262,0.6206896551724138,0.3726028151896853,0.13883285788727878,False
306,COL,Alpine,37,2,HARD,22.0,17,90.86199951171875,5208.25421458614,677,90.99699974060059,1.0,0.5007385524372231,0.4990933035497662,0.16395048296812517,0.0835082370308855,314.0,315.0,220.15000915527344,90.78473458644764,-0.07726492527110906,False,True,True,True,49.91606149163951,309.0,0.9436117467581998,0.5788432429475293,0.0,90.99699974060059,0.6379310344827587,0.4211567570524707,0.17737301401095382,False
307,COL,Alpine,38,2,HARD,23.0,17,90.73999786376953,5194.47996757567,661,90.875,1.0,0.5234493192133132,0.5134084956026143,0.1725006260930918,0.0,308.0,309.0,227.0,90.148910617518,-0.5910872462515329,False,True,True,True,43.31468763117019,309.0,0.9410802822273073,0.46482532191637294,0.0,90.875,0.6551724137931034,0.5351746780836271,0.28641193606191384,False
308,COL,Alpine,39,2,HARD,24.0,19,92.59600067138672,5225.025587574005,697,92.73099899291992,1.0,0.5021520803443329,0.48951259570835753,0.1790231911184701,0.0,309.98400390625,310.0,218.75732421875,92.23428282797559,-0.3617178434111281,False,True,True,True,42.64320690512216,310.0,0.9205472921434019,0.40066428413490957,0.0,92.73099899291992,0.6724137931034483,0.5993357158650905,0.3592033003115205,False
309,COL,Alpine,42,3,MEDIUM,2.0,20,87.70999908447266,5233.949297275357,660,87.84600067138672,1.0,0.5909090909090909,0.5844318629093886,0.14617626822854762,0.0,307.8418423461914,309.0,230.66424560546875,87.81849334256549,0.10849425809283275,False,True,True,True,43.423010055845594,308.95794677734375,0.9664187643020595,0.0,0.0,87.84600067138672,0.7241379310344828,1.0,1.0,True
310,COL,Alpine,43,3,MEDIUM,3.0,20,88.07499694824219,5221.651290329628,655,88.20499420166016,1.0,0.5633587786259542,0.5579955765856587,0.1487557633481977,0.0,306.0,308.0,229.08074951171875,88.0802230295293,0.005226081287105444,False,True,True,True,46.03448655324326,307.9991455078125,0.9341437833714722,0.0,0.0,88.20499420166016,0.7413793103448276,1.0,1.0,True
311,COL,Alpine,44,3,MEDIUM,4.0,20,88.4489974975586,5214.268182045967,680,88.5719985961914,1.0,0.5882352941176471,0.5762204467768064,0.1549248269212233,0.0,308.0,309.0,231.0374984741211,88.30967989270405,-0.13931760485453992,False,True,True,True,44.90560568490646,309.0,0.9665379481311976,0.0,0.0,88.5719985961914,0.7586206896551724,1.0,1.0,True
312,COL,Alpine,45,3,MEDIUM,5.0,20,88.46399688720703,5218.996082921148,677,88.58699798583984,1.0,0.5834564254062038,0.5737973892832613,0.150360818471701,0.0,307.24,309.0,226.0,88.43655192736838,-0.02744495983864681,False,True,True,True,42.46648274616258,308.89373779296875,0.932718344774981,0.0,0.0,88.58699798583984,0.7758620689655172,1.0,1.0,True
313,COL,Alpine,46,3,MEDIUM,6.0,20,88.30699920654297,5195.716263221555,665,88.43000030517578,1.0,0.58796992481203,0.5697274207280201,0.15198470161026553,0.0,308.0,309.0,230.5500030517578,88.04789243782636,-0.259106768716606,False,True,True,True,44.7218150565033,309.0,0.9520451945080092,0.0,0.0,88.43000030517578,0.7931034482758621,1.0,1.0,True
314,COL,Alpine,47,3,MEDIUM,7.0,20,88.10299682617188,5206.611820710599,666,88.2249984741211,1.0,0.5765765765765766,0.5836328097739615,0.14736190925374446,0.0,307.1525054931641,308.0,224.69091033935547,88.115174456092,0.012177629920131494,False,True,True,True,45.23224288392772,308.0,0.9541285278413425,0.0,0.0,88.2249984741211,0.8103448275862069,1.0,1.0,True
315,COL,Alpine,48,3,MEDIUM,8.0,20,88.02200317382812,5198.222495589972,657,88.16000366210938,1.0,0.573820395738204,0.5729355450759079,0.14655176218582835,0.0,307.0403369140625,308.0,225.86000061035156,87.85861807999612,-0.16338509383200517,False,True,True,True,49.364652954463736,308.0,0.9602879481311976,0.0,0.0,88.16000366210938,0.8275862068965517,1.0,1.0,True
316,COL,Alpine,49,3,MEDIUM,9.0,20,88.38300323486328,5211.402796146602,662,88.5050048828125,1.0,0.5861027190332326,0.5899440794850027,0.15321160920433965,0.0,307.0,309.0,226.5,88.31941209251163,-0.06359114235165464,False,True,True,True,45.53530444155677,308.9469299316406,0.969827421815408,0.0,0.0,88.5050048828125,0.8448275862068966,1.0,1.0,True
317,COL,Alpine,50,3,MEDIUM,10.0,20,88.49400329589844,5184.942706593668,640,88.63300323486328,1.0,0.5671875,0.574627936513675,0.15795480320091448,0.0,307.02896606445313,308.0,224.7718734741211,87.95087229452781,-0.5431310013706252,False,True,True,True,41.93312235529416,308.0,0.9480882913806256,0.0,0.0,88.63300323486328,0.8620689655172413,1.0,1.0,True
318,COL,Alpine,51,3,MEDIUM,11.0,20,88.53099822998047,5202.9276386108395,667,88.65299904346466,1.0,0.5667166416791605,0.5706857247235267,0.1592839278771379,0.0,307.0,308.0,230.0,88.36810172960983,-0.16289650037063552,False,True,True,True,41.39360536063452,307.99725341796875,0.9758676582761251,0.0,0.0,88.65299904346466,0.8793103448275862,1.0,1.0,True
319,COL,Alpine,52,3,MEDIUM,12.0,20,88.5790023803711,5211.474344558436,636,88.71800231933594,1.0,0.539308176100629,0.5554678721688178,0.14875230856298424,0.0,307.74999237060547,309.0,221.5999984741211,88.54252998453597,-0.03647239583511919,False,True,True,True,43.17892785521201,308.88470458984375,0.9406321510297483,0.0,0.0,88.71800231933594,0.896551724137931,1.0,1.0,True
320,COL,Alpine,53,3,MEDIUM,13.0,20,88.7229995727539,5207.676430521488,662,88.84400177001953,1.0,0.5664652567975831,0.5623789229521678,0.13958166111505224,0.0,308.0,309.0,229.1884765625,88.65573335553646,-0.06726621721745119,False,True,True,True,41.419180210605376,309.0,0.9421672387490466,0.0,0.0,88.84400177001953,0.9137931034482759,1.0,1.0,True
321,COL,Alpine,54,3,MEDIUM,14.0,20,88.68000030517578,5201.12106223464,657,88.81900024414062,1.0,0.5692541856925418,0.5586529566942378,0.14278470687745862,0.0,307.0,308.0,227.92481994628906,88.534912922342,-0.1450873828337791,False,True,True,True,46.20495181614036,308.0,0.9629099923722348,0.0,0.0,88.81900024414062,0.9310344827586207,1.0,1.0,True
322,COL,Alpine,55,3,MEDIUM,15.0,20,88.56999969482422,5208.547464044928,658,88.69100189208984,1.0,0.5714285714285714,0.5652433149572723,0.13932658235459433,0.0,310.0,311.0,231.30374908447266,88.51789433122973,-0.05210536359449236,False,True,True,True,46.77025229884799,310.9393005371094,0.9408419145690313,0.0,0.0,88.69100189208984,0.9482758620689655,1.0,1.0,True
323,COL,Alpine,56,3,MEDIUM,16.0,20,88.94000244140625,5196.875741694495,676,89.0790023803711,1.0,0.5547337278106509,0.5536321052422869,0.15445836923034495,0.0,311.0,312.0,224.7118148803711,88.80729071331946,-0.13271172808678955,False,True,True,True,48.569742629280135,312.0,0.9130927409102466,0.0,0.0,89.0790023803711,0.9655172413793104,1.0,1.0,True
324,COL,Alpine,57,3,MEDIUM,17.0,20,90.71399688720703,5214.165353095859,664,90.85299682617188,1.0,0.5195783132530121,0.5214247703531424,0.1633517736476557,0.0,312.0,313.0,214.0,90.65498370105605,-0.059013186150977504,False,True,True,True,48.51819192072986,312.9157409667969,0.957656369183829,0.36411564420196896,0.0,90.85299682617188,0.9827586206896551,0.635884355798031,0.40434891394867695,False
325,GAS,Alpine,2,1,MEDIUM,2.0,19,92.01000213623047,5197.483159836084,697,92.13600587844849,1.0,0.44045911047345765,0.45515330924868347,0.19580835654168233,0.1298081122335568,332.0,333.0,213.0,91.87532756431935,-0.13467457191111976,True,True,True,True,36.90173278400767,332.94049072265625,0.882079519450801,1.0,0.0,92.13600587844849,0.034482758620689655,0.0,0.0,False
326,GAS,Alpine,3,1,MEDIUM,3.0,19,90.86399841308594,5203.7825936564805,695,90.99699974060059,1.0,0.5151079136690647,0.5004669987938242,0.2892292689782468,0.1736430732088646,328.0167504882812,329.0,217.28125,90.68150423712507,-0.18249417596086914,False,True,True,True,42.70066824883204,329.0,0.9733552631578948,1.0,0.0,90.99699974060059,0.05172413793103448,0.0,0.0,False
327,GAS,Alpine,4,1,MEDIUM,4.0,19,90.66899871826172,5202.127213969749,675,90.8029990196228,1.0,0.4948148148148148,0.496866886864684,0.17532454352975377,0.08767332057815058,328.0,329.0,216.2321319580078,90.49914772266905,-0.16985099559266814,False,True,True,True,43.813161308249974,329.0,0.9444794050343249,1.0,0.0,90.8029990196228,0.06896551724137931,0.0,0.0,False
328,GAS,Alpine,5,1,MEDIUM,5.0,19,90.90799713134766,5199.600503262759,689,91.03399658203125,1.0,0.4934687953555878,0.4928048180364948,0.1871497603337175,0.16872818053759267,327.00525146484375,329.0,215.0,90.77980236451546,-0.12819476683219477,False,True,True,True,43.926184916024525,328.965087890625,0.8944317315026696,1.0,0.0,91.03399658203125,0.08620689655172414,0.0,0.0,False
329,GAS,Alpine,6,1,MEDIUM,6.0,19,90.89099884033203,5188.598446305096,675,91.02399444580078,1.0,0.5348148148148149,0.5300139971914466,0.17182279616605803,0.0,313.0,314.0,216.0,90.73497911537186,-0.15601972496017424,False,True,True,True,44.985537476074505,313.9563903808594,0.9581045003813883,0.7702474130388192,0.0,91.02399444580078,0.10344827586206896,0.22975258696118084,0.05278625121535496,False
330,GAS,Alpine,7,1,MEDIUM,7.0,19,90.53700256347656,5196.183562539488,683,90.66900253295898,1.0,0.5358711566617862,0.5359715089424648,0.1715801453909161,0.0,313.0,314.0,214.33416748046875,90.39669178629785,-0.140310777178712,False,True,True,True,40.93842001860302,314.0,0.9559925629290618,0.43729390384307526,0.0,90.66900253295898,0.1206896551724138,0.5627060961569248,0.3166381506521663,False
331,GAS,Alpine,8,1,MEDIUM,8.0,18,90.61199951171875,5195.415234581203,699,90.73999786376953,1.0,0.5593705293276109,0.5499449624596617,0.16843732797812716,0.0,312.0,313.0,220.0,90.36291329572566,-0.24908621599308844,False,True,True,True,45.22897027964593,312.92266845703125,0.9787280701754386,0.275170812011502,0.0,90.73999786376953,0.13793103448275862,0.724829187988498,0.5253773517600654,False
332,GAS,Alpine,9,1,MEDIUM,9.0,16,90.4000015258789,5209.202131299719,667,90.52700090408325,1.0,0.5577211394302849,0.5476156638500281,0.16257022868625703,0.0,309.9670080566406,311.0,223.91195678710938,90.2555501371171,-0.14445138876180863,False,True,True,True,40.212065419311536,310.95257568359375,0.9808114035087719,0.16146562216239768,0.0,90.52700090408325,0.15517241379310345,0.8385343778376023,0.7031399028154948,True
333,GAS,Alpine,10,1,MEDIUM,10.0,16,90.58599853515625,5216.497867603034,704,90.7179946899414,1.0,0.53125,0.5296411856679262,0.16447679231869844,0.0,310.0,311.0,218.0,90.57106456170311,-0.014933973453139515,False,True,True,True,43.33349152753671,310.97613525390625,0.9783991228070175,0.0,0.0,90.7179946899414,0.1724137931034483,1.0,1.0,True
334,GAS,Alpine,11,1,MEDIUM,11.0,16,91.13500213623047,5215.060138100386,701,91.26300048828125,1.0,0.5249643366619116,0.5236076008123709,0.1577967229876817,0.0,306.0,307.0,219.5449981689453,90.99126600094414,-0.143736135286332,True,True,True,True,43.325591997034685,306.89044189453125,0.9631213450292399,0.0,0.0,91.26300048828125,0.1896551724137931,1.0,1.0,False
335,GAS,Alpine,12,1,MEDIUM,12.0,16,91.79000091552734,5210.845233145179,698,91.91799926757812,1.0,0.5200573065902578,0.5264366697291705,0.13056195029729722,0.0,307.0,307.0,216.8625030517578,91.65592930605655,-0.13407160947079433,False,True,True,True,45.20011078935026,307.0,0.93316647597254,0.0,0.0,91.91799926757812,0.20689655172413793,1.0,1.0,True
336,GAS,Alpine,15,2,HARD,2.0,20,89.81700134277344,5219.982731084527,676,89.9469985961914,1.0,0.5621301775147929,0.5472889225128764,0.16675366827507077,0.0,304.86500549316406,305.0,224.1500015258789,89.56130217715665,-0.2556991656167895,False,True,True,True,46.88821576476193,305.0,0.9704948512585813,0.0,0.0,89.9469985961914,0.25862068965517243,1.0,1.0,True
337,GAS,Alpine,16,2,HARD,3.0,19,89.57099914550781,5222.409757961751,677,89.70100021362305,1.0,0.568685376661743,0.563460800212498,0.15204954339178262,0.0,304.15,305.0,226.3142852783203,89.56061529139416,-0.010383854113655389,False,True,True,True,36.65408610985989,305.0,0.9902412280701754,0.021047703001614446,0.0,89.70100021362305,0.27586206896551724,0.9789522969983856,0.9583475997984153,True
338,GAS,Alpine,17,2,HARD,4.0,19,89.49299621582031,5224.254697584182,669,89.62299728393555,1.0,0.5710014947683109,0.571281812891909,0.16917536234900538,0.0,305.0,306.0,224.0,89.51681105386459,0.023814838044273756,False,True,True,True,44.37800338397261,306.0,0.9622520976353929,0.0,0.0,89.62299728393555,0.29310344827586204,1.0,1.0,True
339,GAS,Alpine,18,2,HARD,5.0,19,89.48699951171875,5207.636304667709,669,89.61700439453125,1.0,0.547085201793722,0.5550397471582492,0.1593224940151265,0.0,306.0,307.0,223.8312530517578,89.23826563591935,-0.24873387579940243,False,True,True,True,42.57348864296133,306.9731750488281,0.9708237986270024,0.0,0.0,89.61700439453125,0.3103448275862069,1.0,1.0,True
340,GAS,Alpine,19,2,HARD,6.0,19,90.60199737548828,5236.003253898323,670,90.73199653625488,1.0,0.5313432835820896,0.5175902844199323,0.1758917131635293,0.07759116060798117,312.0881524658203,320.0,225.56909942626953,90.57821813178921,-0.023779243699067365,False,True,True,True,43.89636007861089,309.0,0.96345823798627,0.868800415104599,0.0,90.73199653625488,0.3275862068965517,0.13119958489540096,0.017213331076725524,False
341,GAS,Alpine,20,2,HARD,7.0,19,89.91100311279297,5242.33246644742,690,90.04100036621094,1.0,0.5391304347826087,0.5433968679836236,0.16662409567174785,0.0,308.0,309.0,227.59938049316406,90.02381549309226,0.11281238029928886,False,True,True,True,37.66558013301588,308.9526062011719,0.9819984744469871,0.7973367150618877,0.0,90.04100036621094,0.3448275862068966,0.20266328493811225,0.04107240706190648,False
342,GAS,Alpine,21,2,HARD,8.0,19,89.44200134277344,5214.044596533579,680,89.5719985961914,1.0,0.5661764705882353,0.5566583427956895,0.16879145574577178,0.0,307.0,307.0,229.0,89.27365189636238,-0.16834944641105665,False,True,True,True,47.800452102790075,307.0,0.9798245614035088,0.7557272630249393,0.0,89.5719985961914,0.3620689655172414,0.2442727369750607,0.059669170029287184,False
343,GAS,Alpine,22,2,HARD,9.0,18,89.69000244140625,5227.708707809448,681,89.82000064849854,1.0,0.5491923641703378,0.5571920829912824,0.16209092699510613,0.0,307.0,308.0,225.64285278320312,89.74291274200306,0.05291030059680679,False,True,True,True,45.66109689876821,308.0,0.9777412280701755,0.21531957055946035,0.0,89.82000064849854,0.3793103448275862,0.7846804294405396,0.6157233763469897,False
344,GAS,Alpine,23,2,HARD,10.0,18,89.72899627685547,5217.688187217713,676,89.85899353027344,1.0,0.5887573964497042,0.5746335243052342,0.17627610078554945,0.0,307.0,308.0,226.83446502685547,89.55766263917712,-0.17133363767834453,False,True,True,True,46.734694227041125,308.0,0.9831140350877193,0.05643287169856881,0.0,89.85899353027344,0.39655172413793105,0.9435671283014312,0.8903189256110096,True
345,GAS,Alpine,24,2,HARD,11.0,18,89.74700164794922,5204.399814780652,671,89.87800216674805,1.0,0.5499254843517138,0.5444380091336612,0.30086343716871866,0.0,306.20269470214845,307.0,221.0800018310547,89.51492985470098,-0.23207179324823812,True,True,True,True,43.16620621938024,307.0,0.9759868421052631,0.0,0.0,89.87800216674805,0.41379310344827586,1.0,1.0,False
346,GAS,Alpine,25,2,HARD,12.0,18,89.71499633789062,5207.258874996306,679,89.84399652481079,1.0,0.561119293078056,0.5608165392421515,0.15849696446729242,0.0,307.0,308.0,224.15625,89.41406172475439,-0.30093461313623493,False,True,True,True,44.57916486883516,308.0,0.9649027459954232,0.0,0.0,89.84399652481079,0.43103448275862066,1.0,1.0,True
347,GAS,Alpine,26,2,HARD,13.0,18,89.8550033569336,5223.209781081945,672,89.98700332641602,1.0,0.5595238095238095,0.5544468456015254,0.1608900293702047,0.0,306.0,307.0,226.0,89.80717614653163,-0.04782721040196236,False,True,True,True,46.18793268555332,307.0,0.9779509916094584,0.0,0.0,89.98700332641602,0.4482758620689655,1.0,1.0,True
348,GAS,Alpine,27,2,HARD,14.0,18,89.97200012207031,5236.01756060882,667,90.10299968719482,1.0,0.5787106446776612,0.5592821423295549,0.17002760578253712,0.0,309.0,309.0,227.2624969482422,89.63747186453341,-0.33452825753690263,False,True,True,True,38.929979242987415,309.0,0.9726687643020595,0.0,0.0,90.10299968719482,0.46551724137931033,1.0,1.0,True
349,GAS,Alpine,28,2,HARD,15.0,18,89.97100067138672,5189.3689711087945,666,90.10300064086914,1.0,0.5435435435435435,0.5516131779387782,0.22376613471123005,0.0,308.9698287963867,309.0,220.3000030517578,89.3809749226895,-0.5900257486972151,False,True,True,True,47.07024999330483,309.0,0.9789473684210526,0.0,0.0,90.10300064086914,0.4827586206896552,1.0,1.0,True
350,GAS,Alpine,29,2,HARD,16.0,18,89.9800033569336,5214.457054762304,690,90.10800170898438,1.0,0.5478260869565217,0.5516380743594164,0.17227103074720107,0.0,308.38529418945313,309.0,226.53571319580078,89.73703092756503,-0.24297242936856378,False,True,True,True,41.13602304290563,309.0,0.9800343249427917,0.0,0.0,90.10800170898438,0.5,1.0,1.0,True
351,GAS,Alpine,30,2,HARD,17.0,18,89.95500183105469,5215.676893880845,675,90.08300185203552,1.0,0.5674074074074074,0.5576524090199625,0.17361761101878478,0.0,308.0,309.0,227.55323791503906,89.81147096028985,-0.14353087076483462,False,True,True,True,38.61211849868552,308.9494934082031,0.9860745614035088,0.0,0.0,90.08300185203552,0.5172413793103449,1.0,1.0,True
352,GAS,Alpine,31,2,HARD,18.0,18,90.13700103759766,5220.4639281560185,682,90.27000045776367,1.0,0.5293255131964809,0.535039443682167,0.17370111608313463,0.0,308.00542724609375,309.0,224.84999084472656,90.10234126966901,-0.03465976792864467,False,True,True,True,45.78451037174633,309.0,0.9775219298245613,0.0,0.0,90.27000045776367,0.5344827586206896,1.0,1.0,True
353,GAS,Alpine,32,2,HARD,19.0,17,90.01799774169922,5248.068634733439,693,90.13199806213379,1.0,0.5339105339105339,0.5330292296338228,0.16596759081686907,0.0,308.029267578125,309.0,227.0,89.97993918190178,-0.038058559797434555,False,True,True,True,49.837874609951456,309.0,0.9737843249427917,0.00975236283895133,0.0,90.13199806213379,0.5517241379310345,0.9902476371610487,0.9805903829030399,True
354,GAS,Alpine,33,2,HARD,20.0,15,90.33899688720703,5212.700312935592,695,90.46499633789062,1.0,0.543884892086331,0.5452052818705709,0.17070688200678932,0.0,309.0,309.0,224.0,90.24840014758249,-0.0905967396245444,False,True,True,True,42.83158560198343,309.0,0.975109649122807,0.013485879378732048,0.0,90.46499633789062,0.5689655172413793,0.986514120621268,0.9732101101851537,True
355,GAS,Alpine,34,2,HARD,21.0,14,90.13700103759766,5200.504351540999,674,90.26399993896484,1.0,0.5400593471810089,0.5415780248097322,0.1829965872524096,0.0,308.0,309.0,219.22856903076172,89.98215010526367,-0.15485093233398572,False,True,True,True,48.16921629020453,309.0,0.9789473684210526,0.008419746421354663,0.0,90.26399993896484,0.5862068965517241,0.9915802535786453,0.9832313992870906,True
356,GAS,Alpine,35,2,HARD,22.0,14,90.11499786376953,5193.869969257116,685,90.24099731445312,1.0,0.5532846715328467,0.5460156061623928,0.3422169252408762,0.0,308.43658203125,309.0,223.86163330078125,89.85815893558686,-0.25683892818267395,False,True,True,True,47.23809299723408,309.0,0.9523741418764301,0.28485941237402423,0.0,90.24099731445312,0.603448275862069,0.7151405876259758,0.5114260600700259,False
357,GAS,Alpine,36,2,HARD,23.0,15,90.59200286865234,5214.908451411099,674,90.72600555419922,1.0,0.5237388724035609,0.536152927489642,0.1670855043615098,0.08554329642869246,313.0,314.0,216.5374984741211,90.4297518071622,-0.16225106149013868,False,True,True,True,37.2755893661232,309.9078063964844,0.9964912280701754,0.5166544746270888,0.0,90.72600555419922,0.6206896551724138,0.4833455253729112,0.23362289689801555,False
358,GAS,Alpine,37,2,HARD,24.0,15,89.90799713134766,5195.077953132571,668,90.04299736022949,1.0,0.5494011976047904,0.556722896273916,0.1563476129269449,0.0,309.0,310.0,218.5,89.58262094317979,-0.3253761881678656,False,True,True,True,47.456578396639664,309.95806884765625,0.9780701754385964,0.2989460597350945,0.0,90.04299736022949,0.6379310344827587,0.7010539402649054,0.4914766271609496,False
359,GAS,Alpine,38,2,HARD,25.0,15,90.19300079345703,5219.1087420391295,658,90.32899856567383,1.0,0.5759878419452887,0.5537091669673876,0.16518514874126897,0.0,308.7346301269531,309.0,226.33290100097656,90.1010084804683,-0.09199231298873656,False,True,True,True,46.21496235052964,309.0,0.9677440884820747,0.0,0.0,90.32899856567383,0.6551724137931034,1.0,1.0,True
360,GAS,Alpine,39,2,HARD,26.0,16,90.95700073242188,5218.973096693368,679,91.09199905395508,1.0,0.5184094256259205,0.5198261597394656,0.17914849483574025,0.08079744309916978,311.01650268554687,312.0,216.1875,90.83362462916601,-0.12337610325586468,False,True,True,True,47.46933716545335,309.0,0.9674151411136537,0.5398497714812388,0.0,91.09199905395508,0.6724137931034483,0.4601502285187612,0.21173823280586815,False
361,GAS,Alpine,42,3,MEDIUM,5.0,19,88.76499938964844,5206.367521985173,662,88.9010009765625,1.0,0.5574018126888217,0.5482390366019729,0.1485022665225594,0.0,308.0064984130859,309.0,223.0,88.60074747503484,-0.164251914613601,False,True,True,True,48.857168159593066,309.0,0.950629290617849,0.9705965029446213,0.0,88.9010009765625,0.7241379310344828,0.029403497055378702,0.000864565639085664,False
362,GAS,Alpine,43,3,MEDIUM,6.0,19,88.0510025024414,5220.829495352984,658,88.17500305175781,1.0,0.6003039513677811,0.5863680635243225,0.19387585472145075,0.0,308.70108001708985,309.0,231.3800048828125,87.96787326869953,-0.08312923374187164,False,True,True,True,43.57595170156025,309.0,0.9736651411136537,0.0,0.0,88.17500305175781,0.7413793103448276,1.0,1.0,True
363,GAS,Alpine,44,3,MEDIUM,7.0,19,88.16600036621094,5209.385055714966,673,88.29000091552734,1.0,0.575037147102526,0.5802809598606057,0.20692044470322227,0.0,309.7081213378906,310.0,225.0,88.01621394947185,-0.1497864167390901,True,True,True,True,47.476123767340134,310.0,0.9092009916094584,0.0,0.0,88.29000091552734,0.7586206896551724,1.0,1.0,False
364,GAS,Alpine,45,3,MEDIUM,8.0,19,88.0469970703125,5207.156541068434,679,88.16999816894531,1.0,0.5876288659793815,0.5831348188328108,0.14880346590152932,0.0,307.5539422607422,308.0,232.0,87.87301999214739,-0.17397707816510888,False,True,True,True,46.276890647400684,308.0,0.9541285278413425,0.0,0.0,88.16999816894531,0.7758620689655172,1.0,1.0,True
365,GAS,Alpine,46,3,MEDIUM,9.0,19,87.76699829101562,5202.373379378179,656,87.88999843597412,1.0,0.5777439024390244,0.590237806925338,0.14881103264809517,0.0,309.0,311.0,225.68968200683594,87.56392496886616,-0.20307332214946427,False,True,True,True,46.3101782097324,310.9754638671875,0.9714912280701754,0.0,0.0,87.88999843597412,0.7931034482758621,1.0,1.0,True
366,GAS,Alpine,47,3,MEDIUM,10.0,19,88.14299774169922,5208.692245960981,675,88.26549530029297,1.0,0.5955555555555555,0.5915165059876991,0.12690121171548263,0.0,309.0,310.0,229.0,88.01694194207496,-0.12605579962425395,False,True,True,True,47.58263372636975,310.0,0.987280701754386,0.0,0.0,88.26549530029297,0.8103448275862069,1.0,1.0,True
367,GAS,Alpine,48,3,MEDIUM,11.0,19,88.0479965209961,5209.883460798115,651,88.18599700927734,1.0,0.6082949308755761,0.5861361535430193,0.1469733984270743,0.0,309.0,310.0,230.0,87.95193547938463,-0.09606104161146334,False,True,True,True,45.19866623270431,310.0,0.9860745614035088,0.0,0.0,88.18599700927734,0.8275862068965517,1.0,1.0,True
368,GAS,Alpine,49,3,MEDIUM,12.0,19,88.4000015258789,5209.037536288545,668,88.52200317382812,1.0,0.5898203592814372,0.5881927858346758,0.1563226766985361,0.0,309.63917938232424,311.0,229.0187530517578,88.16919628466096,-0.23080524121795065,False,True,True,True,48.627324190108936,310.9853515625,0.987609649122807,0.0,0.0,88.52200317382812,0.8448275862068966,1.0,1.0,True
369,GAS,Alpine,50,3,MEDIUM,13.0,19,87.99199676513672,5193.136100920886,631,88.13099670410156,1.0,0.595879556259905,0.5906434407773324,0.152965401221278,0.0,308.99811401367185,310.0,227.72500610351562,87.73265928872084,-0.25933747641587956,False,True,True,True,41.777375423530906,310.0,0.9932017543859649,0.0,0.0,88.13099670410156,0.8620689655172413,1.0,1.0,True
370,GAS,Alpine,51,3,MEDIUM,14.0,19,88.36399841308594,5216.90957250619,665,88.48599815368652,1.0,0.5684210526315789,0.5576927976625009,0.15687221805017992,0.0,309.0,310.0,231.6400146484375,88.38191344994661,0.017915036860671307,False,True,True,True,40.4191579351875,310.0,0.9768640350877194,0.0,0.0,88.48599815368652,0.8793103448275862,1.0,1.0,True
371,GAS,Alpine,52,3,MEDIUM,15.0,19,88.4280014038086,5174.222417004653,645,88.56650161743164,1.0,0.5875968992248062,0.5829234805333999,0.1445015795848048,0.0,308.35109374999996,310.0,225.0,88.07116905149883,-0.35683235230976607,False,True,True,True,48.14293057230543,310.0,0.981359649122807,0.0,0.0,88.56650161743164,0.896551724137931,1.0,1.0,True
372,GAS,Alpine,53,3,MEDIUM,16.0,19,88.72000122070312,5198.136242743076,654,88.84400177001953,1.0,0.5565749235474006,0.5570324795420096,0.1580410563418804,0.0,309.0,310.0,227.0274887084961,88.4456580128948,-0.27434320780832877,False,True,True,True,42.326420852165135,310.0,0.9786088863463006,0.0,0.0,88.84400177001953,0.9137931034482759,1.0,1.0,True
373,GAS,Alpine,54,3,MEDIUM,17.0,19,89.51100158691406,5202.9379599033,660,89.6510009765625,1.0,0.5484848484848485,0.5395700958646334,0.16062284311382707,0.0,310.0,312.0,223.71428680419922,89.3929926577942,-0.11800892911986693,False,True,True,True,47.920731210797285,311.8652648925781,0.9843201754385964,0.9429008106385847,0.0,89.6510009765625,0.9310344827586207,0.05709918936141534,0.003260317425730766,False
374,GAS,Alpine,55,3,MEDIUM,18.0,19,89.23300170898438,5203.817666131869,667,89.35400390625,1.0,0.553223388305847,0.5595049991427455,0.16836404550006284,0.0,310.0,311.0,222.0,89.12546054744459,-0.10754116153978543,False,True,True,True,46.31139814286762,311.0,0.9809115179252479,0.047004047112111126,0.0,89.35400390625,0.9482758620689655,0.9529959528878889,0.9082012862206953,True
375,GAS,Alpine,56,3,MEDIUM,19.0,19,89.48300170898438,5204.833864487112,675,89.62250137329102,1.0,0.557037037037037,0.557443706587056,0.15353284227748182,0.0,310.0714984130859,311.0,222.75,89.33286399687819,-0.15013771210618643,False,True,True,True,49.84704878146907,311.0,0.9707046147978642,0.37200478858411556,0.0,89.62250137329102,0.9655172413793104,0.6279952114158844,0.3943779855612814,False
376,GAS,Alpine,57,3,MEDIUM,20.0,19,88.90799713134766,5190.256391236187,651,89.04699802398682,1.0,0.5606758832565284,0.5554706578898541,0.1805787825532655,0.0,316.47120666503906,317.0,226.0,88.49256315909903,-0.41543397224862133,False,True,True,True,45.248574846414066,317.0,0.9637871853546911,0.09365843032338896,0.0,89.04699802398682,0.9827586206896551,0.9063415696766111,0.8214550409238632,True
377,HAD,Racing Bulls,2,1,MEDIUM,2.0,8,90.44000244140625,5187.733851380825,689,90.566002368927,1.0,0.4746008708272859,0.46399308025407776,0.1832917003353113,0.15546670547521305,331.0,332.0,215.0,90.12442921440575,-0.31557322700049895,False,True,True,True,36.22192802508163,331.9447021484375,0.9629385964912281,1.0,0.0,90.566002368927,0.034482758620689655,0.0,0.0,False
378,HAD,Racing Bulls,3,1,MEDIUM,3.0,8,90.21099853515625,5195.769986425222,684,90.34400177001953,1.0,0.4722222222222222,0.4594992067774127,0.1890329630304903,0.1487647456177471,331.5707901000976,335.0,217.0,90.06997685544547,-0.14102167971077506,False,True,True,True,43.963423995423874,334.8797912597656,0.8642400839054156,1.0,0.0,90.34400177001953,0.05172413793103448,0.0,0.0,False
379,HAD,Racing Bulls,4,1,MEDIUM,4.0,8,90.23699951171875,5214.958691752851,678,90.37000274658203,1.0,0.4896755162241888,0.48584715223592245,0.18858029177684346,0.16332853580044943,331.0,332.0,217.19249725341797,90.2937908355405,0.05679132382175567,False,True,True,True,40.38489645996442,332.0,0.8968344774980931,1.0,0.0,90.37000274658203,0.06896551724137931,0.0,0.0,False
380,HAD,Racing Bulls,5,1,MEDIUM,5.0,8,90.26100158691406,5206.765415036738,684,90.38700103759766,1.0,0.47368421052631576,0.4689059782455018,0.19122209099108187,0.16153871313951265,332.1141409301758,334.0,214.0,90.0714934459902,-0.1895081409238628,False,True,True,True,42.4840888603918,333.81866455078125,0.908266590389016,1.0,0.0,90.38700103759766,0.08620689655172414,0.0,0.0,False
381,HAD,Racing Bulls,6,1,MEDIUM,6.0,8,90.55500030517578,5185.944408519358,675,90.68500137329102,1.0,0.49333333333333335,0.48960693243869846,0.17997455697708897,0.1587913932085223,331.0,332.0,216.5030975341797,90.23500240654178,-0.31999789863399997,False,True,True,True,30.979604607943873,332.0,0.8935354691075514,1.0,0.0,90.68500137329102,0.10344827586206896,0.0,0.0,False
382,HAD,Racing Bulls,7,1,MEDIUM,7.0,8,90.28900146484375,5188.807357822896,669,90.42200088500977,1.0,0.49028400597907323,0.49108631405333836,0.19069470926022372,0.15084821557582956,329.28400390625006,331.0,216.4499969482422,89.75532225839585,-0.5336792064478999,False,True,True,True,46.85622061910469,331.0,0.9282513348588863,1.0,0.0,90.42200088500977,0.1206896551724138,0.0,0.0,False
383,HAD,Racing Bulls,8,1,MEDIUM,8.0,8,90.41600036621094,5215.629838151514,699,90.54400253295898,1.0,0.48783977110157367,0.4862828877228844,0.18820680584542177,0.1585969275560175,330.0,330.0,215.0,90.34669810266925,-0.06930226354168667,False,True,True,True,41.28769317855906,330.0,0.9462623951182304,1.0,0.0,90.54400253295898,0.13793103448275862,0.0,0.0,False
384,HAD,Racing Bulls,9,1,MEDIUM,9.0,8,90.0780029296875,5204.081658045203,676,90.20500373840332,1.0,0.507396449704142,0.5087301053903905,0.19780498023392312,0.17693032903258532,330.0,331.0,213.66770935058594,89.95074561931077,-0.12725731037673427,True,True,True,True,42.391546311156844,330.8869934082031,0.9731359649122807,1.0,0.0,90.20500373840332,0.15517241379310345,0.0,0.0,False
385,HAD,Racing Bulls,10,1,MEDIUM,10.0,8,90.34600067138672,5197.535955709927,691,90.47799682617188,1.0,0.5007235890014472,0.5026635697283747,0.1874599412081761,0.17067136532420754,327.0,327.0,216.29998779296875,90.22142416117745,-0.12457651020926619,False,True,True,True,38.90795925076216,327.0,0.950090579710145,1.0,0.0,90.47799682617188,0.1724137931034483,0.0,0.0,False
386,HAD,Racing Bulls,11,1,MEDIUM,11.0,8,90.94000244140625,5200.952158166289,704,91.06800270080566,1.0,0.5284090909090909,0.5249263622034169,0.21176487423695217,0.0,308.0,310.0,217.65961456298828,90.82819116995259,-0.11181127145366077,False,True,True,True,38.05675068016811,309.9010925292969,0.9436117467581998,0.8611037509617849,0.0,91.06800270080566,0.1896551724137931,0.13889624903821507,0.01929216799688586,False
387,HAD,Racing Bulls,12,1,MEDIUM,12.0,8,90.63300323486328,5199.761277161229,692,90.76100158691406,1.0,0.5404624277456648,0.5283326041805191,0.20360068394800165,0.0,307.0,308.0,218.11249542236328,90.57625906513806,-0.05674416972522067,False,True,True,True,40.80081090149094,308.0,0.9340436689549961,0.6835865004582126,0.0,90.76100158691406,0.20689655172413793,0.31641349954178744,0.10011750269228072,False
388,HAD,Racing Bulls,13,1,MEDIUM,13.0,8,91.06400299072266,5183.275221211598,669,91.19300377368927,1.0,0.5276532137518685,0.5242946157290547,0.17415797120582235,0.0,306.0,307.0,216.02499389648438,90.77255643542333,-0.2914465552993306,False,True,True,True,33.94637266293897,306.9721374511719,0.9362652555301296,0.0,0.0,91.19300377368927,0.22413793103448276,1.0,1.0,True
389,HAD,Racing Bulls,16,2,HARD,2.0,17,89.83899688720703,5209.734426055432,677,89.96899795532227,1.0,0.5125553914327917,0.5029732561600075,0.18587510244401562,0.0,307.0,308.0,224.0,89.70773843969715,-0.1312584475098788,False,True,True,True,41.0225799048241,308.0,0.8856311975591152,0.0077804584200363005,0.0,89.96899795532227,0.27586206896551724,0.9922195415799637,0.9844996186931534,True
390,HAD,Racing Bulls,17,2,HARD,3.0,17,90.14199829101562,5218.423842655093,678,90.27199935913086,1.0,0.4941002949852507,0.5001772160620426,0.16392686199439213,0.0,305.0,307.0,224.4499053955078,90.10433370789957,-0.03766458311605447,False,True,True,True,38.56706431601602,306.9700012207031,0.9223112128146452,0.0,0.0,90.27199935913086,0.29310344827586204,1.0,1.0,True
391,HAD,Racing Bulls,18,2,HARD,4.0,17,89.86900329589844,5206.940290962729,664,89.99900817871094,1.0,0.4924698795180723,0.5029946286351287,0.18531325897417422,0.0,309.0229782104492,311.0,218.2570037841797,89.79432159080133,-0.07468170509710603,False,True,True,True,40.131112510744636,310.98016357421875,0.9011203279938979,0.0,0.0,89.99900817871094,0.3103448275862069,1.0,1.0,True
392,HAD,Racing Bulls,19,2,HARD,5.0,16,90.47799682617188,5207.815600362063,674,90.6079969406128,1.0,0.5,0.5053416809800794,0.15933469341671572,0.0,309.0597717285156,310.0,217.88885498046875,90.35288669045156,-0.1251101357203197,False,True,True,True,43.829346364179706,309.9857482910156,0.9191218535469107,0.0036310260384736152,0.0,90.6079969406128,0.3275862068965517,0.9963689739615263,0.9927511322731448,True
393,HAD,Racing Bulls,20,2,HARD,6.0,15,90.02799987792969,5161.267104636881,686,90.1570053100586,1.0,0.48250728862973763,0.4915426106656487,0.164158111908386,0.0,309.0,310.0,216.70149993896484,89.20822832384304,-0.8197715540866426,False,True,True,True,40.902644225786624,310.0,0.8721634248665141,0.008096983458405344,0.0,90.1570053100586,0.3448275862068966,0.9919030165415946,0.9838715942243149,True
394,HAD,Racing Bulls,21,2,HARD,7.0,15,90.30500030517578,5205.774213833333,688,90.43499946594238,1.0,0.4898255813953488,0.49577050420883206,0.1583236649482215,0.0,309.0,309.0,219.875,90.1140167798307,-0.19098352534507512,False,True,True,True,43.232409293748994,309.0,0.9071605644546148,0.0,0.0,90.43499946594238,0.3620689655172414,1.0,1.0,True
395,HAD,Racing Bulls,22,2,HARD,8.0,14,89.78800201416016,5209.365816626311,678,89.91799926757812,1.0,0.4896755162241888,0.4958851065635974,0.17126714106514554,0.0,309.04106842041017,310.0,219.35416412353516,89.77144265645478,-0.016559357705375533,False,True,True,True,41.6969338695368,310.0,0.8738892067124332,0.009897906903449018,0.0,89.91799926757812,0.3793103448275862,0.990102093096551,0.9803021547541713,True
396,HAD,Racing Bulls,23,2,HARD,9.0,14,90.0780029296875,5200.22909962511,685,90.20800352096558,1.0,0.5313868613138686,0.5156527521066655,0.17693551949587455,0.0,311.0,313.0,224.0,89.93804096893487,-0.139961960752629,True,True,True,True,44.89161609355785,312.91015625,0.9584143783371473,0.9485189797784802,0.0,90.20800352096558,0.39655172413793105,0.05148102022151979,0.0026502954430485297,False
397,HAD,Racing Bulls,24,2,HARD,10.0,15,90.62100219726562,5217.5132066303495,671,90.75200176239014,1.0,0.5052160953800298,0.5073056671878675,0.18732362865630273,0.08593749597718571,326.5932434082031,329.0,219.8042755126953,90.68511788403737,0.06411568677174273,False,True,True,True,42.11806167994142,312.9796142578125,0.9213339054157133,1.0,0.0,90.75200176239014,0.41379310344827586,0.0,0.0,False
398,HAD,Racing Bulls,25,2,HARD,11.0,16,92.1780014038086,5188.596232445074,700,92.30700302124023,1.0,0.49714285714285716,0.494285325848994,0.1880464407875996,0.0,307.0,307.0,213.5,92.05348162237065,-0.12451978143793951,False,True,True,True,43.22294192458092,307.0,0.8928680396643783,0.9947999454659522,0.0,92.30700302124023,0.43103448275862066,0.0052000545340478155,2.7040567157071245e-05,False
399,HAD,Racing Bulls,26,2,HARD,12.0,16,89.98899841308594,5198.204167405486,675,90.12049674987793,1.0,0.5125925925925926,0.5081807175354364,0.17268004286642952,0.0,311.63879333496095,312.0,225.0,89.78833804354083,-0.2006603695451048,False,True,True,True,39.96708334600086,312.0,0.9268163615560642,1.0,0.0,90.12049674987793,0.4482758620689655,0.0,0.0,False
400,HAD,Racing Bulls,27,2,HARD,13.0,16,90.0,5210.025282714368,669,90.13100051879883,1.0,0.5067264573991032,0.5035449192863798,0.17795221563817212,0.0,310.37837158203126,311.0,223.15789794921875,90.05518114800222,0.055181148002219516,False,True,True,True,42.752287211129065,311.0,0.914507055682685,0.7113201799900886,0.0,90.13100051879883,0.46551724137931033,0.28867982000991144,0.08333603848095486,False
401,HAD,Racing Bulls,28,2,HARD,14.0,16,89.87899780273438,5207.635304652826,666,90.0109977722168,1.0,0.515015015015015,0.5141927939383221,0.1608691624198381,0.0,311.73103790283204,312.0,221.41127014160156,89.82114805482844,-0.05784974790593367,False,True,True,True,39.16897200362147,312.0,0.9068220823798626,0.3616224900292819,0.0,90.0109977722168,0.4827586206896552,0.6383775099707181,0.4075258452364143,False
402,HAD,Racing Bulls,29,2,HARD,15.0,16,90.35600280761719,5197.192169360096,694,90.48400282859802,1.0,0.48559077809798273,0.4935569162221449,0.1768157701010901,0.0,312.0,313.0,217.02143096923828,90.04081857093811,-0.31518423667907314,False,True,True,True,46.8429396641488,313.0,0.9022072845156369,1.0,0.0,90.48400282859802,0.5,0.0,0.0,False
403,HAD,Racing Bulls,30,2,HARD,16.0,16,90.23200225830078,5195.634861341954,677,90.35950469970703,1.0,0.4874446085672083,0.48122789048702336,0.17795584826776922,0.0,312.0,314.0,219.0,89.97408944581241,-0.25791281248837095,False,True,True,True,38.718225842352055,313.9471435546875,0.8615989702517162,1.0,0.0,90.35950469970703,0.5172413793103449,0.0,0.0,False
404,HAD,Racing Bulls,31,2,HARD,17.0,16,90.42500305175781,5203.763575194821,679,90.5580062866211,1.0,0.5066273932253313,0.49102243456592837,0.17536828688435577,0.0,310.5546496582031,311.0,223.40809631347656,90.26289308609671,-0.16210996566110225,False,True,True,True,43.59902869037658,311.0,0.8666618993135011,1.0,0.0,90.5580062866211,0.5344827586206896,0.0,0.0,False
405,HAD,Racing Bulls,32,2,HARD,18.0,16,91.41400146484375,5197.7689812230765,707,91.52800166606903,1.0,0.5063649222065064,0.5220371349094935,0.18398734688388027,0.0,314.106025390625,315.0,211.6721954345703,91.36648844622208,-0.04751301862167168,False,True,True,True,39.283703173169044,315.0,0.9374332570556826,0.9852176387489117,0.0,91.52800166606903,0.5517241379310345,0.014782361251088338,0.000218518204157678,False
406,HAD,Racing Bulls,33,2,HARD,19.0,14,90.56199645996094,5196.3092764340345,701,90.68799591064453,1.0,0.48502139800285304,0.499029820789815,0.1953620769910329,0.08381483961386284,327.19287109375,329.0,211.0,90.34918990874468,-0.2128065512162607,False,True,True,True,42.64788533727394,329.0,0.9458047292143402,0.9777920479581643,0.0,90.68799591064453,0.5689655172413793,0.022207952041835677,0.0004931931338924734,False
407,HAD,Racing Bulls,34,2,HARD,20.0,13,90.48500061035156,5207.6711322193605,669,90.61200189590454,1.0,0.5082212257100149,0.5124155922547927,0.1650994896565854,0.0,308.0,309.0,216.6666717529297,90.35302527048,-0.13197533987155907,False,True,True,True,42.020272925905665,308.9664001464844,0.926678108314264,0.9447755255129582,0.0,90.61200189590454,0.5862068965517241,0.05522447448704182,0.003049742582369933,False
408,HAD,Racing Bulls,35,2,HARD,21.0,13,90.1969985961914,5197.814976264715,690,90.322998046875,1.0,0.4985507246376812,0.495034488140537,0.1718500054186162,0.0,308.5816989135742,309.0,222.99057006835938,89.98504689304443,-0.21195170314697975,False,True,True,True,40.39083825640465,309.0,0.8937547673531655,0.0,0.0,90.322998046875,0.603448275862069,1.0,1.0,True
409,HAD,Racing Bulls,36,2,HARD,22.0,13,89.62300109863281,5201.982167352142,665,89.75750160217285,1.0,0.5142857142857142,0.5154053607975948,0.17559544306938168,0.0,308.6492639160156,310.0,223.0,89.35347466597523,-0.26952643265758525,False,True,True,True,43.52108442543695,309.946533203125,0.9130816170861937,0.0,0.0,89.75750160217285,0.6206896551724138,1.0,1.0,True
410,HAD,Racing Bulls,37,2,HARD,23.0,13,89.447998046875,5201.352037166178,663,89.58299827575684,1.0,0.526395173453997,0.5200540361163262,0.1741402995757196,0.0,307.0,308.0,225.10000610351562,89.22071261617504,-0.22728543069996476,False,True,True,True,44.45056206833739,308.0,0.8733504958047292,0.0,0.0,89.58299827575684,0.6379310344827587,1.0,1.0,True
411,HAD,Racing Bulls,38,2,HARD,24.0,14,90.56199645996094,5209.686269448847,662,90.6969985961914,1.0,0.5105740181268882,0.5173709639104237,0.15742535311512093,0.0,308.0918228149414,309.0,216.55714416503906,90.63530279732859,0.07330633736765435,False,True,True,True,41.54784682371533,308.97967529296875,0.9335955377574371,0.39704729296002295,0.0,90.6969985961914,0.6551724137931034,0.602952707039977,0.3635519669268364,False
412,HAD,Racing Bulls,39,2,HARD,25.0,14,90.06600189208984,5195.631288784392,672,90.20100021362305,1.0,0.5372023809523809,0.5204819588177124,0.17515328717318884,0.0,310.0,311.0,225.12857055664062,90.02994861927951,-0.0360532728103351,False,True,True,True,42.0346821915838,310.96044921875,0.9013396262395119,0.23680447622271006,0.0,90.20100021362305,0.6724137931034483,0.7631955237772899,0.582467407513692,False
413,HAD,Racing Bulls,40,2,HARD,26.0,14,89.87899780273438,5206.41106947887,678,90.00399780273438,1.0,0.5265486725663717,0.5308320813911735,0.1777921379445154,0.0,309.0,310.0,218.87142181396484,89.77049893033671,-0.10849887239766076,False,True,True,True,41.73263307323277,309.9217834472656,0.9236174675819985,0.0,0.0,90.00399780273438,0.6896551724137931,1.0,1.0,True
414,HAD,Racing Bulls,41,2,HARD,27.0,14,89.38099670410156,5202.056388639093,695,89.50599670410156,1.0,0.5467625899280576,0.5413937937968228,0.16891602410727147,0.0,309.2821612548828,310.0,221.67999267578125,89.31189349846225,-0.06910320563930838,True,True,True,True,37.948834618487595,310.0,0.9674056064073225,0.0,0.0,89.50599670410156,0.7068965517241379,1.0,1.0,False
415,HAD,Racing Bulls,42,2,HARD,28.0,14,89.51499938964844,5197.244491999248,660,89.6510009765625,1.0,0.5318181818181819,0.5364357735762254,0.16464950046533255,0.0,308.3165283203125,310.0,220.5500030517578,89.31695611981436,-0.1980432698340735,False,True,True,True,41.963043775971805,310.0,0.9424961861174675,0.0,0.0,89.6510009765625,0.7241379310344828,1.0,1.0,True
416,HAD,Racing Bulls,43,2,HARD,29.0,12,89.625,5189.28988915205,671,89.76199865341187,1.0,0.518628912071535,0.5241082457869765,0.1706735315664243,0.0,306.0,308.0,220.0,89.54799473936342,-0.0770052606365823,False,True,True,True,37.09907965054685,307.977294921875,0.9353499237223494,0.01052784069903111,0.0,89.76199865341187,0.7413793103448276,0.9894721593009689,0.9790551540317219,True
417,HAD,Racing Bulls,44,2,HARD,30.0,13,90.4469985961914,5209.397968434622,685,90.57099914550781,1.0,0.5328467153284672,0.5373905203017827,0.18021225858417453,0.08656192629599298,317.0989990234375,319.0,216.0,90.35930801581173,-0.0876905803796717,False,True,True,True,41.86484515039668,309.2294921875,0.9592915713196034,0.3446687740421833,0.0,90.57099914550781,0.7586206896551724,0.6553312259578167,0.429459015715375,False
418,HAD,Racing Bulls,45,2,HARD,31.0,13,89.83300018310547,5196.981087631553,695,89.95600128173828,1.0,0.5352517985611511,0.5331719151547494,0.17299559725522962,0.0,310.0,311.0,218.0,89.70370035410588,-0.12929982899959214,False,True,True,True,39.64246546863273,311.0,0.8844250572082379,1.0,0.0,89.95600128173828,0.7758620689655172,0.0,0.0,False
419,HAD,Racing Bulls,46,2,HARD,32.0,13,89.41500091552734,5217.7092547650345,665,89.55199909210205,1.0,0.5578947368421052,0.5533545440107783,0.17642259393261345,0.0,310.0,311.0,225.1138916015625,89.32681481949493,-0.08818609603241612,False,True,True,True,40.962355378804546,311.0,0.9279938977879482,0.2188449463157242,0.0,89.55199909210205,0.7931034482758621,0.7811550536842757,0.6102032178964837,False
420,HAD,Racing Bulls,47,2,HARD,33.0,14,89.89099884033203,5203.682183097005,688,90.01300048828125,1.0,0.5450581395348837,0.5467098660056496,0.17060874580359148,0.0,308.0,309.0,220.34012603759766,89.83214868799175,-0.05885015234028401,False,True,True,True,43.57655669656787,309.0,0.9489654843630816,0.3898548285058107,0.0,90.01300048828125,0.8103448275862069,0.6101451714941892,0.37227713029767356,False
421,HAD,Racing Bulls,48,2,HARD,34.0,14,89.56999969482422,5211.197194428444,661,89.70800018310547,1.0,0.556732223903177,0.5505864249753385,0.17612687461617235,0.0,304.8757080078125,305.0,225.48545837402344,89.64608768102005,0.07608798619583013,False,True,True,True,45.82712128308581,305.0,0.932508581235698,1.0,0.0,89.70800018310547,0.8275862068965517,0.0,0.0,False
422,HAD,Racing Bulls,49,2,HARD,35.0,15,90.05899810791016,5180.283944102525,681,90.19699478149414,1.0,0.5183553597650514,0.5184318451810627,0.18627012885520886,0.08602280918168169,316.87333984375,317.0,215.6083221435547,89.88037706599104,-0.178621041919115,False,True,True,True,43.05433941240353,312.82623291015625,0.90976353928299,1.0,0.0,90.19699478149414,0.8448275862068966,0.0,0.0,False
423,HAD,Racing Bulls,50,2,HARD,36.0,15,89.52200317382812,5192.898965769768,649,89.66100311279297,1.0,0.5439137134052389,0.5353386999303186,0.1904952707387913,0.0,310.54841796875,312.0,220.378662109375,89.23585503484433,-0.28614813898379055,False,True,True,True,41.658018707733326,311.9867248535156,0.8938739511823036,0.24742083230266182,0.0,89.66100311279297,0.8620689655172413,0.7525791676973381,0.5663754036520182,False
424,HAD,Racing Bulls,51,2,HARD,37.0,16,90.08200073242188,5185.996264657795,678,90.2030029296875,1.0,0.5486725663716814,0.5386848755164472,0.16230064535593408,0.0,309.8955020141602,310.0,221.3218765258789,89.98522281077894,-0.09677792164293919,False,True,True,True,44.823661567769136,310.0,0.9477593440122044,0.3596554470371869,0.0,90.2030029296875,0.8793103448275862,0.6403445529628131,0.41004114650914497,False
425,HAD,Racing Bulls,52,2,HARD,38.0,16,89.375,5198.651982810199,646,89.51399993896484,1.0,0.544891640866873,0.5415687909488451,0.17204012898393467,0.0,310.0,311.0,220.60084533691406,88.96490761198683,-0.41009238801316883,False,True,True,True,41.38422148435956,310.97674560546875,0.9375524408848207,0.4638268989810513,0.0,89.51399993896484,0.896551724137931,0.5361731010189488,0.28748159425627584,False
426,HAD,Racing Bulls,53,2,HARD,39.0,17,90.4749984741211,5214.333755350471,678,90.61299896240234,1.0,0.5206489675516224,0.5168684389568022,0.20044589771325289,0.09224947033412206,320.384375,321.0,215.0,90.47618647111847,0.001187996997373375,False,True,True,True,35.58974775320957,310.90374755859375,0.9608266590389016,0.5340072731546902,0.0,90.61299896240234,0.9137931034482759,0.4659927268453098,0.2171492214727275,False
427,HAD,Racing Bulls,54,2,HARD,40.0,17,89.9990005493164,5214.774749814302,655,90.13899993896484,1.0,0.5328244274809161,0.5311796665323425,0.18682259171393195,0.0,313.0,314.0,220.77777099609375,89.92615001832552,-0.07285053099089112,False,True,True,True,35.620508504985516,314.0,0.9059639588100686,0.7941956032904436,0.0,90.13899993896484,0.9310344827586207,0.20580439670955641,0.04235544970498448,False
428,HAD,Racing Bulls,55,2,HARD,41.0,17,89.5989990234375,5216.7001109266885,678,89.72000122070312,1.0,0.5339233038348082,0.5242865831673722,0.17786439776084245,0.0,310.0,311.0,220.0,89.42772701070282,-0.17127201273467563,False,True,True,True,41.41196223839557,310.9344177246094,0.9241657131960336,0.0,0.0,89.72000122070312,0.9482758620689655,1.0,1.0,True
429,HAD,Racing Bulls,56,2,HARD,42.0,17,89.45099639892578,5204.665043076457,667,89.59099578857422,1.0,0.5217391304347826,0.5305555201321721,0.17908052468599886,0.0,310.0,311.0,219.8934326171875,89.37663737264835,-0.07435902627743474,False,True,True,True,33.836559303053996,311.0,0.9718201754385966,0.0,0.0,89.59099578857422,0.9655172413793104,1.0,1.0,True
430,HAD,Racing Bulls,57,2,HARD,43.0,17,90.97899627685547,5240.382746248067,669,91.1189956665039,1.0,0.4798206278026906,0.47426989837437344,0.18790808960852787,0.17297161326547966,331.0,333.0,213.0,91.0215449921273,0.04254871527183468,False,True,True,True,37.68510676342243,332.92730712890625,0.8522835621662853,0.9359189942284066,0.0,91.1189956665039,0.9827586206896551,0.06408100577159337,0.004106375300698983,False
431,HAM,Ferrari,2,1,SOFT,2.0,13,90.85299682617188,5204.909901077463,690,90.97899627685547,1.0,0.4826086956521739,0.48803569718449763,0.23743938472254333,0.1758647671964953,335.05683502197263,336.0,215.0,90.66282056499634,-0.19017626117553732,False,True,True,True,45.92691190458576,336.0,0.9597397025171625,1.0,0.0,90.97899627685547,0.034482758620689655,0.0,0.0,False
432,HAM,Ferrari,3,1,SOFT,3.0,13,90.11299896240234,5201.0780461271115,686,90.24699401855469,1.0,0.49271137026239065,0.5022548729149925,0.246002629460132,0.17549614273707326,332.0,333.0,217.3000030517578,89.93378410177371,-0.17921486062863323,False,True,True,True,42.1801635443547,332.95233154296875,0.9778508771929825,1.0,0.0,90.24699401855469,0.05172413793103448,0.0,0.0,False
433,HAM,Ferrari,4,1,SOFT,4.0,13,90.88300323486328,5211.416253425091,680,91.01700210571289,1.0,0.5176470588235295,0.5021039233496375,0.25663347808452974,0.16786974831598955,343.4200000000001,349.0,216.8800048828125,90.6632106289911,-0.2197926058721862,False,True,True,True,43.56202890250676,348.58380126953125,0.9532704042715484,1.0,0.0,91.01700210571289,0.06896551724137931,0.0,0.0,False
434,HAM,Ferrari,5,1,SOFT,5.0,13,90.22899627685547,5210.622294687151,683,90.35499572753906,1.0,0.49194729136163984,0.49234685164497877,0.20495840215029795,0.15804328882606702,334.0,335.0,217.0,90.14191058761597,-0.08708568923950111,True,True,True,True,45.31888874904477,334.9464416503906,0.9600781845919145,1.0,0.0,90.35499572753906,0.08620689655172414,0.0,0.0,False
435,HAM,Ferrari,6,1,SOFT,6.0,13,90.25399780273438,5220.0710518644,670,90.38699340820312,1.0,0.49701492537313435,0.49802516695078436,0.217730595442604,0.16108515984024585,336.9740365600586,338.0,219.71778869628906,90.30879265583916,0.05479485310478083,False,True,True,True,43.129541851332476,337.90802001953125,0.9542572463768115,1.0,0.0,90.38699340820312,0.10344827586206896,0.0,0.0,False
436,HAM,Ferrari,7,1,SOFT,7.0,13,90.53900146484375,5212.7089685914225,677,90.67149925231934,1.0,0.5007385524372231,0.482880498558847,0.1954086857583912,0.1570283625225212,338.7688037109375,341.0,223.0,90.06417447091636,-0.4748269939273939,False,True,True,True,50.2454532215793,341.0,0.9538281845919147,1.0,0.0,90.67149925231934,0.1206896551724138,0.0,0.0,False
437,HAM,Ferrari,10,2,HARD,2.0,18,88.51699829101562,5217.03386273439,688,88.64899826049805,1.0,0.5552325581395349,0.5693578107271704,0.18406308943709365,0.0,306.0,307.0,226.82919311523438,88.31973018887808,-0.1972681021375422,False,True,True,True,41.74806394053295,306.89105224609375,0.9621329138062548,0.0,0.0,88.64899826049805,0.1724137931034483,1.0,1.0,True
438,HAM,Ferrari,11,2,HARD,3.0,18,89.02200317382812,5221.760372614145,685,89.14900207519531,1.0,0.5474452554744526,0.5497874753379094,0.18169575439766988,0.0,305.0135009765625,306.0,225.3249969482422,88.86923608681317,-0.15276708701495068,False,True,True,True,44.03589359645802,306.0,0.9952850877192981,0.0,0.0,89.14900207519531,0.1896551724137931,1.0,1.0,True
439,HAM,Ferrari,12,2,HARD,4.0,18,89.5979995727539,5220.602837189179,680,89.725998878479,1.0,0.5352941176470588,0.5304036676423177,0.20018730178263422,0.0,307.3849868774414,308.0,225.0,89.40940101004801,-0.18859856270589148,False,True,True,True,42.26641846309876,308.0,0.9417191075514874,0.0,0.0,89.725998878479,0.20689655172413793,1.0,1.0,True
440,HAM,Ferrari,13,2,HARD,5.0,18,89.4729995727539,5214.087916396651,656,89.60199928283691,1.0,0.5304878048780488,0.5190397706949786,0.2049173085961412,0.0,308.0,309.0,228.5512466430664,89.3942994399143,-0.0787001328396002,False,True,True,True,44.13747063377145,309.0,0.9433733790999237,0.0,0.0,89.60199928283691,0.22413793103448276,1.0,1.0,True
441,HAM,Ferrari,14,2,HARD,6.0,17,89.2760009765625,5211.844088189357,677,89.40700149536133,1.0,0.518463810930576,0.5200040776517675,0.20761248561013887,0.0,309.2029345703125,311.0,225.81427001953125,89.02917215697761,-0.24682881958489133,False,True,True,True,48.00583315771207,311.0,0.9551153699466056,0.010200544082991073,0.0,89.40700149536133,0.2413793103448276,0.9897994559170089,0.9797029629336068,True
442,HAM,Ferrari,15,2,HARD,7.0,14,89.5739974975586,5199.484284189821,678,89.70199680328369,1.0,0.5191740412979351,0.5118393479198737,0.21536854795345675,0.1761610946942325,326.0,326.0,220.30416107177734,89.32857618732378,-0.24542131023481772,False,True,True,True,47.001613391987355,326.0,0.9513968344774981,0.9196561945599439,0.0,89.70199680328369,0.25862068965517243,0.08034380544005615,0.006455127072589596,False
443,HAM,Ferrari,16,2,HARD,8.0,13,89.46099853515625,5211.461285314978,668,89.59199523925781,1.0,0.5359281437125748,0.5281050045806004,0.1871039023922503,0.0,310.0,311.0,226.0,89.30733910985046,-0.1536594253057899,False,True,True,True,46.215338171275945,310.96612548828125,0.9864035087719297,0.7583713767356933,0.0,89.59199523925781,0.27586206896551724,0.24162862326430667,0.058384391580604246,False
444,HAM,Ferrari,17,2,HARD,9.0,12,89.29900360107422,5215.554499936708,674,89.42900466918945,1.0,0.5459940652818991,0.5407753788004979,0.18384423709193898,0.0,311.21177795410154,313.0,223.0,89.28015654894656,-0.01884705212765425,False,True,True,True,47.89487673103399,312.9272766113281,0.96345823798627,0.4071498362452298,0.0,89.42900466918945,0.29310344827586204,0.5928501637547702,0.3514713166640578,False
445,HAM,Ferrari,18,2,HARD,10.0,12,89.69999694824219,5221.175457763731,667,89.82999801635742,1.0,0.5382308845577212,0.522976581843476,0.16919752917343198,0.0,313.0,314.0,222.0,89.73531803464425,0.035321086402063884,False,True,True,True,43.60999166144639,313.9833984375,0.9527030892448513,0.9891238872118461,0.0,89.82999801635742,0.3103448275862069,0.010876112788153924,0.00011828982938064533,False
446,HAM,Ferrari,19,2,HARD,11.0,11,89.84100341796875,5203.523910254334,661,89.97100448608398,1.0,0.5113464447806354,0.508730659982746,0.18811620060563844,0.0,316.06199951171874,317.0,224.69358825683594,89.67372178381268,-0.167281634156069,False,True,True,True,47.47622527122184,317.0,0.9574370709382151,1.0,0.0,89.97100448608398,0.3275862068965517,0.0,0.0,False
447,HAM,Ferrari,20,2,HARD,12.0,10,90.73600006103516,5221.1344636966,700,90.8650016784668,1.0,0.5028571428571429,0.5045177020379967,0.19323167804484648,0.17653657904807005,328.0,328.0,218.0,90.82705745225354,0.09105739121838496,False,True,True,True,43.006799205385164,328.0,0.9808114035087719,0.9990095179560293,0.0,90.8650016784668,0.3448275862068966,0.0009904820439706752,9.810546794283266e-07,False
448,HAM,Ferrari,21,2,HARD,13.0,9,91.79299926757812,5201.24879816765,694,91.92299842834473,1.0,0.4654178674351585,0.45050744774388995,0.23539271124851835,0.16926123256724757,334.06299957275394,339.0,217.0,91.71178306064155,-0.08121620693657405,False,True,True,True,48.7233612761034,338.9364013671875,0.9554633867276888,1.0,0.0,91.92299842834473,0.3620689655172414,0.0,0.0,False
449,HAM,Ferrari,22,2,HARD,14.0,9,90.53500366210938,5206.200845982284,686,90.66500091552734,1.0,0.5233236151603499,0.5100424013494852,0.21615829684971183,0.1751612910283488,332.0,334.0,213.45000457763672,90.63827545933958,0.10327179723020663,False,True,True,True,42.68732878518502,334.0,0.9870614035087719,1.0,0.0,90.66500091552734,0.3793103448275862,0.0,0.0,False
450,HAM,Ferrari,23,2,HARD,15.0,9,90.07599639892578,5205.472867608964,685,90.20599591732025,1.0,0.5153284671532846,0.5150322932820783,0.2075028513938021,0.17692838296968288,330.0,331.0,218.62396240234375,89.99068595204393,-0.08531044688184863,False,True,True,True,49.55291220286268,330.968994140625,0.9659897025171625,1.0,0.0,90.20599591732025,0.39655172413793105,0.0,0.0,False
451,HAM,Ferrari,24,2,HARD,16.0,8,89.86599731445312,5207.682005841018,663,89.99699783325195,1.0,0.5248868778280543,0.5194951520574218,0.2004844705275771,0.09333644255660553,334.0,336.0,215.9600067138672,89.79462401704836,-0.07137329740476162,False,True,True,True,42.79392848021814,336.0,0.9665284134248665,0.997777652783404,0.0,89.99699783325195,0.41379310344827586,0.0022223472165959768,4.938827151111885e-06,False
452,HAM,Ferrari,25,2,HARD,17.0,8,89.80999755859375,5194.466358353541,688,89.93899917602539,1.0,0.5203488372093024,0.5133035071217169,0.18591493885409952,0.0,307.0,307.0,222.7916717529297,89.73062199843267,-0.0793755601610826,True,True,True,True,49.72634883416822,307.0,0.974990465293669,0.9876360697594334,0.0,89.93899917602539,0.43103448275862066,0.01236393024056659,0.00015286677099359702,False
453,HAM,Ferrari,26,2,HARD,18.0,8,89.64399719238281,5213.07661447686,670,89.77499771118164,1.0,0.5313432835820896,0.525691946902982,0.19739349622037958,0.0,310.0,311.0,223.86703491210938,89.54255717810739,-0.10144001427542548,False,True,True,True,45.63803939750266,310.9948425292969,0.9536994660564454,1.0,0.0,89.77499771118164,0.4482758620689655,0.0,0.0,False
454,HAM,Ferrari,27,2,HARD,19.0,8,90.14399719238281,5225.222585782874,666,90.2750015258789,1.0,0.527027027027027,0.5193354281947429,0.19451671346563815,0.0,308.0532928466797,309.0,224.35820770263672,90.15046061276973,0.006463420386921825,True,True,True,True,42.74711137157448,308.9591369628906,0.987280701754386,1.0,0.0,90.2750015258789,0.46551724137931033,0.0,0.0,False
455,HAM,Ferrari,28,2,HARD,20.0,8,89.91799926757812,5224.054586816744,668,90.04999923706055,1.0,0.5179640718562875,0.5216768744238505,0.20433092475760575,0.0,308.0,309.0,219.09091186523438,89.87864365445073,-0.039355613127398215,False,True,True,True,44.82828791694884,308.9215087890625,0.9746615179252479,1.0,0.0,90.04999923706055,0.4827586206896552,0.0,0.0,False
456,HAM,Ferrari,29,2,HARD,21.0,8,89.78500366210938,5225.837200442329,692,89.91300201416016,1.0,0.5260115606936416,0.5262976856239463,0.18951659161836618,0.0,309.66408203125,311.0,224.0,89.77312406909758,-0.011879593011798306,False,True,True,True,44.57352691610579,310.9537658691406,0.9517162471395881,0.9862199457839775,0.0,89.91300201416016,0.5,0.013780054216022464,0.00018988989419651848,False
457,HAM,Ferrari,30,2,HARD,22.0,8,89.87999725341797,5204.957423016052,666,90.00799560546875,1.0,0.5345345345345346,0.5288417306574733,0.19509371475956658,0.0,308.0,308.0,221.26785278320312,89.60985125738597,-0.2701459960319994,False,True,True,True,49.28948100200078,308.0,0.97531941266209,1.0,0.0,90.00799560546875,0.5172413793103449,0.0,0.0,False
458,HAM,Ferrari,33,3,MEDIUM,2.0,17,89.0510025024414,5204.360205081359,684,89.177001953125,1.0,0.5292397660818714,0.5185641652111184,0.1852383079961275,0.0,308.0,308.0,229.0078125,88.65293618296133,-0.39806631948007976,False,True,True,True,40.011088868966326,308.0,0.9419479405034324,0.2726039587006425,0.0,89.177001953125,0.5689655172413793,0.7273960412993574,0.5291050008979765,False
459,HAM,Ferrari,34,3,MEDIUM,3.0,16,88.79399871826172,5218.3575076339175,663,88.9209976196289,1.0,0.5128205128205128,0.520720535333473,0.18355630278987148,0.09176684996627643,316.9117907714844,318.0,225.0,88.90547173232679,0.11147301406506926,False,True,True,True,48.77243719395249,311.0,0.987609649122807,0.9824675829444962,0.0,88.9209976196289,0.5862068965517241,0.01753241705550379,0.0003073856478081202,False
460,HAM,Ferrari,35,3,MEDIUM,4.0,15,88.51399993896484,5207.918926858604,671,88.63999938964844,1.0,0.5201192250372578,0.5247290823630328,0.1944607385923595,0.09386283460584588,330.22968749999995,331.0,224.0,88.41628304844345,-0.0977168905213972,False,True,True,True,41.742013847232926,331.0,0.9611556064073227,0.8904896549575314,0.0,88.63999938964844,0.603448275862069,0.1095103450424686,0.011992515671320526,False
461,HAM,Ferrari,36,3,MEDIUM,5.0,14,88.09400177001953,5219.242873401404,657,88.22800064086914,1.0,0.5296803652968036,0.5439769913588209,0.19311331879221777,0.09520788712045053,335.9439965820312,337.0,221.0,88.03809055798246,-0.055911212037074165,False,True,True,True,46.109687676588834,336.94842529296875,0.9743230358504958,0.4459809029065124,0.0,88.22800064086914,0.6206896551724138,0.5540190970934876,0.3069371599442833,False
462,HAM,Ferrari,37,3,MEDIUM,6.0,14,88.54900360107422,5192.840186314643,657,88.68400382995605,1.0,0.54337899543379,0.542690871264748,0.17684137883896534,0.0,310.0,311.0,224.7291717529297,88.11954879030469,-0.42945481076952774,False,True,True,True,49.73412608758663,310.98394775390625,0.9792763157894737,1.0,0.0,88.68400382995605,0.6379310344827587,0.0,0.0,False
463,HAM,Ferrari,38,3,MEDIUM,7.0,13,88.14099884033203,5224.489337006568,642,88.2760009765625,1.0,0.5249221183800623,0.5461053171199338,0.1848747434426411,0.17808915888942511,332.25074279785156,334.0,221.60535430908203,88.20935642381612,0.0683575834840866,False,True,True,True,42.4877497785215,334.0,0.9716914569031273,0.608783820456692,0.0,88.2760009765625,0.6551724137931034,0.391216179543308,0.1530500991364618,False
464,HAM,Ferrari,39,3,MEDIUM,8.0,13,88.52799987792969,5193.131405744776,661,88.66299986839294,1.0,0.5355521936459909,0.5330634278583329,0.1755072351042673,0.0,310.0,311.0,228.0,88.10968091850516,-0.4183189594245249,False,True,True,True,49.7903375204631,310.99810791015625,0.9313024408848207,0.35038290823043994,0.0,88.66299986839294,0.6724137931034483,0.6496170917695601,0.42200236591914103,False
465,HAM,Ferrari,40,3,MEDIUM,9.0,13,89.0479965209961,5202.496803816557,671,89.18299579620361,1.0,0.511177347242921,0.5063409753001623,0.1892626669503569,0.0888061462640668,319.0,320.0,221.0,88.96661803815331,-0.08137848284277993,False,True,True,True,41.58021560447282,314.0,0.9538186498855835,1.0,0.0,89.18299579620361,0.6896551724137931,0.0,0.0,False
466,HAM,Ferrari,41,3,MEDIUM,10.0,12,88.69300079345703,5198.972181924344,689,88.81700134277344,1.0,0.5471698113207547,0.5374195668493076,0.1810351862513016,0.09368702981474257,334.050654296875,337.0,222.47499084472656,88.47172667889407,-0.2212741145629593,False,True,True,True,47.600513893070975,336.9178161621094,0.9456760106788712,1.0,0.0,88.81700134277344,0.7068965517241379,0.0,0.0,False
467,HAM,Ferrari,42,3,MEDIUM,11.0,11,88.87300109863281,5205.569337337613,657,89.00900268554688,1.0,0.5068493150684932,0.5057803854048845,0.20446257509050633,0.176622569512183,339.55800415039056,347.0,217.3112030029297,88.81513576083407,-0.05786533779874503,False,True,True,True,45.48479554501525,346.99945068359375,0.9641447368421052,1.0,0.0,89.00900268554688,0.7241379310344828,0.0,0.0,False
468,HAM,Ferrari,43,3,MEDIUM,12.0,9,88.46399688720703,5204.651956062433,662,88.5999984741211,1.0,0.5422960725075529,0.5253724840973191,0.18147843998512353,0.09572235943938244,332.0,335.0,229.29893493652344,88.36532108639736,-0.09867580080967286,False,True,True,True,42.613634580201406,334.9959716796875,0.9608266590389016,1.0,0.0,88.5999984741211,0.7413793103448276,0.0,0.0,False
469,HAM,Ferrari,44,3,MEDIUM,13.0,9,88.9489974975586,5192.7875134310725,673,89.08499526977539,1.0,0.5393759286775631,0.5180220796839066,0.1944099266576934,0.1814110565292475,326.0,327.0,221.7872314453125,88.68222837990383,-0.26676911765476063,False,True,True,True,50.296485560322836,326.0,0.9881578947368421,1.0,0.0,89.08499526977539,0.7586206896551724,0.0,0.0,False
470,HAM,Ferrari,45,3,MEDIUM,14.0,8,88.75800323486328,5199.877519345462,685,88.8810043334961,1.0,0.5240875912408759,0.523261471795551,0.18764416542894988,0.0976586658787855,336.1486669921875,338.0,222.86935424804688,88.6662455642421,-0.09175767062117757,False,True,True,True,49.79003905418828,337.9732666015625,0.9667477116704806,0.9080456326716373,0.0,88.8810043334961,0.7758620689655172,0.09195436732836271,0.008455605670759458,False
471,HAM,Ferrari,46,3,MEDIUM,15.0,8,89.23999786376953,5221.9348447591965,672,89.37699508666992,1.0,0.5267857142857143,0.5252916732448719,0.18349245120807006,0.0,307.0029116821289,308.0,225.3578109741211,89.12154699272301,-0.11845087104651952,False,True,True,True,44.817005077481255,308.0,0.9864035087719297,0.6141736559963803,0.0,89.37699508666992,0.7931034482758621,0.3858263440036197,0.14886196772719948,False
472,HAM,Ferrari,47,3,MEDIUM,16.0,8,88.99700164794922,5200.49048242718,671,89.12000119686127,1.0,0.5216095380029806,0.5192550896242969,0.18983385680349457,0.0,310.0,310.0,229.0749969482422,88.63169500035788,-0.36530664759133913,False,True,True,True,45.330835765605116,310.0,0.9765255530129672,0.5762679749350968,0.0,89.12000119686127,0.8103448275862069,0.42373202506490315,0.1795488290656037,False
473,HAM,Ferrari,48,3,MEDIUM,17.0,8,88.97899627685547,5192.935173286916,665,89.1089973449707,1.0,0.5278195488721804,0.5201383210408457,0.18809550733540162,0.0,310.0,311.0,223.5102081298828,88.71643191063383,-0.26256436622163903,False,True,True,True,48.98542630256873,310.96600341796875,0.9617038520213578,1.0,0.0,89.1089973449707,0.8275862068965517,0.0,0.0,False
474,HAM,Ferrari,49,3,MEDIUM,18.0,8,89.18599700927734,5214.425060953379,677,89.3239974975586,1.0,0.4948301329394387,0.500906801511803,0.209137444882184,0.17552959012630387,330.57658203125,333.0,218.02500915527344,89.07058224134883,-0.11541476792851313,False,True,True,True,45.07573749621721,332.8972473144531,0.9841008771929824,1.0,0.0,89.3239974975586,0.8448275862068966,0.0,0.0,False
475,HAM,Ferrari,50,3,MEDIUM,19.0,8,88.97799682617188,5212.129672366858,639,89.11599731445312,1.0,0.5226917057902973,0.5096951790710966,0.19930211330108388,0.17865480849804788,328.0,328.0,222.8125,88.78179839275307,-0.19619843341880028,False,True,True,True,50.03685472446572,328.0,0.981140350877193,1.0,0.0,89.11599731445312,0.8620689655172413,0.0,0.0,False
476,HAM,Ferrari,51,3,MEDIUM,20.0,8,88.93699645996094,5197.775812274934,665,89.07499623298645,1.0,0.5172932330827068,0.5127588794610564,0.19224261364288633,0.18274484144411693,331.0,334.0,222.2777862548828,88.45229722924716,-0.4846992307137725,False,True,True,True,43.877195678506844,334.0,0.9642353165522501,1.0,0.0,89.07499623298645,0.8793103448275862,0.0,0.0,False
477,HAM,Ferrari,52,3,MEDIUM,21.0,8,89.625,5241.694774689078,656,89.74600219726562,1.0,0.5274390243902439,0.5180399331371733,0.2205445974764664,0.09404319220265799,333.62241210937503,337.0,224.1407012939453,89.73716675414235,0.11216675414235056,False,True,True,True,43.96229077255195,336.9657287597656,0.9800343249427917,1.0,0.0,89.74600219726562,0.896551724137931,0.0,0.0,False
478,HAM,Ferrari,53,3,MEDIUM,22.0,8,89.04399871826172,5214.830064766328,663,89.183498442173,1.0,0.5369532428355958,0.5254951803979533,0.199599743977951,0.18299346933623095,327.0,327.0,222.2312469482422,88.96361243141615,-0.0803862868455667,False,True,True,True,47.794074809526066,327.0,0.9782799389778795,1.0,0.0,89.183498442173,0.9137931034482759,0.0,0.0,False
479,HAM,Ferrari,54,3,MEDIUM,23.0,8,88.73100280761719,5248.349254649639,653,88.87000274658203,1.0,0.5191424196018377,0.5238101091663563,0.21198393740788946,0.17868795622803502,331.54177734375,334.0,222.5,88.65946269889415,-0.07154010872304184,False,True,True,True,46.895592745152776,333.92047119140625,0.9687309305873378,1.0,0.0,88.87000274658203,0.9310344827586207,0.0,0.0,False
480,HAM,Ferrari,55,3,MEDIUM,24.0,8,88.7959976196289,5219.6868857071,660,88.93499755859375,1.0,0.5318181818181819,0.5259797227827873,0.1979085428932662,0.18576488853628859,329.0,330.0,225.5,88.5937086060216,-0.202289013607313,False,True,True,True,45.50714334785317,330.0,0.9646834477498093,1.0,0.0,88.93499755859375,0.9482758620689655,0.0,0.0,False
481,HAM,Ferrari,56,3,MEDIUM,25.0,8,89.62300109863281,5228.281845203757,670,89.76200103759766,1.0,0.5268656716417911,0.5302912445384876,0.21880082484189717,0.0,307.0,309.0,224.0,89.5104731434405,-0.11252795519230574,False,True,True,True,41.01608788057671,308.9135437011719,0.9768545003813882,0.7012099154419124,0.0,89.76200103759766,0.9655172413793104,0.29879008455808764,0.08927551463022916,False
482,HAM,Ferrari,57,3,MEDIUM,26.0,8,89.02200317382812,5212.115124942166,660,89.16200256347656,1.0,0.5196969696969697,0.5118547713492037,0.20189105112486547,0.0,310.0,311.0,228.0,88.87136490156949,-0.15063827225863236,False,True,True,True,48.401937618008446,310.89544677734375,0.9792763157894737,0.9984298312552057,0.0,89.16200256347656,0.9827586206896551,0.0015701687447943202,2.465429887128971e-06,False
483,HAM,Ferrari,58,3,MEDIUM,27.0,8,89.51100158691406,5209.789373035909,659,89.64900207519531,1.0,0.48254931714719274,0.4822139754745213,0.22574706348016257,0.0,312.0,315.0,222.75375366210938,89.33257397966831,-0.17842760724575157,False,True,True,True,51.351599634798696,314.9856872558594,0.9533991228070176,0.04572270871796321,0.0,89.64900207519531,1.0,0.9542772912820368,0.9106451486565812,True
484,HUL,Kick Sauber,2,1,SOFT,2.0,18,91.81300354003906,5217.762612460614,697,91.9390037059784,1.0,0.4748923959827834,0.4806448758765657,0.19491190152621984,0.17534447650504015,335.0,337.0,212.0,91.79606647523286,-0.016937064806199942,False,True,True,True,45.93993431321384,336.998291015625,0.9093440122044241,1.0,0.0,91.9390037059784,0.034482758620689655,0.0,0.0,False
485,HUL,Kick Sauber,3,1,SOFT,3.0,18,90.51499938964844,5199.627204080374,691,90.64800262451172,1.0,0.4963820549927641,0.4993491831570566,0.20164816227696786,0.16989893459659478,341.26213378906255,346.0,219.0,90.11705545251672,-0.39794393713171416,False,True,True,True,46.56107919093102,345.78369140625,0.957656369183829,1.0,0.0,90.64800262451172,0.05172413793103448,0.0,0.0,False
486,HUL,Kick Sauber,4,1,SOFT,4.0,18,90.572998046875,5213.573583093286,676,90.70699691772461,1.0,0.5014792899408284,0.5121654222895292,0.177704052161856,0.16977745881275338,333.43548583984375,335.0,217.6624984741211,90.44445819429751,-0.12853985257748946,True,True,True,True,40.75663136649685,334.9654846191406,0.9537185354691076,1.0,0.0,90.70699691772461,0.06896551724137931,0.0,0.0,False
487,HUL,Kick Sauber,5,1,SOFT,5.0,18,90.7760009765625,5222.693067147702,687,90.9020004272461,1.0,0.4774381368267831,0.48794312566813436,0.19186601693184735,0.16676201101714042,340.0147668457031,345.0,215.0,90.60853104045853,-0.16746993610396999,False,True,True,True,49.22562025611728,344.96685791015625,0.9283514492753623,1.0,0.0,90.9020004272461,0.08620689655172414,0.0,0.0,False
488,HUL,Kick Sauber,6,1,SOFT,6.0,18,90.25499725341797,5205.058120753765,671,90.38799667358398,1.0,0.5216095380029806,0.5220937046351055,0.16196845484792763,0.17126167314161062,332.7649932861328,335.0,220.0,90.01388787693347,-0.24110937648450204,False,True,True,True,44.54742517308077,334.9776916503906,0.951067887109077,1.0,0.0,90.38799667358398,0.10344827586206896,0.0,0.0,False
489,HUL,Kick Sauber,9,2,HARD,2.0,19,88.44200134277344,5229.326608469352,658,88.56900133192539,1.0,0.5531914893617021,0.5487360562424921,0.16485454274932718,0.18424049874521747,324.12496612548824,325.0,223.91194915771484,88.38325308047256,-0.05874826230088104,False,True,True,True,38.402368856193426,325.0,0.9588625095347063,0.9229414388033185,0.0,88.56900133192539,0.15517241379310345,0.07705856119668153,0.005938021853702713,False
490,HUL,Kick Sauber,10,2,HARD,3.0,19,89.00299835205078,5237.871778727397,691,89.1349983215332,1.0,0.5542691751085383,0.5690243826500709,0.16739780272406238,0.0,308.0,309.0,227.20004272460938,89.01249009204275,0.009491739991972281,False,True,True,True,46.97045353741207,308.9748840332031,0.9821176582761252,1.0,0.0,89.1349983215332,0.1724137931034483,0.0,0.0,False
491,HUL,Kick Sauber,11,2,HARD,4.0,19,89.41799926757812,5220.593408664705,689,89.54499816894531,1.0,0.5616835994194485,0.5655481527739744,0.15454795570222382,0.0,307.0,307.0,224.4100341796875,89.21107249139752,-0.20692677618060884,False,True,True,True,43.819883615782565,307.0,0.9631292906178489,1.0,0.0,89.54499816894531,0.1896551724137931,0.0,0.0,False
492,HUL,Kick Sauber,12,2,HARD,5.0,19,89.16400146484375,5229.597459378279,676,89.29200172424316,1.0,0.5532544378698225,0.5566679394143617,0.14650797371980717,0.0,306.60938262939453,309.0,226.1374969482422,89.14174878401182,-0.022252680831925886,False,True,True,True,45.69001011891894,308.8795471191406,0.933476353928299,1.0,0.0,89.29200172424316,0.20689655172413793,0.0,0.0,False
493,HUL,Kick Sauber,13,2,HARD,6.0,19,89.43599700927734,5233.358393336177,655,89.56499576568604,1.0,0.566412213740458,0.5556634856757983,0.15675757318757283,0.0,308.0,309.0,231.0,89.2950661200671,-0.14093088921023877,False,True,True,True,43.19394688580165,309.0,0.9242658276125096,1.0,0.0,89.56499576568604,0.22413793103448276,0.0,0.0,False
494,HUL,Kick Sauber,14,2,HARD,7.0,18,89.47799682617188,5215.7568414380185,678,89.60999298095703,1.0,0.5545722713864307,0.5460552308694471,0.17494698811300904,0.0,309.02774200439455,310.0,225.4015655517578,89.17416017966477,-0.30383664650710784,False,True,True,True,47.33493631369375,309.99822998046875,0.9544574752097635,0.9869545796101967,0.0,89.60999298095703,0.2413793103448276,0.013045420389803275,0.00017018299314669504,False
495,HUL,Kick Sauber,15,2,HARD,8.0,16,89.48799896240234,5210.206268876992,680,89.61599731445312,1.0,0.5529411764705883,0.5428606148160231,0.1486564893444217,0.0,310.34254516601567,312.0,223.0,89.30389731072697,-0.18410165167537684,False,True,True,True,41.17515062369487,311.8760070800781,0.9228403890160183,0.8851879529463617,0.0,89.61599731445312,0.25862068965517243,0.11481204705363834,0.013181806148646865,False
496,HUL,Kick Sauber,16,2,HARD,9.0,14,89.2020034790039,5211.617909508228,667,89.33300113677979,1.0,0.5517241379310345,0.5342705598971207,0.14687743111124862,0.0,311.14960083007816,312.0,224.0,89.04408972510974,-0.15791375389416373,False,True,True,True,43.7368100276272,312.0,0.9363367658276124,0.9923880333170777,0.0,89.33300113677979,0.27586206896551724,0.0076119666829223,5.794203678191912e-05,False
497,HUL,Kick Sauber,17,2,HARD,10.0,13,89.14399719238281,5212.841788910586,672,89.27399826049805,1.0,0.5491071428571429,0.5469341539756856,0.15863518599159931,0.0,312.24027252197266,313.0,223.984375,88.88406684407133,-0.2599303483114852,False,True,True,True,45.419067378316655,313.0,0.9237175819984745,0.9976476909039719,0.0,89.27399826049805,0.29310344827586204,0.0023523090960281268,5.533358083256663e-06,False
498,HUL,Kick Sauber,18,2,HARD,11.0,13,89.60099792480469,5227.138109918476,663,89.73099899291992,1.0,0.55052790346908,0.5442266429341545,0.17162418567663232,0.0,310.0,311.0,226.0,89.58056166344744,-0.020436261357247076,False,True,True,True,47.11223709549285,310.9560546875,0.9288806254767353,0.9985512134092535,0.0,89.73099899291992,0.3103448275862069,0.0014487865907465425,2.0989825855269896e-06,False
499,HUL,Kick Sauber,19,2,HARD,12.0,12,89.73600006103516,5232.112224362851,664,89.86600112915039,1.0,0.5316265060240963,0.523279085665477,0.17447088618040546,0.17448198652227478,329.0,329.0,220.38351440429688,89.79322281327376,0.057222752238601515,False,True,True,True,46.4776602103018,329.0,0.9437023264683448,0.9963501212367454,0.0,89.86600112915039,0.3275862068965517,0.0036498787632546215,1.3321614986457086e-05,False
500,HUL,Kick Sauber,20,2,HARD,13.0,11,90.48500061035156,5222.997518181671,698,90.61400032043457,1.0,0.502865329512894,0.488787683180582,0.16905780568859033,0.17656210503223752,332.0,333.0,220.0500030517578,90.49376751692068,0.008766906569121602,False,True,True,True,40.24492541337829,332.9659729003906,0.915255530129672,0.993819940177023,0.0,90.61400032043457,0.3448275862068966,0.00618005982297698,3.819313941557426e-05,False
501,HUL,Kick Sauber,21,2,HARD,14.0,10,91.70600128173828,5210.375935419641,693,91.83600234985352,1.0,0.4906204906204906,0.47591357128903294,0.20907921737730056,0.17247047333589569,334.2811376953125,337.0,219.0,91.40622918864656,-0.29977209309171826,False,True,True,True,38.11573434246978,336.92132568359375,0.9058352402745995,1.0,0.0,91.83600234985352,0.3620689655172414,0.0,0.0,False
502,HUL,Kick Sauber,22,2,HARD,15.0,10,90.73200225830078,5213.177816347919,687,90.86199951171875,1.0,0.5109170305676856,0.5043031953411169,0.1734717894314975,0.17742293020072103,332.22908081054686,334.0,217.0,90.67491079739172,-0.057091460909063585,True,True,True,True,43.37135312913707,333.9862060546875,0.9123236079328757,1.0,0.0,90.86199951171875,0.3793103448275862,0.0,0.0,False
503,HUL,Kick Sauber,23,2,HARD,16.0,11,90.90799713134766,5206.213931574852,692,91.03799724578857,1.0,0.5072254335260116,0.49755050161764175,0.17838709195205515,0.18014453532961816,337.924157409668,339.0,215.31998443603516,90.70577401633945,-0.20222311500820922,False,True,True,True,50.072185966892334,338.9320983886719,0.9717009916094584,1.0,0.0,91.03799724578857,0.39655172413793105,0.0,0.0,False
504,HUL,Kick Sauber,24,2,HARD,17.0,12,91.27300262451172,5217.722960965285,672,91.40400314331055,1.0,0.46279761904761907,0.4793336277891196,0.17900752914808143,0.1794232096467048,324.7539874267578,325.0,210.17381286621094,91.14674305671714,-0.1262595677945768,False,True,True,True,34.23241313875805,325.0,0.8562023264683448,1.0,0.0,91.40400314331055,0.41379310344827586,0.0,0.0,False
505,HUL,Kick Sauber,25,2,HARD,18.0,12,90.11299896240234,5210.698260196747,688,90.24199914932251,1.0,0.5174418604651163,0.5151481399675645,0.17243629576351036,0.17732320825736,328.0316906738281,329.0,221.78124237060547,89.74926907866234,-0.3637298837400067,False,True,True,True,42.79281944196974,328.93231201171875,0.9376620900076277,1.0,0.0,90.24199914932251,0.43103448275862066,0.0,0.0,False
506,HUL,Kick Sauber,26,2,HARD,19.0,12,89.97899627685547,5213.018033621072,678,90.11000061035156,1.0,0.523598820058997,0.5285761506026044,0.201986403785724,0.17488627875712753,329.14977172851565,330.0,217.5,89.67409235242492,-0.3049039244305476,False,True,True,True,47.92548820012057,330.0,0.9312929061784897,1.0,0.0,90.11000061035156,0.4482758620689655,0.0,0.0,False
507,HUL,Kick Sauber,27,2,HARD,20.0,12,90.35299682617188,5202.030482951165,665,90.48399925231934,1.0,0.524812030075188,0.5206554719230264,0.17458333662698997,0.17638478762765555,333.0509985351562,334.0,217.0,89.89171005432793,-0.4612867718439446,False,True,True,True,48.37344529571562,334.0,0.9621519832189168,1.0,0.0,90.48399925231934,0.46551724137931033,0.0,0.0,False
508,HUL,Kick Sauber,28,2,HARD,21.0,12,90.57499694824219,5220.292009981275,671,90.70699691772461,1.0,0.5156482861400894,0.5064989363198665,0.18832072747436265,0.17686617143912126,336.29999999999995,338.0,217.625,90.64626067268304,0.07126372444085405,False,True,True,True,47.60400290469848,338.0,0.9344918001525553,1.0,0.0,90.70699691772461,0.4827586206896552,0.0,0.0,False
509,HUL,Kick Sauber,29,2,HARD,22.0,12,90.572998046875,5230.149203612984,695,90.70099818706512,1.0,0.5107913669064749,0.5097297518478022,0.17860884760637327,0.1794688063339428,333.5702758789062,335.0,219.0,90.43915442515389,-0.13384362172111253,True,True,True,True,49.05357059430647,334.99530029296875,0.9478785278413424,1.0,0.0,90.70099818706512,0.5,0.0,0.0,False
510,HUL,Kick Sauber,30,2,HARD,23.0,12,90.51899719238281,5213.894723864079,677,90.6459971666336,1.0,0.5302806499261448,0.5150474891404846,0.18490603112371506,0.17695209396497172,328.26092529296875,329.0,218.0,90.24740001234805,-0.2715971800347603,False,True,True,True,42.42885892355678,329.0,0.951706712433257,1.0,0.0,90.6459971666336,0.5172413793103449,0.0,0.0,False
511,HUL,Kick Sauber,31,2,HARD,24.0,13,91.7239990234375,5220.00694641164,695,91.85700130462646,1.0,0.520863309352518,0.5090738205705047,0.1911885143547984,0.16980741098902277,333.78938354492186,336.0,218.26943969726562,91.58737498328227,-0.1366240401552261,False,True,True,True,42.34453784801967,335.84722900390625,0.9833237986270023,1.0,0.0,91.85700130462646,0.5344827586206896,0.0,0.0,False
512,HUL,Kick Sauber,32,2,HARD,25.0,11,90.1520004272461,5215.052783346385,695,90.27799987792969,1.0,0.5237410071942447,0.5188971350938121,0.17192454135150773,0.1776844899964658,332.64833679199216,336.0,216.96856689453125,89.89899625913355,-0.2530041681125397,False,True,True,True,44.387832500577105,335.8924865722656,0.908776697177727,0.9915704818646592,0.0,90.27799987792969,0.5517241379310345,0.008429518135340763,7.105677599403882e-05,False
513,HUL,Kick Sauber,33,2,HARD,26.0,11,90.90699768066406,5222.0492944704,704,91.03299713134766,1.0,0.5383522727272727,0.5393209404522021,0.17623283411319107,0.0,307.01515625,308.0,219.01020050048828,90.69135140414033,-0.21564627652372792,False,True,True,True,47.57499801818945,307.9857177734375,0.9242658276125096,0.9807432466081719,0.0,91.03299713134766,0.5689655172413793,0.019256753391828085,0.0003708225511936825,False
514,HUL,Kick Sauber,34,2,HARD,27.0,11,90.06300354003906,5220.589873714685,667,90.19000482559204,1.0,0.5487256371814093,0.5393170297541665,0.17071729474745473,0.0,308.1501715087891,309.0,223.8333282470703,89.95231121896819,-0.11069232107087146,False,True,True,True,45.589269263083594,309.0,0.9464530892448512,1.0,0.0,90.19000482559204,0.5862068965517241,0.0,0.0,False
515,HUL,Kick Sauber,35,2,HARD,28.0,11,89.61100006103516,5226.419291732313,681,89.73699951171875,1.0,0.5594713656387665,0.559791390424152,0.14708526490544813,0.0,309.0,310.0,224.0,89.51747241536258,-0.0935276456725802,False,True,True,True,47.32302078032147,309.966552734375,0.9680730358504958,0.9799525727239771,0.0,89.73699951171875,0.603448275862069,0.020047427276022933,0.0004018993403874283,False
516,HUL,Kick Sauber,36,2,HARD,29.0,11,89.38300323486328,5224.519871937409,666,89.50900340080261,1.0,0.5525525525525525,0.5478108262743161,0.165815609940262,0.0,312.0,313.0,228.0,89.16936118322309,-0.21364205164019268,False,True,True,True,46.35836908035184,313.0,0.9625810450038138,0.9836999678428329,0.0,89.50900340080261,0.6206896551724138,0.016300032157167132,0.0002656910483246826,False
517,HUL,Kick Sauber,37,2,HARD,30.0,11,89.4229965209961,5214.313348964695,669,89.55799674987793,1.0,0.5455904334828101,0.5530271765137517,0.16125863056758968,0.0,312.0,313.0,225.0,89.03361271197392,-0.38938380902217773,False,True,True,True,37.64548208352693,313.0,0.9428060640732266,0.3619218760552175,0.0,89.55799674987793,0.6379310344827587,0.6380781239447826,0.40714369225689334,False
518,HUL,Kick Sauber,38,2,HARD,31.0,11,89.69300079345703,5195.853894027711,649,89.82900190353394,1.0,0.5546995377503852,0.5486090402566984,0.1763016985565698,0.0,312.9302880859375,314.0,219.99502563476562,89.08483847825948,-0.6081623151975464,False,True,True,True,47.401909523268785,313.9783020019531,0.9620327993897787,1.0,0.0,89.82900190353394,0.6551724137931034,0.0,0.0,False
519,HUL,Kick Sauber,39,2,HARD,32.0,11,89.8219985961914,5223.042629745485,669,89.9469985961914,1.0,0.5530642750373692,0.533002828653179,0.17743778527953566,0.0,316.37968872070314,318.0,222.0,89.56613120520652,-0.2558673909848892,False,True,True,True,49.115839952021524,317.9714660644531,0.915265064836003,1.0,0.0,89.9469985961914,0.6724137931034483,0.0,0.0,False
520,HUL,Kick Sauber,40,2,HARD,33.0,11,89.95999908447266,5219.925154938042,678,90.09499910473824,1.0,0.532448377581121,0.52669955621161,0.16293918833558915,0.0,316.12020111083984,317.0,223.5124969482422,89.86524943159955,-0.0947496528731051,False,True,True,True,41.28812395578107,317.0,0.9600591151792525,0.9709528340025965,0.0,90.09499910473824,0.6896551724137931,0.029047165997403535,0.0008437378524807161,False
521,HUL,Kick Sauber,41,2,HARD,34.0,11,90.2229995727539,5220.558441630908,702,90.34700012207031,1.0,0.5356125356125356,0.5258834642435096,0.17447179572101312,0.0,316.9938189697266,318.0,222.2140655517578,90.01566023115582,-0.20733934159808598,False,True,True,True,42.43507424317654,317.89654541015625,0.9687309305873378,0.9446025075912252,0.0,90.34700012207031,0.7068965517241379,0.055397492408774784,0.00306888216518026,False
522,HUL,Kick Sauber,44,3,MEDIUM,2.0,18,87.1719970703125,5197.100751287938,661,87.29499816894531,1.0,0.5688350983358548,0.5599404558496687,0.15898966017970745,0.0,309.6909912109375,311.0,235.0,86.38968109831198,-0.782315972000518,False,True,True,True,44.82508743040846,310.9858703613281,0.9603785278413425,0.0,0.0,87.29499816894531,0.7586206896551724,1.0,1.0,True
523,HUL,Kick Sauber,45,3,MEDIUM,3.0,18,87.5739974975586,5228.477353461862,677,87.69699811935425,1.0,0.5864106351550961,0.5887545606590388,0.16240010850727543,0.0,307.0,308.0,230.0642852783203,87.59611621469818,0.022118717139591126,False,True,True,True,40.73294209405437,307.9962158203125,0.9415999237223494,0.21631299988225472,0.0,87.69699811935425,0.7758620689655172,0.7836870001177453,0.6141653141535509,False
524,HUL,Kick Sauber,46,3,MEDIUM,4.0,17,87.05000305175781,5222.258445826363,652,87.17300415039062,1.0,0.5598159509202454,0.569258940621078,0.16378919918186163,0.10001949511374994,329.0,330.0,228.2750015258789,86.9710505546254,-0.0789524971324056,False,True,True,True,49.62506564608354,329.87518310546875,0.9790379481311975,0.43652277186822264,0.0,87.17300415039062,0.7931034482758621,0.5634772281317774,0.3175065866230711,False
525,HUL,Kick Sauber,47,3,MEDIUM,5.0,17,87.54100036621094,5214.7755358720715,670,87.66300201416016,1.0,0.5985074626865672,0.5958044608149665,0.1615391565308244,0.0,308.04908081054685,309.0,230.0,87.22107915838087,-0.3199212078300633,False,True,True,True,49.426901096627226,309.0,0.9362271167048055,0.07184335472989291,0.0,87.66300201416016,0.8103448275862069,0.9281566452701071,0.8614747581590594,True
526,HUL,Kick Sauber,48,3,MEDIUM,6.0,17,87.83100128173828,5216.1996513807035,646,87.96900177001953,1.0,0.586687306501548,0.5881616484709425,0.1546112866321552,0.0,308.8683380126953,310.0,229.4806900024414,87.62533828513213,-0.20566299660615073,False,True,True,True,46.251882592992345,309.9063415527344,0.9685020976353927,1.0,0.0,87.96900177001953,0.8275862068965517,0.0,0.0,False
527,HUL,Kick Sauber,49,3,MEDIUM,7.0,17,89.02100372314453,5192.099648310207,673,89.15900421142578,1.0,0.5482912332838039,0.5411007683046972,0.1601632129779196,0.09643445043828862,338.5406396484375,342.0,221.5279541015625,88.79108295092618,-0.2299207722183496,False,True,True,True,48.893530835543615,340.0,0.9737843249427917,1.0,0.0,89.15900421142578,0.8448275862068966,0.0,0.0,False
528,HUL,Kick Sauber,50,3,MEDIUM,8.0,16,87.97699737548828,5203.37924180329,636,88.11599731445312,1.0,0.5613207547169812,0.5571973564531575,0.1756775648640552,0.18339462004547366,333.0,336.0,223.078125,87.84132071757593,-0.13567665791235584,False,True,True,True,48.114035219289875,335.3929138183594,0.9662090007627765,1.0,0.0,88.11599731445312,0.8620689655172413,0.0,0.0,False
529,HUL,Kick Sauber,51,3,MEDIUM,9.0,15,88.24400329589844,5218.909585124969,665,88.36500549316406,1.0,0.5954887218045113,0.5813387602918898,0.15619306716318812,0.19512247610078173,329.0,330.0,225.0,88.21532428199706,-0.028679013901381722,False,True,True,True,47.85131892463643,329.97613525390625,0.9479691075514873,0.6481524891086978,0.0,88.36500549316406,0.8793103448275862,0.3518475108913022,0.123796670920405,False
530,HUL,Kick Sauber,52,3,MEDIUM,10.0,15,87.74199676513672,5217.776610457484,636,87.88099670410156,1.0,0.6116352201257862,0.6067751519307063,0.1579294862857372,0.0,307.0,308.0,228.4093780517578,87.52051120782863,-0.2214855573080854,False,True,True,True,45.250151315378275,307.998291015625,0.9693792906178489,0.4939520284253362,0.0,87.88099670410156,0.896551724137931,0.5060479715746637,0.2560845495348317,False
531,HUL,Kick Sauber,53,3,MEDIUM,11.0,15,88.41000366210938,5200.337436856234,658,88.54900360107422,1.0,0.5714285714285714,0.5708929723051155,0.16894601162558767,0.08899028501343452,316.42999999999995,318.0,225.89303588867188,88.15635211593406,-0.2536515461753197,False,True,True,True,50.83915499448308,310.0538635253906,0.9851973684210527,1.0,0.0,88.54900360107422,0.9137931034482759,0.0,0.0,False
532,HUL,Kick Sauber,54,3,MEDIUM,12.0,14,88.37899780273438,5203.958645765366,644,88.51799774169922,1.0,0.5714285714285714,0.5675342284384788,0.16990888702784834,0.18213249244908156,337.91486083984375,340.0,224.5419158935547,88.21134680205351,-0.1676510006808627,False,True,True,True,52.97201599725959,339.95452880859375,0.9735745614035087,1.0,0.0,88.51799774169922,0.9310344827586207,0.0,0.0,False
533,HUL,Kick Sauber,55,3,MEDIUM,13.0,13,88.0530014038086,5223.067197306633,669,88.17399978637695,1.0,0.5799701046337817,0.5774717858458525,0.17238642683518007,0.09754576012193325,326.0,327.0,226.2825469970703,88.04746232522037,-0.005539078588228108,False,True,True,True,46.56164493173115,326.8774719238281,0.9485173531655224,0.9208269907548514,0.0,88.17399978637695,0.9482758620689655,0.07917300924514858,0.006268365392932383,False
534,HUL,Kick Sauber,56,3,MEDIUM,14.0,13,89.05400085449219,5207.634161153623,662,89.19400024414062,1.0,0.5362537764350453,0.5445657233152531,0.18609989161596313,0.17983269117794484,332.0,334.0,221.35785675048828,88.92393687249293,-0.13006398199925684,False,True,True,True,49.235185559898106,333.8958435058594,0.9816885964912281,1.0,0.0,89.19400024414062,0.9655172413793104,0.0,0.0,False
535,HUL,Kick Sauber,57,3,MEDIUM,15.0,12,89.1709976196289,5206.423422498943,657,89.31099700927734,1.0,0.5388127853881278,0.5431357182250285,0.17063972070799238,0.17869017546386431,342.0,344.0,219.7142791748047,88.79697870836424,-0.37401891126467035,False,True,True,True,50.17124659983757,344.0,0.9798245614035088,0.7064191613124394,0.0,89.31099700927734,0.9827586206896551,0.2935808386875606,0.08618970884449147,False
536,HUL,Kick Sauber,58,3,MEDIUM,16.0,11,88.10700225830078,5209.775733210565,645,88.23800086975098,1.0,0.5891472868217055,0.5811555294963212,0.13734450698060238,0.09520840212160596,329.7227465820312,331.0,231.0,88.08160980361392,-0.025392454686866017,False,True,True,True,44.4119170980414,331.0,0.9669860793287567,0.4402071456942369,0.0,88.23800086975098,1.0,0.5597928543057631,0.3133680397317933,False
537,LAW,Racing Bulls,2,1,MEDIUM,2.0,11,90.79900360107422,5216.982925466717,690,90.92500305175781,1.0,0.47681159420289854,0.4666703292793707,0.19883425498597804,0.1610117898370175,331.63576232910157,333.0,211.64151000976562,90.59040330166157,-0.20860029941265168,False,True,True,True,38.927530491046966,333.0,0.8791809687261632,1.0,0.0,90.92500305175781,0.034482758620689655,0.0,0.0,False
538,LAW,Racing Bulls,3,1,MEDIUM,3.0,11,90.46600341796875,5213.885783440844,688,90.59900665283203,1.0,0.47819767441860467,0.4862636340080369,0.18369962407556786,0.16113862130276624,334.06855072021483,335.0,215.0,90.5609205051195,0.09491708715074765,False,True,True,True,43.27747066537694,335.0,0.896524599542334,1.0,0.0,90.59900665283203,0.05172413793103448,0.0,0.0,False
539,LAW,Racing Bulls,4,1,MEDIUM,4.0,11,90.66100311279297,5209.00995096812,677,90.79500350356102,1.0,0.49926144756277696,0.49134876624368923,0.1797455704066815,0.08018063115510517,337.0,337.0,218.7688446044922,90.56248022029678,-0.09852289249619162,True,True,True,True,39.68770203696232,337.0,0.9147358886346301,1.0,0.0,90.79500350356102,0.06896551724137931,0.0,0.0,False
540,LAW,Racing Bulls,5,1,MEDIUM,5.0,11,90.21900177001953,5175.902406036916,685,90.34500122070312,1.0,0.5197080291970803,0.5184680356283304,0.16603031553746506,0.16558750010555917,326.0,327.0,213.19403076171875,89.86121049152847,-0.35779127849106374,True,True,True,True,37.39135780153165,327.0,0.945137299771167,1.0,0.0,90.34500122070312,0.08620689655172414,0.0,0.0,False
541,LAW,Racing Bulls,6,1,MEDIUM,6.0,11,90.32499694824219,5206.771303025156,670,90.45799255371094,1.0,0.49402985074626865,0.49304647299247417,0.17775102559690836,0.15873665606489598,331.0,332.0,215.61515045166016,90.39307775065656,0.06808080241437153,False,True,True,True,39.14225784114569,331.9508972167969,0.8975114416475973,1.0,0.0,90.45799255371094,0.10344827586206896,0.0,0.0,False
542,LAW,Racing Bulls,7,1,MEDIUM,7.0,11,90.53700256347656,5193.0716813468935,677,90.67000007629395,1.0,0.5007385524372231,0.4910776888950932,0.19232387680105553,0.16498287982632884,332.42615356445316,335.0,218.0,90.3315059030632,-0.20549666041335968,False,True,True,True,41.149542894831455,334.9659423828125,0.9013491609458429,1.0,0.0,90.67000007629395,0.1206896551724138,0.0,0.0,False
543,LAW,Racing Bulls,8,1,MEDIUM,8.0,11,90.33999633789062,5196.11071380635,697,90.4679946899414,1.0,0.5121951219512195,0.514038055558437,0.19411280327135988,0.16050980192735242,333.0,334.0,212.94459533691406,90.11489137086207,-0.22510496702855676,False,True,True,True,44.81797319036826,334.0,0.908385774218154,1.0,0.0,90.4679946899414,0.13793103448275862,0.0,0.0,False
544,LAW,Racing Bulls,9,1,MEDIUM,9.0,11,90.35299682617188,5201.6597294642925,678,90.47999572753906,1.0,0.5191740412979351,0.5096374575505291,0.1922856524119192,0.1626768619037364,330.4834716796875,333.0,214.5472412109375,90.20416339915053,-0.14883342702134428,False,True,True,True,40.58152979513104,333.0,0.902226353928299,1.0,0.0,90.47999572753906,0.15517241379310345,0.0,0.0,False
545,LAW,Racing Bulls,10,1,MEDIUM,10.0,11,90.55000305175781,5193.045984310732,696,90.68199920654297,1.0,0.507183908045977,0.5144240980530581,0.17202978330321775,0.16275557340307664,330.5557205200195,332.0,209.77999877929688,90.36399642383672,-0.18600662792108835,False,True,True,True,41.4177288343066,332.0,0.877965293668955,1.0,0.0,90.68199920654297,0.1724137931034483,0.0,0.0,False
546,LAW,Racing Bulls,11,1,MEDIUM,11.0,11,90.66899871826172,5176.390369761926,700,90.7969970703125,1.0,0.5057142857142857,0.511096262615806,0.17884950450149165,0.157273910372152,330.82676208496093,332.0,211.11260986328125,90.3517935606527,-0.317205157609024,False,True,True,True,41.273670008980496,332.0,0.9129719679633866,1.0,0.0,90.7969970703125,0.1896551724137931,0.0,0.0,False
547,LAW,Racing Bulls,12,1,MEDIUM,12.0,11,90.91000366210938,5187.8094051665075,693,91.03750610351562,1.0,0.5050505050505051,0.4935164554809617,0.19684189599335192,0.16213096066966196,330.0584008789063,332.0,214.09971618652344,90.79683350277173,-0.11317015933764196,False,True,True,True,39.15005311394666,332.0,0.866323417238749,1.0,0.0,91.03750610351562,0.20689655172413793,0.0,0.0,False
548,LAW,Racing Bulls,13,1,MEDIUM,13.0,11,91.04499816894531,5187.178820611804,670,91.17399787902832,1.0,0.5074626865671642,0.5042556307883072,0.2031170122033789,0.08204092960978805,329.2081393432617,331.0,212.875,90.9339180856347,-0.11108008331061114,False,True,True,True,42.52799128915093,330.8819885253906,0.9072702135774219,1.0,0.0,91.17399787902832,0.22413793103448276,0.0,0.0,False
549,LAW,Racing Bulls,14,1,MEDIUM,14.0,11,91.322998046875,5196.52800836277,689,91.45299530029297,1.0,0.5224963715529753,0.5265982812984512,0.17581703801149368,0.0,311.0,312.0,211.2105255126953,91.35605137443163,0.0330533275566296,False,True,True,True,43.886827803890554,311.9385070800781,0.9121043096872615,0.9890654210207503,0.0,91.45299530029297,0.2413793103448276,0.010934578979249654,0.0001195650174534484,False
550,LAW,Racing Bulls,15,1,MEDIUM,15.0,9,91.04900360107422,5204.548104020656,688,91.17700576782227,1.0,0.5043604651162791,0.5168628659576039,0.19172594989311342,0.0,310.0,311.0,215.5625,90.99920606154217,-0.049797539532050905,False,True,True,True,41.60396638634683,311.0,0.9014492753623188,0.7943341447013483,0.0,91.17700576782227,0.25862068965517243,0.20566585529865167,0.04229844403572593,False
551,LAW,Racing Bulls,16,1,MEDIUM,16.0,8,91.36599731445312,5202.851485751271,683,91.49599838256836,1.0,0.5285505124450952,0.5206783926972745,0.1845107178294282,0.0,307.4306372070312,308.0,217.0,91.30624018366865,-0.059757130784475976,False,True,True,True,39.30650055045021,308.0,0.883895881006865,0.968916687933318,0.0,91.49599838256836,0.27586206896551724,0.031083312066682023,0.0009661722890347402,False
552,LAW,Racing Bulls,17,1,MEDIUM,17.0,5,91.34300231933594,5194.288586084188,692,91.47300338745117,1.0,0.5274566473988439,0.5143156781036685,0.18544277351705332,0.0,306.09278076171876,307.0,223.0,91.04748001320638,-0.29552230612955555,False,True,True,True,44.26090217410284,307.0,0.8901013857106536,0.0313644447191281,0.0,91.47300338745117,0.29310344827586204,0.9686355552808719,0.938254838954283,True
553,LAW,Racing Bulls,18,1,MEDIUM,18.0,5,91.4260025024414,5215.606705679,676,91.55699920654297,1.0,0.5207100591715976,0.5254431663350015,0.20313026668174375,0.08038708863478776,320.0,322.0,216.34349060058594,91.52826784585534,0.1022653434139329,False,True,True,True,40.38461528442781,308.82135009765625,0.9195699847444699,0.4337079214393263,0.0,91.55699920654297,0.3103448275862069,0.5662920785606738,0.3206867182405683,False
554,LAW,Racing Bulls,19,1,MEDIUM,19.0,6,91.81500244140625,5201.722111654152,678,91.94500255584717,1.0,0.5250737463126843,0.5174615226470858,0.19273476311490922,0.08830282310304984,321.0790625,323.0,215.83929443359375,91.56773269671035,-0.2472697446958989,False,True,True,True,39.34892204435138,309.5516052246094,0.9293287566742944,0.5417042871613742,0.0,91.94500255584717,0.3275862068965517,0.4582957128386258,0.21003496040626415,False
555,LAW,Racing Bulls,20,1,MEDIUM,20.0,6,91.88400268554688,5198.803711282045,708,92.01300430297852,1.0,0.5155367231638418,0.504222257503185,0.17825749937076754,0.0773803549380931,311.0,312.0,213.40625,91.84645399724201,-0.03754868830486657,False,True,True,True,43.07718952840707,304.94366455078125,0.926697177726926,0.9944573049040237,0.0,92.01300430297852,0.3448275862068966,0.005542695095976269,3.072146892695938e-05,False
556,LAW,Racing Bulls,23,2,HARD,2.0,20,89.82599639892578,5209.894137927957,675,89.95599699020386,1.0,0.5244444444444445,0.5164747121753388,0.17341806725748163,0.0,302.24808227539063,304.0,227.0,89.54049321725023,-0.28550318167555133,False,True,True,True,41.2272998409653,303.9018249511719,0.9122044241037376,0.0,0.0,89.95599699020386,0.39655172413793105,1.0,1.0,True
557,LAW,Racing Bulls,24,2,HARD,3.0,20,89.26000213623047,5212.1868277461535,673,89.39100456237793,1.0,0.5319465081723626,0.5323689657786582,0.16286877437381833,0.0,306.0,307.0,223.0,89.17197028429673,-0.08803185193373508,False,True,True,True,44.421537185754524,307.0,0.9027841342486651,0.0,0.0,89.39100456237793,0.41379310344827586,1.0,1.0,True
558,LAW,Racing Bulls,25,2,HARD,4.0,20,89.49800109863281,5223.331192432732,679,89.62700271606445,1.0,0.5463917525773195,0.5379852441868824,0.17900851136239385,0.0,306.0,308.0,223.0,89.5463956669644,0.04839456833158806,False,True,True,True,40.778695928471976,307.8908996582031,0.8991561784897025,0.0,0.0,89.62700271606445,0.43103448275862066,1.0,1.0,True
559,LAW,Racing Bulls,26,2,HARD,5.0,20,89.33699798583984,5218.552488308757,658,89.4699935913086,1.0,0.5258358662613982,0.5196937224668758,0.1623001590089751,0.0,306.0,307.0,224.0,89.27102990013898,-0.06596808570085955,False,True,True,True,40.87441169846356,307.0,0.9044193363844394,0.0,0.0,89.4699935913086,0.4482758620689655,1.0,1.0,True
560,LAW,Racing Bulls,27,2,HARD,6.0,20,89.5009994506836,5228.243344296114,664,89.63199996948242,1.0,0.5376506024096386,0.5303686676023242,0.1802815205470468,0.0,307.12633514404297,308.0,228.74058532714844,89.65434031622826,0.15334086554466353,False,True,True,True,41.785402058110904,308.0,0.9157131960335622,0.0,0.0,89.63199996948242,0.46551724137931033,1.0,1.0,True
561,LAW,Racing Bulls,28,2,HARD,7.0,20,89.55400085449219,5197.655597994477,666,89.68600082397461,1.0,0.53003003003003,0.5289008635109022,0.15296705254432172,0.0,307.0,308.0,221.31185150146484,89.34315762592566,-0.2108432285665316,False,True,True,True,46.222385288446674,308.0,0.9276935545385202,0.0,0.0,89.68600082397461,0.4827586206896552,1.0,1.0,True
562,LAW,Racing Bulls,29,2,HARD,8.0,20,89.66500091552734,5220.311798853725,687,89.79300117492676,1.0,0.5312954876273653,0.5221675481265499,0.1643892377388017,0.0,306.05699035644534,307.0,222.0,89.70267464727226,0.03767373174491695,False,True,True,True,40.67549651105401,307.0,0.9125333714721586,0.0,0.0,89.79300117492676,0.5,1.0,1.0,True
563,LAW,Racing Bulls,30,2,HARD,9.0,20,89.5999984741211,5219.500520996698,673,89.73199844360352,1.0,0.524517087667162,0.522856985410479,0.1689476029648801,0.0,306.5019897460937,308.0,226.0,89.67050426685275,0.0705057927316517,False,True,True,True,45.76013953284415,308.0,0.9032036613272312,0.0,0.0,89.73199844360352,0.5172413793103449,1.0,1.0,True
564,LAW,Racing Bulls,31,2,HARD,10.0,20,89.41600036621094,5214.772634682686,684,89.54300045967102,1.0,0.543859649122807,0.5370491561286226,0.1599120420952052,0.0,307.00690521240233,308.0,225.8142852783203,89.46237431072242,0.0463739445114868,False,True,True,True,38.88099092091043,308.0,0.9193316170861937,0.0,0.0,89.54300045967102,0.5344827586206896,1.0,1.0,True
565,LAW,Racing Bulls,32,2,HARD,11.0,20,89.15799713134766,5219.726727890671,684,89.28299713134766,1.0,0.5116959064327485,0.5258559393628763,0.15950397056150648,0.0,308.00550964355466,310.0,222.55223846435547,89.169566903712,0.011569772364339315,False,True,True,True,45.05595430211924,309.9928283691406,0.8791618993135012,0.0,0.0,89.28299713134766,0.5517241379310345,1.0,1.0,True
566,LAW,Racing Bulls,33,2,HARD,12.0,19,89.44400024414062,5209.179092138983,687,89.56999969482422,1.0,0.537117903930131,0.544412257448157,0.17683373247749873,0.0,310.3823492431641,312.0,222.0,89.34473735082304,-0.09926289331758653,False,True,True,True,45.06232688378057,311.9224853515625,0.9139588100686499,0.5781735022234442,0.0,89.56999969482422,0.5689655172413793,0.4218264977765558,0.17793759422643463,False
567,LAW,Racing Bulls,34,2,HARD,13.0,18,89.4990005493164,5213.007984698296,672,89.62500095367432,1.0,0.5282738095238095,0.5238047002709393,0.17179358604150677,0.0,310.0,311.0,225.07788848876953,89.59263666975534,0.09363612043892999,False,True,True,True,43.78213817174503,311.0,0.9228594584286803,0.06454673602641026,0.0,89.62500095367432,0.5862068965517241,0.9354532639735897,0.8750728090788426,True
568,LAW,Racing Bulls,35,2,HARD,14.0,18,89.26000213623047,5210.552173504322,675,89.38600158691406,1.0,0.5259259259259259,0.5301724726574816,0.16781147912060787,0.0,310.0,311.0,222.90277099609375,89.11319850646724,-0.1468036297632267,False,True,True,True,39.59167228028505,311.0,0.9052869946605644,0.0,0.0,89.38600158691406,0.603448275862069,1.0,1.0,True
569,LAW,Racing Bulls,36,2,HARD,15.0,18,89.35299682617188,5194.965250323446,659,89.48799133300781,1.0,0.5356600910470409,0.5305738847227089,0.16631284864404483,0.0,309.01049743652345,310.0,228.0,88.93875263088958,-0.4142441952822935,False,True,True,True,44.54830291028412,309.91754150390625,0.9061641876430206,0.0,0.0,89.48799133300781,0.6206896551724138,1.0,1.0,True
570,LAW,Racing Bulls,37,2,HARD,16.0,18,89.61599731445312,5200.925457926006,668,89.75099754333496,1.0,0.5449101796407185,0.5313812343547349,0.17471676612644282,0.0,311.0,312.0,227.0,89.41130699874358,-0.20469031570954144,False,True,True,True,49.143704294203424,312.0,0.8903747139588102,0.0,0.0,89.75099754333496,0.6379310344827587,1.0,1.0,True
571,LAW,Racing Bulls,38,2,HARD,17.0,18,89.49600219726562,5208.608960577369,652,89.6310043334961,1.0,0.5444785276073619,0.5297274392530206,0.1718043543581247,0.0,310.25549438476565,312.0,230.0,89.40577432279125,-0.09022787447437963,False,True,True,True,43.90799695799098,311.9485168457031,0.9172482837528605,0.6627952441732142,0.0,89.6310043334961,0.6551724137931034,0.3372047558267858,0.11370704735220222,False
572,LAW,Racing Bulls,39,2,HARD,18.0,17,88.88600158691406,5217.407748996956,671,89.02099990844727,1.0,0.5543964232488823,0.5422203439865264,0.17704802847886777,0.1711955796288541,329.0234375,330.0,222.0,88.77219274309901,-0.11380884381505041,False,True,True,True,42.065436062857245,330.0,0.897163424866514,0.6096426681823583,0.0,89.02099990844727,0.6724137931034483,0.39035733181764165,0.15237884650378838,False
573,LAW,Racing Bulls,40,2,HARD,19.0,17,89.81400299072266,5208.398856376171,678,89.93900299072266,1.0,0.532448377581121,0.5312823196746655,0.17122710742729028,0.0,309.0,310.0,221.13126373291016,89.76964678478669,-0.04435620593596923,False,True,True,True,42.94598142348004,309.97113037109375,0.908795766590389,0.031287905104006156,0.0,89.93900299072266,0.6896551724137931,0.9687120948959939,0.938403122797785,True
574,LAW,Racing Bulls,41,2,HARD,20.0,17,90.03199768066406,5240.2310795396415,692,90.16699981689453,1.0,0.5317919075144508,0.5309259599399884,0.18232840282360452,0.07941929212059634,318.0,320.0,220.0827178955078,90.07862918820514,0.04663150754107903,False,True,True,True,40.66202855951444,307.9796447753906,0.9063834858886346,0.6002972146315197,0.0,90.16699981689453,0.7068965517241379,0.39970278536848025,0.1597623166313214,False
575,LAW,Racing Bulls,42,2,HARD,21.0,17,89.60900115966797,5232.573325601102,665,89.74500274658203,1.0,0.5338345864661654,0.5402529052396838,0.17205400454150652,0.0,311.36,314.0,222.03334045410156,89.68393574076322,0.07493458109524909,False,True,True,True,46.57585966207567,313.9940490722656,0.9073703279938977,0.44235333553174144,0.0,89.74500274658203,0.7241379310344828,0.5576466644682585,0.3109698023925745,False
576,LAW,Racing Bulls,43,2,HARD,22.0,16,90.37100219726562,5223.3258941896265,676,90.50700378417969,1.0,0.5310650887573964,0.5289093822615889,0.16968850201813482,0.08619221012272343,319.0,323.0,221.52001953125,90.30287312743047,-0.06812906983515177,False,True,True,True,41.12259414739675,313.9266662597656,0.9112080472921434,0.6129581407727633,0.0,90.50700378417969,0.7413793103448276,0.38704185922723666,0.14980140079407608,False
577,LAW,Racing Bulls,44,2,HARD,23.0,17,90.12300109863281,5221.098244333208,683,90.24700164794922,1.0,0.5168374816983895,0.5102995598475085,0.18665440093314187,0.0779970673408373,320.4222113037109,323.0,222.0,90.09814538904672,-0.024855709586091734,False,True,True,True,44.485524965205194,320.0,0.8830186880244089,1.0,0.0,90.24700164794922,0.7586206896551724,0.0,0.0,False
578,LAW,Racing Bulls,45,2,HARD,24.0,17,89.76200103759766,5213.90824527581,692,89.88500213623047,1.0,0.5216763005780347,0.5270290986891464,0.1749123613800966,0.0,311.0,313.0,221.0,89.71897179810045,-0.04302923949720139,False,True,True,True,38.466389691413546,313.0,0.8701611365369947,0.09297435251154637,0.0,89.88500213623047,0.7758620689655172,0.9070256474884536,0.8226955252018485,True
579,LAW,Racing Bulls,46,2,HARD,25.0,18,89.98699951171875,5208.897300106357,674,90.11000061035156,1.0,0.5074183976261127,0.5120519942683444,0.17132390674273879,0.07412052834593949,321.0036749267578,325.0,221.0,89.85659905903698,-0.13040045268176925,False,True,True,True,45.79820055076283,311.0,0.8959572845156369,0.5650205428918276,0.0,90.11000061035156,0.7931034482758621,0.43497945710817243,0.18920712810612042,False
580,LAW,Racing Bulls,47,2,HARD,26.0,18,88.98999786376953,5201.200514353067,683,89.11199951171875,1.0,0.5241581259150805,0.540634365832689,0.1580258802416557,0.0,313.9262030029297,316.0,221.0,88.89612693853846,-0.09387092523107299,False,True,True,True,46.19008381306305,315.918701171875,0.9254910373760489,0.22498653263571303,0.0,89.11199951171875,0.8103448275862069,0.775013467364287,0.6006458745960147,False
581,LAW,Racing Bulls,48,2,HARD,27.0,18,89.31900024414062,5222.4357787966355,656,89.45700073242188,1.0,0.5304878048780488,0.5355087900462828,0.16052400819662904,0.0,311.4163955688477,313.0,220.0,89.23872346851388,-0.08027677562674285,False,True,True,True,40.96375070254913,312.87176513671875,0.9004528985507246,0.0,0.0,89.45700073242188,0.8275862068965517,1.0,1.0,True
582,LAW,Racing Bulls,49,2,HARD,28.0,18,89.00900268554688,5230.749916178912,674,89.13199996948242,1.0,0.5474777448071216,0.5436544439883573,0.17233985831796983,0.0,312.1997973632812,314.0,224.01990509033203,89.13184518076523,0.12284249521835022,False,True,True,True,47.852179832814635,314.0,0.8948703279938978,0.0,0.0,89.13199996948242,0.8448275862068966,1.0,1.0,True
583,LAW,Racing Bulls,50,2,HARD,29.0,18,88.98999786376953,5229.124219190545,642,89.12899780273438,1.0,0.5218068535825545,0.5295134383028159,0.16829538017119208,0.0,311.59000000000003,314.0,224.35572052001953,89.04801738456017,0.0580195207906371,False,True,True,True,43.36001452751231,313.98785400390625,0.8746662852784134,0.0,0.0,89.12899780273438,0.8620689655172413,1.0,1.0,True
584,LAW,Racing Bulls,51,2,HARD,30.0,18,89.00800323486328,5203.807305627586,673,89.13000202178955,1.0,0.5468053491827637,0.5392796673248513,0.17997306771576474,0.0,311.490849609375,313.0,223.0,88.76664829159361,-0.24135494326966977,False,True,True,True,46.09559904303917,313.0,0.9095728451563692,0.0,0.0,89.13000202178955,0.8793103448275862,1.0,1.0,True
585,LAW,Racing Bulls,52,2,HARD,31.0,18,89.12100219726562,5215.860410609544,642,89.25900268554688,1.0,0.5529595015576324,0.5575124498305719,0.15865063427422843,0.0,310.9610494995117,313.0,224.90312957763672,89.01273731952901,-0.10826487773661597,False,True,True,True,46.9381771808689,313.0,0.8889206712433256,0.0,0.0,89.25900268554688,0.896551724137931,1.0,1.0,True
586,LAW,Racing Bulls,53,2,HARD,32.0,18,92.1520004272461,5203.977404282325,683,92.28150177001953,1.0,0.486090775988287,0.4733614125633778,0.19897810210076936,0.0,304.0,305.0,218.0,91.98433179471661,-0.16766863252948383,False,True,True,True,43.67072153231818,302.86907958984375,0.8445318459191457,0.465521204088687,0.0,92.28150177001953,0.9137931034482759,0.534478795911313,0.2856675832788069,False
587,LAW,Racing Bulls,54,2,HARD,33.0,18,89.375,5210.24387890315,659,89.51499938964844,1.0,0.5660091047040972,0.5504774763890629,0.16714522974266402,0.0,312.0,313.0,224.69395446777344,89.2370823392016,-0.13791766079839363,False,True,True,True,41.53572263317457,313.0,0.9049580472921434,0.0,0.0,89.51499938964844,0.9310344827586207,1.0,1.0,True
588,LAW,Racing Bulls,55,2,HARD,34.0,18,89.20600128173828,5209.099903855921,665,89.3270034790039,1.0,0.5338345864661654,0.5457140830339652,0.16074647221549146,0.0,311.9680078125,313.0,222.95010375976562,88.94241810732956,-0.2635831744087227,False,True,True,True,48.47277553342478,313.0,0.8935450038138825,0.0,0.0,89.3270034790039,0.9482758620689655,1.0,1.0,True
589,LAW,Racing Bulls,56,2,HARD,35.0,18,89.18900299072266,5224.273240408659,675,89.32800295948982,1.0,0.5585185185185185,0.547711832574626,0.18089511050129636,0.0,312.0,313.0,223.0,89.1105412684125,-0.07846172231015203,False,True,True,True,47.415663846753695,312.99932861328125,0.896505530129672,0.0,0.0,89.32800295948982,0.9655172413793104,1.0,1.0,True
590,LAW,Racing Bulls,57,2,HARD,36.0,18,89.02200317382812,5217.621503868819,653,89.16200256347656,1.0,0.5620214395099541,0.552488821211431,0.16151498544235376,0.0,314.0,315.0,225.0,88.94544549889338,-0.07655767493474741,False,True,True,True,45.92332020130495,314.9101257324219,0.9171481693363844,0.0,0.0,89.16200256347656,0.9827586206896551,1.0,1.0,True
591,LEC,Ferrari,2,1,MEDIUM,2.0,4,90.08699798583984,5216.201098946966,686,90.2130012512207,1.0,0.5233236151603499,0.5162448220939103,0.20086909706231568,0.18311104788966645,324.0,325.0,220.6810302734375,89.92702658891331,-0.1599713969265366,False,True,True,True,46.85549462324096,324.9825744628906,0.9791571319603357,1.0,0.0,90.2130012512207,0.034482758620689655,0.0,0.0,False
592,LEC,Ferrari,3,1,MEDIUM,3.0,4,89.68099975585938,5223.552664442002,679,89.81450080871582,1.0,0.5360824742268041,0.5204784474140433,0.19240764736056967,0.17903565539604913,324.0,325.0,227.50999450683594,89.60407779969847,-0.07692195616090203,False,True,True,True,42.92959071608806,324.8845520019531,0.975429061784897,1.0,0.0,89.81450080871582,0.05172413793103448,0.0,0.0,False
593,LEC,Ferrari,4,1,MEDIUM,4.0,4,89.94300079345703,5208.306346573238,676,90.07699966430664,1.0,0.5266272189349113,0.5314563456074995,0.18030129510490872,0.1825216420769025,326.3236541748047,327.0,218.0,89.90312361492914,-0.03987717852788819,False,True,True,True,45.083485615436416,326.9179992675781,0.9849780701754386,1.0,0.0,90.07699966430664,0.06896551724137931,0.0,0.0,False
594,LEC,Ferrari,5,1,MEDIUM,5.0,4,90.06199645996094,5219.188398411975,684,90.18799591064453,1.0,0.5087719298245614,0.5050450138146797,0.1742803199459679,0.08205084780030591,309.7261111450195,311.0,222.53125762939453,90.0103575140451,-0.051638945915840395,False,True,True,True,49.44570810413925,308.8284912109375,0.9789473684210526,1.0,0.0,90.18799591064453,0.08620689655172414,0.0,0.0,False
595,LEC,Ferrari,6,1,MEDIUM,6.0,4,89.73899841308594,5219.254090397359,669,89.87199401855469,1.0,0.5276532137518685,0.5237003024354946,0.17588348690824268,0.08321836155108168,313.017998046875,314.0,221.67999267578125,89.76739685029412,0.028398437208181804,False,True,True,True,43.713487860122555,311.0,0.9884868421052632,1.0,0.0,89.87199401855469,0.10344827586206896,0.0,0.0,False
596,LEC,Ferrari,7,1,MEDIUM,7.0,4,89.6709976196289,5189.976733848572,665,89.80399703979492,1.0,0.5097744360902255,0.5225044855742259,0.16034923783149804,0.1728208417965507,325.0,326.0,222.0,89.3818268715963,-0.28917074803260334,False,True,True,True,45.055018519833325,325.9842834472656,0.9828947368421052,1.0,0.0,89.80399703979492,0.1206896551724138,0.0,0.0,False
597,LEC,Ferrari,8,1,MEDIUM,8.0,4,89.60600280761719,5191.792819288075,692,89.7340030670166,1.0,0.5216763005780347,0.5255533142014657,0.17474972240738787,0.18096819227274077,330.0,332.0,220.41607666015625,89.43909366313486,-0.1669091444823323,False,True,True,True,46.93959883145579,332.0,0.981140350877193,1.0,0.0,89.7340030670166,0.13793103448275862,0.0,0.0,False
598,LEC,Ferrari,9,1,MEDIUM,9.0,4,89.65399932861328,5203.363630851731,676,89.78199768066406,1.0,0.5340236686390533,0.5357086840683466,0.16215961658769198,0.08867036327448571,313.0,314.0,219.0,89.45662906595285,-0.1973702626604279,True,True,True,True,41.13456072612833,310.0,0.9662995804729214,1.0,0.0,89.78199768066406,0.15517241379310345,0.0,0.0,False
599,LEC,Ferrari,10,1,MEDIUM,10.0,4,89.62999725341797,5194.491865019113,680,89.75799942016602,1.0,0.5485294117647059,0.543171682075466,0.1590944467165311,0.09046550501389297,314.1194387817383,315.0,221.0,89.49812388191576,-0.13187337150220912,False,True,True,True,48.70312844170101,310.92236328125,0.9864035087719297,1.0,0.0,89.75799942016602,0.1724137931034483,0.0,0.0,False
600,LEC,Ferrari,11,1,MEDIUM,11.0,4,89.90899658203125,5208.613457521022,698,90.03599739074707,1.0,0.5544412607449857,0.5564328817202948,0.16126886204119145,0.0,314.0807482910156,316.0,221.86111450195312,89.75401199174767,-0.15498459028357559,False,True,True,True,43.017944175346955,316.0,0.9884868421052632,1.0,0.0,90.03599739074707,0.1896551724137931,0.0,0.0,False
601,LEC,Ferrari,12,1,MEDIUM,12.0,4,90.05699920654297,5197.938709465267,691,90.18499836325645,1.0,0.532561505065123,0.5236015777958131,0.167211796926922,0.0,311.8404510498047,312.0,222.38436889648438,89.87593061827133,-0.18106858827164274,False,True,True,True,48.56117059782039,312.0,0.974780701754386,1.0,0.0,90.18499836325645,0.20689655172413793,0.0,0.0,False
602,LEC,Ferrari,13,1,MEDIUM,13.0,4,89.93800354003906,5208.73968686238,666,90.06600570678711,1.0,0.5345345345345346,0.5301890273310382,0.176792561565282,0.0,311.0,312.0,223.4776153564453,89.82041402334104,-0.11758951669801831,False,True,True,True,29.32062434029677,312.0,0.9776125095347062,0.4296182554171463,0.0,90.06600570678711,0.22413793103448276,0.5703817445828536,0.32533533455337965,False
603,LEC,Ferrari,14,1,MEDIUM,14.0,4,90.05400085449219,5214.315084156396,668,90.18500089645386,1.0,0.5149700598802395,0.530709081988417,0.17032763235747078,0.0,310.0,312.0,216.62857055664062,90.09152114890325,0.03752029441106686,False,True,True,True,43.33865918366526,311.921875,0.9831140350877193,0.9739313442797294,0.0,90.18500089645386,0.2413793103448276,0.026068655720270617,0.000679574811061998,False
604,LEC,Ferrari,15,1,MEDIUM,15.0,4,89.99800109863281,5215.053975566328,692,90.12600135803223,1.0,0.5375722543352601,0.5422296739262635,0.16065290998064188,0.0,310.0075009155274,312.0,221.5,90.07627981765467,0.0782787190218528,False,True,True,True,41.17960564941042,311.957763671875,0.9739940884820748,0.6346669783008674,0.0,90.12600135803223,0.25862068965517243,0.3653330216991326,0.1334682167438189,False
605,LEC,Ferrari,18,2,HARD,2.0,9,89.87200164794922,5231.849155179665,668,90.00200271606445,1.0,0.5344311377245509,0.5173441895082477,0.20040669066057853,0.0,313.020625,314.0,224.125,89.84717203812203,-0.02482960982719362,False,True,True,True,40.14582976959332,314.0,0.9801439740655988,0.6701517813074245,0.0,90.00200271606445,0.3103448275862069,0.3298482186925755,0.10879984737466512,False
606,LEC,Ferrari,19,2,HARD,3.0,8,89.52899932861328,5206.395269121602,661,89.65900039672852,1.0,0.518910741301059,0.5001840279023156,0.17217448975515165,0.0932533054873496,330.6341125488281,332.0,219.0,89.2305406843061,-0.29845864430717484,False,True,True,True,51.90425921818655,331.7726135253906,0.9759868421052631,0.9399948578022342,0.0,89.65900039672852,0.3275862068965517,0.06000514219776576,0.003600617090174089,False
607,LEC,Ferrari,20,2,HARD,4.0,5,89.25599670410156,5208.640258458377,687,89.38499760627747,1.0,0.512372634643377,0.5065055305736688,0.1799407386646553,0.0944229887870607,329.811875,332.0,219.5,89.17025548758383,-0.08574121651773225,False,True,True,True,41.30722032567631,331.8890686035156,0.9796052631578948,1.0,0.0,89.38499760627747,0.3448275862068966,0.0,0.0,False
608,LEC,Ferrari,21,2,HARD,5.0,5,89.05500030517578,5233.435431038975,674,89.18500030040741,1.0,0.5474777448071216,0.5356843299634689,0.18883218694702675,0.0,309.5456231689453,310.0,226.1666717529297,89.23333904946398,0.1783387442881974,False,True,True,True,44.55991669191415,310.0,0.9802631578947368,0.9774738031722535,0.0,89.18500030040741,0.3620689655172414,0.02252619682774648,0.0005074295435223756,False
609,LEC,Ferrari,22,2,HARD,6.0,5,88.89099884033203,5212.146449395195,668,89.02099800109863,1.0,0.5194610778443114,0.5174171630870428,0.17299282731825696,0.0,310.31399383544925,311.0,227.0,88.75817307342659,-0.1328257669054409,False,True,True,True,47.43168826022293,311.0,0.96345823798627,1.0,0.0,89.02099800109863,0.3793103448275862,0.0,0.0,False
610,LEC,Ferrari,23,2,HARD,7.0,5,89.59500122070312,5218.866523620486,690,89.72400116920471,1.0,0.5376811594202898,0.5294347414273032,0.16405852083913317,0.0,308.0,309.0,226.6125030517578,89.51340182435844,-0.08159939634468572,False,True,True,True,45.894802558693875,308.9588928222656,0.9902412280701754,0.9859569534894342,0.0,89.72400116920471,0.39655172413793105,0.01404304651056576,0.00019720715529791317,False
611,LEC,Ferrari,24,2,HARD,8.0,4,89.01899719238281,5212.207626352303,655,89.15049743652344,1.0,0.5465648854961832,0.532363819062751,0.1897914264397824,0.09737464285818202,329.0,330.0,226.0,88.79861174100823,-0.22038545137458243,False,True,True,True,46.51695485164542,330.0,0.9375524408848207,0.3959708549341411,0.0,89.15049743652344,0.41379310344827586,0.6040291450658589,0.36485120808899246,False
612,LEC,Ferrari,25,2,HARD,9.0,4,88.1709976196289,5212.640839033597,678,88.29999923706055,1.0,0.5353982300884956,0.5369422112240664,0.15403178511200974,0.0,309.7144692993164,311.0,223.13593292236328,88.08638172205696,-0.08461589757195043,False,True,True,True,46.692827578073285,310.8960876464844,0.9822368421052632,0.03045294886253546,0.0,88.29999923706055,0.43103448275862066,0.9695470511374645,0.9400214843693533,True
613,LEC,Ferrari,26,2,HARD,10.0,4,88.04399871826172,5214.522900347486,656,88.17499923706055,1.0,0.5579268292682927,0.5514601475858472,0.16286937723676784,0.0,308.9406448364258,309.0,228.5463638305664,88.10285358474155,0.058854866479833845,False,True,True,True,45.8187537047588,309.0,0.9905701754385965,0.35195913638281556,0.0,88.17499923706055,0.4482758620689655,0.6480408636171844,0.4199569609177062,False
614,LEC,Ferrari,27,2,HARD,11.0,4,88.0979995727539,5205.350190210705,655,88.22799873352051,1.0,0.5557251908396946,0.5676202044405025,0.15686624547815925,0.0,309.2479125976563,310.0,227.01251220703125,87.90134173924856,-0.19665783350534127,False,True,True,True,44.22817030181289,310.0,0.987280701754386,0.5004987258003841,0.0,88.22799873352051,0.46551724137931033,0.4995012741996159,0.24950152292703984,False
615,LEC,Ferrari,28,2,HARD,12.0,4,88.14900207519531,5204.415538563192,648,88.28100204467773,1.0,0.5648148148148148,0.5662485953772599,0.17493010644777202,0.0,310.01513916015625,311.0,224.93748474121094,88.02835521981328,-0.12064685538203435,False,True,True,True,49.10112395180997,310.9803161621094,0.9843201754385964,0.6773371318192395,0.0,88.28100204467773,0.4827586206896552,0.3226628681807605,0.10411132650263483,False
616,LEC,Ferrari,29,2,HARD,13.0,4,88.39099884033203,5217.820920209885,681,88.51899801194668,1.0,0.5653450807635829,0.5678893053343915,0.1672070400008469,0.0,311.007958984375,312.0,225.74285888671875,88.32741488079184,-0.06358395954019613,False,True,True,True,45.925665199846236,312.0,0.9822368421052632,0.9637252221982756,0.0,88.51899801194668,0.5,0.03627477780172439,0.0013158595045644765,False
617,LEC,Ferrari,30,2,HARD,14.0,4,88.47100067138672,5210.722588341831,663,88.59900093078613,1.0,0.5701357466063348,0.5606497419786743,0.17607419222067247,0.0,312.0,314.0,228.0,88.47743403254918,0.006433361162464735,False,True,True,True,42.07986795541753,313.89044189453125,0.9905701754385965,0.15590462486238033,0.0,88.59900093078613,0.5172413793103449,0.8440953751376197,0.7124970023287189,True
618,LEC,Ferrari,31,2,HARD,15.0,4,88.5479965209961,5207.030245671178,672,88.68099594116211,1.0,0.5684523809523809,0.5592292042939726,0.16418407281980865,0.0,310.0,311.0,224.5,88.41271367945693,-0.1352828415391656,False,True,True,True,43.768950780507566,310.921142578125,0.9620423340961098,0.0,0.0,88.68099594116211,0.5344827586206896,1.0,1.0,True
619,LEC,Ferrari,32,2,HARD,16.0,4,88.85399627685547,5212.832763628304,677,88.98049736022949,1.0,0.5465288035450517,0.5481368546933644,0.16946418143401334,0.0,310.0,310.0,226.98614501953125,88.9296830327352,0.07568675587972962,False,True,True,True,41.05373277238063,310.0,0.9944078947368421,0.0,0.0,88.98049736022949,0.5517241379310345,1.0,1.0,True
620,LEC,Ferrari,33,2,HARD,17.0,4,88.66400146484375,5219.335677896195,679,88.79000091552734,1.0,0.5684830633284241,0.5662350113418394,0.15948875216394598,0.0,310.6129278564453,313.0,228.0,88.63001107915457,-0.03399038568917945,False,True,True,True,48.249253538420355,313.0,0.9855263157894737,0.0,0.0,88.79000091552734,0.5689655172413793,1.0,1.0,True
621,LEC,Ferrari,34,2,HARD,18.0,4,88.58000183105469,5209.844181418594,672,88.70600128173828,1.0,0.5758928571428571,0.5689355921407243,0.16776781362452312,0.0,309.0,311.0,227.93124389648438,88.58778942845296,0.0077875973982770574,False,True,True,True,41.78806615846873,310.8081359863281,0.9881578947368421,0.0,0.0,88.70600128173828,0.5862068965517241,1.0,1.0,True
622,LEC,Ferrari,35,2,HARD,19.0,4,88.4530029296875,5203.693520521426,668,88.5790023803711,1.0,0.5479041916167665,0.5477709975007379,0.16346989275058962,0.0,310.54283813476565,311.0,225.31704711914062,88.22556698313356,-0.22743594655393906,False,True,True,True,45.559891258784255,311.0,0.9843201754385964,0.0,0.0,88.5790023803711,0.603448275862069,1.0,1.0,True
623,LEC,Ferrari,36,2,HARD,20.0,4,88.3030014038086,5206.526297768117,663,88.42900085449219,1.0,0.5987933634992458,0.584084375172015,0.16149682638449236,0.0,311.63031188964845,313.0,230.9875030517578,88.182981812402,-0.12001959140658869,False,True,True,True,47.669789503916526,313.0,0.9855263157894737,0.0,0.0,88.42900085449219,0.6206896551724138,1.0,1.0,True
624,LEC,Ferrari,37,2,HARD,21.0,4,88.3499984741211,5236.0541217645405,660,88.48499870300293,1.0,0.5772727272727273,0.5836809212301108,0.17133977507102952,0.0,311.0,312.0,235.2195587158203,88.43162104786057,0.08162257373948023,False,True,True,True,46.04486323318289,311.9844970703125,0.9932017543859649,0.0,0.0,88.48499870300293,0.6379310344827587,1.0,1.0,True
625,LEC,Ferrari,38,2,HARD,22.0,4,88.1520004272461,5214.612181864202,657,88.28750038146973,1.0,0.5707762557077626,0.5716494876207538,0.17215350618259645,0.0,309.5840478515625,310.0,228.359375,87.96340760238269,-0.1885928248634059,False,True,True,True,45.48997455612726,310.0,0.9851973684210527,0.0,0.0,88.28750038146973,0.6551724137931034,1.0,1.0,True
626,LEC,Ferrari,41,3,MEDIUM,5.0,5,88.125,5211.377504020719,680,88.25,1.0,0.5279411764705882,0.5239548507560752,0.17587528823117696,0.09066288329386508,318.0,318.0,225.69930267333984,88.12252206108356,-0.0024779389164422128,False,True,True,True,48.35254820452584,314.0,0.9801535087719299,1.0,0.0,88.25,0.7068965517241379,0.0,0.0,False
627,LEC,Ferrari,42,3,MEDIUM,6.0,4,87.26899719238281,5215.640825804964,653,87.40499782562256,1.0,0.5742725880551302,0.5586293245307026,0.17525328179683963,0.09885019749367553,331.0,332.0,234.4339599609375,87.21592568907322,-0.05307150330959587,False,True,True,True,44.43932933010702,332.0,0.9881578947368421,0.41129228541342633,0.0,87.40499782562256,0.7241379310344828,0.5887077145865737,0.3465767732137467,False
628,LEC,Ferrari,43,3,MEDIUM,7.0,4,86.91899871826172,5213.188633158952,661,87.0549988746643,1.0,0.5960665658093798,0.6028486878268875,0.1654241212013755,0.0,309.07166748046876,311.0,229.0,86.7841177555048,-0.13488096275692385,False,True,True,True,47.985944405167594,310.9674377441406,0.987280701754386,0.0,0.0,87.0549988746643,0.7413793103448276,1.0,1.0,True
629,LEC,Ferrari,44,3,MEDIUM,8.0,4,86.84700012207031,5213.589315084905,645,86.9709997177124,1.0,0.6,0.6063515295232715,0.15731667751933442,0.0,309.0,311.0,234.0,86.89716696243423,0.05016684036391439,False,True,True,True,47.03919238538103,310.8929443359375,0.9944078947368421,0.0,0.0,86.9709997177124,0.7586206896551724,1.0,1.0,True
630,LEC,Ferrari,45,3,MEDIUM,9.0,4,86.7249984741211,5205.112510322035,666,86.8479995727539,1.0,0.6006006006006006,0.5913780881640988,0.14875408173224364,0.0,309.0,310.0,234.0,86.63646705827867,-0.08853141584242508,False,True,True,True,43.070438599635736,309.90966796875,0.994736842105263,0.0,0.0,86.8479995727539,0.7758620689655172,1.0,1.0,True
631,LEC,Ferrari,46,3,MEDIUM,10.0,4,86.85600280761719,5208.423857334047,668,86.97900390625,1.0,0.6122754491017964,0.5974085034514239,0.17014461718912274,0.0,310.0,310.0,234.2687530517578,86.70689952606048,-0.14910328155670527,False,True,True,True,46.84341793250459,310.0,0.9884868421052632,0.0,0.0,86.97900390625,0.7931034482758621,1.0,1.0,True
632,LEC,Ferrari,47,3,MEDIUM,11.0,4,86.9739990234375,5206.6045569713115,644,87.11099624633789,1.0,0.610248447204969,0.6125288502066398,0.14649129375701345,0.0,310.1464138793946,311.0,233.06666564941406,86.78591276319281,-0.18808626024468822,False,True,True,True,46.94202755607597,310.9915771484375,0.9914473684210526,0.0,0.0,87.11099624633789,0.8103448275862069,1.0,1.0,True
633,LEC,Ferrari,48,3,MEDIUM,12.0,4,86.84500122070312,5203.154678227902,656,86.96700286865234,1.0,0.5990853658536586,0.5919026707222488,0.14626249425494775,0.0,311.0,312.0,231.4264373779297,86.52724921588757,-0.31775200481556,False,True,True,True,48.166422893307825,311.90948486328125,0.9787090007627764,0.0,0.0,86.96700286865234,0.8275862068965517,1.0,1.0,True
634,LEC,Ferrari,49,3,MEDIUM,13.0,4,86.93599700927734,5214.777730002284,654,87.07499694824219,1.0,0.5932721712538226,0.5932931015463466,0.15114549569117716,0.0,311.95141235351565,312.0,230.29857635498047,86.99658774429858,0.06059073502123624,False,True,True,True,43.16266928718588,312.0,0.9890350877192983,0.0,0.0,87.07499694824219,0.8448275862068966,1.0,1.0,True
635,LEC,Ferrari,50,3,MEDIUM,14.0,4,87.21299743652344,5191.301521003202,647,87.33499908447266,1.0,0.6120556414219475,0.5997710089643967,0.16394353435560027,0.0,311.94825561523436,313.0,235.0,86.77966481237007,-0.4333326241533655,False,True,True,True,44.6754620992775,313.0,0.9864035087719297,0.0,0.0,87.33499908447266,0.8620689655172413,1.0,1.0,True
636,LEC,Ferrari,51,3,MEDIUM,15.0,4,87.3759994506836,5214.866881924882,637,87.51499938964844,1.0,0.5871271585557299,0.581808894671899,0.1471862471956973,0.0,311.76728759765626,314.0,231.5321502685547,87.17495912171209,-0.20104032897150148,False,True,True,True,46.21365517317263,313.8744201660156,0.9890350877192983,0.0,0.0,87.51499938964844,0.8793103448275862,1.0,1.0,True
637,LEC,Ferrari,52,3,MEDIUM,16.0,4,87.55000305175781,5211.866559192241,656,87.67200469970703,1.0,0.5579268292682927,0.5529132468827627,0.156013357226678,0.0,310.0,312.0,232.6258544921875,87.46731605056753,-0.08268700119027983,True,True,True,True,45.06422034562112,311.8932189941406,0.9860745614035088,0.0,0.0,87.67200469970703,0.896551724137931,1.0,1.0,False
638,LEC,Ferrari,53,3,MEDIUM,17.0,4,89.00499725341797,5194.8716095074415,643,89.14399719238281,1.0,0.5038880248833593,0.5021762328870529,0.15661173061382805,0.0,313.0,314.0,221.407958984375,88.82978810805345,-0.17520914536451926,False,True,True,True,45.85956666249672,313.9582824707031,0.9864035087719297,0.0,0.0,89.14399719238281,0.9137931034482759,1.0,1.0,True
639,LEC,Ferrari,54,3,MEDIUM,18.0,4,88.29100036621094,5228.381516395584,661,88.41199946403503,1.0,0.540090771558245,0.539429036363372,0.16740949817481235,0.0,313.0,313.0,229.0186309814453,88.07868830733483,-0.21231205887610827,False,True,True,True,47.341074791493746,313.0,0.9878289473684211,0.0,0.0,88.41199946403503,0.9310344827586207,1.0,1.0,True
640,LEC,Ferrari,55,3,MEDIUM,19.0,4,88.19499969482422,5224.912302778586,652,88.33400058746338,1.0,0.5337423312883436,0.5419770002914874,0.1584780058039029,0.0,312.0,313.0,231.0,88.25020911662368,0.055209421799460756,False,True,True,True,48.57924744331923,312.98834228515625,0.981788710907704,0.0,0.0,88.33400058746338,0.9482758620689655,1.0,1.0,True
641,LEC,Ferrari,56,3,MEDIUM,20.0,4,87.46399688720703,5215.36783180141,644,87.60299682617188,1.0,0.562111801242236,0.5678457168859897,0.16535966226278706,0.0,314.0,315.0,228.18333435058594,87.42223424772598,-0.041762639481049746,False,True,True,True,43.9040679544626,315.0,0.9902412280701754,0.0,0.0,87.60299682617188,0.9655172413793104,1.0,1.0,True
642,LEC,Ferrari,57,3,MEDIUM,21.0,4,88.16500091552734,5216.15545279751,672,88.30400085449219,1.0,0.5252976190476191,0.5297722470797505,0.16716111125606975,0.0,313.0,314.0,225.07142639160156,88.00542911128147,-0.15957180424587136,False,True,True,True,43.6227854383197,314.0,0.9902412280701754,0.0,0.0,88.30400085449219,0.9827586206896551,1.0,1.0,True
643,LEC,Ferrari,58,3,MEDIUM,22.0,4,88.27300262451172,5205.175781759102,642,88.41200256347656,1.0,0.5482866043613707,0.5397232976808236,0.16423110565984528,0.0,314.0,315.0,228.0,88.09228931044541,-0.18071331406630975,False,True,True,True,47.76011085914937,314.9967041015625,0.9551535087719297,0.0,0.0,88.41200256347656,1.0,1.0,1.0,True
644,NOR,McLaren,2,1,MEDIUM,2.0,3,89.89299774169922,5213.03951124841,683,90.02299499511719,1.0,0.49487554904831627,0.4878196657204114,0.1675127472627216,0.0790909338993689,309.8952227783203,311.0,224.85000610351562,89.81707310120396,-0.07592464049525915,False,True,True,True,44.598145795843344,310.9070739746094,0.884863653699466,1.0,0.0,90.02299499511719,0.034482758620689655,0.0,0.0,False
645,NOR,McLaren,3,1,MEDIUM,3.0,3,89.86000061035156,5211.292629444488,680,89.99300384521484,1.0,0.47794117647058826,0.4769593765893158,0.16177923745564327,0.0,308.3383798217774,311.0,229.0,89.80617907507792,-0.05382153527364153,False,True,True,True,45.367897619162534,310.9290466308594,0.8820127765064836,1.0,0.0,89.99300384521484,0.05172413793103448,0.0,0.0,False
646,NOR,McLaren,4,1,MEDIUM,4.0,3,89.84100341796875,5200.7124595657,676,89.97400665283203,1.0,0.5088757396449705,0.500678051640993,0.16314703608211362,0.0,310.0,310.0,220.5,89.7262508425706,-0.11475257539815686,False,True,True,True,43.61675466759725,310.0,0.7982869310958556,1.0,0.0,89.97400665283203,0.06896551724137931,0.0,0.0,False
647,NOR,McLaren,5,1,MEDIUM,5.0,3,89.81800079345703,5204.692456068689,680,89.94400024414062,1.0,0.48823529411764705,0.4869918734530254,0.16055536069636972,0.0,307.0,309.0,225.33867645263672,89.66641510622327,-0.1515856872337622,False,True,True,True,45.04637544975387,308.9795227050781,0.8972826086956521,1.0,0.0,89.94400024414062,0.08620689655172414,0.0,0.0,False
648,NOR,McLaren,6,1,MEDIUM,6.0,3,89.81999969482422,5205.003517197654,672,89.9469985961914,1.0,0.4955357142857143,0.48788718189685715,0.148098354489529,0.0,308.0,309.0,222.63573455810547,89.80708359547458,-0.012916099349638444,False,True,True,True,42.47298519748747,308.961669921875,0.9033323798627002,1.0,0.0,89.9469985961914,0.10344827586206896,0.0,0.0,False
649,NOR,McLaren,7,1,MEDIUM,7.0,3,89.81700134277344,5206.547825071335,665,89.95000076293945,1.0,0.49774436090225566,0.4993440851815319,0.16276822739310545,0.0,306.0,307.0,225.0,89.65985365558558,-0.15714768718785876,False,True,True,True,47.16712432318129,306.9067687988281,0.9014588100686499,1.0,0.0,89.95000076293945,0.1206896551724138,0.0,0.0,False
650,NOR,McLaren,8,1,MEDIUM,8.0,3,89.51000213623047,5192.342613983051,693,89.6380033493042,1.0,0.5021645021645021,0.49878406210026294,0.1481626109230974,0.0,308.0,309.0,224.0,89.33347334286748,-0.17652879336299065,False,True,True,True,43.56917818466919,308.9803466796875,0.8792715484363082,1.0,0.0,89.6380033493042,0.13793103448275862,0.0,0.0,False
651,NOR,McLaren,9,1,MEDIUM,9.0,3,89.5270004272461,5202.3956328880795,673,89.65500068664551,1.0,0.5096582466567607,0.5073113328419392,0.15081148955917303,0.0,308.0,308.0,222.8000030517578,89.33229777679982,-0.1947026504462741,False,True,True,True,45.43036278518818,308.0,0.9109982837528604,1.0,0.0,89.65500068664551,0.15517241379310345,0.0,0.0,False
652,NOR,McLaren,10,1,MEDIUM,10.0,3,89.63500213623047,5209.137774152711,682,89.76300239562988,1.0,0.5058651026392962,0.4967860731234222,0.16572524049032264,0.0,306.12125915527344,308.0,224.8000030517578,89.74986354745712,0.11486141122665572,False,True,True,True,43.9675689108389,307.9862976074219,0.8749856979405034,1.0,0.0,89.76300239562988,0.1724137931034483,0.0,0.0,False
653,NOR,McLaren,11,1,MEDIUM,11.0,3,89.82099914550781,5192.924751200677,697,89.94850158691406,1.0,0.4964131994261119,0.4956558324490892,0.1627486804193141,0.0,307.0,308.0,220.78616333007812,89.66219712872541,-0.1588020167824027,False,True,True,True,45.468961824163706,308.0,0.8991371090770404,0.9214717385385416,0.0,89.94850158691406,0.1896551724137931,0.07852826146145842,0.0061666878481591745,False
654,NOR,McLaren,12,1,MEDIUM,12.0,3,89.68199920654297,5197.967378465721,687,89.80999851226807,1.0,0.5036390101892285,0.5058790794465512,0.16257652477271814,0.0,308.0,308.0,222.0,89.4675652265309,-0.2144339800120747,False,True,True,True,43.807986032915935,308.0,0.9052965293668955,0.029851907362999787,0.0,89.80999851226807,0.20689655172413793,0.9701480926370002,0.9411873216472095,True
655,NOR,McLaren,13,1,MEDIUM,13.0,3,89.74500274658203,5187.787194145918,667,89.87300491333008,1.0,0.5097451274362819,0.4937858130562021,0.1593136001825832,0.0,307.0,308.0,223.5658416748047,89.43250187998393,-0.31250086659809995,False,True,True,True,45.01092649702207,308.0,0.9030940122044241,0.0,0.0,89.87300491333008,0.22413793103448276,1.0,1.0,True
656,NOR,McLaren,14,1,MEDIUM,14.0,3,90.06099700927734,5197.355426742553,665,90.1919994354248,1.0,0.48872180451127817,0.4888680817770233,0.15611133817810435,0.0,306.0,307.0,215.89999389648438,89.94270158690856,-0.11829542236878865,False,True,True,True,48.919224351697295,306.92156982421875,0.91613431222985,0.0,0.0,90.1919994354248,0.2413793103448276,1.0,1.0,True
657,NOR,McLaren,15,1,MEDIUM,15.0,3,89.58999633789062,5208.282697685123,690,89.71799564361572,1.0,0.5217391304347826,0.5292695771511111,0.15647916644366466,0.0,306.0,308.0,221.9726104736328,89.54355737098894,-0.04643896690168958,False,True,True,True,45.102092943330845,307.9676208496094,0.9014397406559879,0.0,0.0,89.71799564361572,0.25862068965517243,1.0,1.0,True
658,NOR,McLaren,18,2,HARD,2.0,7,89.95800018310547,5203.232400210112,667,90.0880012512207,1.0,0.48575712143928035,0.47727772363846604,0.18740558848822553,0.1762720777485495,329.3758990478516,330.0,220.0,89.91916691787817,-0.038833265227296465,False,True,True,True,45.24913100140494,330.0,0.9124427917620137,1.0,0.0,90.0880012512207,0.3103448275862069,0.0,0.0,False
659,NOR,McLaren,19,2,HARD,3.0,5,89.68099975585938,5202.330279065504,662,89.8109998703003,1.0,0.5181268882175226,0.5094252948162501,0.17502311872579995,0.08908707688632976,329.98853271484376,331.0,225.328125,89.57349993201761,-0.10749982384176349,False,True,True,True,42.90865062391999,331.0,0.8955186880244089,0.4562581560094208,0.0,89.8109998703003,0.3275862068965517,0.5437418439905792,0.2956551929062754,False
660,NOR,McLaren,20,2,HARD,4.0,4,89.52799987792969,5200.150758617044,690,89.6569995880127,1.0,0.48985507246376814,0.4880601372728542,0.1521353542091111,0.0,305.0,307.0,225.375,89.23127330741552,-0.29672657051416707,False,True,True,True,46.58391452429484,306.99481201171875,0.8766399694889397,0.011030929368666472,0.0,89.6569995880127,0.3448275862068966,0.9889690706313335,0.9780598226654036,True
661,NOR,McLaren,21,2,HARD,5.0,4,89.13300323486328,5200.83234804266,674,89.26300430297852,1.0,0.486646884272997,0.48283167828081663,0.1572992134406843,0.0,306.0,307.0,227.5,89.05982295086022,-0.0731802840030582,False,True,True,True,46.730377099034285,306.9450988769531,0.8855215484363081,0.1824384872990797,0.0,89.26300430297852,0.3620689655172414,0.8175615127009204,0.6684068270498171,True
662,NOR,McLaren,22,2,HARD,6.0,4,88.98300170898438,5201.961856554339,670,89.11300086975098,1.0,0.49402985074626865,0.5040006633437125,0.15889938774051696,0.0,308.0,309.0,226.3792495727539,88.83899398554259,-0.14400772344178847,False,True,True,True,47.96880919389045,309.0,0.8928871090770404,1.0,0.0,89.11300086975098,0.3793103448275862,0.0,0.0,False
663,NOR,McLaren,23,2,HARD,7.0,3,88.8280029296875,5201.139008302689,681,88.95800113677979,1.0,0.5036710719530103,0.4996178731116173,0.15605107407356783,0.09081812161282429,326.0,327.0,224.0,88.79673355454679,-0.0312693751407096,False,True,True,True,45.2159980991828,327.0,0.9187929061784897,0.3842487327698102,0.0,88.95800113677979,0.39655172413793105,0.6157512672301898,0.3791496230955846,False
664,NOR,McLaren,24,2,HARD,8.0,3,88.875,5203.362454895079,656,89.00600051879883,1.0,0.49085365853658536,0.49540465509125536,0.15418068901988563,0.0,305.45998992919925,307.0,227.5,88.74124398829379,-0.1337560117062111,False,True,True,True,44.53257300813481,307.0,0.9161613272311212,0.0,0.0,89.00600051879883,0.41379310344827586,1.0,1.0,True
665,NOR,McLaren,25,2,HARD,9.0,3,88.3550033569336,5208.050231895446,681,88.48400497436523,1.0,0.5168869309838473,0.5131774650449131,0.15599428420562203,0.0,307.0,309.0,227.89999389648438,88.21379777524265,-0.1412055816909401,False,True,True,True,45.001733951250024,308.8920593261719,0.8988081617086193,0.0,0.0,88.48400497436523,0.43103448275862066,1.0,1.0,True
666,NOR,McLaren,26,2,HARD,10.0,3,88.48600006103516,5206.066027506728,659,88.61700057983398,1.0,0.4977238239757208,0.49177922564017906,0.15165262329579562,0.0,308.0,309.0,225.0,88.41852536624717,-0.06747469478798962,False,True,True,True,47.07075705890595,308.9110412597656,0.9183638443935926,0.0,0.0,88.61700057983398,0.4482758620689655,1.0,1.0,True
667,NOR,McLaren,27,2,HARD,11.0,3,87.99800109863281,5200.121836234838,659,88.12900352478027,1.0,0.5326251896813353,0.5254456451543891,0.15295757952838807,0.0,307.7927484130859,309.0,228.8333282470703,87.8010040335717,-0.1969970650611117,False,True,True,True,47.30018427098057,308.9465637207031,0.9235078184591914,0.0,0.0,88.12900352478027,0.46551724137931033,1.0,1.0,True
668,NOR,McLaren,28,2,HARD,12.0,3,88.2020034790039,5219.972020263129,642,88.33400344848633,1.0,0.4735202492211838,0.49612820431599636,0.15711961887231293,0.0,308.0,309.0,223.91666412353516,88.2033578650985,0.0013543860945901542,False,True,True,True,48.621516518998966,308.94708251953125,0.8970537757437071,0.0,0.0,88.33400344848633,0.4827586206896552,1.0,1.0,True
669,NOR,McLaren,29,2,HARD,13.0,3,88.13200378417969,5204.183279284441,680,88.26000213623047,1.0,0.5044117647058823,0.4934625362463224,0.15547252475814535,0.0,309.0,310.0,227.02727508544922,88.06008216471824,-0.07192161946144893,False,True,True,True,44.331594636863905,310.0,0.8797196796338672,0.0,0.0,88.26000213623047,0.5,1.0,1.0,True
670,NOR,McLaren,30,2,HARD,14.0,3,88.06600189208984,5214.611617320359,658,88.19800186157227,1.0,0.5167173252279635,0.5202497973990874,0.1537448519342748,0.0,308.2042526245117,310.0,232.48615264892578,88.00000694015246,-0.06599495193738392,False,True,True,True,37.71780093552577,309.9673156738281,0.8776077421815408,0.0,0.0,88.19800186157227,0.5172413793103449,1.0,1.0,True
671,NOR,McLaren,31,2,HARD,15.0,3,88.15299987792969,5202.096731922306,670,88.28599548339844,1.0,0.5149253731343284,0.4984708085511512,0.1562988417035796,0.0,309.8137075805664,310.0,230.1227264404297,88.0859952391786,-0.06700463875108653,False,True,True,True,47.97232841958386,310.0,0.8980501525553013,0.0,0.0,88.28599548339844,0.5344827586206896,1.0,1.0,True
672,NOR,McLaren,32,2,HARD,16.0,3,88.3740005493164,5199.024371153742,672,88.5009994506836,1.0,0.5,0.5053840907411834,0.14824685821201944,0.0,309.0,310.0,222.0,88.23827129230988,-0.13572925700653116,False,True,True,True,43.97484935209857,310.0,0.9039712051868802,0.0,0.0,88.5009994506836,0.5517241379310345,1.0,1.0,True
673,NOR,McLaren,33,2,HARD,17.0,3,88.08100128173828,5210.236464430661,674,88.20700073242188,1.0,0.49258160237388726,0.48984773440967877,0.1537292885297957,0.0,309.0,310.0,225.90283203125,88.00692518547275,-0.07407609626552869,False,True,True,True,50.206860909525496,310.0,0.883376239511823,0.0,0.0,88.20700073242188,0.5689655172413793,1.0,1.0,True
674,NOR,McLaren,34,2,HARD,18.0,3,88.10800170898438,5207.105089799583,670,88.23400115966797,1.0,0.5119402985074627,0.5065507175006465,0.16000646659790177,0.0,308.891513671875,309.0,228.3125,88.01253107893092,-0.09547063005345535,False,True,True,True,44.278892891478286,309.0,0.9174675819984744,0.0,0.0,88.23400115966797,0.5862068965517241,1.0,1.0,True
675,NOR,McLaren,35,2,HARD,19.0,3,87.97100067138672,5206.25221806857,667,88.09700012207031,1.0,0.5112443778110944,0.520426321008396,0.14891532902343022,0.0,309.0,310.0,226.0,87.91480733065757,-0.05619334072915194,False,True,True,True,48.1900696717701,310.0,0.9473302822273074,0.0,0.0,88.09700012207031,0.603448275862069,1.0,1.0,True
676,NOR,McLaren,36,2,HARD,20.0,3,87.84100341796875,5214.613240864917,657,87.96700286865234,1.0,0.5038051750380518,0.505985298929897,0.16324304135529447,0.0,310.0,312.0,228.10203552246094,87.89018233163355,0.04917891366480376,False,True,True,True,45.129422006484994,311.8831481933594,0.908586003051106,0.0,0.0,87.96700286865234,0.6206896551724138,1.0,1.0,True
677,NOR,McLaren,37,2,HARD,21.0,3,87.81400299072266,5198.804911010385,655,87.94900321960449,1.0,0.5129770992366413,0.5166745527769782,0.14733533544678776,0.0,311.0,312.0,224.62857055664062,87.58910405499537,-0.22489893572728192,False,True,True,True,49.16460643585111,311.9654541015625,0.9073798627002289,0.0,0.0,87.94900321960449,0.6379310344827587,1.0,1.0,True
678,NOR,McLaren,38,2,HARD,22.0,3,87.99800109863281,5207.993075982094,657,88.13300323486328,1.0,0.5083713850837138,0.5081865789343606,0.16157394919340926,0.0,309.0,310.0,228.0,88.00222331435585,0.004222215723032718,False,True,True,True,41.34376629736579,310.0,0.8830091533180777,0.0,0.0,88.13300323486328,0.6551724137931034,1.0,1.0,True
679,NOR,McLaren,39,2,HARD,23.0,3,88.06800079345703,5204.168438351156,639,88.20300102233887,1.0,0.5258215962441315,0.5117626696782431,0.16870167930710675,0.0,310.0,311.0,235.1761016845703,87.73584952951715,-0.3321512639398776,False,True,True,True,26.061746071377023,310.9568786621094,0.9100019069412663,0.0,0.0,88.20300102233887,0.6724137931034483,1.0,1.0,True
680,NOR,McLaren,42,3,HARD,2.0,3,88.19100189208984,5194.232825187854,663,88.32700157165527,1.0,0.4856711915535445,0.48009099763291146,0.14218753991548083,0.0,306.0,308.0,230.6999969482422,87.93953969695278,-0.2514621951370657,False,True,True,True,44.290277000109015,307.9671325683594,0.908137871853547,0.0,0.0,88.32700157165527,0.7241379310344828,1.0,1.0,True
681,NOR,McLaren,43,3,HARD,3.0,3,87.8290023803711,5205.868329003423,663,87.96500396728516,1.0,0.48265460030165913,0.488410103832269,0.14871826893196027,0.0,308.1214239501953,309.0,229.0,87.61342547058524,-0.21557690978585242,False,True,True,True,45.73412744451207,309.0,0.8958476353928299,0.0,0.0,87.96500396728516,0.7413793103448276,1.0,1.0,True
682,NOR,McLaren,44,3,HARD,4.0,3,86.83399963378906,5211.917774278999,650,86.95799958705902,1.0,0.4846153846153846,0.49457205999999143,0.1494860096338758,0.0,308.0,309.0,227.8359375,86.85466018175075,0.020660547961682596,False,True,True,True,42.67668592722458,309.0,0.8647787948131197,0.0,0.0,86.95799958705902,0.7586206896551724,1.0,1.0,True
683,NOR,McLaren,45,3,HARD,5.0,3,86.9530029296875,5195.481094584317,662,87.07600402832031,1.0,0.5196374622356495,0.5110593621820859,0.1547844251046987,0.0,308.75345336914063,309.0,232.0,86.74287042297384,-0.2101325067136628,False,True,True,True,48.86354564712561,309.0,0.8707284515636918,0.0,0.0,87.07600402832031,0.7758620689655172,1.0,1.0,True
684,NOR,McLaren,46,3,HARD,6.0,3,87.0739974975586,5215.207881533816,668,87.1969985961914,1.0,0.5389221556886228,0.5218528840016502,0.15735625927184896,0.0,308.11322601318363,309.0,233.9454574584961,87.07511426927374,0.0011167717151465695,False,True,True,True,42.7431379852433,309.0,0.9250524408848207,0.0,0.0,87.1969985961914,0.7931034482758621,1.0,1.0,True
685,NOR,McLaren,47,3,HARD,7.0,3,86.86699676513672,5203.861204207898,649,86.98999786376953,1.0,0.5562403697996918,0.5438900823613289,0.14071727996949296,0.0,308.42119873046875,309.0,236.0,86.83813727068821,-0.028859494448511214,False,True,True,True,45.44019152910614,309.0,0.9242658276125096,0.0,0.0,86.98999786376953,0.8103448275862069,1.0,1.0,True
686,NOR,McLaren,48,3,HARD,8.0,3,86.81800079345703,5203.228458765597,653,86.94000244140625,1.0,0.5604900459418071,0.5521394241316672,0.14311023527037225,0.0,307.0,310.0,233.6999969482422,86.63349363452392,-0.18450715893311553,False,True,True,True,49.95526440306044,309.8526611328125,0.92130530129672,0.0,0.0,86.94000244140625,0.8275862068965517,1.0,1.0,True
687,NOR,McLaren,49,3,HARD,9.0,3,86.90699768066406,5211.823552778781,658,87.0459976196289,1.0,0.5486322188449848,0.5501689499954117,0.14796767534149574,0.0,307.0,308.0,232.0,86.86995260524333,-0.03704507542073543,False,True,True,True,48.36956339943065,308.0,0.9308733790999236,0.0,0.0,87.0459976196289,0.8448275862068966,1.0,1.0,True
688,NOR,McLaren,50,3,HARD,10.0,3,86.96800231933594,5213.548452336192,643,87.09000396728516,1.0,0.5412130637636081,0.5524399710829403,0.13093360823915,0.0,309.0,310.0,228.88929748535156,87.07104178193019,0.10303946259425345,False,True,True,True,46.781443306761346,310.0,0.9295480549199086,0.0,0.0,87.09000396728516,0.8620689655172413,1.0,1.0,True
689,NOR,McLaren,51,3,HARD,11.0,3,87.2770004272461,5204.590497163051,634,87.41600036621094,1.0,0.526813880126183,0.531973609766805,0.13956253234698837,0.0,309.374912109375,311.0,230.0,87.23341947453255,-0.043580952713540455,False,True,True,True,49.59919293685072,311.0,0.896844012204424,0.0,0.0,87.41600036621094,0.8793103448275862,1.0,1.0,True
690,NOR,McLaren,52,3,HARD,12.0,3,86.8949966430664,5205.918305719734,647,87.0169974565506,1.0,0.5224111282843895,0.5355275455629906,0.1429720230953268,0.0,311.16706909179686,312.0,227.87501525878906,86.89221096645619,-0.0027856766102161146,False,True,True,True,47.26319364237878,312.0,0.9141781083142639,0.0,0.0,87.0169974565506,0.896551724137931,1.0,1.0,True
691,NOR,McLaren,53,3,HARD,13.0,3,87.08000183105469,5210.565972373963,633,87.21900177001953,1.0,0.5560821484992101,0.5346770698468479,0.1733567343036007,0.0,312.0,313.0,234.0,87.04100855114206,-0.03899327991263135,False,True,True,True,40.97134021158351,312.97186279296875,0.9452469488939741,0.0,0.0,87.21900177001953,0.9137931034482759,1.0,1.0,True
692,NOR,McLaren,54,3,HARD,14.0,3,87.14399719238281,5194.392784496471,654,87.2649974822998,1.0,0.5305810397553516,0.5239557443521966,0.15079350863659682,0.0,311.13213317871094,313.0,230.8499984741211,86.95057796199441,-0.19341923038840036,False,True,True,True,48.48847862101623,312.92462158203125,0.9133009153318078,0.0,0.0,87.2649974822998,0.9310344827586207,1.0,1.0,True
693,NOR,McLaren,55,3,HARD,15.0,3,87.9749984741211,5199.382412123307,651,88.11399841308594,1.0,0.48540706605222733,0.489093706766778,0.15662659280519528,0.0,310.0,312.0,228.0,87.87816190085172,-0.09683657326937123,False,True,True,True,42.71036191938647,311.99859619140625,0.8719250572082379,0.0,0.0,88.11399841308594,0.9482758620689655,1.0,1.0,True
694,NOR,McLaren,56,3,HARD,16.0,3,88.22599792480469,5192.711516778823,651,88.36499786376953,1.0,0.5099846390168971,0.495026372201012,0.1480450037587925,0.0,312.2203063964844,314.0,228.3333282470703,88.06403611207318,-0.161961812731505,False,True,True,True,50.27309105976031,314.0,0.8894879862700229,0.0,0.0,88.36499786376953,0.9655172413793104,1.0,1.0,True
695,NOR,McLaren,57,3,HARD,17.0,3,88.43499755859375,5199.660711835088,672,88.5739974975586,1.0,0.45982142857142855,0.46506874048145275,0.15262941240464442,0.0,313.0,314.0,227.84642791748047,88.21082263131052,-0.2241749272832294,False,True,True,True,45.767042907808424,313.9959716796875,0.8584286803966438,0.0,0.0,88.5739974975586,0.9827586206896551,1.0,1.0,True
696,NOR,McLaren,58,3,HARD,18.0,3,88.98699951171875,5213.334163545311,654,89.1259994506836,1.0,0.42813455657492355,0.43761636301232254,0.16359981999538944,0.0,313.2373522949219,315.0,221.18499755859375,89.20690939612898,0.21990988441022807,False,True,True,True,41.04791342265988,315.0,0.8334477498093058,0.0,0.0,89.1259994506836,1.0,1.0,1.0,True
697,OCO,Haas F1 Team,2,1,MEDIUM,2.0,9,90.50399780273438,5178.675283979417,689,90.62999820709229,1.0,0.502177068214804,0.4950017015768331,0.23480079292080902,0.1906653749954713,323.0,323.0,216.1555633544922,90.15579626712929,-0.34820153560508516,False,True,True,True,41.43401835971946,323.0,0.9599494660564455,1.0,0.0,90.62999820709229,0.034482758620689655,0.0,0.0,False
698,OCO,Haas F1 Team,3,1,MEDIUM,3.0,9,90.30599975585938,5192.242801578969,684,90.43999862670898,1.0,0.4853801169590643,0.4882132063606577,0.20917739504594657,0.17205883525278043,331.0,331.0,216.48135375976562,90.03556010847275,-0.27043964738662396,False,True,True,True,46.92128895141782,331.0,0.8969536613272311,1.0,0.0,90.43999862670898,0.05172413793103448,0.0,0.0,False
699,OCO,Haas F1 Team,4,1,MEDIUM,4.0,9,90.5,5192.204011223019,678,90.63399887084961,1.0,0.4690265486725664,0.465973140610743,0.19992512939957177,0.17122714655009463,330.9770184326172,332.0,221.88489532470703,90.4601701983299,-0.039829801670094866,False,True,True,True,44.465886443072954,332.0,0.8530463386727689,1.0,0.0,90.63399887084961,0.06896551724137931,0.0,0.0,False
700,OCO,Haas F1 Team,5,1,MEDIUM,5.0,9,90.16300201416016,5190.590823591471,685,90.28900146484375,1.0,0.47883211678832116,0.4735127839612788,0.209073230407052,0.16747337836604598,330.0,331.0,217.96517944335938,89.85984245182247,-0.30315956233768304,False,True,True,True,42.73046774613805,330.79864501953125,0.8836670480549199,1.0,0.0,90.28900146484375,0.08620689655172414,0.0,0.0,False
701,OCO,Haas F1 Team,6,1,MEDIUM,6.0,9,90.48699951171875,5155.154308968133,669,90.61999702453613,1.0,0.47384155455904337,0.4730523064175254,0.2220481805709868,0.17655046327504484,329.0,329.0,216.0,89.65044083903773,-0.8365586726810221,False,True,True,True,45.73217891787378,329.0,0.8169050343249428,1.0,0.0,90.61999702453613,0.10344827586206896,0.0,0.0,False
702,OCO,Haas F1 Team,7,1,MEDIUM,7.0,9,90.3949966430664,5199.286753458023,675,90.52799606323242,1.0,0.49037037037037035,0.47991785588367397,0.21518206322761546,0.17367005471365307,328.0,329.0,219.25714111328125,90.36237565539575,-0.032620987670654245,False,True,True,True,42.5750032851564,329.0,0.9153937833714721,1.0,0.0,90.52799606323242,0.1206896551724138,0.0,0.0,False
703,OCO,Haas F1 Team,8,1,MEDIUM,8.0,9,90.42900085449219,5197.605349871576,699,90.55700016021729,1.0,0.5050071530758226,0.4953235842740762,0.204500985336382,0.18020692279911799,326.9488586425781,328.0,214.80714416503906,90.24815855708937,-0.18084229740281899,False,True,True,True,45.94051248855733,328.0,0.9254910373760489,1.0,0.0,90.55700016021729,0.13793103448275862,0.0,0.0,False
704,OCO,Haas F1 Team,9,1,MEDIUM,9.0,9,90.1449966430664,5202.794566981434,677,90.27199649810791,1.0,0.49039881831610044,0.47828790067182425,0.23302888409293215,0.17591283666576168,329.1626708984375,330.0,217.0,90.03331189523047,-0.11168474783593751,False,True,True,True,44.082907876524104,330.0,0.9157322654462242,1.0,0.0,90.27199649810791,0.15517241379310345,0.0,0.0,False
705,OCO,Haas F1 Team,10,1,MEDIUM,10.0,9,90.33200073242188,5194.024357639105,691,90.46349906921387,1.0,0.47901591895803186,0.48423404929654007,0.21755735692692352,0.17906673284006613,331.0,332.0,214.7111053466797,90.16112838986365,-0.17087234255822636,False,True,True,True,47.36490416040511,331.89105224609375,0.9343726163234173,1.0,0.0,90.46349906921387,0.1724137931034483,0.0,0.0,False
706,OCO,Haas F1 Team,11,1,MEDIUM,11.0,9,90.85800170898438,5202.026389254392,703,90.98600006103516,1.0,0.48933143669985774,0.48488781114795865,0.20664714540853182,0.17981887378343792,324.0,325.0,217.0,90.80147851825004,-0.05652319073433887,False,True,True,True,42.7189290263508,325.0,0.93316647597254,1.0,0.0,90.98600006103516,0.1896551724137931,0.0,0.0,False
707,OCO,Haas F1 Team,12,1,MEDIUM,12.0,9,90.78600311279297,5205.060935959162,693,90.91400310397148,1.0,0.5050505050505051,0.49919702143574923,0.24418692411037385,0.1790703106613694,323.1125048828125,324.0,219.0,90.59694328471207,-0.18905982808090016,False,True,True,True,40.93251075389273,324.0,0.9317410373760487,1.0,0.0,90.91400310397148,0.20689655172413793,0.0,0.0,False
708,OCO,Haas F1 Team,13,1,MEDIUM,13.0,9,91.07599639892578,5187.818751362517,670,91.20499610900879,1.0,0.491044776119403,0.49083933590678847,0.22326632395524793,0.1824461180000663,327.0,327.0,214.5077133178711,90.75834616946813,-0.3176502294576551,False,True,True,True,41.37950819101153,327.0,0.9507389397406559,1.0,0.0,91.20499610900879,0.22413793103448276,0.0,0.0,False
709,OCO,Haas F1 Team,14,1,MEDIUM,14.0,8,91.02200317382812,5176.0353566591675,686,91.15100860595703,1.0,0.5087463556851312,0.49423492206845954,0.23565287936357407,0.18779827233582022,328.90892486572267,332.0,213.43348693847656,90.72506702897721,-0.29693614485091757,False,True,True,True,45.232654831301225,331.9638977050781,0.9431636155606408,0.9941085655432232,0.0,91.15100860595703,0.2413793103448276,0.005891434456776756,3.470899995849643e-05,False
710,OCO,Haas F1 Team,15,1,MEDIUM,15.0,7,90.24600219726562,5206.594256739043,690,90.37400245666504,1.0,0.5507246376811594,0.550445963082398,0.20888757240222317,0.0,307.0,308.0,218.9499969482422,90.04477939320483,-0.20122280406079085,False,True,True,True,40.59288267006031,307.97100830078125,0.9647835621662852,0.0032310182948146666,0.0,90.37400245666504,0.25862068965517243,0.9967689817051854,0.9935484028895921,True
711,OCO,Haas F1 Team,16,1,MEDIUM,16.0,6,90.8270034790039,5210.109492396191,676,90.95700454711914,1.0,0.5340236686390533,0.543069800270787,0.2000724516481893,0.0,307.0,307.0,216.94000244140625,90.60564955863886,-0.22135392036504697,False,True,True,True,43.2539923718031,307.0,0.9604977116704806,0.016931075401132024,0.0,90.95700454711914,0.27586206896551724,0.983068924598868,0.9664245105119748,True
712,OCO,Haas F1 Team,17,1,MEDIUM,17.0,3,90.94999694824219,5214.496293468959,686,91.08000183105469,1.0,0.5,0.5137351453815108,0.2037769679992642,0.0,309.0042205810547,311.0,216.28250122070312,90.92162766784959,-0.028369280392595897,False,True,True,True,42.67453846418989,311.0,0.9596205186880243,0.01594203021468017,0.0,91.08000183105469,0.29310344827586204,0.9840579697853198,0.9683700878980054,True
713,OCO,Haas F1 Team,18,1,MEDIUM,18.0,3,91.01399993896484,5199.7809343349345,675,91.14400482177734,1.0,0.5451851851851852,0.531719117774712,0.22293293216457105,0.0,307.0,308.0,220.88198852539062,90.8363416491434,-0.17765828982143717,False,True,True,True,45.389461495365794,308.0,0.9741132723112128,0.0,0.0,91.14400482177734,0.3103448275862069,1.0,1.0,True
714,OCO,Haas F1 Team,21,2,HARD,2.0,17,88.75499725341797,5219.426941924334,675,88.88499641418457,1.0,0.5140740740740741,0.5198401845208862,0.20788661063522706,0.0,311.2047198486328,312.0,223.0,88.74265936409219,-0.012337889325777951,False,True,True,True,46.426577379547936,312.0,0.932837528604119,0.20191251165175797,0.0,88.88499641418457,0.3620689655172414,0.7980874883482421,0.6369436390580054,False
715,OCO,Haas F1 Team,22,2,HARD,3.0,16,88.73999786376953,5219.332140060544,670,88.8699951171875,1.0,0.5104477611940299,0.5103857950315444,0.21471798130862624,0.0,314.0,315.0,224.59809112548828,88.66416849382358,-0.07582936994595002,False,True,True,True,49.91144201954853,314.95098876953125,0.9467820366132723,0.9842579033925611,0.0,88.8699951171875,0.3793103448275862,0.01574209660743886,0.00024781360559793806,False
716,OCO,Haas F1 Team,23,2,HARD,4.0,15,88.88200378417969,5203.675836333633,675,89.0120038986206,1.0,0.5244444444444445,0.5282433809919406,0.2520784323271451,0.08807800980997109,316.0269299316406,318.0,222.67857360839844,88.83362652033651,-0.04837726384317875,False,True,True,True,48.80045275400982,316.0,0.9217534324942792,1.0,0.0,89.0120038986206,0.39655172413793105,0.0,0.0,False
717,OCO,Haas F1 Team,24,2,HARD,5.0,14,89.02100372314453,5216.6001712404495,658,89.15200424194336,1.0,0.5106382978723404,0.5156474486838478,0.2072527852547444,0.09511843972933075,334.812707824707,338.0,223.0,89.21392259617431,0.1929188730297824,False,True,True,True,47.30046470188233,337.9693298339844,0.9664378337147216,1.0,0.0,89.15200424194336,0.41379310344827586,0.0,0.0,False
718,OCO,Haas F1 Team,25,2,HARD,6.0,13,89.11799621582031,5200.231122752816,679,89.24699783325195,1.0,0.5272459499263623,0.5131039846654697,0.23213100965930936,0.0959248045516319,335.50600158691407,338.0,221.4499969482422,89.01047742364636,-0.10751879217394844,False,True,True,True,42.84193497044382,338.0,0.9345919145690313,0.7895727673172245,0.0,89.24699783325195,0.43103448275862066,0.21042723268277552,0.04427962025453095,False
719,OCO,Haas F1 Team,26,2,HARD,7.0,13,89.46700286865234,5208.034706514374,674,89.59800338745117,1.0,0.5,0.5111944195057311,0.21517218739317492,0.0,314.3808245849609,315.0,216.09870147705078,89.38698965460142,-0.08001321405092199,False,True,True,True,43.56058940695779,315.0,0.8920003813882532,0.982008533105945,0.0,89.59800338745117,0.4482758620689655,0.017991466894054953,0.00032369288099987536,False
720,OCO,Haas F1 Team,27,2,HARD,8.0,13,89.68800354003906,5171.676660013736,659,89.81999969482422,1.0,0.4673748103186646,0.465887400325001,0.23335564377709564,0.17945893390465736,332.0,333.0,216.15599060058594,89.22362966844271,-0.4643738715963508,False,True,True,True,46.48232944664641,332.9859313964844,0.9416380625476736,1.0,0.0,89.81999969482422,0.46551724137931033,0.0,0.0,False
721,OCO,Haas F1 Team,28,2,HARD,9.0,13,90.46800231933594,5199.8675946238045,673,90.60000228881836,1.0,0.4606240713224368,0.456975713242056,0.24549664157176976,0.16823395563001933,335.843994140625,337.0,217.61000061035156,90.41694890008753,-0.05105341924840445,False,True,True,True,43.67896148714099,337.0,0.8931159420289855,1.0,0.0,90.60000228881836,0.4827586206896552,0.0,0.0,False
722,OCO,Haas F1 Team,29,2,HARD,10.0,13,90.7699966430664,5178.434763546251,695,90.89799666404724,1.0,0.49928057553956834,0.49448829800742383,0.25432911912169087,0.09372044841170396,331.0,333.0,216.0,90.50589946603097,-0.26409717703543834,False,True,True,True,48.69094184115578,332.94879150390625,0.9232980549199085,1.0,0.0,90.89799666404724,0.5,0.0,0.0,False
723,OCO,Haas F1 Team,30,2,HARD,11.0,13,90.28099822998047,5193.673381669163,675,90.40799832344055,1.0,0.49037037037037035,0.48469160208909934,0.2530639344690247,0.17963010093056006,327.0,328.0,219.71875,90.09122806721169,-0.1897701627687809,False,True,True,True,47.98462321722553,328.0,0.9343726163234173,1.0,0.0,90.40799832344055,0.5172413793103449,0.0,0.0,False
724,OCO,Haas F1 Team,31,2,HARD,12.0,12,90.5989990234375,5207.985586537391,687,90.73199987411499,1.0,0.49053857350800584,0.4844156333867891,0.2768593788919044,0.17324648287792657,342.0,343.0,222.0,90.57024932720412,-0.0287496962333762,False,True,True,True,43.43107177125801,342.9269104003906,0.926039282990084,1.0,0.0,90.73199987411499,0.5344827586206896,0.0,0.0,False
725,OCO,Haas F1 Team,32,2,HARD,13.0,10,89.13500213623047,5189.799287236054,685,89.26100158691406,1.0,0.5138686131386861,0.5181097766397159,0.22133973466056756,0.09903541295108952,331.0,332.0,220.84999084472656,88.86930836166505,-0.2656937745654204,False,True,True,True,47.37102816546166,332.0,0.9172578184591914,0.8610815501091574,0.0,89.26100158691406,0.5517241379310345,0.13891844989084257,0.019298335720074538,False
726,OCO,Haas F1 Team,33,2,HARD,14.0,9,89.81800079345703,5203.070216519238,696,89.94300079345703,1.0,0.5172413793103449,0.5056424643072204,0.20902135677816516,0.0,308.0,308.0,223.5,89.66284592910739,-0.15515486434964032,False,True,True,True,46.1818735330246,308.0,0.9002336003051106,0.31950231043858307,0.0,89.94300079345703,0.5689655172413793,0.680497689561417,0.4630771054984266,False
727,OCO,Haas F1 Team,34,2,HARD,15.0,9,89.3479995727539,5205.371133044362,671,89.47500133514404,1.0,0.5052160953800298,0.49578102376049016,0.20206760212620714,0.0,315.0,316.0,224.0,89.10369067220947,-0.2443089005444392,False,True,True,True,42.358500551263745,315.9396057128906,0.932618230358505,0.9982006225683904,0.0,89.47500133514404,0.5862068965517241,0.0017993774316096278,3.2377591413860607e-06,False
728,OCO,Haas F1 Team,35,2,HARD,16.0,9,89.47599792480469,5213.453986513093,671,89.60199737548828,1.0,0.4918032786885246,0.4997768281550398,0.2008884613982955,0.0,316.9270904541016,318.0,220.9166717529297,89.46485173469901,-0.011146190105677078,False,True,True,True,43.42001609622713,317.9468688964844,0.9112175819984745,1.0,0.0,89.60199737548828,0.603448275862069,0.0,0.0,False
729,OCO,Haas F1 Team,36,2,HARD,17.0,9,89.53199768066406,5188.805684243531,670,89.65799713134766,1.0,0.49850746268656715,0.49298442844593865,0.21237374542117607,0.18336345959159958,331.00648986816407,332.0,219.6911849975586,89.31129604669114,-0.2207016339729222,False,True,True,True,48.87929051588536,332.0,0.9343726163234173,1.0,0.0,89.65799713134766,0.6206896551724138,0.0,0.0,False
730,OCO,Haas F1 Team,37,2,HARD,18.0,9,90.25,5184.315892280341,677,90.38500022888184,1.0,0.4963072378138848,0.4881451614383804,0.23061352685274014,0.1778945458312441,334.0,335.0,210.0,90.11432598578722,-0.1356740142127819,False,True,True,True,48.90948939793671,335.0,0.9507389397406559,1.0,0.0,90.38500022888184,0.6379310344827587,0.0,0.0,False
731,OCO,Haas F1 Team,38,2,HARD,19.0,8,89.7300033569336,5188.428584390581,646,89.86600112915039,1.0,0.5123839009287926,0.5099704284133435,0.2528319243115443,0.09526404656998799,340.6790557861328,342.0,222.0,89.54045951685771,-0.18954384007588487,False,True,True,True,48.061013326693036,341.9548034667969,0.9669860793287567,0.7536888049083292,0.0,89.86600112915039,0.6551724137931034,0.24631119509167076,0.0606692048274871,False
732,OCO,Haas F1 Team,39,2,HARD,20.0,8,90.11699676513672,5208.1410763517915,670,90.24199676513672,1.0,0.5074626865671642,0.5040224160499837,0.25576773406078135,0.17863076618849583,323.0,324.0,221.1953125,90.15519321278066,0.0381964476439407,False,True,True,True,51.05052831430123,324.0,0.9703947368421053,0.9880321594183527,0.0,90.24199676513672,0.6724137931034483,0.011967840581647349,0.00014322920818772515,False
733,OCO,Haas F1 Team,40,2,HARD,21.0,8,90.10900115966797,5215.575512470156,680,90.24399948120117,1.0,0.525,0.5222285221750944,0.2508754783959013,0.17729708550854226,325.9667987060547,326.0,222.0,90.09567933979727,-0.013321819870697027,False,True,True,True,44.977167888516654,326.0,0.9780701754385964,0.9977838199836894,0.0,90.24399948120117,0.6896551724137931,0.0022161800163106316,4.911453864694591e-06,False
734,OCO,Haas F1 Team,41,2,HARD,22.0,8,89.43499755859375,5204.618038798094,697,89.55999755859375,1.0,0.5308464849354376,0.5259490625027686,0.25634208345515147,0.1862550269158504,329.05265502929683,331.0,223.0,89.3723429974511,-0.06265456114265078,False,True,True,True,49.96490759638563,330.946533203125,0.9422864225781846,1.0,0.0,89.55999755859375,0.7068965517241379,0.0,0.0,False
735,OCO,Haas F1 Team,42,2,HARD,23.0,8,89.24400329589844,5186.061417794229,659,89.3800048828125,1.0,0.5326251896813353,0.5342134590177424,0.21080779421822013,0.18437007478137835,324.0,324.0,222.0,88.91683184461958,-0.3271714512788577,True,True,True,True,50.86103852163967,324.0,0.9590722730739892,0.9919445787427222,0.0,89.3800048828125,0.7241379310344828,0.008055421257277762,6.488981163220244e-05,False
736,OCO,Haas F1 Team,43,2,HARD,24.0,7,89.52200317382812,5198.260932266236,675,89.65800321102142,1.0,0.5318518518518518,0.5272032689154365,0.2565082212770417,0.08386313254582706,309.0,310.0,220.0749969482422,89.39350531019429,-0.12849786363383942,False,True,True,True,44.49614536877068,308.0,0.9492944317315026,1.0,0.0,89.65800321102142,0.7413793103448276,0.0,0.0,False
737,OCO,Haas F1 Team,44,2,HARD,25.0,7,89.24400329589844,5219.4218049499095,672,89.38000106811523,1.0,0.5639880952380952,0.556142301116868,0.20900656394242173,0.0,309.9499264526367,310.0,222.23818969726562,89.36929581256696,0.12529251666852304,True,True,True,True,44.90466669540731,310.0,0.9625810450038138,1.0,0.0,89.38000106811523,0.7586206896551724,0.0,0.0,False
738,OCO,Haas F1 Team,45,2,HARD,26.0,7,89.16000366210938,5200.624220312783,688,89.28300476074219,1.0,0.5348837209302325,0.5282753930526993,0.21683848035232123,0.08781066647115292,311.0,311.0,224.80178833007812,89.08757800763912,-0.07242565447025129,False,True,True,True,45.850767614914886,310.0,0.9464530892448512,1.0,0.0,89.28300476074219,0.7758620689655172,0.0,0.0,False
739,OCO,Haas F1 Team,46,2,HARD,27.0,7,89.19000244140625,5198.4296936837445,672,89.32699966430664,1.0,0.5297619047619048,0.5327616760753309,0.22388520770599,0.19031202179895346,324.2155480957031,325.0,217.0,88.96154043489528,-0.22846200651096638,False,True,True,True,47.14992605995763,325.0,0.9888157894736841,1.0,0.0,89.32699966430664,0.7931034482758621,0.0,0.0,False
740,OCO,Haas F1 Team,47,2,HARD,28.0,7,89.15799713134766,5201.090010733367,673,89.28099536895752,1.0,0.549777117384844,0.5309527314907236,0.2374863232632124,0.1854929915172534,325.0,325.0,221.64820861816406,89.12500414213022,-0.03299298921743343,False,True,True,True,49.41088087206878,325.0,0.9820175438596491,1.0,0.0,89.28099536895752,0.8103448275862069,0.0,0.0,False
741,OCO,Haas F1 Team,48,2,HARD,29.0,7,89.66100311279297,5201.8484385383135,671,89.78400325775146,1.0,0.5439642324888226,0.5422124720741655,0.22633197256867202,0.0,312.0,313.0,224.0,89.60202842661766,-0.058974686175304214,False,True,True,True,42.104694505341435,313.0,0.9731168954996186,1.0,0.0,89.78400325775146,0.8275862068965517,0.0,0.0,False
742,OCO,Haas F1 Team,49,2,HARD,30.0,7,89.33399963378906,5197.533166434526,677,89.47200012207031,1.0,0.5258493353028065,0.52895886652772,0.20741692613304677,0.08315453361113588,313.0,314.0,216.0,89.17104393416668,-0.16295569962238687,False,True,True,True,41.83147424614607,313.91253662109375,0.9747520976353928,1.0,0.0,89.47200012207031,0.8448275862068966,0.0,0.0,False
743,OCO,Haas F1 Team,50,2,HARD,31.0,7,88.93499755859375,5205.787888997771,638,89.072998046875,1.0,0.5595611285266457,0.5523334319916375,0.22319890100844747,0.19039441708488308,324.58681732177735,325.0,224.2154769897461,88.80811076356431,-0.126886795029435,False,True,True,True,45.51971219544899,325.0,0.9480882913806256,1.0,0.0,89.072998046875,0.8620689655172413,0.0,0.0,False
744,OCO,Haas F1 Team,51,2,HARD,32.0,7,88.99500274658203,5193.544192763668,664,89.13299942016602,1.0,0.5602409638554217,0.5503461519054377,0.20960825515849507,0.0,310.5865628051758,311.0,224.8430633544922,88.58393064344574,-0.4110721031362914,False,True,True,True,50.37110741903368,311.0,0.9430444317315027,1.0,0.0,89.13299942016602,0.8793103448275862,0.0,0.0,False
745,OCO,Haas F1 Team,52,2,HARD,33.0,7,89.40499877929688,5238.011218149185,654,89.5260009765625,1.0,0.5428134556574924,0.5416750803538193,0.22337648576589486,0.08355114112820206,319.14012817382815,321.0,224.62032318115234,89.5763833637848,0.17138458448792449,False,True,True,True,49.916696511799685,315.0,0.9532513348588864,0.8666085694378352,0.0,89.5260009765625,0.896551724137931,0.13339143056216485,0.017793273747420846,False
746,OCO,Haas F1 Team,53,2,HARD,34.0,7,89.23200225830078,5222.6727181205715,666,89.3710024356842,1.0,0.5480480480480481,0.5477615711726045,0.2139844184201745,0.0,308.4933578491211,310.0,227.0,89.26153025716718,0.02952799886639923,False,True,True,True,43.39728835190274,309.9820556640625,0.9473302822273074,0.14590863434604054,0.0,89.3710024356842,0.9137931034482759,0.8540913656539595,0.7294720608846456,True
747,OCO,Haas F1 Team,54,2,HARD,35.0,7,88.66200256347656,5233.54265068657,653,88.8010025024414,1.0,0.5650842266462481,0.5707256112360468,0.21533539316068587,0.0,310.8375,312.0,227.0,88.5929209016459,-0.06908166183066555,False,True,True,True,47.29536785478115,312.0,0.9073607932875668,0.0,0.0,88.8010025024414,0.9310344827586207,1.0,1.0,True
748,OCO,Haas F1 Team,55,2,HARD,36.0,7,88.71900177001953,5238.404342839954,659,88.85800170898438,1.0,0.5918057663125948,0.576188984721635,0.18951576897199882,0.0,310.529995727539,311.0,228.0,88.58990963715871,-0.12909213286081922,False,True,True,True,46.68066814151102,311.0,0.9758676582761251,0.0,0.0,88.85800170898438,0.9482758620689655,1.0,1.0,True
749,OCO,Haas F1 Team,56,2,HARD,37.0,7,88.65499877929688,5230.9323285293585,661,88.79450225830078,1.0,0.5748865355521936,0.5767418114042968,0.20546306847985985,0.0,310.6666748046875,312.0,225.41378784179688,88.57126387201586,-0.08373490728101274,False,True,True,True,43.0933572475412,311.98480224609375,0.9623712814645309,0.0,0.0,88.79450225830078,0.9655172413793104,1.0,1.0,True
750,OCO,Haas F1 Team,57,2,HARD,38.0,7,88.75,5225.383860877336,660,88.88900089263916,1.0,0.5545454545454546,0.5576505339901275,0.2159885274769383,0.0,311.0,313.0,227.0,88.70769695572858,-0.04230304427142073,False,True,True,True,42.89207823587811,312.9710693359375,0.976077421815408,0.0,0.0,88.88900089263916,0.9827586206896551,1.0,1.0,True
751,OCO,Haas F1 Team,58,2,HARD,39.0,7,88.76899719238281,5212.847551768869,654,88.90699768066406,1.0,0.5336391437308868,0.53924884739992,0.22000513613492856,0.0,315.3169143676758,317.0,226.0,88.67169721209618,-0.09729998028663545,False,True,True,True,43.616097504564685,316.9310302734375,0.945456712433257,0.25668403354335256,0.0,88.90699768066406,1.0,0.7433159664566474,0.5525186259893798,False
752,PIA,McLaren,2,1,HARD,2.0,2,89.81400299072266,5220.587975018144,683,89.94000673294067,1.0,0.5065885797950219,0.4940849797022143,0.15209028582737907,0.0,307.7745050048828,309.0,225.47633361816406,89.84139687192634,0.027393881203678916,False,True,True,True,44.235432831333036,308.93939208984375,0.9075896262395119,1.0,0.0,89.94000673294067,0.034482758620689655,0.0,0.0,False
753,PIA,McLaren,3,1,HARD,3.0,2,89.5250015258789,5211.375886455954,677,89.65899848937988,1.0,0.4918759231905465,0.4966038561335909,0.1486074869864974,0.0,307.0,308.0,225.41873168945312,89.4244906147155,-0.10051091116341127,False,True,True,True,42.37179671986955,308.0,0.9183447749809307,0.9918022661112077,0.0,89.65899848937988,0.05172413793103448,0.008197733888792302,6.720284091145376e-05,False
754,PIA,McLaren,4,1,HARD,4.0,2,89.9260025024414,5197.638216301799,676,90.06000137329102,1.0,0.49556213017751477,0.49810131346132774,0.14164997683691796,0.0,306.6448440551758,308.0,221.77142333984375,89.62411937003085,-0.301883132410552,False,True,True,True,45.03875284422412,307.9906921386719,0.9475400457665905,0.9672772596563918,0.0,90.06000137329102,0.06896551724137931,0.032722740343608225,0.0010707777355952054,False
755,PIA,McLaren,5,1,HARD,5.0,2,89.75800323486328,5215.966184840411,680,89.88400268554688,1.0,0.5102941176470588,0.495394068520252,0.16196437996189886,0.0,307.67412017822267,309.0,223.38748931884766,89.75575010412462,-0.0022531307386657318,False,True,True,True,43.56983493657271,309.0,0.9060545385202136,0.0,0.0,89.88400268554688,0.08620689655172414,1.0,1.0,True
756,PIA,McLaren,6,1,HARD,6.0,2,89.78700256347656,5213.42258801099,671,89.91400296986103,1.0,0.4843517138599106,0.4771449231648125,0.17256486083732123,0.0,309.2422943115234,310.0,226.54421997070312,89.74920133425032,-0.037801229226246846,False,True,True,True,44.760651930244194,310.0,0.9150743707093821,0.011633354091428775,0.0,89.91400296986103,0.10344827586206896,0.9883666459085713,0.9768686267445591,True
757,PIA,McLaren,7,1,HARD,7.0,2,89.56800079345703,5216.628655312211,663,89.70100021362305,1.0,0.502262443438914,0.4952007539662947,0.1560518795594852,0.0,309.0,311.0,224.0,89.56197601310411,-0.006024780352916537,False,True,True,True,41.46340681640977,310.97882080078125,0.9029748283752861,0.0,0.0,89.70100021362305,0.1206896551724138,1.0,1.0,True
758,PIA,McLaren,8,1,HARD,8.0,2,89.49600219726562,5204.153483908892,694,89.62400245666504,1.0,0.5100864553314121,0.5071187219785553,0.15753592309008005,0.0,309.0282495117188,310.0,226.34000396728516,89.34489536640683,-0.15110683085879373,False,True,True,True,45.68240981053668,310.0,0.9243850114416476,0.0,0.0,89.62400245666504,0.13793103448275862,1.0,1.0,True
759,PIA,McLaren,9,1,HARD,9.0,2,89.57099914550781,5188.2007296516895,673,89.69899833202362,1.0,0.5319465081723626,0.5128709188793853,0.14805067078666723,0.0,310.0,310.0,226.87136840820312,89.2493878669216,-0.32161127858621796,False,True,True,True,47.15293549020651,310.0,0.9195509153318078,0.21911059348037382,0.0,89.69899833202362,0.15517241379310345,0.7808894065196261,0.609788265214574,False
760,PIA,McLaren,10,1,HARD,10.0,2,89.46800231933594,5211.6017660781035,680,89.59600067138672,1.0,0.5161764705882353,0.5213625184750714,0.1566921983915054,0.0,308.0690023803711,309.0,223.15074920654297,89.44201746102047,-0.025984858315467818,False,True,True,True,43.18346739382238,309.0,0.9408419145690313,0.3414549989964684,0.0,89.59600067138672,0.1724137931034483,0.6585450010035316,0.4336815183467415,False
761,PIA,McLaren,11,1,HARD,11.0,2,89.46600341796875,5211.653673512042,696,89.59300422668457,1.0,0.5129310344827587,0.5113792634832561,0.16382980335935443,0.0,307.8432418823242,309.0,225.48749542236328,89.39177344533206,-0.07422997263668663,False,True,True,True,42.77007579319125,308.9754638671875,0.9309639588100685,0.0,0.0,89.59300422668457,0.1896551724137931,1.0,1.0,True
762,PIA,McLaren,12,1,HARD,12.0,2,89.49199676513672,5205.105379730761,688,89.61999702453613,1.0,0.5145348837209303,0.508982498745549,0.16737334375699467,0.0,310.0,311.0,222.75555419921875,89.41285361945259,-0.07914314568412806,False,True,True,True,39.76073469517711,311.0,0.9315122044241037,0.8203526215690575,0.0,89.61999702453613,0.20689655172413793,0.17964737843094247,0.032273180577110254,False
763,PIA,McLaren,13,1,HARD,13.0,2,89.26100158691406,5209.1502046717005,658,89.38999938964844,1.0,0.5091185410334347,0.5116232192033714,0.17095865276106587,0.0,310.0,310.0,221.9000015258789,89.09216289091005,-0.16883869600401624,False,True,True,True,47.89372287514493,310.0,0.932508581235698,0.857243542155755,0.0,89.38999938964844,0.22413793103448276,0.14275645784424495,0.020379406256235688,False
764,PIA,McLaren,14,1,HARD,14.0,2,89.625,5187.427138497594,665,89.75600002706051,1.0,0.5353383458646617,0.5130687466079203,0.15819555102125243,0.0,308.13799926757815,309.0,227.0,89.24799855824561,-0.37700144175438766,False,True,True,True,49.255495819926786,309.0,0.9252622044241038,0.9683475243725773,0.0,89.75600002706051,0.2413793103448276,0.03165247562742268,0.001001879213344587,False
765,PIA,McLaren,15,1,HARD,15.0,2,89.53600311279297,5211.262027194113,688,89.66400337219238,1.0,0.5072674418604651,0.5134168199663895,0.15883748855902502,0.0,310.0,311.0,222.08086395263672,89.47048356390425,-0.06551954888871592,False,True,True,True,47.571723983148324,310.9942626953125,0.9128527841342486,1.0,0.0,89.66400337219238,0.25862068965517243,0.0,0.0,False
766,PIA,McLaren,16,1,HARD,16.0,2,89.68099975585938,5195.995853092432,665,89.81100273132324,1.0,0.5067669172932331,0.4998052374771197,0.16524699336848556,0.0,308.19799560546875,309.0,221.3258056640625,89.45062364132158,-0.2303761145377905,False,True,True,True,39.03988908763161,309.0,0.9026458810068649,0.7911948034897486,0.0,89.81100273132324,0.27586206896551724,0.20880519651025142,0.043599610089684715,False
767,PIA,McLaren,17,1,HARD,17.0,2,89.53500366210938,5200.321947770239,683,89.66500473022461,1.0,0.4978038067349927,0.4981988755609783,0.16638582032876806,0.0,309.0,310.0,223.0,89.28637788095524,-0.24862578115413214,False,True,True,True,44.41412822389282,309.96319580078125,0.9225114416475972,0.8817821699702061,0.0,89.66500473022461,0.29310344827586204,0.11821783002979391,0.013975455336953244,False
768,PIA,McLaren,18,1,HARD,18.0,2,89.55699920654297,5205.028921684922,665,89.68799686431885,1.0,0.5218045112781955,0.5070689191874658,0.17216350598286362,0.0,310.0,311.0,225.9562530517578,89.3079822821268,-0.24901692441616774,False,True,True,True,44.87645718564271,311.0,0.9347110983981693,1.0,0.0,89.68799686431885,0.3103448275862069,0.0,0.0,False
769,PIA,McLaren,19,1,HARD,19.0,2,89.5979995727539,5217.311658246517,661,89.72799921035767,1.0,0.5083207261724659,0.4942827979914871,0.16229040266418734,0.0,309.0,310.0,221.6238250732422,89.62835559325967,0.03035602050576358,False,True,True,True,45.086113082008886,309.8971252441406,0.9226306254767352,1.0,0.0,89.72799921035767,0.3275862068965517,0.0,0.0,False
770,PIA,McLaren,20,1,HARD,20.0,2,89.89199829101562,5216.173404867038,680,90.0219955444336,1.0,0.5014705882352941,0.4942236394456209,0.17238005772006507,0.0,310.0,311.0,227.9375,89.86487812515438,-0.027120165861248324,False,True,True,True,47.665350478388085,310.940185546875,0.8848827231121281,0.9769501116289074,0.0,90.0219955444336,0.3448275862068966,0.023049888371092564,0.0005312973539198283,False
771,PIA,McLaren,21,1,HARD,21.0,2,89.58399963378906,5204.577019944191,681,89.71399688720703,1.0,0.5242290748898678,0.507891675439385,0.1605323315100196,0.0,309.0,310.0,228.54998779296875,89.31400262138858,-0.2699970124004807,False,True,True,True,49.291476986314706,309.93450927734375,0.9253813882532418,0.6292106177799408,0.0,89.71399688720703,0.3620689655172414,0.3707893822200592,0.13748476596713316,False
772,PIA,McLaren,22,1,HARD,22.0,2,89.50299835205078,5217.426634250879,677,89.63299560546875,1.0,0.5096011816838996,0.5042003970378545,0.1624514023257342,0.0,309.0,310.0,226.0,89.49045204045402,-0.012546311596764781,False,True,True,True,44.657702845575315,309.9761047363281,0.9174675819984744,0.20964369883973752,0.0,89.63299560546875,0.3793103448275862,0.7903563011602625,0.6246630827837315,False
773,PIA,McLaren,23,1,HARD,23.0,2,89.51499938964844,5203.886207939789,685,89.6449966430664,1.0,0.5007299270072992,0.5004294380341566,0.1735847427933517,0.0,308.0,309.0,224.72500610351562,89.30151406705485,-0.21348532259358421,False,True,True,True,45.66060102671949,308.9241027832031,0.932837528604119,0.007195009952809157,0.0,89.6449966430664,0.39655172413793105,0.9928049900471908,0.9856617482626027,True
774,PIA,McLaren,24,1,HARD,24.0,1,89.43499755859375,5206.441285665497,657,89.56599760055542,1.0,0.5220700152207002,0.5098584884568335,0.14559089511988094,0.0,306.0,307.0,228.8625030517578,89.18016129947725,-0.25483625911650165,False,True,True,True,42.37127609008903,306.9584045410156,0.9438024408848208,0.005415001532926678,0.0,89.56599760055542,0.41379310344827586,0.9945849984670734,0.9891993191757483,True
775,PIA,McLaren,25,1,HARD,25.0,1,89.26100158691406,5216.596511984393,686,89.3910026550293,1.0,0.5204081632653061,0.5137653352715994,0.14677085273679802,0.0,306.41066894531247,308.0,227.0,89.38302384378576,0.12202225687170198,False,True,True,True,43.658260975718235,307.88824462890625,0.9551249046529366,0.0,0.0,89.3910026550293,0.43103448275862066,1.0,1.0,True
776,PIA,McLaren,26,1,HARD,26.0,1,89.49199676513672,5185.791850518156,676,89.62299728393555,1.0,0.5177514792899408,0.5141201993170124,0.15175793265135024,0.0,306.0,307.0,223.32196807861328,89.10668729941757,-0.38530946571914626,False,True,True,True,46.67171997750966,307.0,0.9409610983981693,0.0,0.0,89.62299728393555,0.4482758620689655,1.0,1.0,True
777,PIA,McLaren,27,1,HARD,27.0,1,89.29900360107422,5205.948104833245,663,89.43000411987305,1.0,0.526395173453997,0.5179245868125969,0.156569391037761,0.0,306.0,306.0,227.0,89.1596360406975,-0.13936756037671216,False,True,True,True,46.20788240597077,306.0,0.9586241418764302,0.0,0.0,89.43000411987305,0.46551724137931033,1.0,1.0,True
778,PIA,McLaren,28,1,HARD,28.0,1,89.00399780273438,5195.385442261399,651,89.1359977722168,1.0,0.5053763440860215,0.5112861253265203,0.16110209344014223,0.0,305.607177734375,307.0,224.0,88.55811250679969,-0.44588529593468706,False,True,True,True,47.13303507105839,306.9532470703125,0.9306350114416476,0.0,0.0,89.1359977722168,0.4827586206896552,1.0,1.0,True
779,PIA,McLaren,29,1,HARD,29.0,1,88.927001953125,5214.249247208238,675,89.05500221252441,1.0,0.5096296296296297,0.5165909154821298,0.15540955478515325,0.0,308.0111401367187,309.0,224.04672241210938,88.97417108836888,0.04716913524387678,False,True,True,True,46.662752367962,309.0,0.9587433257055683,0.0,0.0,89.05500221252441,0.5,1.0,1.0,True
780,PIA,McLaren,30,1,HARD,30.0,1,89.11900329589844,5212.309585857987,671,89.24700355529785,1.0,0.5022354694485842,0.5065604924548418,0.1577531527180588,0.0,309.2986450195312,311.0,225.0,89.05592213899344,-0.0630811569049996,True,True,True,True,46.56314160104634,310.91455078125,0.9204281083142639,0.0,0.0,89.24700355529785,0.5172413793103449,1.0,1.0,False
781,PIA,McLaren,31,1,HARD,31.0,1,88.98300170898438,5218.431225173056,679,89.11600112915039,1.0,0.5051546391752577,0.5086627895155327,0.14947925461956726,0.0,307.09075134277344,309.0,226.0,89.10945558353359,0.1264538745492132,False,True,True,True,43.06127974602316,308.9098815917969,0.9648932112890923,0.0,0.0,89.11600112915039,0.5344827586206896,1.0,1.0,True
782,PIA,McLaren,32,1,HARD,32.0,1,89.0009994506836,5204.98420891203,671,89.12799835205078,1.0,0.526080476900149,0.5203191146390851,0.1386657065865675,0.0,307.0,308.0,224.80313110351562,88.79928819496456,-0.20171125571903303,False,True,True,True,42.241187780982244,308.0,0.9644546147978642,0.0,0.0,89.12799835205078,0.5517241379310345,1.0,1.0,True
783,PIA,McLaren,33,1,HARD,33.0,1,89.00199890136719,5203.623730161842,688,89.12799835205078,1.0,0.5261627906976745,0.5230680144596238,0.14988563248227965,0.0,307.0,308.0,220.55095672607422,88.82997546686283,-0.17202343450435365,False,True,True,True,44.798320902189914,308.0,0.9629099923722348,0.0,0.0,89.12799835205078,0.5689655172413793,1.0,1.0,True
784,PIA,McLaren,34,1,HARD,34.0,1,89.31300354003906,5204.49586117813,679,89.43900299072266,1.0,0.5139911634756995,0.5197396576578129,0.16145087511683281,0.0,307.0,308.0,223.91429138183594,89.17037149731476,-0.1426320427243013,False,True,True,True,47.043785940411965,307.913818359375,0.9502908085430969,0.0,0.0,89.43900299072266,0.5862068965517241,1.0,1.0,True
785,PIA,McLaren,35,1,HARD,35.0,1,89.177001953125,5209.911851432623,674,89.3040018081665,1.0,0.5029673590504451,0.5125974251327927,0.15947769950701518,0.0,307.72700744628906,309.0,222.5878677368164,88.93494885408695,-0.24205309903804562,False,True,True,True,47.47142839772237,308.8872985839844,0.9400839054157132,0.0,0.0,89.3040018081665,0.603448275862069,1.0,1.0,True
786,PIA,McLaren,36,1,HARD,36.0,1,89.00900268554688,5209.807539637327,668,89.13500213623047,1.0,0.5449101796407185,0.5243507065289076,0.15573004770222432,0.0,310.0,310.0,230.5,88.85521587478279,-0.15378681076408895,False,True,True,True,45.468104132114405,310.0,0.9665379481311976,0.0,0.0,89.13500213623047,0.6206896551724138,1.0,1.0,True
787,PIA,McLaren,37,1,HARD,37.0,1,89.1259994506836,5216.472068883777,661,89.26099395751953,1.0,0.5143721633888049,0.5180761232397607,0.17121692423777632,0.0,309.0,310.0,227.0,89.11333332139907,-0.012666129284525596,False,True,True,True,48.96958043122772,310.0,0.9557827993897788,0.0,0.0,89.26099395751953,0.6379310344827587,1.0,1.0,True
788,PIA,McLaren,38,1,HARD,38.0,1,89.10600280761719,5209.177584475425,662,89.24200248718262,1.0,0.5151057401812689,0.5214136756777749,0.15418751517867282,0.0,308.0,310.0,224.40438079833984,89.0041326731765,-0.10187013444068782,False,True,True,True,47.364049123180074,309.8948059082031,0.9707046147978642,0.0,0.0,89.24200248718262,0.6551724137931034,1.0,1.0,True
789,PIA,McLaren,39,1,HARD,39.0,1,89.26000213623047,5210.735937045099,650,89.39500214159489,1.0,0.5169230769230769,0.5176464909847924,0.1543822337673406,0.0,306.69160705566406,308.0,219.07799530029297,89.1105121045529,-0.1494900316775727,False,True,True,True,45.69726692014963,308.0,0.9604071319603357,0.0,0.0,89.39500214159489,0.6724137931034483,1.0,1.0,True
790,PIA,McLaren,40,1,HARD,40.0,1,89.38800048828125,5231.993999918997,671,89.51300048828125,1.0,0.5022354694485842,0.495212949263457,0.1693496589601938,0.0,308.3374908447265,310.0,228.0,89.6181019821939,0.230101493912656,False,True,True,True,43.96809664875025,310.0,0.9419479405034324,0.0,0.0,89.51300048828125,0.6896551724137931,1.0,1.0,True
791,PIA,McLaren,43,2,MEDIUM,2.0,2,87.36900329589844,5214.205565253317,659,87.50500392913818,1.0,0.5341426403641881,0.5158905151636062,0.148105740020557,0.0,305.0,306.0,235.0,87.24508752239439,-0.12391577350405214,False,True,True,True,47.10131174736702,306.0,0.9460049580472921,0.0,0.0,87.50500392913818,0.7413793103448276,1.0,1.0,True
792,PIA,McLaren,44,2,MEDIUM,3.0,2,86.76499938964844,5196.556486926206,648,86.90099716186523,1.0,0.5401234567901234,0.5352643699731021,0.1555678083191491,0.0,308.0,309.0,235.79893493652344,86.26093217850833,-0.5040672111401108,False,True,True,True,47.76195347891717,309.0,0.9562118611746758,0.0,0.0,86.90099716186523,0.7586206896551724,1.0,1.0,True
793,PIA,McLaren,45,2,MEDIUM,4.0,2,87.39199829101562,5205.757641888559,667,87.51499938964844,1.0,0.5427286356821589,0.5323202205938121,0.14398671697251952,0.0,306.0,307.0,230.03334045410156,87.3634837335994,-0.02851455741622999,False,True,True,True,45.56100148375562,306.9034118652344,0.9709143783371473,0.0,0.0,87.51499938964844,0.7758620689655172,1.0,1.0,True
794,PIA,McLaren,46,2,MEDIUM,5.0,2,86.96499633789062,5209.013102213264,667,87.08799743652344,1.0,0.5487256371814093,0.536491847030495,0.15016994825488808,0.0,306.1626123046875,308.0,237.0,86.81242808139962,-0.15256825649100847,False,True,True,True,46.886253231115596,307.9182434082031,0.9631292906178489,0.0,0.0,87.08799743652344,0.7931034482758621,1.0,1.0,True
795,PIA,McLaren,47,2,MEDIUM,6.0,2,86.99400329589844,5221.462611744896,655,87.11700284481049,1.0,0.5328244274809161,0.5412146903350002,0.16206943893475162,0.0,306.2563726806641,308.0,232.52273559570312,87.05633419820713,0.06233090230868754,False,True,True,True,43.31257707359612,307.9027404785156,0.9703661327231122,0.0,0.0,87.11700284481049,0.8103448275862069,1.0,1.0,True
796,PIA,McLaren,48,2,MEDIUM,7.0,2,87.02200317382812,5203.31675840129,653,87.14400482177734,1.0,0.5497702909647779,0.5271275918634855,0.14960294433468196,0.0,309.0,310.0,237.0,86.88651611588254,-0.13548705794558202,False,True,True,True,39.14698004122774,310.0,0.951377765064836,0.0,0.0,87.14400482177734,0.8275862068965517,1.0,1.0,True
797,PIA,McLaren,49,2,MEDIUM,8.0,2,87.11199951171875,5197.416246672399,658,87.2509994506836,1.0,0.5653495440729484,0.562033486449957,0.15589509239243968,0.0,309.01754486083985,310.0,232.26666259765625,86.85025646165974,-0.26174305005901033,False,True,True,True,41.64874569149235,310.0,0.9676249046529367,0.0,0.0,87.2509994506836,0.8448275862068966,1.0,1.0,True
798,PIA,McLaren,50,2,MEDIUM,9.0,2,87.03900146484375,5200.83185036993,649,87.16100311279297,1.0,0.5531587057010786,0.5440851339947325,0.15371551876791073,0.0,309.0,311.0,234.0,86.8608245531629,-0.17817691168085048,False,True,True,True,47.49917524159763,311.0,0.9386393974065599,0.0,0.0,87.16100311279297,0.8620689655172413,1.0,1.0,True
799,PIA,McLaren,51,2,MEDIUM,10.0,2,87.31199645996094,5197.87461298024,628,87.45099639892578,1.0,0.5398089171974523,0.5282042639367035,0.15044991867742616,0.0,309.0,310.0,229.5250015258789,87.11390156686592,-0.1980948930950177,False,True,True,True,47.34005548682159,310.0,0.9399647215865752,0.0,0.0,87.45099639892578,0.8793103448275862,1.0,1.0,True
800,PIA,McLaren,52,2,MEDIUM,11.0,2,87.49800109863281,5199.854689706386,654,87.61999893188477,1.0,0.5259938837920489,0.5170166405830243,0.1456288780161937,0.0,308.8675,309.0,228.01250457763672,87.42241177048714,-0.07558932814566788,False,True,True,True,44.42254862943598,309.0,0.94425057208238,0.0,0.0,87.61999893188477,0.896551724137931,1.0,1.0,True
801,PIA,McLaren,53,2,MEDIUM,12.0,2,87.5270004272461,5207.919697332831,634,87.66600036621094,1.0,0.5378548895899053,0.5312093008233368,0.1414573328379701,0.0,310.0,312.0,231.26250457763672,87.59683638020229,0.06983595295619693,False,True,True,True,47.62941038834231,311.8899841308594,0.9767448512585813,0.0,0.0,87.66600036621094,0.9137931034482759,1.0,1.0,True
802,PIA,McLaren,54,2,MEDIUM,13.0,2,87.74400329589844,5199.897603501798,659,87.86500549316406,1.0,0.5341426403641881,0.5219941200091137,0.1515961477746725,0.0,311.0,311.0,230.31427001953125,87.68513257505177,-0.05887072084667011,False,True,True,True,47.03761368293904,311.0,0.9617038520213578,0.0,0.0,87.86500549316406,0.9310344827586207,1.0,1.0,True
803,PIA,McLaren,55,2,MEDIUM,14.0,2,87.79000091552734,5203.546856981397,650,87.92900085449219,1.0,0.5476923076923077,0.5389462272549399,0.15648982583993273,0.0,308.0,309.0,231.04419708251953,87.77906745044733,-0.010933465080015026,False,True,True,True,51.13011473710055,309.0,0.9489654843630816,0.0,0.0,87.92900085449219,0.9482758620689655,1.0,1.0,True
804,PIA,McLaren,56,2,MEDIUM,15.0,2,87.99800109863281,5196.740997671713,652,88.13700103759766,1.0,0.5260736196319018,0.5096156505466057,0.14885913774867032,0.0,312.2819445800781,314.0,229.5,87.76059901839506,-0.23740208023775722,False,True,True,True,44.953720696706235,313.900146484375,0.939635774218154,0.21881841985829134,0.0,88.13700103759766,0.9655172413793104,0.7811815801417087,0.6102446611526968,False
805,PIA,McLaren,57,2,MEDIUM,16.0,2,88.40599822998047,5191.356835643501,671,88.54549789428711,1.0,0.5141579731743666,0.5206871066068445,0.15992912574023646,0.0,314.60802001953124,315.0,223.5,88.14492367559707,-0.26107455438339855,False,True,True,True,51.025861960460325,315.0,0.9150553012967201,1.0,0.0,88.54549789428711,0.9827586206896551,0.0,0.0,False
806,PIA,McLaren,58,2,MEDIUM,17.0,2,88.0739974975586,5207.274375302196,646,88.21299743652344,1.0,0.48297213622291024,0.49329455733717664,0.15963624501762372,0.0,317.0,317.0,221.30644989013672,87.96351925514273,-0.11047824241586568,False,True,True,True,47.525977794746716,317.0,0.8977212051868803,0.623592899792722,0.0,88.21299743652344,1.0,0.37640710020727797,0.1416823050864518,False
807,RUS,Mercedes,2,1,MEDIUM,2.0,6,90.62899780273438,5201.610900151849,690,90.76199340820312,1.0,0.4797101449275362,0.47053833123353067,0.17187811019609703,0.1705669366316879,333.06335693359375,334.0,218.06961059570312,90.24574030992821,-0.38325749280616606,False,True,True,True,40.01295530880793,334.0,0.9489750190694126,1.0,0.0,90.76199340820312,0.034482758620689655,0.0,0.0,False
808,RUS,Mercedes,3,1,MEDIUM,3.0,6,90.06700134277344,5215.156299690248,684,90.20000457763672,1.0,0.49122807017543857,0.47645242106389446,0.17564305875267863,0.16362527748537875,332.6956649780273,334.0,218.0,89.92875144985734,-0.13824989291609313,False,True,True,True,42.00004322339666,333.8760070800781,0.9011107932875667,1.0,0.0,90.20000457763672,0.05172413793103448,0.0,0.0,False
809,RUS,Mercedes,4,1,MEDIUM,4.0,5,89.33699798583984,5216.280395776808,670,89.47000122070312,1.0,0.4925373134328358,0.4916507930579418,0.18017206770147418,0.08136806289615803,331.2579675292968,333.0,222.6138916015625,89.37696588507758,0.03996789923773747,False,True,True,True,42.15770331957639,332.9463195800781,0.9351496948893975,1.0,0.0,89.47000122070312,0.06896551724137931,0.0,0.0,False
810,RUS,Mercedes,5,1,MEDIUM,5.0,5,89.98899841308594,5204.400459227927,683,90.11499786376953,1.0,0.5051244509516838,0.49272607823035636,0.17891580387439315,0.08698885743475053,321.0,322.0,217.3000030517578,90.0308520509019,0.04185363781596152,False,True,True,True,38.028046312129746,321.99951171875,0.9306445461479785,1.0,0.0,90.11499786376953,0.08620689655172414,0.0,0.0,False
811,RUS,Mercedes,6,1,MEDIUM,6.0,5,89.92900085449219,5198.79660495937,671,90.05899858474731,1.0,0.511177347242921,0.5104764792955888,0.17278673526992686,0.09106252948066863,328.0,328.0,219.7388916015625,89.67948656275621,-0.24951429173597717,False,True,True,True,41.762733284482145,328.0,0.9222921434019833,1.0,0.0,90.05899858474731,0.10344827586206896,0.0,0.0,False
812,RUS,Mercedes,7,1,MEDIUM,7.0,5,89.75900268554688,5208.42293559599,665,89.89200210571289,1.0,0.5022556390977444,0.4950272758147172,0.16196106400736118,0.0,312.2281774902344,313.0,218.0,89.77859065878835,0.01958797324147099,False,True,True,True,40.84720691709216,313.0,0.981140350877193,1.0,0.0,89.89200210571289,0.1206896551724138,0.0,0.0,False
813,RUS,Mercedes,8,1,MEDIUM,8.0,5,90.1240005493164,5192.08411107684,694,90.25599670410156,1.0,0.537463976945245,0.5353328443519266,0.16175106724122687,0.0,314.0,315.0,221.0,89.99011182367713,-0.1338887256392809,False,True,True,True,44.19015526812777,315.0,0.9680730358504958,0.9516154391441309,0.0,90.25599670410156,0.13793103448275862,0.04838456085586906,0.002341065729215297,False
814,RUS,Mercedes,9,1,MEDIUM,9.0,5,90.20500183105469,5192.115181106599,678,90.33300018310547,1.0,0.49852507374631266,0.5174853408455838,0.1691629447893591,0.0,312.80142669677736,313.0,221.26139068603516,89.92572744326553,-0.27927438778915814,False,True,True,True,42.17045724291927,313.0,0.9679729214340198,0.8286230798031136,0.0,90.33300018310547,0.15517241379310345,0.17137692019688644,0.029370048776169982,False
815,RUS,Mercedes,10,1,MEDIUM,10.0,5,90.00599670410156,5200.340180593074,688,90.13399696350098,1.0,0.5566860465116279,0.5461756340277492,0.1628687378049001,0.0,310.75451599121095,311.0,222.0,89.7317459052323,-0.27425079886926085,False,True,True,True,41.729895936516286,311.0,0.9564216247139589,0.0,0.0,90.13399696350098,0.1724137931034483,1.0,1.0,True
816,RUS,Mercedes,11,1,MEDIUM,11.0,5,90.04399871826172,5198.117602115037,698,90.1719970703125,1.0,0.5300859598853869,0.5280020874608597,0.17344638609753224,0.0,311.0,312.0,221.39795684814453,89.91942666329159,-0.12457205497013035,False,True,True,True,39.939308894294726,312.0,0.9477784134248665,0.0,0.0,90.1719970703125,0.1896551724137931,1.0,1.0,True
817,RUS,Mercedes,12,1,MEDIUM,12.0,5,90.09500122070312,5219.871841761173,692,90.2229995727539,1.0,0.5274566473988439,0.5328906442311409,0.16450345598729008,0.0,312.9488180541992,313.0,220.19916534423828,90.10953023167089,0.014529010967763156,False,True,True,True,38.05270313500036,313.0,0.9490751334858887,0.0,0.0,90.2229995727539,0.20689655172413793,1.0,1.0,True
818,RUS,Mercedes,13,1,MEDIUM,13.0,5,90.05999755859375,5239.3463177104,657,90.18899536132812,1.0,0.5114155251141552,0.513455031032246,0.17026462171688753,0.0,312.01344116210936,313.0,227.2218780517578,90.25979684165507,0.19979928306132422,False,True,True,True,42.7552550416981,313.0,0.9590722730739892,0.17298116984563056,0.0,90.18899536132812,0.22413793103448276,0.8270188301543695,0.6839601454299019,True
819,RUS,Mercedes,16,2,HARD,2.0,12,88.64800262451172,5203.463622418344,661,88.77900195121765,1.0,0.5431164901664145,0.5402629524383452,0.17705759983971475,0.0,309.0156616210937,310.0,224.2653045654297,88.35456046044143,-0.2934421640702851,False,True,True,True,37.26437917686762,310.0,0.9676535087719298,0.005981145604913152,0.0,88.77900195121765,0.27586206896551724,0.9940188543950869,0.9880734828929209,True
820,RUS,Mercedes,17,2,HARD,3.0,11,90.03500366210938,5227.2499644043455,679,90.16500473022461,1.0,0.5390279823269514,0.5346421053455471,0.19743802042755154,0.18053571606113752,332.2407513427734,337.0,221.0,90.02294384151017,-0.012059820599205295,False,True,True,True,45.479262104635524,336.8301086425781,0.9556636155606407,0.8873066156108328,0.0,90.16500473022461,0.29310344827586204,0.1126933843891672,0.012699798885084594,False
821,RUS,Mercedes,18,2,HARD,4.0,11,89.85700225830078,5226.57327386725,667,89.98700332641602,1.0,0.4917541229385307,0.48795939986654263,0.1884716456899374,0.0,316.0,318.0,223.77500915527344,89.72221751097,-0.13478474733078372,False,True,True,True,42.46019642802416,317.94171142578125,0.8947511441647596,1.0,0.0,89.98700332641602,0.3103448275862069,0.0,0.0,False
822,RUS,Mercedes,19,2,HARD,5.0,10,90.19100189208984,5221.544655672625,667,90.32100296020508,1.0,0.4992503748125937,0.49721552259610746,0.17184256954681418,0.0,317.8737176513672,321.0,222.0,90.26085603610773,0.06985414401788148,False,True,True,True,33.47852002526991,320.91351318359375,0.9038615560640731,0.9399918292389497,0.0,90.32100296020508,0.3275862068965517,0.06000817076105025,0.003600980558087366,False
823,RUS,Mercedes,20,2,HARD,6.0,8,90.28600311279297,5251.878351975711,694,90.41500329971313,1.0,0.47262247838616717,0.4729746782153565,0.1889178175420112,0.0867112743069796,334.0,335.0,223.72955322265625,90.21171178548272,-0.07429132731024879,False,True,True,True,35.65280155157241,335.0,0.9282322654462242,0.967604920585903,0.0,90.41500329971313,0.3448275862068966,0.03239507941409703,0.001049441170245653,False
824,RUS,Mercedes,21,2,HARD,7.0,6,90.06500244140625,5248.432053964198,682,90.19500231742859,1.0,0.46920821114369504,0.46804144480582016,0.19247190534033787,0.1574366482703324,333.2246875,334.0,221.95436096191406,90.20181272150202,0.1368102800957729,False,True,True,True,35.14370150662153,334.0,0.9300247902364607,0.8087920131186969,0.0,90.19500231742859,0.3620689655172414,0.19120798688130314,0.03656049424720059,False
825,RUS,Mercedes,22,2,HARD,8.0,6,89.39900207519531,5236.038840712547,675,89.52899932861328,1.0,0.5140740740740741,0.5032894408868706,0.1782550398410873,0.0,311.0,312.0,225.24998474121094,89.35755449363893,-0.041447581556383284,False,True,True,True,41.59612794585213,312.0,0.8759820747520976,0.0,0.0,89.52899932861328,0.3793103448275862,1.0,1.0,True
826,RUS,Mercedes,23,2,HARD,9.0,6,89.64800262451172,5226.045602246643,687,89.77750396728516,1.0,0.5225618631732168,0.5216618888145871,0.1621786374498112,0.0,311.97845275878905,313.0,224.0,89.54857691771862,-0.09942570679309881,False,True,True,True,39.4215432162715,312.9678039550781,0.9204281083142639,0.0,0.0,89.77750396728516,0.39655172413793105,1.0,1.0,True
827,RUS,Mercedes,24,2,HARD,10.0,6,89.58899688720703,5224.210579150319,656,89.72099304199219,1.0,0.5121951219512195,0.5125668186448706,0.17743898550244008,0.0,311.0677169799805,312.0,221.5,89.61228662595725,0.023289738750222,False,True,True,True,39.06733916576051,312.0,0.926039282990084,0.0,0.0,89.72099304199219,0.41379310344827586,1.0,1.0,True
828,RUS,Mercedes,25,2,HARD,11.0,6,89.31999969482422,5226.254777877897,688,89.44900035858154,1.0,0.5392441860465116,0.5265234611034866,0.16278559706463336,0.0,313.0,314.0,230.58284759521484,89.14770198166221,-0.1722977131620098,False,True,True,True,39.2793268256063,314.0,0.9478689931350114,0.07965432784533565,0.0,89.44900035858154,0.43103448275862066,0.9203456721546643,0.8470361562538209,True
829,RUS,Mercedes,26,2,HARD,12.0,6,89.43099975585938,5213.095677044102,670,89.56199979782104,1.0,0.5268656716417911,0.5214376082918873,0.17242805324976568,0.0,314.0,315.0,225.20780181884766,89.3842639549006,-0.04673580095877128,False,True,True,True,42.546421528028475,315.0,0.9743230358504958,0.7671110745475498,0.0,89.56199979782104,0.4482758620689655,0.2328889254524502,0.054237251598396916,False
830,RUS,Mercedes,27,2,HARD,13.0,6,89.68199920654297,5205.769028148129,666,89.81299591064453,1.0,0.53003003003003,0.5232761825995295,0.17363859223550454,0.0,313.0,314.0,222.21428680419922,89.55163941354097,-0.1303597930020004,False,True,True,True,44.2003204032318,314.0,0.9376620900076277,1.0,0.0,89.81299591064453,0.46551724137931033,0.0,0.0,False
831,RUS,Mercedes,28,2,HARD,14.0,6,89.75,5190.067771785855,660,89.88199996948242,1.0,0.5196969696969697,0.5106361392421798,0.18242810242938776,0.17446206983804916,329.82410552978513,332.0,220.0,89.47485879360401,-0.27514120639598616,False,True,True,True,43.75151853253638,331.995849609375,0.9461432112890923,0.9270042428862338,0.0,89.88199996948242,0.4827586206896552,0.07299575711376616,0.005328380556611943,False
832,RUS,Mercedes,29,2,HARD,15.0,5,88.81800079345703,5203.231886647135,683,88.94600009918213,1.0,0.568081991215227,0.563296929499155,0.16054682670516676,0.17629797560737714,330.0,332.0,220.78480529785156,88.56521605243293,-0.25278474102410087,False,True,True,True,41.922097790875625,332.0,0.9882675438596492,0.6190047736360528,0.0,88.94600009918213,0.5,0.3809952263639472,0.1451573625121154,False
833,RUS,Mercedes,30,2,HARD,16.0,5,89.01000213623047,5213.506178538384,660,89.14200210571289,1.0,0.553030303030303,0.5594107567681861,0.15525791721265808,0.0,310.0,311.0,223.0,88.96798530271741,-0.04201683351305974,False,True,True,True,39.93355465521425,310.91748046875,0.9944078947368421,0.0,0.0,89.14200210571289,0.5172413793103449,1.0,1.0,True
834,RUS,Mercedes,31,2,HARD,17.0,5,89.14399719238281,5210.472053387612,681,89.2764949798584,1.0,0.5580029368575624,0.5502735779007211,0.16261846220602033,0.0,310.0,311.0,225.0,89.08324013266733,-0.06075705971548473,False,True,True,True,38.31126699972745,311.0,0.9693792906178489,0.0,0.0,89.2764949798584,0.5344827586206896,1.0,1.0,True
835,RUS,Mercedes,32,2,HARD,18.0,5,89.16600036621094,5220.465628279746,676,89.29300022125244,1.0,0.5177514792899408,0.5274992746220283,0.15230760229757193,0.0,311.58970642089844,312.0,224.5,89.1200135734853,-0.045986792725642545,False,True,True,True,39.616949729125096,312.0,0.9393258962623952,0.0,0.0,89.29300022125244,0.5517241379310345,1.0,1.0,True
836,RUS,Mercedes,33,2,HARD,19.0,5,89.697998046875,5222.619951669932,695,89.81799697875977,1.0,0.5467625899280576,0.5309291271457779,0.15323220302320864,0.0,311.0,312.0,227.45140075683594,89.5808072795297,-0.11719076734530631,False,True,True,True,44.03065808520648,312.0,0.9394164759725401,0.0,0.0,89.81799697875977,0.5689655172413793,1.0,1.0,True
837,RUS,Mercedes,34,2,HARD,20.0,5,89.48500061035156,5217.930323303222,673,89.61100387573242,1.0,0.5334323922734027,0.5292764837850363,0.1553045802204905,0.0,309.0,311.0,225.78126525878906,89.3598979003899,-0.1251027099616664,False,True,True,True,42.25118435002188,311.0,0.9348016781083143,0.0,0.0,89.61100387573242,0.5862068965517241,1.0,1.0,True
838,RUS,Mercedes,35,2,HARD,21.0,5,89.40499877929688,5246.899380168833,678,89.53099822998047,1.0,0.5471976401179941,0.5440684494265747,0.1496800023212598,0.0,311.0,312.0,230.61290740966797,89.39328647102464,-0.011712308272237237,False,True,True,True,43.392041969053246,311.9169921875,0.9547864225781847,0.0,0.0,89.53099822998047,0.603448275862069,1.0,1.0,True
839,RUS,Mercedes,36,2,HARD,22.0,5,89.37699890136719,5212.9090757899885,670,89.50299835205078,1.0,0.5388059701492537,0.5327866455034068,0.16800551484455695,0.0,311.0,312.0,225.7369613647461,89.05637304664809,-0.320625854719097,False,True,True,True,43.83726359773565,312.0,0.9340436689549961,0.0,0.0,89.50299835205078,0.6206896551724138,1.0,1.0,True
840,RUS,Mercedes,37,2,HARD,23.0,5,89.3479995727539,5234.384472605467,668,89.48299980163574,1.0,0.5464071856287425,0.5464055548877975,0.14752517768196402,0.0,311.0,311.0,225.75,89.3861493258661,0.03814975311219371,False,True,True,True,42.39895041776589,311.0,0.9376620900076277,0.0,0.0,89.48299980163574,0.6379310344827587,1.0,1.0,True
841,RUS,Mercedes,38,2,HARD,24.0,5,89.06400299072266,5222.479248402608,652,89.19900321960449,1.0,0.5521472392638037,0.5261828917169616,0.15246805438664404,0.0,311.0,311.0,229.79108428955078,88.87363162279506,-0.19037136792759668,False,True,True,True,37.84042548773118,311.0,0.9435831426392066,0.0,0.0,89.19900321960449,0.6551724137931034,1.0,1.0,True
842,RUS,Mercedes,39,2,HARD,25.0,5,89.15699768066406,5215.530980602,668,89.28199768066406,1.0,0.5119760479041916,0.5350239844578492,0.1603906783412249,0.0,311.0,312.0,218.0,89.03196884456509,-0.12502883609897708,False,True,True,True,47.64199350667028,312.0,0.9472110983981693,0.0,0.0,89.28199768066406,0.6724137931034483,1.0,1.0,True
843,RUS,Mercedes,40,2,HARD,26.0,4,89.27799987792969,5216.591910903574,653,89.41400146484375,1.0,0.5252679938744257,0.5317064334223688,0.16461624309963624,0.0,311.65960693359375,312.0,223.7298126220703,89.09991257223227,-0.17808730569741726,False,True,True,True,45.61232990439816,312.0,0.9696081235697941,0.01878900706436153,0.0,89.41400146484375,0.6896551724137931,0.9812109929356385,0.9627750126577417,True
844,RUS,Mercedes,41,2,HARD,27.0,4,89.30000305175781,5233.645678430497,691,89.42500305175781,1.0,0.5615050651230101,0.5616437727250158,0.16059270795420982,0.0,310.5590087890625,312.0,224.0,89.3331661629802,0.03316311122239313,False,True,True,True,43.504195311604775,312.0,0.9340341342486651,0.0,0.0,89.42500305175781,0.7068965517241379,1.0,1.0,True
845,RUS,Mercedes,42,2,HARD,28.0,5,89.98100280761719,5208.677349686981,672,90.11700439453125,1.0,0.5133928571428571,0.5013481838863728,0.16910240029983536,0.08612138895492445,321.28946319580075,325.0,225.23332977294922,89.60835204509529,-0.3726507625219,False,True,True,True,47.501617112732255,311.9295349121094,0.9367848970251716,0.5348602196309188,0.0,90.11700439453125,0.7241379310344828,0.4651397803690812,0.2163550152817971,False
846,RUS,Mercedes,43,2,HARD,29.0,5,89.45700073242188,5215.877660947323,684,89.5930004119873,1.0,0.5263157894736842,0.5220831971278536,0.1719331094223465,0.0,313.0,314.0,224.0,89.43169517238569,-0.025305560036187558,False,True,True,True,48.02995147915647,314.0,0.9004433638443935,0.0,0.0,89.5930004119873,0.7413793103448276,1.0,1.0,True
847,RUS,Mercedes,44,2,HARD,30.0,5,88.81800079345703,5212.461124460697,657,88.95400160551071,1.0,0.5692541856925418,0.5656293277613009,0.15063970304930863,0.0,314.0,314.0,226.0,88.76690271847363,-0.051098074983400465,False,True,True,True,44.67250464384864,314.0,0.9259200991609458,0.0,0.0,88.95400160551071,0.7586206896551724,1.0,1.0,True
848,RUS,Mercedes,45,2,HARD,31.0,5,89.13200378417969,5207.942946801842,685,89.2550048828125,1.0,0.5284671532846715,0.5324070813223064,0.15953165773301128,0.0,312.0,313.0,223.5500030517578,88.95532990028747,-0.17667388389222083,False,True,True,True,47.30944083991921,312.9535217285156,0.9364559496567506,0.0,0.0,89.2550048828125,0.7758620689655172,1.0,1.0,True
849,RUS,Mercedes,46,2,HARD,32.0,5,88.94400024414062,5211.396496111632,680,89.08099746704102,1.0,0.5338235294117647,0.5378925474591116,0.15805842669309234,0.0,312.0,313.0,225.0,88.82997311453266,-0.1140271296079618,False,True,True,True,45.130123707134864,313.0,0.9318411517925247,0.0,0.0,89.08099746704102,0.7931034482758621,1.0,1.0,True
850,RUS,Mercedes,47,2,HARD,33.0,5,89.06199645996094,5231.241615891159,666,89.18499755859375,1.0,0.5495495495495496,0.533867784475437,0.1507092306651282,0.0,312.0,313.0,227.50250244140625,89.19074004937275,0.12874358941181185,False,True,True,True,42.354280088311064,312.9824523925781,0.9382103356216628,0.0,0.0,89.18499755859375,0.8103448275862069,1.0,1.0,True
851,RUS,Mercedes,48,2,HARD,34.0,5,88.9219970703125,5223.224512682211,669,89.04399871826172,1.0,0.5455904334828101,0.5599030463942148,0.1603700784196964,0.0,312.0,313.0,226.0,88.89083259857269,-0.031164471739813848,False,True,True,True,43.65423548837754,313.0,0.9302965293668954,0.0,0.0,89.04399871826172,0.8275862068965517,1.0,1.0,True
852,RUS,Mercedes,49,2,HARD,35.0,5,88.77300262451172,5203.30416158993,668,88.91100311279297,1.0,0.5344311377245509,0.5340171662014513,0.1641978890387406,0.0,313.0,314.0,223.04722595214844,88.50037573017075,-0.27262689434097354,False,True,True,True,44.863876625877126,313.9896240234375,0.957418001525553,0.0,0.0,88.91100311279297,0.8448275862068966,1.0,1.0,True
853,RUS,Mercedes,50,2,HARD,36.0,5,89.08799743652344,5206.264177410416,658,89.20999908447266,1.0,0.5395136778115501,0.5478198829583647,0.16053133867268374,0.0,312.34817199707027,313.0,222.0,88.94285052670915,-0.14514690981428657,False,True,True,True,43.90987195412003,313.0,0.9758676582761251,0.0,0.0,89.20999908447266,0.8620689655172413,1.0,1.0,True
854,RUS,Mercedes,51,2,HARD,37.0,5,88.78900146484375,5224.464472451773,650,88.9280014038086,1.0,0.5384615384615384,0.5414942586078844,0.1542822075912852,0.0,311.9406640625,313.0,225.11042022705078,88.74396608752464,-0.04503537731910967,False,True,True,True,42.16094578971321,313.0,0.9824466056445461,0.0,0.0,88.9280014038086,0.8793103448275862,1.0,1.0,True
855,RUS,Mercedes,52,2,HARD,38.0,5,89.04100036621094,5204.117263399362,649,89.16200256347656,1.0,0.5500770416024653,0.5392769047772662,0.16424028711583705,0.0,312.0,313.0,229.0,88.77515705630833,-0.26584330990260696,False,True,True,True,41.826370609724165,313.0,0.9534610983981694,0.0,0.0,89.16200256347656,0.896551724137931,1.0,1.0,True
856,RUS,Mercedes,53,2,HARD,39.0,5,88.83100128173828,5211.0963016233,663,88.97000122070312,1.0,0.5565610859728507,0.5472743437451657,0.15102848044278444,0.0,311.6502606201172,312.0,220.6537628173828,88.77576970609795,-0.05523157564033454,False,True,True,True,47.2556408852386,312.0,0.938429633867277,0.0,0.0,88.97000122070312,0.9137931034482759,1.0,1.0,True
857,RUS,Mercedes,54,2,HARD,40.0,5,88.70099639892578,5213.397879143119,658,88.8219985961914,1.0,0.5699088145896657,0.56657132840214,0.1634843593630243,0.0,312.0,313.0,228.09375,88.54061959684029,-0.16037680208549432,False,True,True,True,43.01118117081268,312.95562744140625,0.933147406559878,0.0,0.0,88.8219985961914,0.9310344827586207,1.0,1.0,True
858,RUS,Mercedes,55,2,HARD,41.0,5,88.8239974975586,5229.902618295494,657,88.96349716186523,1.0,0.5555555555555556,0.5521645240496789,0.15377088862358004,0.0,311.0,312.0,225.11111450195312,88.83448728300851,0.010489785449919964,False,True,True,True,45.43234693348732,311.94427490234375,0.9615846681922197,0.0,0.0,88.96349716186523,0.9482758620689655,1.0,1.0,True
859,RUS,Mercedes,56,2,HARD,42.0,5,88.83499908447266,5197.1576370136445,659,88.9739990234375,1.0,0.5447647951441578,0.534234768907563,0.15598936181615503,0.0,312.0,313.0,225.4937286376953,88.42371942978345,-0.4112796546892099,False,True,True,True,46.584656135170654,312.93377685546875,0.8735411899313501,0.0,0.0,88.9739990234375,0.9655172413793104,1.0,1.0,True
860,RUS,Mercedes,57,2,HARD,43.0,5,88.5989990234375,5220.008892847955,658,88.73799896240234,1.0,0.5729483282674772,0.5699700960367609,0.16723396110176306,0.0,314.0,314.0,226.7892837524414,88.57349037365296,-0.02550864978454115,False,True,True,True,45.609007642031806,314.0,0.9789473684210526,0.0,0.0,88.73799896240234,0.9827586206896551,1.0,1.0,True
861,RUS,Mercedes,58,2,HARD,44.0,5,88.85299682617188,5217.210880423844,660,88.9739990234375,1.0,0.5818181818181818,0.568626752486709,0.15106666952495285,0.0,313.0,313.0,229.30435180664062,88.70041556204296,-0.15258126412891215,False,True,True,True,46.928814843707826,313.0,0.9867324561403509,0.0,0.0,88.9739990234375,1.0,1.0,1.0,True
862,SAI,Williams,2,1,MEDIUM,2.0,14,91.98400115966797,5227.520657651843,698,92.11000061035156,1.0,0.47707736389684813,0.4824774329866491,0.22929092508333856,0.15980893630619358,342.01061065673827,343.0,216.0,91.84365834146418,-0.14034281820379135,False,True,True,True,49.190464993379464,343.0,0.9122139588100686,1.0,0.0,92.11000061035156,0.034482758620689655,0.0,0.0,False
863,SAI,Williams,3,1,MEDIUM,3.0,14,90.11900329589844,5194.5989024435285,688,90.25200653076172,1.0,0.4752906976744186,0.46698129047768755,0.22290912426557616,0.170201202737797,334.08970031738284,337.0,217.4645233154297,89.94840082588414,-0.17060247001430184,False,True,True,True,46.3454746364324,337.0,0.8877431350114416,1.0,0.0,90.25200653076172,0.05172413793103448,0.0,0.0,False
864,SAI,Williams,4,1,MEDIUM,4.0,14,90.8290023803711,5204.54034373884,678,90.96300506591797,1.0,0.504424778761062,0.49090292014738607,0.22702652347374586,0.16094452323437058,334.249084777832,338.0,218.0592269897461,90.48408056181543,-0.34492181855566173,False,True,True,True,46.842741753636034,337.99066162109375,0.9256102212051869,1.0,0.0,90.96300506591797,0.06896551724137931,0.0,0.0,False
865,SAI,Williams,5,1,MEDIUM,5.0,14,90.2239990234375,5226.80355039835,685,90.3499984741211,1.0,0.4759124087591241,0.483674581090501,0.2080907402259728,0.1708909672104915,328.1267578125,334.0,214.9857177734375,90.2085597774392,-0.015439245998294382,False,True,True,True,46.15442002063372,334.0,0.9098112128146453,1.0,0.0,90.3499984741211,0.08620689655172414,0.0,0.0,False
866,SAI,Williams,6,1,MEDIUM,6.0,14,90.27400207519531,5206.256384859889,668,90.40700149536133,1.0,0.49700598802395207,0.4897852433746604,0.2380234691621856,0.17697744350940497,332.13112701416026,338.0,219.22908782958984,90.02697400714555,-0.24702806804975808,False,True,True,True,44.86111911447841,338.0,0.9360268878718535,1.0,0.0,90.40700149536133,0.10344827586206896,0.0,0.0,False
867,SAI,Williams,7,1,MEDIUM,7.0,14,90.37899780273438,5198.054469735594,678,90.5109977722168,1.0,0.5117994100294986,0.4900177393479093,0.21521143288118155,0.1750063377392299,334.0465783691406,337.0,222.0,90.13917873121696,-0.23981907151741666,False,True,True,True,45.00080718667158,337.0,0.932308352402746,1.0,0.0,90.5109977722168,0.1206896551724138,0.0,0.0,False
868,SAI,Williams,8,1,MEDIUM,8.0,13,90.55799865722656,5197.93869685092,698,90.68599700927734,1.0,0.47564469914040114,0.4722449279196931,0.22451091931153222,0.17644403538667527,333.3140612792969,336.0,213.60177612304688,90.45967327734017,-0.0983253798863899,False,True,True,True,47.2045776790412,336.0,0.8888671302000821,1.0,0.0,90.68599700927734,0.13793103448275862,0.0,0.0,False
869,SAI,Williams,9,1,MEDIUM,9.0,13,90.0469970703125,5200.615124254227,673,90.17399978637695,1.0,0.5007429420505201,0.5059106994318142,0.1849978793136117,0.0,316.0,317.0,220.1951904296875,89.90035852270275,-0.14663854760975426,False,True,True,True,43.431762091732736,317.0,0.932837528604119,1.0,0.0,90.17399978637695,0.15517241379310345,0.0,0.0,False
870,SAI,Williams,10,1,MEDIUM,10.0,13,90.45700073242188,5204.178490293324,698,90.5880012512207,1.0,0.504297994269341,0.5027156209509531,0.1938778442892882,0.08522097076186268,318.0,319.0,216.7336654663086,90.38792347737107,-0.06907725505080009,False,True,True,True,43.388421637125134,316.9542541503906,0.9472110983981693,1.0,0.0,90.5880012512207,0.1724137931034483,0.0,0.0,False
871,SAI,Williams,11,1,MEDIUM,11.0,13,90.87200164794922,5203.029200817889,700,91.0,1.0,0.46285714285714286,0.4770329522562551,0.19824168446299795,0.1692417270534641,333.32248779296873,337.0,215.13541412353516,90.74371595543286,-0.12828569251635713,False,True,True,True,44.685456477361704,337.0,0.9168192219679634,1.0,0.0,91.0,0.1896551724137931,0.0,0.0,False
872,SAI,Williams,12,1,MEDIUM,12.0,13,90.95500183105469,5195.017160666958,694,91.08300018310547,1.0,0.47262247838616717,0.4713174254221514,0.22310424680177823,0.169954870954148,332.0932147216797,334.0,215.0,90.74539860797466,-0.20960322308002333,False,True,True,True,35.97627537077925,334.0,0.938348588863463,1.0,0.0,91.08300018310547,0.20689655172413793,0.0,0.0,False
873,SAI,Williams,13,1,MEDIUM,13.0,13,91.10900115966797,5200.525930808627,668,91.23799896240234,1.0,0.5059880239520959,0.4917359522490107,0.20472833086108436,0.17887283676124263,328.9420977783203,333.0,218.3431167602539,90.87788435434797,-0.23111680531999923,False,True,True,True,27.946594205071456,332.98992919921875,0.9330568268497329,1.0,0.0,91.23799896240234,0.22413793103448276,0.0,0.0,False
874,SAI,Williams,14,1,MEDIUM,14.0,12,91.05899810791016,5175.513405276419,690,91.18999862670898,1.0,0.4855072463768116,0.4952844940522891,0.20482508280411502,0.1754687980222976,331.50771179199216,332.0,211.75674438476562,90.33393881350993,-0.725059294400225,True,True,True,True,42.34196831150969,332.0,0.9413996948893973,0.9845268196145972,0.0,91.18999862670898,0.2413793103448276,0.015473180385402796,0.0002394193112392138,False
875,SAI,Williams,15,1,MEDIUM,15.0,10,90.86199951171875,5213.513846422554,685,90.99000263214111,1.0,0.5401459854014599,0.5403012126630463,0.20047253360926268,0.0,315.04799804687497,316.0,220.0,90.90419865672624,0.042199145007487004,False,True,True,True,43.79435423619341,316.0,0.9523741418764301,0.9829541719466462,0.0,90.99000263214111,0.25862068965517243,0.01704582805335375,0.0002905602540245017,False
876,SAI,Williams,16,1,MEDIUM,16.0,10,91.8550033569336,5210.938072852374,685,91.98500442504883,1.0,0.5240875912408759,0.5196391816397553,0.20175019886314272,0.0,307.73224487304685,309.0,217.0,91.64049887490143,-0.21450448203216865,False,True,True,True,45.769086090389486,309.0,0.975419527078566,0.9863999566608774,0.0,91.98500442504883,0.27586206896551724,0.01360004333912257,0.00018496117882601216,False
877,SAI,Williams,17,1,MEDIUM,17.0,7,91.16999816894531,5195.857932848931,691,91.29999923706055,1.0,0.5296671490593343,0.5167798213961232,0.20458930333808575,0.17918945161407446,325.0,325.0,220.24000549316406,90.98092404387546,-0.1890741250698511,False,True,True,True,47.51226806419185,325.0,0.9619326849733029,0.9828039436323949,0.0,91.29999923706055,0.29310344827586204,0.017196056367605128,0.00029570435459785286,False
878,SAI,Williams,20,2,HARD,2.0,18,89.21900177001953,5239.624678391755,687,89.3489990234375,1.0,0.50509461426492,0.5144993154815171,0.1813226268218532,0.0,307.0692395019531,308.0,227.51612854003906,89.29511607159381,0.0761143015742789,False,True,True,True,41.66742916066656,308.0,0.9263491609458429,0.0,0.0,89.3489990234375,0.3448275862068966,1.0,1.0,True
879,SAI,Williams,21,2,HARD,3.0,18,89.22000122070312,5213.164565081596,681,89.3499984741211,1.0,0.5036710719530103,0.5034806658245727,0.1906995426974141,0.0,308.0049987792969,309.0,227.0,89.23161494722277,0.011613726519641432,False,True,True,True,45.44508950997048,308.9062194824219,0.9112080472921434,0.0,0.0,89.3499984741211,0.3620689655172414,1.0,1.0,True
880,SAI,Williams,22,2,HARD,4.0,17,89.30000305175781,5206.688892503798,674,89.43000030517578,1.0,0.48516320474777447,0.48961196417963876,0.18426707287099756,0.0,309.2515512084961,310.0,222.11500549316406,89.13913101229957,-0.16087203945824058,False,True,True,True,42.03387544987776,310.0,0.9156130816170861,0.0,0.0,89.43000030517578,0.3793103448275862,1.0,1.0,True
881,SAI,Williams,23,2,HARD,5.0,17,89.44000244140625,5204.863534004077,675,89.57000255584717,1.0,0.5185185185185185,0.5062298823516008,0.21034950879705172,0.0,311.0,312.0,223.0,89.27237889471118,-0.16762354669506863,False,True,True,True,48.64143041646984,311.85626220703125,0.8865179252479023,0.0,0.0,89.57000255584717,0.39655172413793105,1.0,1.0,True
882,SAI,Williams,24,2,HARD,6.0,17,89.3270034790039,5194.044295102955,665,89.45800352096558,1.0,0.5037593984962406,0.4897940525480626,0.18243204062005544,0.0,310.0,311.0,226.0,88.972308612413,-0.3546948665909042,False,True,True,True,44.80979744038022,311.0,0.902993897787948,0.0,0.0,89.45800352096558,0.41379310344827586,1.0,1.0,True
883,SAI,Williams,25,2,HARD,7.0,17,89.65699768066406,5207.29522157845,680,89.7859992980957,1.0,0.5088235294117647,0.48839463713959136,0.18620935423376975,0.0,312.89247436523436,314.0,225.28750610351562,89.61622332498493,-0.04077435567913312,False,True,True,True,45.23244917766554,313.876220703125,0.9212051868802441,0.0,0.0,89.7859992980957,0.43103448275862066,1.0,1.0,True
884,SAI,Williams,26,2,HARD,8.0,17,89.76599884033203,5197.2094293347145,672,89.89799880981445,1.0,0.5059523809523809,0.4945160145744199,0.1824511978394839,0.0,311.0,312.0,228.5447769165039,89.63124651816351,-0.13475232216852362,False,True,True,True,42.453472779471205,312.0,0.9220823798627001,0.10755525885970432,0.0,89.89799880981445,0.4482758620689655,0.8924447411402957,0.7964576159889694,True
885,SAI,Williams,27,2,HARD,9.0,17,89.82499694824219,5209.337621583055,667,89.95499563217163,1.0,0.5142428785607196,0.4919682076316647,0.18143517193774464,0.0,313.9339959716797,315.0,227.6999969482422,89.72174722666935,-0.10324972157283696,False,True,True,True,45.552741879266264,315.0,0.9133009153318078,0.8719581831046189,0.0,89.95499563217163,0.46551724137931033,0.12804181689538108,0.016394706873870294,False
886,SAI,Williams,28,2,HARD,10.0,17,89.88800048828125,5209.53468907249,664,90.02000045776367,1.0,0.4864457831325301,0.48210389420330013,0.17509440231529494,0.0,314.0,315.0,223.69849395751953,89.76836329839318,-0.11963718988806704,False,True,True,True,47.726798652176534,315.0,0.9092534324942791,1.0,0.0,90.02000045776367,0.4827586206896552,0.0,0.0,False
887,SAI,Williams,29,2,HARD,11.0,17,89.94599914550781,5204.477853171707,692,90.0739974975586,1.0,0.47109826589595377,0.47435442491596985,0.1967271147803197,0.0,312.7861633300781,313.0,221.0,89.83471717363983,-0.11128197186798161,False,True,True,True,44.33298579138066,313.0,0.8904652936689551,1.0,0.0,90.0739974975586,0.5,0.0,0.0,False
888,SAI,Williams,30,2,HARD,12.0,17,90.0719985961914,5199.495996213994,675,90.1994981765747,1.0,0.4562962962962963,0.46157118886917586,0.18445781817408646,0.0,313.0921917724609,314.0,217.1047821044922,90.03171129523193,-0.04028730095947708,False,True,True,True,40.38420545123304,314.0,0.8755530129672007,1.0,0.0,90.1994981765747,0.5172413793103449,0.0,0.0,False
889,SAI,Williams,31,2,HARD,13.0,17,89.92400360107422,5202.4157249245645,677,90.05700421333313,1.0,0.4977843426883309,0.48346048456394447,0.19942928911044522,0.08394680263497457,320.0,321.0,217.7375030517578,89.71706388107978,-0.2069397199944376,False,True,True,True,44.5383783932577,315.0,0.9073703279938977,1.0,0.0,90.05700421333313,0.5344827586206896,0.0,0.0,False
890,SAI,Williams,32,2,HARD,14.0,15,89.7239990234375,5210.3028470880545,694,89.83800506591797,1.0,0.4884726224783862,0.49231962236121246,0.18876202501314834,0.1669894270583029,336.0,336.0,218.96944427490234,89.68325992338468,-0.04073910005281789,False,True,True,True,42.10007811847706,336.0,0.9588625095347063,0.9825352124248434,0.0,89.83800506591797,0.5517241379310345,0.01746478757515657,0.0003050188050453433,False
891,SAI,Williams,33,2,HARD,15.0,12,89.96499633789062,5195.560514366403,695,90.09099578857422,1.0,0.4719424460431655,0.4893163695788941,0.1904740596043141,0.0,311.0,313.0,216.952392578125,89.7572427119299,-0.20775362596072,False,True,True,True,48.05765068499673,312.9662170410156,0.9246138443935926,0.7600537455009808,0.0,90.09099578857422,0.5689655172413793,0.23994625449901918,0.05757420504810808,False
892,SAI,Williams,34,2,HARD,16.0,12,89.65599822998047,5205.01178556943,665,89.78299951553345,1.0,0.4992481203007519,0.4995154459619241,0.1889333053982021,0.0,311.36,313.0,223.0,89.55687388553027,-0.09912434445020324,False,True,True,True,45.572079003235125,313.0,0.9247139588100687,0.05464285763412428,0.0,89.78299951553345,0.5862068965517241,0.9453571423658758,0.8937001266221747,True
893,SAI,Williams,35,2,HARD,17.0,12,89.57599639892578,5204.369770117908,683,89.70199584960938,1.0,0.4890190336749634,0.47840634626899436,0.20113256405316812,0.0,312.48749999999995,313.0,222.13064575195312,89.45949374648814,-0.11650265243764579,False,True,True,True,45.1333265363182,313.0,0.9187929061784897,0.3773718001058055,0.0,89.70199584960938,0.603448275862069,0.6226281998941945,0.387665875303485,False
894,SAI,Williams,36,2,HARD,18.0,12,89.41000366210938,5216.229988171876,663,89.54400396347046,1.0,0.5143288084464555,0.5074152770441392,0.17647187081845916,0.0,313.38394042968747,314.0,228.0,89.32222466792288,-0.08777899418649326,False,True,True,True,49.80719460304049,314.0,0.9371233790999237,0.7184959605407364,0.0,89.54400396347046,0.6206896551724138,0.2815040394592636,0.07924452423188265,False
895,SAI,Williams,37,2,HARD,19.0,12,89.21199798583984,5218.589095503628,664,89.34699821472168,1.0,0.4939759036144578,0.4867203567944101,0.1884562667409622,0.0,314.04625,315.0,223.984375,89.41958033696037,0.20758235112052148,False,True,True,True,41.89940302769345,315.0,0.8980501525553013,1.0,0.0,89.34699821472168,0.6379310344827587,0.0,0.0,False
896,SAI,Williams,38,2,HARD,20.0,12,89.60099792480469,5200.132452491642,652,89.73699760437012,1.0,0.49846625766871167,0.5029363370169518,0.19080199658089836,0.0,314.0,315.0,217.0,89.23856665814542,-0.3624312666592715,False,True,True,True,41.109239913154454,315.0,0.9214244851258581,1.0,0.0,89.73699760437012,0.6551724137931034,0.0,0.0,False
897,SAI,Williams,39,2,HARD,21.0,12,89.93800354003906,5220.126435211897,671,90.07299995422363,1.0,0.4798807749627422,0.4774015248921247,0.1789659645427927,0.0,315.0,316.0,221.0,89.9890753040317,0.05107176399263835,False,True,True,True,43.744981441110745,316.0,0.9156130816170861,0.7309738252170873,0.0,90.07299995422363,0.6724137931034483,0.2690261747829127,0.07237508271832628,False
898,SAI,Williams,40,2,HARD,22.0,12,89.97599792480469,5215.175777684844,678,90.11099624633789,1.0,0.4882005899705015,0.4784099030833767,0.1864144970524794,0.0,316.0874011230469,318.0,223.26180267333984,89.77075546602697,-0.20524245877771818,False,True,True,True,46.972519606708566,317.9781799316406,0.9004624332570557,1.0,0.0,90.11099624633789,0.6896551724137931,0.0,0.0,False
899,SAI,Williams,41,2,HARD,23.0,13,90.50199890136719,5211.183826592624,704,90.6259994506836,1.0,0.4715909090909091,0.4671176117021541,0.20435637201266724,0.08474389636226903,320.98162536621095,323.0,217.0820541381836,90.28027281006516,-0.22172609130203114,False,True,True,True,42.76524818236832,313.0,0.9456855453852021,1.0,0.0,90.6259994506836,0.7068965517241379,0.0,0.0,False
900,SAI,Williams,42,2,HARD,24.0,12,89.67900085449219,5202.789610860125,664,89.81500244140625,1.0,0.48042168674698793,0.4865780338002173,0.1830540875765955,0.0,315.0,316.0,221.26079559326172,89.62815150168468,-0.05084935280750358,False,True,True,True,37.15247143333266,315.9075927734375,0.9249237223493516,0.4196960695304,0.0,89.81500244140625,0.7241379310344828,0.5803039304696,0.3367526517184664,False
901,SAI,Williams,43,2,HARD,25.0,11,89.48500061035156,5205.179073119462,671,89.62100219726562,1.0,0.5365126676602087,0.5176019552850291,0.18833741926740244,0.0,314.0,316.0,227.0,89.32088470287874,-0.16411590747281934,False,True,True,True,45.34778468445516,315.9949645996094,0.9460049580472921,0.3485120931616804,0.0,89.62100219726562,0.7413793103448276,0.6514879068383196,0.42443649275657497,False
902,SAI,Williams,44,2,HARD,26.0,11,89.43099975585938,5197.568949315574,676,89.55500030517578,1.0,0.5118343195266272,0.4944893880451209,0.18625431850308988,0.0,313.0211410522461,314.0,221.79442596435547,89.23028254674614,-0.2007172091132361,False,True,True,True,43.60082795729122,314.0,0.8443459191456903,1.0,0.0,89.55500030517578,0.7586206896551724,0.0,0.0,False
903,SAI,Williams,45,2,HARD,27.0,11,89.33599853515625,5189.645026875705,689,89.45899963378906,1.0,0.5268505079825835,0.5233792339093111,0.18197166267823228,0.0,314.03112426757815,315.0,225.9166717529297,88.98373922709999,-0.3522593080562615,False,True,True,True,44.412415944538566,315.0,0.9320604500381388,1.0,0.0,89.45899963378906,0.7758620689655172,0.0,0.0,False
904,SAI,Williams,46,2,HARD,28.0,11,89.24199676513672,5208.047741726637,671,89.36499786376953,1.0,0.518628912071535,0.5010462084431058,0.19340901380137995,0.0,314.0,314.0,225.66458129882812,89.14905624521745,-0.09294051991926722,False,True,True,True,45.23625094744057,314.0,0.9380005720823799,1.0,0.0,89.36499786376953,0.7931034482758621,0.0,0.0,False
905,SAI,Williams,47,2,HARD,29.0,11,89.37300109863281,5197.151855017037,678,89.49599838256836,1.0,0.49852507374631266,0.5143022725018487,0.18414235686541305,0.0,316.6282766723633,318.0,221.0,89.2446805631474,-0.12832053548541467,False,True,True,True,42.35698635040447,317.952880859375,0.9553346681922198,1.0,0.0,89.49599838256836,0.8103448275862069,0.0,0.0,False
906,SAI,Williams,48,2,HARD,30.0,11,89.27200317382812,5203.0837334941325,663,89.41000366210938,1.0,0.5143288084464555,0.517168206255267,0.18030420705498387,0.0,312.30934143066406,314.0,224.0,89.30844735397322,0.03644418014509654,False,True,True,True,47.70866896742621,314.0,0.9498426773455377,1.0,0.0,89.41000366210938,0.8275862068965517,0.0,0.0,False
907,SAI,Williams,49,2,HARD,31.0,11,89.16799926757812,5197.938933393135,674,89.30599975585938,1.0,0.5415430267062314,0.526907512022537,0.18049180296707978,0.0,315.97014770507815,316.0,226.0500030517578,88.94389121923416,-0.22410804834396458,False,True,True,True,47.846332085809635,316.0,0.9794860793287566,1.0,0.0,89.30599975585938,0.8448275862068966,0.0,0.0,False
908,SAI,Williams,50,2,HARD,32.0,11,89.16200256347656,5196.486049889863,643,89.30000305175781,1.0,0.5225505443234837,0.5109742279403284,0.17338193085188638,0.0,316.5606311035156,317.0,224.2857208251953,89.13368360261157,-0.028318960864993414,False,True,True,True,47.21752925844429,317.0,0.9599494660564455,0.9856662648348147,0.0,89.30000305175781,0.8620689655172413,0.014333735165185324,0.00020545596378567033,False
909,SAI,Williams,51,2,HARD,33.0,11,89.052001953125,5195.675326731861,667,89.17350196838379,1.0,0.4947526236881559,0.5109085063231888,0.18615404936756774,0.085215886510005,321.55887084960943,324.0,215.0,88.86719041421244,-0.1848115389125553,False,True,True,True,36.637809177556164,317.0,0.951377765064836,1.0,0.0,89.17350196838379,0.8793103448275862,0.0,0.0,False
910,SAI,Williams,52,2,HARD,34.0,11,89.08999633789062,5173.651144358516,651,89.22849655151367,1.0,0.5145929339477726,0.523280022650013,0.1856022250709309,0.0842892147589332,322.5035705566406,324.0,220.71563720703125,88.53290474939075,-0.5570915884998726,False,True,True,True,43.77428253400194,317.0,0.9769546147978643,1.0,0.0,89.22849655151367,0.896551724137931,0.0,0.0,False
911,SAI,Williams,53,2,HARD,35.0,11,89.49600219726562,5191.534021755019,664,89.635009765625,1.0,0.5015060240963856,0.5057845498500252,0.19191162764371025,0.17718523165234445,331.4639453125,334.0,220.00139617919922,89.44798501911868,-0.04801717814694939,False,True,True,True,49.6681256307249,334.0,0.9434925629290617,0.9834885995315202,0.0,89.635009765625,0.9137931034482759,0.016511400468479764,0.00027262634543051377,False
912,SAI,Williams,54,2,HARD,36.0,12,90.3550033569336,5223.059245642842,660,90.49400329589844,1.0,0.503030303030303,0.4970164824811592,0.20465443929508154,0.16883995167448906,333.0,336.0,219.28922271728516,90.26010842061821,-0.09489493631538437,False,True,True,True,48.62266609735789,335.78253173828125,0.9146550066172492,1.0,0.0,90.49400329589844,0.9310344827586207,0.0,0.0,False
913,SAI,Williams,55,2,HARD,37.0,12,89.55599975585938,5225.741247276158,679,89.677001953125,1.0,0.5066273932253313,0.5040088467947985,0.18288961003880844,0.08250724170130977,320.0191680908203,323.0,222.0,89.56194654822029,0.00594679236091622,False,True,True,True,46.669007914852486,319.0,0.9451277650648361,1.0,0.0,89.677001953125,0.9482758620689655,0.0,0.0,False
914,SAI,Williams,56,2,HARD,38.0,12,89.44200134277344,5196.197353275538,665,89.58150291442871,1.0,0.49022556390977445,0.5097313922025327,0.21300170353311562,0.18129862201589741,332.714765625,335.0,216.0,89.3939550745568,-0.0480462682166376,False,True,True,True,43.05224360554254,334.8680114746094,0.96345823798627,1.0,0.0,89.58150291442871,0.9655172413793104,0.0,0.0,False
915,SAI,Williams,57,2,HARD,39.0,13,90.72699737548828,5214.2069435350195,670,90.86699676513672,1.0,0.48955223880597015,0.49110243724265057,0.2188252878707593,0.1765107468699515,330.6205084228515,333.0,218.1235809326172,90.50019133007979,-0.22680604540849458,False,True,True,True,52.626688925249475,332.9785461425781,0.9476592295957285,0.981291328827193,0.0,90.86699676513672,0.9827586206896551,0.018708671172806945,0.00035001437705221763,False
916,SAI,Williams,58,2,HARD,40.0,13,90.0459976196289,5209.451856099963,661,90.16799926757812,1.0,0.47655068078668683,0.4712758651690147,0.19518015452468587,0.0,318.15,319.0,223.0,89.90440757969711,-0.14159003993179908,False,True,True,True,38.832722724327326,319.0,0.8979881769641495,0.9872460126073529,0.0,90.16799926757812,1.0,0.012753987392647104,0.00016266419441180127,False
917,STR,Aston Martin,2,1,HARD,3.0,16,91.58200073242188,5219.1392785806665,697,91.70800018310547,1.0,0.4634146341463415,0.4715837228879589,0.16138175790374173,0.16444582192317014,332.21999999999997,335.0,215.50999450683594,91.54914322762303,-0.032857504798840864,False,True,True,True,41.69295155503294,334.88653564453125,0.8758819603356217,1.0,0.0,91.70800018310547,0.034482758620689655,0.0,0.0,False
918,STR,Aston Martin,3,1,HARD,4.0,16,90.31900024414062,5197.046141029179,690,90.45200157165527,1.0,0.48985507246376814,0.49023795445318513,0.1653804367801302,0.16714946085434382,334.795290222168,335.0,219.0,90.04367120146308,-0.27532904267754077,False,True,True,True,41.37819471917445,335.0,0.9102402745995423,1.0,0.0,90.45200157165527,0.05172413793103448,0.0,0.0,False
919,STR,Aston Martin,4,1,HARD,5.0,16,90.77300262451172,5177.223800406889,677,90.90700435638428,1.0,0.5110782865583456,0.49771743732983037,0.1601856376531042,0.1729129881829134,328.0,329.0,215.58749389648438,90.35858575689102,-0.4144168676207016,False,True,True,True,43.18223900799761,328.93316650390625,0.9109982837528604,1.0,0.0,90.90700435638428,0.06896551724137931,0.0,0.0,False
920,STR,Aston Martin,5,1,HARD,6.0,16,90.45800018310547,5219.614072213204,684,90.58399963378906,1.0,0.49415204678362573,0.49761532201226544,0.19386409738764154,0.16868321942527542,333.0281915283203,335.0,219.0,90.20080335383662,-0.25719682926884957,False,True,True,True,43.8610688416446,335.0,0.8768688024408848,1.0,0.0,90.58399963378906,0.08620689655172414,0.0,0.0,False
921,STR,Aston Martin,6,1,HARD,7.0,16,90.18800354003906,5214.064800571204,671,90.32100296020508,1.0,0.5081967213114754,0.49119246357314994,0.1709680275999912,0.16962831061849654,332.0,334.0,222.0,89.91933507006172,-0.2686684699773423,False,True,True,True,42.82019320179262,333.90252685546875,0.8758724256292906,1.0,0.0,90.32100296020508,0.10344827586206896,0.0,0.0,False
922,STR,Aston Martin,7,1,HARD,8.0,16,90.39199829101562,5206.0379048058985,678,90.52400207519531,1.0,0.49852507374631266,0.4834630049720349,0.17145727761660565,0.16836417825563613,334.152951965332,336.0,220.47500610351562,90.16447327531318,-0.22752501570244021,False,True,True,True,42.968061324027325,336.0,0.9025648360030512,1.0,0.0,90.52400207519531,0.1206896551724138,0.0,0.0,False
923,STR,Aston Martin,8,1,HARD,9.0,15,90.43900299072266,5207.451338628829,696,90.56700325012207,1.0,0.4956896551724138,0.49631755756189355,0.1717623065070624,0.16782053810071282,332.79320220947267,335.0,217.7577362060547,90.31876062745229,-0.1202423632703642,False,True,True,True,44.97045292655402,334.9474792480469,0.8878337147215866,1.0,0.0,90.56700325012207,0.13793103448275862,0.0,0.0,False
924,STR,Aston Martin,9,1,HARD,10.0,14,89.71900177001953,5236.227986110553,672,89.84600067138672,1.0,0.5267857142857143,0.5247868705734698,0.1860628332170687,0.1754000940024006,328.4847109985351,330.0,222.27143096923828,89.73611995966395,0.017118189644421022,False,True,True,True,43.34385297527522,330.0,0.9042906178489702,1.0,0.0,89.84600067138672,0.15517241379310345,0.0,0.0,False
925,STR,Aston Martin,10,1,HARD,11.0,14,90.2750015258789,5215.3642089872965,695,90.40699768066406,1.0,0.5079136690647482,0.509905145442642,0.1783158145106941,0.17520765705758043,330.0231536865234,332.0,217.84759521484375,90.02017841729588,-0.25482310858302526,False,True,True,True,43.13367872635915,331.9656677246094,0.9067124332570557,1.0,0.0,90.40699768066406,0.1724137931034483,0.0,0.0,False
926,STR,Aston Martin,11,1,HARD,12.0,14,90.6989974975586,5227.701137387752,699,90.82699584960938,1.0,0.4792560801144492,0.4896230597025958,0.17395709329521786,0.17175508589925675,330.0,331.0,217.3249969482422,90.67039547875163,-0.028602018806964224,False,True,True,True,47.9592093217527,331.0,0.889707284515637,1.0,0.0,90.82699584960938,0.1896551724137931,0.0,0.0,False
927,STR,Aston Martin,12,1,HARD,13.0,14,91.16999816894531,5224.73211253214,697,91.29749870300293,1.0,0.4949784791965567,0.4854841621693545,0.17962158691450286,0.17219528450806282,330.0,330.0,217.0,91.12569659692005,-0.04430157202526175,False,True,True,True,42.06534334973382,330.0,0.8801487414187643,1.0,0.0,91.29749870300293,0.20689655172413793,0.0,0.0,False
928,STR,Aston Martin,13,1,HARD,14.0,14,91.15299987792969,5169.924826928678,662,91.28200149536133,1.0,0.4818731117824773,0.47011459125650273,0.1774720831756274,0.17221359044698387,327.0,331.0,219.0,90.39497988315021,-0.7580199947794739,False,True,True,True,44.17416532196263,330.93988037109375,0.8713863463005339,1.0,0.0,91.28200149536133,0.22413793103448276,0.0,0.0,False
929,STR,Aston Martin,14,1,HARD,15.0,13,90.91400146484375,5202.726862089157,694,91.04500198364258,1.0,0.4884726224783862,0.4910648066542028,0.1761546199483544,0.17397987698528602,328.0,329.0,217.1999969482422,90.69046290368973,-0.22353856115401527,False,True,True,True,39.23744504535265,328.9517822265625,0.9077993897787948,1.0,0.0,91.04500198364258,0.2413793103448276,0.0,0.0,False
930,STR,Aston Martin,15,1,HARD,16.0,11,90.93099975585938,5186.549364079917,686,91.05900192260742,1.0,0.5043731778425656,0.5037063603338185,0.18228839708107528,0.15769995615102797,328.29999999999995,332.0,215.53125762939453,90.75908896432196,-0.17191079153741384,False,True,True,True,43.38555537125529,331.8592529296875,0.9335144927536231,0.9957060804075445,0.0,91.05900192260742,0.25862068965517243,0.0042939195924555085,1.843774546647328e-05,False
931,STR,Aston Martin,16,1,HARD,17.0,9,90.38400268554688,5197.576375517906,674,90.51400375366211,1.0,0.5178041543026706,0.5186711077764249,0.17453660600859677,0.1701283305847178,326.374690246582,327.0,216.26866149902344,90.18181768506435,-0.20218500048252963,False,True,True,True,45.17569259474004,327.0,0.9645833333333332,1.0,0.0,90.51400375366211,0.27586206896551724,0.0,0.0,False
932,STR,Aston Martin,17,1,HARD,18.0,6,90.91400146484375,5202.8669802063105,690,91.04400253295898,1.0,0.5246376811594203,0.5065353619753498,0.17795793324732484,0.08170773438187086,309.0,312.0,220.67339324951172,90.90892721244956,-0.0050742523941949,False,True,True,True,41.690510910804015,305.9998779296875,0.9585335621662853,0.9818878757394369,0.0,91.04400253295898,0.29310344827586204,0.01811212426056308,0.0003280490452300776,False
933,STR,Aston Martin,18,1,HARD,19.0,6,91.4229965209961,5195.398396144033,677,91.55349731445312,1.0,0.4918759231905465,0.4888672203773302,0.1905115269872751,0.08868040682994309,332.7181774902344,334.0,218.5094451904297,91.47379525673779,0.05079873574169369,False,True,True,True,43.39202838825831,334.0,0.963358123569794,0.5662754893709219,0.0,91.55349731445312,0.3103448275862069,0.43372451062907813,0.1881169511204333,False
934,STR,Aston Martin,19,1,HARD,20.0,7,91.80000305175781,5201.04723989159,677,91.93000310659409,1.0,0.5081240768094535,0.4963667708936588,0.1888284730417586,0.16014358342836074,321.2425280761719,322.0,213.05264282226562,91.5330559178006,-0.2669471339572169,False,True,True,True,41.93189312135486,321.9896240234375,0.9588815789473685,1.0,0.0,91.93000310659409,0.3275862068965517,0.0,0.0,False
935,STR,Aston Martin,20,1,HARD,21.0,7,91.77899932861328,5230.200588244678,707,91.90800094604492,1.0,0.5091937765205092,0.4936132470702957,0.16628588040300782,0.16101971138578874,322.0,323.0,215.0,91.64048840469499,-0.13851092391828956,False,True,True,True,39.66363773754039,322.7935791015625,0.9349494660564455,1.0,0.0,91.90800094604492,0.3448275862068966,0.0,0.0,False
936,STR,Aston Martin,21,1,HARD,22.0,7,92.00199890136719,5224.759070269555,698,92.1319990158081,1.0,0.5214899713467048,0.5168671338779286,0.1771262731283647,0.0881344051863189,329.0,330.0,215.04772186279297,91.92658221512573,-0.07541668624145359,False,True,True,True,39.648223132932934,329.8797607421875,0.9466914569031274,0.9618807680815102,0.0,92.1319990158081,0.3620689655172414,0.03811923191848976,0.0014530758420556085,False
937,STR,Aston Martin,22,1,HARD,23.0,7,90.66799926757812,5200.492614367978,683,90.7979965209961,1.0,0.5607613469985359,0.550419513048191,0.15463994324042155,0.0,303.0,305.0,220.9545440673828,90.44969869161224,-0.21830057596588404,False,True,True,True,37.29647924550337,304.92608642578125,0.9523741418764301,0.4698782252863712,0.0,90.7979965209961,0.3793103448275862,0.5301217747136289,0.2810290960255275,False
938,STR,Aston Martin,23,1,HARD,24.0,7,89.9729995727539,5227.471595495582,687,90.10299801826477,1.0,0.5473071324599709,0.5449319380603849,0.16603228574963338,0.0,308.0,309.0,225.0,89.96899454086474,-0.0040050318891644565,False,True,True,True,34.07938351690095,309.0,0.9708237986270024,0.08945319856790085,0.0,90.10299801826477,0.39655172413793105,0.9105468014320992,0.8290954775982267,True
939,STR,Aston Martin,24,1,HARD,25.0,7,89.97200012207031,5208.048215886994,662,90.10300064086914,1.0,0.5709969788519638,0.5706026091660354,0.1651553875342978,0.0,306.93441680908205,308.0,222.0,89.73231040036671,-0.23968972170359848,False,True,True,True,39.74459091349989,308.0,0.9803632723112128,0.0,0.0,90.10300064086914,0.41379310344827586,1.0,1.0,True
940,STR,Aston Martin,25,1,HARD,26.0,7,89.85399627685547,5173.907257749471,689,89.98299789428711,1.0,0.5805515239477503,0.5684073667158954,0.16135265133187976,0.0,306.0,307.0,224.0,89.25908382081272,-0.5949124560427492,False,True,True,True,39.47239408357033,306.935546875,0.9905701754385965,0.0,0.0,89.98299789428711,0.43103448275862066,1.0,1.0,True
941,STR,Aston Martin,26,1,HARD,27.0,7,89.78800201416016,5206.594227638841,671,89.91900253295898,1.0,0.5707898658718331,0.5570235371383692,0.16593829230246898,0.0,305.29999999999995,308.0,222.40809631347656,89.6609729700184,-0.1270290441417501,False,True,True,True,40.34848510285076,308.0,0.9923245614035087,0.0,0.0,89.91900253295898,0.4482758620689655,1.0,1.0,True
942,STR,Aston Martin,27,1,HARD,28.0,7,89.98699951171875,5223.018402394236,664,90.11800003051758,1.0,0.5406626506024096,0.5402916181088359,0.16912271561253686,0.0,306.055158996582,308.0,225.45021057128906,90.13387436425815,0.1468748525393977,False,True,True,True,41.31682135391563,308.0,0.9833237986270023,0.0,0.0,90.11800003051758,0.46551724137931033,1.0,1.0,True
943,STR,Aston Martin,28,1,HARD,29.0,7,89.86000061035156,5213.4345998970275,667,89.99200057983398,1.0,0.5547226386806596,0.5584495891481376,0.18314957892807907,0.0,307.80323669433596,308.0,223.6125030517578,89.6281423248034,-0.23185828554815657,True,True,True,True,43.15004920159323,308.0,0.9727879481311975,0.0,0.0,89.99200057983398,0.4827586206896552,1.0,1.0,False
944,STR,Aston Martin,29,1,HARD,30.0,7,89.9260025024414,5230.237843968153,693,90.05400133132935,1.0,0.5584415584415584,0.547238317107232,0.1781154399688454,0.0,308.0,309.0,224.0,89.86956719017795,-0.05643531226345999,False,True,True,True,44.50063034627122,308.9817810058594,0.9758676582761251,0.0,0.0,90.05400133132935,0.5,1.0,1.0,True
945,STR,Aston Martin,30,1,HARD,31.0,7,90.17500305175781,5242.223723559618,670,90.3030014038086,1.0,0.5671641791044776,0.5578330124250234,0.17672719674692755,0.0,307.1026837158203,308.0,223.80194091796875,90.1886272251566,0.013624173398781636,False,True,True,True,46.21067134770384,308.0,0.9878289473684211,0.0,0.0,90.3030014038086,0.5172413793103449,1.0,1.0,True
946,STR,Aston Martin,31,1,HARD,32.0,7,89.95800018310547,5227.424063191769,688,90.09099960327148,1.0,0.565406976744186,0.5531851140807937,0.16427832245796056,0.0,307.0254580688477,309.0,220.09183502197266,90.00677044797666,0.04877026487119451,False,True,True,True,43.0423596467043,308.84893798828125,0.987280701754386,0.2041493317367308,0.0,90.09099960327148,0.5344827586206896,0.7958506682632692,0.6333782861750922,False
947,STR,Aston Martin,32,1,HARD,33.0,7,90.23899841308594,5249.511051180839,685,90.36549949645996,1.0,0.5591240875912409,0.5550071297486128,0.1535984492823151,0.0,307.02080078125,308.0,226.0,90.3033740014838,0.06437558839786561,False,True,True,True,41.4971121224413,308.0,0.9703756674294431,0.0,0.0,90.36549949645996,0.5517241379310345,1.0,1.0,True
948,STR,Aston Martin,33,1,HARD,34.0,6,89.97200012207031,5230.634513850324,701,90.09199714660645,1.0,0.5477888730385164,0.5486614420713758,0.15404257910584318,0.0,306.0,307.0,224.0,90.07646598003029,0.10446585795997976,False,True,True,True,42.206828104478234,306.983642578125,0.9801535087719299,0.01036718071349771,0.0,90.09199714660645,0.5689655172413793,0.9896328192865023,0.9793731170089508,True
949,STR,Aston Martin,34,1,HARD,35.0,6,89.82599639892578,5232.4960342816385,671,89.9589980840683,1.0,0.5663189269746647,0.5579875764170237,0.15118002920662774,0.0,303.0,305.0,226.0,89.68775357681926,-0.13824282210651972,False,True,True,True,42.819560505500306,304.9790954589844,0.9713720442410373,0.0,0.0,89.9589980840683,0.5862068965517241,1.0,1.0,True
950,STR,Aston Martin,35,1,HARD,36.0,6,90.00399780273438,5225.78467984578,679,90.12999725341797,1.0,0.5699558173784978,0.5639076404752894,0.1677464659344942,0.0,307.0,308.0,225.0,89.8937453151936,-0.11025248754077666,False,True,True,True,44.108983473423756,307.9698486328125,0.9834429824561403,0.0,0.0,90.12999725341797,0.603448275862069,1.0,1.0,True
951,STR,Aston Martin,36,1,HARD,37.0,6,90.00299835205078,5227.301830791474,675,90.12899780273438,1.0,0.5659259259259259,0.56692073645596,0.16375418719845652,0.0,302.0,302.0,223.1473388671875,89.91696478078194,-0.08603357126884248,False,True,True,True,47.0935036072653,302.0,0.9851973684210527,0.0,0.0,90.12899780273438,0.6206896551724138,1.0,1.0,True
952,STR,Aston Martin,37,1,HARD,38.0,6,89.83999633789062,5217.850640970826,672,89.97499561309814,1.0,0.5505952380952381,0.552842436640488,0.17828281081535305,0.0,305.0,306.0,224.0995864868164,89.8346274832499,-0.005368854640721565,False,True,True,True,46.19767337083171,306.0,0.9739940884820748,0.0,0.0,89.97499561309814,0.6379310344827587,1.0,1.0,True
953,STR,Aston Martin,38,1,HARD,39.0,6,89.98500061035156,5231.09627977866,659,90.12000274658203,1.0,0.5629742033383915,0.5579227179268501,0.16687742847252365,0.0,304.0224945068359,305.0,227.8000030517578,90.07737522276287,0.09237461241130518,False,True,True,True,42.91720315510844,305.0,0.9727879481311975,0.0,0.0,90.12000274658203,0.6551724137931034,1.0,1.0,True
954,STR,Aston Martin,39,1,HARD,40.0,6,90.21800231933594,5207.537110448897,670,90.34300231933594,1.0,0.5746268656716418,0.5625117437172749,0.1531939680805659,0.0,303.7434814453125,306.0,221.61197662353516,89.68391650701662,-0.5340858123193186,False,True,True,True,38.63093470015939,306.0,0.9856264302059498,0.0,0.0,90.34300231933594,0.6724137931034483,1.0,1.0,True
955,STR,Aston Martin,40,1,HARD,41.0,6,90.27799987792969,5218.289981067233,670,90.41300201416016,1.0,0.5492537313432836,0.5660247280035219,0.1548449803820275,0.0,307.22432617187496,308.0,214.26753997802734,89.98527038755014,-0.29272949037954277,False,True,True,True,44.452282018536756,308.0,0.9884868421052632,0.0,0.0,90.41300201416016,0.6896551724137931,1.0,1.0,True
956,STR,Aston Martin,41,1,HARD,42.0,6,90.02899932861328,5226.287592564226,699,90.15899658203125,1.0,0.5608011444921316,0.5669982994240657,0.16945607697007442,0.0,305.6618902587891,307.0,222.6957550048828,90.01629219071367,-0.012707137899610643,False,True,True,True,42.18102985291053,306.94793701171875,0.9809115179252479,0.0,0.0,90.15899658203125,0.7068965517241379,1.0,1.0,True
957,STR,Aston Martin,44,2,MEDIUM,3.0,16,87.91799926757812,5204.248860077411,665,88.04199981689453,1.0,0.556390977443609,0.5445582016684632,0.14540784725716757,0.09268303610075737,330.0,331.0,228.0,87.78576494939007,-0.1322343181880541,False,True,True,True,44.82879862612387,330.9634704589844,0.9586336765827612,1.0,0.0,88.04199981689453,0.7586206896551724,0.0,0.0,False
958,STR,Aston Martin,45,2,MEDIUM,4.0,16,88.11299896240234,5211.271542387694,679,88.23600006103516,1.0,0.5508100147275405,0.5516343372557958,0.143274785696727,0.0,307.079296875,309.0,229.13250732421875,88.03960178140304,-0.07339718099930792,False,True,True,True,44.49786834209095,308.9967956542969,0.9441313882532417,1.0,0.0,88.23600006103516,0.7758620689655172,0.0,0.0,False
959,STR,Aston Martin,46,2,MEDIUM,5.0,16,88.28800201416016,5190.997615509391,660,88.42500114440918,1.0,0.5318181818181819,0.526717572544551,0.17189714286404534,0.17640935158840132,323.7448129272461,329.0,223.68000030517578,88.00307368618326,-0.2849283279768997,False,True,True,True,46.139175693306534,323.9767761230469,0.9485364225781846,1.0,0.0,88.42500114440918,0.7931034482758621,0.0,0.0,False
960,STR,Aston Martin,47,2,MEDIUM,6.0,15,87.74299621582031,5196.333668785528,672,87.86499786376953,1.0,0.5625,0.5492516220658437,0.1511409446556509,0.09288114042974857,336.0,337.0,231.3558807373047,87.60814214753623,-0.13485406828408486,False,True,True,True,44.59412813332027,336.95623779296875,0.9849780701754386,0.5247254386066215,0.0,87.86499786376953,0.8103448275862069,0.47527456139337854,0.22588590870766834,False
961,STR,Aston Martin,48,2,MEDIUM,7.0,15,88.427001953125,5206.8146089907295,653,88.56500244140625,1.0,0.5267993874425727,0.5225090176141536,0.18108732781422268,0.09258737127416097,312.0,312.0,228.0,88.36257658353415,-0.06442536959085032,False,True,True,True,47.50944217950387,307.90057373046875,0.9546767734553776,1.0,0.0,88.56500244140625,0.8275862068965517,0.0,0.0,False
962,STR,Aston Martin,49,2,MEDIUM,8.0,14,87.9489974975586,5206.095930749655,665,88.0869972705841,1.0,0.5383458646616541,0.5380816670067768,0.15667463032797177,0.10262580503692048,327.0,328.0,226.36099243164062,87.8656428660698,-0.0833546314887883,False,True,True,True,40.83342989646198,327.9405822753906,0.9586241418764302,1.0,0.0,88.0869972705841,0.8448275862068966,0.0,0.0,False
963,STR,Aston Martin,50,2,MEDIUM,9.0,14,88.06500244140625,5205.147878525369,639,88.2040023803711,1.0,0.5492957746478874,0.5431954262471267,0.1564555091113932,0.09387327735526324,313.0,313.0,226.0,87.94898546190021,-0.11601697950604262,False,True,True,True,51.00053362918266,309.9422607421875,0.9021977498093059,0.915854148511276,0.0,88.2040023803711,0.8620689655172413,0.084145851488724,0.007080524322762395,False
964,STR,Aston Martin,51,2,MEDIUM,10.0,13,87.83899688720703,5222.496000133395,654,87.96099472045898,1.0,0.5565749235474006,0.5532566384457722,0.1586953796151146,0.09459873858807577,333.9564587402344,336.0,229.7793426513672,87.99302755982279,0.15403067261576098,False,True,True,True,41.04775411316131,335.95135498046875,0.9731168954996186,0.906322117009875,0.0,87.96099472045898,0.8793103448275862,0.09367788299012503,0.008775545761511556,False
965,STR,Aston Martin,52,2,MEDIUM,11.0,12,87.6259994506836,5206.743585324289,641,87.76499938964844,1.0,0.5522620904836193,0.5495698756573415,0.15681654329008807,0.18049333796031725,326.0,327.0,229.71875,87.63937587272254,0.01337642203894518,False,True,True,True,41.14084957953897,327.0,0.9905701754385965,0.9409673583787382,0.0,87.76499938964844,0.896551724137931,0.05903264162126176,0.003484852776784326,False
966,STR,Aston Martin,53,2,MEDIUM,12.0,12,88.65799713134766,5197.7355008246905,659,88.79699802398682,1.0,0.5295902883156297,0.5328783891715814,0.16216775288079793,0.0914558192054183,313.0,313.0,224.0,88.56021032832854,-0.0977868030191189,False,True,True,True,48.650123163341554,310.0,0.9754385964912281,1.0,0.0,88.79699802398682,0.9137931034482759,0.0,0.0,False
967,STR,Aston Martin,54,2,MEDIUM,13.0,11,88.95099639892578,5203.043471048568,650,89.08999633789062,1.0,0.5461538461538461,0.5297115778957018,0.16430582130362714,0.18409473278021005,342.99796630859373,345.0,221.0,88.85113929608045,-0.09985710284533411,False,True,True,True,47.26504217324242,345.0,0.9741132723112128,1.0,0.0,89.08999633789062,0.9310344827586207,0.0,0.0,False
968,STR,Aston Martin,55,2,MEDIUM,14.0,10,88.0459976196289,5228.83556484878,664,88.16699981689453,1.0,0.5346385542168675,0.550852397733689,0.1538216848495075,0.09119059208348747,329.0,331.0,226.07142639160156,87.9943697514984,-0.05162786813050957,False,True,True,True,44.67128797824546,330.9521789550781,0.9713625095347064,0.4366940328697304,0.0,88.16699981689453,0.9482758620689655,0.5633059671302696,0.31731361260456836,False
969,STR,Aston Martin,56,2,MEDIUM,15.0,10,87.9520034790039,5203.016374205306,657,88.09100341796875,1.0,0.5996955859969558,0.6017414323369014,0.1729802546953716,0.0,304.91133789062496,306.0,228.5879364013672,87.68016958424823,-0.2718338947556731,False,True,True,True,46.44095053459688,306.0,0.9940789473684211,0.23695950482337838,0.0,88.09100341796875,0.9655172413793104,0.7630404951766216,0.582230797279384,False
970,STR,Aston Martin,57,2,MEDIUM,16.0,10,88.10900115966797,5203.91294795116,654,88.2490005493164,1.0,0.5871559633027523,0.5752586480490618,0.16634752346184262,0.09700960657554919,312.0,313.0,226.5,88.0293749890436,-0.0796261706243655,False,True,True,True,42.905063506263744,306.4143371582031,0.9932017543859649,1.0,0.0,88.2490005493164,0.9827586206896551,0.0,0.0,False
971,STR,Aston Martin,58,2,MEDIUM,17.0,9,89.02899932861328,5232.538605588426,653,89.16699981689453,1.0,0.5359877488514548,0.5412763960734462,0.1731694623230675,0.17538999821772305,334.3348046875,336.0,220.54061889648438,88.9473089811091,-0.08169034750417836,False,True,True,True,41.01417723558979,335.8114929199219,0.968301868802441,0.8087633094290322,0.0,89.16699981689453,1.0,0.19123669057096782,0.03657147182053609,False
972,TSU,Red Bull Racing,2,1,HARD,2.0,10,90.68800354003906,5183.187860054553,689,90.81400299072266,1.0,0.4746008708272859,0.4676703666534965,0.2004096407739348,0.1651727652786362,334.6039892578125,339.0,211.3400115966797,90.43015605053694,-0.2578474895021259,False,True,True,True,37.14848888487879,339.0,0.9161803966437834,1.0,0.0,90.81400299072266,0.034482758620689655,0.0,0.0,False
973,TSU,Red Bull Racing,3,1,HARD,3.0,10,90.38300323486328,5223.870327911176,687,90.51600646972656,1.0,0.48326055312954874,0.48711834117996505,0.20328995384737536,0.1559945184275876,334.0650994873047,336.0,214.82687377929688,90.30601735543885,-0.07698587942442714,False,True,True,True,39.15557004791499,336.0,0.8827898550724638,1.0,0.0,90.51600646972656,0.05172413793103448,0.0,0.0,False
974,TSU,Red Bull Racing,4,1,HARD,4.0,10,90.52100372314453,5219.211528438732,675,90.6550030708313,1.0,0.4711111111111111,0.4669570428041115,0.18354202981852452,0.15885498407585913,335.056875,339.0,220.12464904785156,90.43754793412185,-0.08345578902267903,False,True,True,True,40.84694739519771,338.85662841796875,0.8621567505720824,1.0,0.0,90.6550030708313,0.06896551724137931,0.0,0.0,False
975,TSU,Red Bull Racing,5,1,HARD,5.0,10,90.322998046875,5208.235566509903,688,90.4489974975586,1.0,0.47093023255813954,0.45767220934194075,0.1870557141129168,0.16274368467653919,335.12829162597654,338.0,214.33517456054688,90.11641694394456,-0.20658110293044274,False,True,True,True,37.71986905517256,337.93115234375,0.8785230739893212,1.0,0.0,90.4489974975586,0.08620689655172414,0.0,0.0,False
976,TSU,Red Bull Racing,6,1,HARD,6.0,10,90.36100006103516,5198.297049984027,670,90.48800659179688,1.0,0.4626865671641791,0.4691782986792063,0.1870083078255755,0.157379964021583,334.4147991943359,336.0,214.18106079101562,90.46027234074882,0.09927227971365937,False,True,True,True,38.30234865407373,336.0,0.9229691075514874,1.0,0.0,90.48800659179688,0.10344827586206896,0.0,0.0,False
977,TSU,Red Bull Racing,7,1,HARD,7.0,10,90.46800231933594,5196.934077939647,676,90.60100173950195,1.0,0.47485207100591714,0.4622134703513091,0.19954528132428656,0.16380613148122425,334.25,338.0,220.10476684570312,90.37028470522321,-0.0977176141127245,False,True,True,True,41.174489646973804,337.9183349609375,0.8912423722349351,1.0,0.0,90.60100173950195,0.1206896551724138,0.0,0.0,False
978,TSU,Red Bull Racing,8,1,HARD,8.0,10,90.3949966430664,5205.8097393099415,698,90.52299880981445,1.0,0.4785100286532951,0.4754041192730183,0.1953093983829203,0.15908665384383125,333.4247335815429,336.0,214.68868255615234,90.26313743343432,-0.13185920963208275,True,True,True,True,41.49489513336648,335.87420654296875,0.8853213196033561,1.0,0.0,90.52299880981445,0.13793103448275862,0.0,0.0,False
979,TSU,Red Bull Racing,9,1,HARD,9.0,10,90.18399810791016,5213.471386953593,675,90.3109998703003,1.0,0.4888888888888889,0.4956429018466472,0.19270080638601383,0.15989193514406388,331.82066833496094,336.0,215.0,89.92760777832714,-0.256390329583013,True,True,True,True,42.88987292235814,335.9166564941406,0.8920194508009153,1.0,0.0,90.3109998703003,0.15517241379310345,0.0,0.0,False
980,TSU,Red Bull Racing,10,1,HARD,10.0,10,90.58799743652344,5227.635753065348,695,90.71949577331543,1.0,0.49640287769784175,0.5073495826379683,0.1922187890316668,0.09171126474968233,332.2636743164062,334.0,215.4398193359375,90.50737916104242,-0.08061827548101519,False,True,True,True,41.92519108387977,334.0,0.8686260488176965,1.0,0.0,90.71949577331543,0.1724137931034483,0.0,0.0,False
981,TSU,Red Bull Racing,11,1,HARD,11.0,10,90.6520004272461,5193.287525773049,701,90.78000020980835,1.0,0.48787446504992865,0.4859549343503492,0.19036135615870198,0.17008152124226805,331.0,333.0,212.0,90.42551421958542,-0.2264862076606704,False,True,True,True,40.782534888441795,332.93829345703125,0.9219822654462243,1.0,0.0,90.78000020980835,0.1896551724137931,0.0,0.0,False
982,TSU,Red Bull Racing,12,1,HARD,12.0,10,90.86000061035156,5202.917640913249,693,90.98799896240234,1.0,0.47186147186147187,0.4671273475745681,0.1855298944430474,0.1604387153457171,330.37370117187504,333.0,216.70913696289062,90.81790007836919,-0.042100531982370626,False,True,True,True,41.5263133078437,333.0,0.9088148360030511,1.0,0.0,90.98799896240234,0.20689655172413793,0.0,0.0,False
983,TSU,Red Bull Racing,13,1,HARD,13.0,10,90.9010009765625,5193.908586739242,670,91.03000068664551,1.0,0.47313432835820896,0.4741623511760492,0.18676255114697904,0.15775015585340943,333.0,335.0,216.0,90.7348669563982,-0.1661340201642929,False,True,True,True,41.91745629529219,334.9142761230469,0.8856502669717772,1.0,0.0,91.03000068664551,0.22413793103448276,0.0,0.0,False
984,TSU,Red Bull Racing,14,1,HARD,14.0,10,91.12999725341797,5193.311991852066,686,91.25999450683594,1.0,0.48250728862973763,0.4769449716510208,0.20557747198751342,0.15910588690671756,331.4596450805664,335.0,213.0,90.95491607397139,-0.17508117944657897,False,True,True,True,40.767523432210304,335.0,0.8996138443935927,1.0,0.0,91.25999450683594,0.2413793103448276,0.0,0.0,False
985,TSU,Red Bull Racing,15,1,HARD,15.0,8,90.55599975585938,5183.774767828197,690,90.68400573730469,1.0,0.5043478260869565,0.5088218207661128,0.18349441353260867,0.1716068908528206,329.0,331.0,213.02499389648438,90.1952952798843,-0.36070447597506927,False,True,True,True,43.52129201477067,331.0,0.8984887490465293,0.9895461160352895,0.0,90.68400573730469,0.25862068965517243,0.010453883964710475,0.00010928368994763081,False
986,TSU,Red Bull Racing,16,1,HARD,16.0,7,90.93800354003906,5188.727716974021,677,91.0680046081543,1.0,0.5155096011816839,0.524717851465327,0.18273147419560673,0.0,311.0,312.0,218.0,90.67800802836958,-0.2599955116694872,False,True,True,True,32.19467409292786,312.0,0.9395356598016781,0.9358611210642716,0.0,91.0680046081543,0.27586206896551724,0.06413887893572845,0.0041137957911320305,False
987,TSU,Red Bull Racing,17,1,HARD,17.0,4,90.91500091552734,5188.090350162507,689,91.04499959945679,1.0,0.5181422351233672,0.5275413931919092,0.18580918784264208,0.0,312.0716235351563,313.0,217.0,90.49006273496317,-0.424938180564169,False,True,True,True,43.227249256562374,313.0,0.9279033180778032,0.9813279154708836,0.0,91.04499959945679,0.29310344827586204,0.018672084529116395,0.0003486467406624678,False
988,TSU,Red Bull Racing,18,1,HARD,18.0,4,90.72899627685547,5199.856772120505,672,90.85999298095703,1.0,0.5267857142857143,0.524532216204093,0.19016074472586364,0.08144396085010237,318.11249999999995,321.0,217.68848419189453,90.51699338881153,-0.21200288804394063,False,True,True,True,45.561634564501475,312.0,0.9190026697177727,1.0,0.0,90.85999298095703,0.3103448275862069,0.0,0.0,False
989,TSU,Red Bull Racing,19,1,HARD,19.0,3,90.68499755859375,5211.272541046143,665,90.81499862670898,1.0,0.49473684210526314,0.5053569897633879,0.18627993165930787,0.17311015803302,329.0,331.0,215.0,90.70191683859471,0.016919280000962544,False,True,True,True,43.18870481773111,331.0,0.8966151792524789,0.9611848509113458,0.0,90.81499862670898,0.3275862068965517,0.038815149088654244,0.0015066157987744563,False
990,TSU,Red Bull Racing,20,1,HARD,20.0,3,90.09300231933594,5215.562345368557,695,90.22200012207031,1.0,0.5424460431654676,0.5472169573867763,0.17332788352924483,0.0,307.118173828125,308.0,223.0,89.99909499901003,-0.09390732032591131,False,True,True,True,45.25669352120143,308.0,0.9114273455377574,0.0,0.0,90.22200012207031,0.3448275862068966,1.0,1.0,True
991,TSU,Red Bull Racing,21,1,HARD,21.0,3,90.31400299072266,5218.6938831920925,683,90.44400119781494,1.0,0.513909224011713,0.5245455646094254,0.17468272989195646,0.0,305.0,307.0,220.25,90.20082647468465,-0.11317651603800982,False,True,True,True,42.932344147787035,306.9790344238281,0.9362461861174675,0.0,0.0,90.44400119781494,0.3620689655172414,1.0,1.0,True
992,TSU,Red Bull Racing,22,1,HARD,22.0,3,90.00399780273438,5212.551086585224,676,90.13399696350098,1.0,0.5517751479289941,0.5595890403566959,0.1673175534125457,0.0,306.79139709472656,308.0,220.07142639160156,89.96279890017297,-0.04119890256140479,False,True,True,True,46.57964043310176,308.0,0.9376716247139588,0.0,0.0,90.13399696350098,0.3793103448275862,1.0,1.0,True
993,TSU,Red Bull Racing,23,1,HARD,23.0,4,91.4280014038086,5214.296783945978,703,91.5570068359375,1.0,0.5419630156472262,0.5368567956412034,0.1769279673198584,0.08518189984467392,316.7699011230469,318.0,217.1199951171875,91.43448989814434,0.006488494335741279,False,True,True,True,45.79175567030131,305.9006652832031,0.981359649122807,0.6182486900611305,0.0,91.5570068359375,0.39655172413793105,0.3817513099388695,0.14573406264004282,False
994,TSU,Red Bull Racing,24,1,HARD,24.0,5,91.46199798583984,5212.929399521991,675,91.59349632263184,1.0,0.5125925925925926,0.49298799955128314,0.18689097558251722,0.07597700615419747,319.26,322.0,219.90530395507812,91.19323442541594,-0.26876356042390626,False,True,True,True,42.32851709798062,309.08953857421875,0.8983695652173913,0.5543734476052339,0.0,91.59349632263184,0.41379310344827586,0.4456265523947661,0.19858302419924523,False
995,TSU,Red Bull Racing,25,1,HARD,25.0,5,90.0719985961914,5227.771219605445,690,90.20099925994873,1.0,0.5434782608695652,0.5434972010656125,0.1574261970777015,0.0,310.8037100219727,313.0,223.52875518798828,90.2802522661735,0.20825366998209915,False,True,True,True,42.295123594423636,312.9093322753906,0.9259200991609458,0.0,0.0,90.20099925994873,0.43103448275862066,1.0,1.0,True
996,TSU,Red Bull Racing,26,1,HARD,26.0,5,90.11299896240234,5211.102842951366,673,90.24399948120117,1.0,0.5482912332838039,0.5454545773979144,0.1750477360263632,0.0,310.0361706542969,311.0,220.50155639648438,90.09729790364413,-0.015701058758210706,False,True,True,True,46.483237030482556,311.0,0.951067887109077,0.0,0.0,90.24399948120117,0.4482758620689655,1.0,1.0,True
997,TSU,Red Bull Racing,27,1,HARD,27.0,5,90.13999938964844,5211.241348461986,670,90.26899909973145,1.0,0.5388059701492537,0.5353000197371676,0.16485169138186437,0.0,308.30999999999995,309.0,222.0546875,90.0087997555568,-0.1311996340916437,False,True,True,True,42.47836589967662,309.0,0.9539092295957284,0.0,0.0,90.26899909973145,0.46551724137931033,1.0,1.0,True
998,TSU,Red Bull Racing,28,1,HARD,28.0,5,89.9489974975586,5198.748747970224,663,90.08099746704102,1.0,0.5610859728506787,0.5553335339471478,0.15139708564252016,0.0,308.9822900390625,310.0,222.43150329589844,89.59846502385221,-0.3505324737063802,False,True,True,True,44.55260300871733,309.986328125,0.9272263539282989,0.07283437549612642,0.0,90.08099746704102,0.4827586206896552,0.9271656245038735,0.8596360952616577,True
999,TSU,Red Bull Racing,29,1,HARD,29.0,6,90.83399963378906,5220.937675112092,698,90.96199989318848,1.0,0.5358166189111748,0.5394781138338762,0.1662342602901199,0.0,307.0,308.0,216.43999481201172,90.65052889014163,-0.1834707436474332,False,True,True,True,45.24263796740527,308.0,0.9522549580472921,0.38687583854866875,0.0,90.96199989318848,0.5,0.6131241614513312,0.37592123735539806,False
1000,TSU,Red Bull Racing,30,1,HARD,30.0,6,90.77200317382812,5215.977149931104,673,90.90000343322754,1.0,0.5052005943536404,0.5086468776210962,0.1667655959474907,0.0,312.0,313.0,223.23956298828125,90.69380594714306,-0.07819722668506301,False,True,True,True,45.455070933193014,313.0,0.9234077040427154,0.5742903976162885,0.0,90.90000343322754,0.5172413793103449,0.42570960238371147,0.18122866556169773,False
1001,TSU,Red Bull Racing,31,1,HARD,31.0,6,90.05699920654297,5214.145610389232,689,90.18999671936035,1.0,0.5355587808417998,0.5279743595149916,0.16010657001582282,0.0,311.09685546875,312.0,219.36666870117188,89.98954408369912,-0.06745512284385313,False,True,True,True,44.03309808601684,312.0,0.926797292143402,0.0,0.0,90.18999671936035,0.5344827586206896,1.0,1.0,True
1002,TSU,Red Bull Racing,34,2,MEDIUM,2.0,17,88.5719985961914,5198.849457265467,663,88.697998046875,1.0,0.5158371040723982,0.5187827815473552,0.1650543920585758,0.0,310.0,311.0,226.36842346191406,88.22509186012164,-0.3469067360697693,False,True,True,True,49.50545612639953,311.0,0.9051773455377573,0.0,0.0,88.697998046875,0.5862068965517241,1.0,1.0,True
1003,TSU,Red Bull Racing,35,2,MEDIUM,3.0,17,88.95500183105469,5212.430996911228,671,89.08100128173828,1.0,0.503725782414307,0.5045295916204359,0.1751326328951848,0.0,313.0,314.0,223.125,88.90856829454376,-0.04643353651093207,False,True,True,True,48.14786913621272,314.0,0.9226306254767352,0.3421380135791076,0.0,89.08100128173828,0.603448275862069,0.6578619864208923,0.43278239317764233,False
1004,TSU,Red Bull Racing,36,2,MEDIUM,4.0,17,89.4280014038086,5217.804830853075,664,89.5620002746582,1.0,0.5030120481927711,0.5104062806761405,0.2050087728410865,0.08350639856877937,320.48893341064456,326.0,222.64478302001953,89.45050949867897,0.022508094870374862,False,True,True,True,47.50369496425325,316.9439697265625,0.9199990465293668,1.0,0.0,89.5620002746582,0.6206896551724138,0.0,0.0,False
1005,TSU,Red Bull Racing,37,2,MEDIUM,5.0,16,89.16500091552734,5209.1050582763555,666,89.30000114440918,1.0,0.512012012012012,0.5129675890210109,0.18587902200390402,0.09003360372331536,330.0,331.0,224.5,89.19057975611925,0.02557884059190485,False,True,True,True,47.73661999259786,331.0,0.9422864225781846,0.4541097157753685,0.0,89.30000114440918,0.6379310344827587,0.5458902842246315,0.29799620241084895,False
1006,TSU,Red Bull Racing,38,2,MEDIUM,6.0,16,89.16500091552734,5205.296479395031,651,89.30000305175781,1.0,0.5560675883256528,0.5366965294158857,0.17647256707331138,0.0,312.0,313.0,225.875,89.22705853543826,0.06205761991091663,False,True,True,True,43.150621848183704,313.0,0.9283323798627002,0.9464613664732121,0.0,89.30000305175781,0.6551724137931034,0.05353863352678789,0.0028663852799156965,False
1007,TSU,Red Bull Racing,39,2,MEDIUM,7.0,15,88.68599700927734,5190.619335858051,660,88.82099533081055,1.0,0.5318181818181819,0.5289402150396598,0.18506890933736117,0.09141983614336624,337.48695495605466,338.0,222.40625,88.51495010069078,-0.17104690858656113,False,True,True,True,45.53483466759092,338.0,0.9303060640732266,0.46002641912384834,0.0,88.82099533081055,0.6724137931034483,0.5399735808761517,0.2915714680442139,False
1008,TSU,Red Bull Racing,40,2,MEDIUM,8.0,15,88.8270034790039,5211.726206085056,672,88.9520034790039,1.0,0.5386904761904762,0.5428433281010904,0.19109181627991212,0.0,311.0,312.0,222.14583587646484,88.71089372839367,-0.1161097506102351,False,True,True,True,45.12505634758842,311.9359436035156,0.9427250190694126,0.0,0.0,88.9520034790039,0.6896551724137931,1.0,1.0,True
1009,TSU,Red Bull Racing,41,2,MEDIUM,9.0,15,88.85700225830078,5211.2638229806425,689,88.98200225830078,1.0,0.5239477503628447,0.5285788556448661,0.18340790163446968,0.0,313.0,314.0,221.0500030517578,88.85892890802462,0.0019266497238419333,False,True,True,True,44.7325795702621,313.9375305175781,0.9181254767353165,0.7688970954336212,0.0,88.98200225830078,0.7068965517241379,0.23110290456637883,0.0534085524990168,False
1010,TSU,Red Bull Racing,42,2,MEDIUM,10.0,15,89.01599884033203,5195.987139181584,658,89.1520004272461,1.0,0.5075987841945289,0.5148959007879195,0.1821383097748793,0.0,314.0,315.0,221.8000030517578,88.94121091299321,-0.0747879273388179,False,True,True,True,51.12432767436943,314.881591796875,0.9302059496567505,1.0,0.0,89.1520004272461,0.7241379310344828,0.0,0.0,False
1011,TSU,Red Bull Racing,43,2,MEDIUM,11.0,13,89.44300079345703,5184.788480379582,669,89.58000040054321,1.0,0.5276532137518685,0.5266801434111966,0.17815364075362267,0.1687988628003392,334.126796875,337.0,215.0,89.32679818736669,-0.11620260609034005,False,True,True,True,46.57666433909741,336.9705505371094,0.9547864225781847,0.9837352099638078,0.0,89.58000040054321,0.7413793103448276,0.01626479003619219,0.0002645433949214167,False
1012,TSU,Red Bull Racing,44,2,MEDIUM,12.0,12,88.55699920654297,5205.433817942828,670,88.6929988861084,1.0,0.5507462686567164,0.5556131416371913,0.1673412966585969,0.09378418700373704,336.29602905273435,337.0,219.3312530517578,88.47234800115987,-0.08465120538309634,False,True,True,True,42.45485989013379,337.0,0.9589626239511823,0.6587554266685376,0.0,88.6929988861084,0.7586206896551724,0.3412445733314624,0.11644785882817182,False
1013,TSU,Red Bull Racing,45,2,MEDIUM,13.0,12,88.89199829101562,5220.032983675548,688,89.01499938964844,1.0,0.5508720930232558,0.5473572234420531,0.18065499625279863,0.0,308.0,310.0,223.35077667236328,88.81949178361262,-0.07250650740300557,False,True,True,True,41.587590619301565,309.9734802246094,0.9180062929061785,0.0,0.0,89.01499938964844,0.7758620689655172,1.0,1.0,True
1014,TSU,Red Bull Racing,46,2,MEDIUM,14.0,12,88.84300231933594,5190.725198587776,662,88.97999954223633,1.0,0.5453172205438066,0.5332322972301687,0.16318275439578697,0.0,312.0,313.0,223.79856872558594,88.62336599393268,-0.21963632540325762,False,True,True,True,42.64228941839329,313.0,0.8939025553012967,0.0,0.0,88.97999954223633,0.7931034482758621,1.0,1.0,True
1015,TSU,Red Bull Racing,47,2,MEDIUM,15.0,12,88.7030029296875,5195.515590813288,678,88.82600021362305,1.0,0.532448377581121,0.5349898066166742,0.16166442965947087,0.0,313.0,314.0,220.61215209960938,88.47299174660625,-0.23001118308124546,False,True,True,True,45.86325877329902,314.0,0.9065026697177726,0.12370255049955974,0.0,88.82600021362305,0.8103448275862069,0.8762974495004403,0.7678972200009767,True
1016,TSU,Red Bull Racing,48,2,MEDIUM,16.0,12,88.95999908447266,5206.491584670544,661,89.0979995727539,1.0,0.5355521936459909,0.5340972500338877,0.18000404790853564,0.0,314.0,315.0,221.97142028808594,88.93984730569049,-0.020151778782164342,False,True,True,True,43.321843142123925,315.0,0.9135106788710908,1.0,0.0,89.0979995727539,0.8275862068965517,0.0,0.0,False
1017,TSU,Red Bull Racing,49,2,MEDIUM,17.0,12,89.1500015258789,5197.668637414807,674,89.28800201416016,1.0,0.5445103857566765,0.5437684891350257,0.17383084645450797,0.0,315.0,315.0,222.0,89.04701155518921,-0.10298997068969129,False,True,True,True,50.33633213340839,315.0,0.9284515636918383,1.0,0.0,89.28800201416016,0.8448275862068966,0.0,0.0,False
1018,TSU,Red Bull Racing,50,2,MEDIUM,18.0,12,89.27799987792969,5205.246607622952,644,89.41600036621094,1.0,0.5590062111801242,0.5495771643210619,0.17046171079120412,0.0,313.92075286865236,315.0,222.16250610351562,89.20901239412427,-0.0689874838054152,False,True,True,True,44.521864327503216,314.9953308105469,0.9430444317315027,1.0,0.0,89.41600036621094,0.8620689655172413,0.0,0.0,False
1019,TSU,Red Bull Racing,51,2,MEDIUM,19.0,12,89.28600311279297,5215.388661171794,665,89.40750122070312,1.0,0.5052631578947369,0.5117188846658622,0.16956074715713698,0.0,314.0,316.0,223.0,89.41669938169568,0.13069626890271024,False,True,True,True,43.26420821646188,315.8344421386719,0.9057160564454615,1.0,0.0,89.40750122070312,0.8793103448275862,0.0,0.0,False
1020,TSU,Red Bull Racing,52,2,MEDIUM,20.0,13,89.97799682617188,5216.978859855891,657,90.11699676513672,1.0,0.5038051750380518,0.5097594601253067,0.1691024728206461,0.0,313.0,313.0,220.87969970703125,89.89422215325857,-0.08377467291330731,False,True,True,True,46.351060478835315,313.0,0.9353689931350114,0.8122440539409058,0.0,90.11699676513672,0.896551724137931,0.18775594605909418,0.035252295280545486,False
1021,TSU,Red Bull Racing,53,2,MEDIUM,21.0,13,89.61199951171875,5203.1778836066715,670,89.7509994506836,1.0,0.5402985074626866,0.5320385364289544,0.17602021879669763,0.0,313.0,314.0,221.82608795166016,89.54292973575939,-0.06906977595936326,False,True,True,True,44.91482299911328,314.0,0.9473302822273074,0.28306092235335,0.0,89.7509994506836,0.9137931034482759,0.71693907764665,0.5140016410568292,False
1022,TSU,Red Bull Racing,54,2,MEDIUM,22.0,13,89.4739990234375,5202.291586821852,652,89.61299896240234,1.0,0.5460122699386503,0.5460813741858229,0.18255166440982296,0.0,314.0,315.0,221.88888549804688,89.3231744607045,-0.15082456273300693,False,True,True,True,46.569416960721746,315.0,0.9482074752097636,0.02209496111573926,0.0,89.61299896240234,0.9310344827586207,0.9779050388842607,0.9562982650752275,True
1023,TSU,Red Bull Racing,55,2,MEDIUM,23.0,14,90.23999786376953,5195.096817925902,683,90.36100006103516,1.0,0.5036603221083455,0.5097773780866052,0.1872268243030508,0.08587773836380343,323.3440100097656,326.0,219.0,90.0893043706283,-0.15069349314123315,False,True,True,True,40.87806738759561,318.0,0.9038615560640731,0.8645433132634746,0.0,90.36100006103516,0.9482758620689655,0.13545668673652544,0.01834851398163719,False
1024,TSU,Red Bull Racing,56,2,MEDIUM,24.0,14,90.00299835205078,5212.3317134141935,669,90.14199829101562,1.0,0.5366218236173393,0.5325153334607974,0.1819351099847551,0.0,315.40500000000003,317.0,224.52301025390625,90.01501535650593,0.012017004455145752,False,True,True,True,50.75420669030392,317.0,0.932837528604119,0.21853297883757486,0.0,90.14199829101562,0.9655172413793104,0.7814670211624252,0.6106907051644742,False
1025,TSU,Red Bull Racing,57,2,MEDIUM,25.0,14,89.69499969482422,5204.735215852335,664,89.83499908447266,1.0,0.5406626506024096,0.5364501179972267,0.17769247575744682,0.0,315.0,316.0,223.46875,89.61615672194073,-0.07884297288349273,False,True,True,True,47.630402876732106,316.0,0.9664378337147216,0.0040073536374509305,0.0,89.83499908447266,0.9827586206896551,0.995992646362549,0.9920013516082736,True
1026,TSU,Red Bull Racing,58,2,MEDIUM,26.0,14,89.56600189208984,5167.178034037102,650,89.7040023803711,1.0,0.5461538461538461,0.5364754422703861,0.165878876816121,0.0,317.0,318.0,226.2487564086914,88.87558521525615,-0.6904166768336921,False,True,True,True,46.467361201067966,317.9500427246094,0.9684019832189169,0.7368456438228518,0.0,89.7040023803711,1.0,0.2631543561771482,0.06925021517500939,False
1027,VER,Red Bull Racing,2,1,MEDIUM,2.0,1,89.11699676513672,5212.445168622971,675,89.24649810791016,1.0,0.5037037037037037,0.49770583439486527,0.1618214797810547,0.0,307.2287438964844,308.0,229.40908813476562,88.99933389255578,-0.11766287258093655,False,True,True,True,42.433964481462844,308.0,0.8917715484363082,0.0,0.0,89.24649810791016,0.034482758620689655,1.0,1.0,True
1028,VER,Red Bull Racing,3,1,MEDIUM,3.0,1,89.55500030517578,5219.459918942467,678,89.68899917602539,1.0,0.48672566371681414,0.495122006174613,0.15383152900548427,0.0,307.0,309.0,222.44597625732422,89.69198912364125,0.1369888184654684,False,True,True,True,41.19519941171711,308.8804016113281,0.8874856979405035,0.0,0.0,89.68899917602539,0.05172413793103448,1.0,1.0,True
1029,VER,Red Bull Racing,4,1,MEDIUM,4.0,1,89.56300354003906,5212.475733995915,673,89.69600105285645,1.0,0.48291233283803864,0.49362286393744026,0.16456700819794576,0.0,310.0,311.0,223.0,89.4511527585974,-0.11185078144166027,False,True,True,True,40.10647398961502,311.0,0.9077993897787948,0.0,0.0,89.69600105285645,0.06896551724137931,1.0,1.0,True
1030,VER,Red Bull Racing,5,1,MEDIUM,5.0,1,89.69499969482422,5213.027918767273,675,89.82099914550781,1.0,0.4918518518518519,0.4949733789585644,0.15408427983376904,0.0,308.4465075683594,310.0,225.79310607910156,89.67029447338697,-0.024705221437244518,False,True,True,True,42.656702419781695,309.9544982910156,0.8518020594965675,0.0,0.0,89.82099914550781,0.08620689655172414,1.0,1.0,True
1031,VER,Red Bull Racing,6,1,MEDIUM,6.0,1,89.77200317382812,5197.763042542279,674,89.90499877929688,1.0,0.516320474777448,0.5100049750603104,0.1623825062194353,0.0,309.0,311.0,224.9443588256836,89.54593870051654,-0.22606447331158108,False,True,True,True,43.19614888724288,310.8909606933594,0.9102212051868802,0.0,0.0,89.90499877929688,0.10344827586206896,1.0,1.0,True
1032,VER,Red Bull Racing,7,1,MEDIUM,7.0,1,89.74400329589844,5219.761712553978,665,89.87600326538086,1.0,0.5007518796992482,0.511226449149645,0.14379810364443302,0.0,310.0,311.0,224.16136169433594,89.74785120716909,0.003847911270653981,False,True,True,True,41.86823670997123,311.0,0.89023646071701,0.0,0.0,89.87600326538086,0.1206896551724138,1.0,1.0,True
1033,VER,Red Bull Racing,8,1,MEDIUM,8.0,1,89.60099792480469,5198.679268880845,695,89.72899794578552,1.0,0.520863309352518,0.5124540848795297,0.1511328522988379,0.0,310.0,311.0,226.0,89.49532407804725,-0.10567384675744051,False,True,True,True,44.62792296090342,310.9781494140625,0.9473302822273074,0.0,0.0,89.72899794578552,0.13793103448275862,1.0,1.0,True
1034,VER,Red Bull Racing,9,1,MEDIUM,9.0,1,89.41300201416016,5203.11361678958,671,89.54100227355957,1.0,0.5290611028315947,0.5055785142627672,0.14920537366989003,0.0,309.0,310.0,232.18331909179688,89.21693500593969,-0.1960670082204672,False,True,True,True,45.17040828724138,309.995849609375,0.9319603356216629,0.0,0.0,89.54100227355957,0.15517241379310345,1.0,1.0,True
1035,VER,Red Bull Racing,10,1,MEDIUM,10.0,1,89.46499633789062,5210.856115190029,679,89.59299564361572,1.0,0.5213549337260678,0.5187011632809025,0.14601594027317985,0.0,309.0621502685547,310.0,225.0,89.36016216941262,-0.10483416847800697,False,True,True,True,42.491078681164126,310.0,0.9256817315026696,0.0,0.0,89.59299564361572,0.1724137931034483,1.0,1.0,True
1036,VER,Red Bull Racing,11,1,MEDIUM,11.0,1,89.53800201416016,5205.313949638704,698,89.66500854492188,1.0,0.5157593123209169,0.5116824906497063,0.14586511892886084,0.0,308.27800048828124,309.0,225.64999389648438,89.3911481760191,-0.14685383814105535,False,True,True,True,43.42312745284247,309.0,0.926678108314264,0.0,0.0,89.66500854492188,0.1896551724137931,1.0,1.0,True
1037,VER,Red Bull Racing,12,1,MEDIUM,12.0,1,89.54299926757812,5231.292994147539,691,89.67099893093109,1.0,0.5209840810419681,0.5122502784806063,0.15341637913589792,0.0,309.0824401855469,310.0,228.42855834960938,89.47942310115175,-0.06357616642637254,False,True,True,True,37.720538255768524,310.0,0.9203089244851258,0.0,0.0,89.67099893093109,0.20689655172413793,1.0,1.0,True
1038,VER,Red Bull Racing,13,1,MEDIUM,13.0,1,89.63300323486328,5213.3147415444255,661,89.76200103759766,1.0,0.5173978819969742,0.5026068641771109,0.1524029910877637,0.0,309.2175048828125,311.0,219.6607208251953,89.67816910590935,0.045165871046066286,False,True,True,True,40.772310152283644,310.9599914550781,0.9210669336384439,0.0,0.0,89.76200103759766,0.22413793103448276,1.0,1.0,True
1039,VER,Red Bull Racing,14,1,MEDIUM,14.0,1,89.5260009765625,5202.22386761719,663,89.65699911117554,1.0,0.5429864253393665,0.5189890107587392,0.15748908166710637,0.0,307.0,308.0,233.0,89.22912215370133,-0.2968788228611743,False,True,True,True,43.93004714747941,308.0,0.9263491609458429,0.0,0.0,89.65699911117554,0.2413793103448276,1.0,1.0,True
1040,VER,Red Bull Racing,15,1,MEDIUM,15.0,1,89.7030029296875,5199.017685690567,687,89.83200263977051,1.0,0.5138282387190685,0.5170318369795337,0.1567036162018552,0.0,307.0,308.0,223.25001525878906,89.4636622809129,-0.2393406487746006,False,True,True,True,46.05419116894385,307.9423828125,0.9228403890160183,0.0,0.0,89.83200263977051,0.25862068965517243,1.0,1.0,True
1041,VER,Red Bull Racing,16,1,MEDIUM,16.0,1,89.45999908447266,5207.939874762585,664,89.59000015258789,1.0,0.5406626506024096,0.5272130470736367,0.1522490906190084,0.0,306.5172756958008,307.0,227.5,89.23478709443724,-0.2252119900354188,False,True,True,True,45.245736026877296,307.0,0.9667477116704806,0.0,0.0,89.59000015258789,0.27586206896551724,1.0,1.0,True
1042,VER,Red Bull Racing,17,1,MEDIUM,17.0,1,89.5780029296875,5206.511154757142,681,89.70800399780273,1.0,0.5359765051395007,0.5255718213214047,0.14712178174266782,0.0,307.0,308.0,225.0,89.47044110346764,-0.10756182621986454,False,True,True,True,43.50482692188229,307.9949645996094,0.9555635011441647,0.0,0.0,89.70800399780273,0.29310344827586204,1.0,1.0,True
1043,VER,Red Bull Racing,18,1,MEDIUM,18.0,1,89.59600067138672,5211.6036266886,669,89.72600173950195,1.0,0.5396113602391629,0.5248981442560612,0.14752696543146965,0.0,307.1104150390625,308.0,229.77500915527344,89.66997068856423,0.0739700171775155,False,True,True,True,39.879474729536284,308.0,0.9382103356216628,0.0,0.0,89.72600173950195,0.3103448275862069,1.0,1.0,True
1044,VER,Red Bull Racing,19,1,MEDIUM,19.0,1,89.61399841308594,5204.590153913366,660,89.74399948120117,1.0,0.5166666666666667,0.512067666542647,0.15332494773515312,0.0,306.0,307.0,228.29769897460938,89.36512403721484,-0.24887437587109673,False,True,True,True,42.87556396968513,306.9776611328125,0.9378813882532419,0.0,0.0,89.74399948120117,0.3275862068965517,1.0,1.0,True
1045,VER,Red Bull Racing,20,1,MEDIUM,20.0,1,89.55699920654297,5211.2236707570555,680,89.68699645996094,1.0,0.5308823529411765,0.5283373998145882,0.15343360515893303,0.0,307.0,307.0,229.66944885253906,89.46823554326745,-0.08876366327551466,False,True,True,True,45.898196842521486,307.0,0.9654414569031274,0.0,0.0,89.68699645996094,0.3448275862068966,1.0,1.0,True
1046,VER,Red Bull Racing,21,1,MEDIUM,21.0,1,89.44100189208984,5209.526168691844,678,89.57099914550781,1.0,0.5427728613569321,0.5402416632950746,0.16477432337471518,0.0,306.0,307.0,227.09375,89.3628253037856,-0.07817658830424534,False,True,True,True,43.72331485193739,307.0,0.9496233790999238,0.0,0.0,89.57099914550781,0.3620689655172414,1.0,1.0,True
1047,VER,Red Bull Racing,22,1,MEDIUM,22.0,1,89.24299621582031,5209.880758831061,677,89.3729944229126,1.0,0.5096011816838996,0.5222047173188805,0.1449991232401833,0.0,304.0,304.0,225.0,89.30792368785654,0.06492747203623139,False,True,True,True,40.325332366415736,304.0,0.9390875286041189,0.0,0.0,89.3729944229126,0.3793103448275862,1.0,1.0,True
1048,VER,Red Bull Racing,25,2,HARD,2.0,2,88.69300079345703,5214.039922726532,686,88.82200241088867,1.0,0.5276967930029155,0.5247685845803723,0.15447740104805177,0.0,303.55375518798826,305.0,228.42916870117188,88.5038096070385,-0.18919118641852606,False,True,True,True,43.7587829879909,305.0,0.9370041952707857,0.0,0.0,88.82200241088867,0.43103448275862066,1.0,1.0,True
1049,VER,Red Bull Racing,26,2,HARD,3.0,2,88.31199645996094,5224.886067171246,655,88.44299674034119,1.0,0.5129770992366413,0.5181415658855061,0.16553031920979805,0.0,305.0,306.0,228.45001220703125,88.35423414463142,0.04223768467048217,False,True,True,True,46.06502611219796,306.0,0.9276744851258582,0.0,0.0,88.44299674034119,0.4482758620689655,1.0,1.0,True
1050,VER,Red Bull Racing,27,2,HARD,4.0,2,88.3270034790039,5216.938074838877,660,88.45900344848633,1.0,0.5333333333333333,0.5311726128128784,0.15555238331351717,0.0,305.0,306.0,228.5835418701172,88.32229006830545,-0.00471341069845721,False,True,True,True,43.151919605002924,305.9605407714844,0.9263491609458429,0.0,0.0,88.45900344848633,0.46551724137931033,1.0,1.0,True
1051,VER,Red Bull Racing,28,2,HARD,5.0,2,88.37100219726562,5188.930053549818,644,88.50300216674805,1.0,0.5263975155279503,0.5167508989341666,0.14820956576381808,0.0,306.0199520874024,307.0,232.0,87.86829586725577,-0.5027063300098575,False,True,True,True,47.8646252415764,307.0,0.9455758962623951,0.0,0.0,88.50300216674805,0.4827586206896552,1.0,1.0,True
1052,VER,Red Bull Racing,29,2,HARD,6.0,2,88.00299835205078,5218.241075907588,675,88.13099670410156,1.0,0.5392592592592592,0.5472761544035903,0.15658508617837363,0.0,306.0,307.0,228.67999267578125,87.96557256244027,-0.03742578961050924,False,True,True,True,47.990034748900655,306.9601745605469,0.9321700991609458,0.0,0.0,88.13099670410156,0.5,1.0,1.0,True
1053,VER,Red Bull Racing,30,2,HARD,7.0,2,88.04900360107422,5212.562318977297,662,88.18100357055664,1.0,0.5438066465256798,0.5391638642573293,0.1537972893462532,0.0,306.35064208984375,308.0,229.0031280517578,87.87535502842488,-0.1736485726493413,False,True,True,True,42.73789950952086,307.93463134765625,0.9290903890160184,0.0,0.0,88.18100357055664,0.5172413793103449,1.0,1.0,True
1054,VER,Red Bull Racing,31,2,HARD,8.0,2,87.84400177001953,5210.813818685353,667,87.97700119018555,1.0,0.5232383808095952,0.5315593923905426,0.1473112762921405,0.0,305.9807446289062,306.0,226.89122009277344,87.83740747746928,-0.006594292550246905,False,True,True,True,44.886250839638095,306.0,0.9482980549199085,0.0,0.0,87.97700119018555,0.5344827586206896,1.0,1.0,True
1055,VER,Red Bull Racing,32,2,HARD,9.0,2,87.8010025024414,5207.582334374488,668,87.9280014038086,1.0,0.5568862275449101,0.5478231007707747,0.15100986730990007,0.0,305.14319671630864,307.0,227.84673309326172,87.64616748874455,-0.1548350136968537,False,True,True,True,42.9921041578932,306.9485778808594,0.963339054157132,0.0,0.0,87.9280014038086,0.5517241379310345,1.0,1.0,True
1056,VER,Red Bull Racing,33,2,HARD,10.0,2,87.90899658203125,5201.117688840241,675,88.03499603271484,1.0,0.56,0.5517691431210694,0.14947468450911752,0.0,307.05107482910154,308.0,229.87136840820312,87.56533775621415,-0.3436588258171014,False,True,True,True,49.81222606059595,308.0,0.9604977116704806,0.0,0.0,88.03499603271484,0.5689655172413793,1.0,1.0,True
1057,VER,Red Bull Racing,34,2,HARD,11.0,2,87.92400360107422,5216.696300986768,665,88.05000305175781,1.0,0.5383458646616541,0.5284837840712459,0.14308921907235925,0.0,305.0,306.0,231.0,87.9672231679589,0.04321956688468731,False,True,True,True,42.264978000606256,306.0,0.9080186880244089,0.0,0.0,88.05000305175781,0.5862068965517241,1.0,1.0,True
1058,VER,Red Bull Racing,35,2,HARD,12.0,2,87.98100280761719,5178.289519256951,666,88.10700225830078,1.0,0.5570570570570571,0.5386632841231755,0.14575459019682532,0.0,307.0784210205078,308.0,235.0,87.44174990424283,-0.5392529033743614,False,True,True,True,47.252694362373134,308.0,0.9446796338672768,0.0,0.0,88.10700225830078,0.603448275862069,1.0,1.0,True
1059,VER,Red Bull Racing,36,2,HARD,13.0,2,87.80999755859375,5193.1861957168585,657,87.93599700927734,1.0,0.5509893455098934,0.5548921815274701,0.1419327680840455,0.0,307.1346936035156,308.0,225.65000915527344,87.49395584412,-0.31604171447375506,False,True,True,True,42.38461608574403,308.0,0.9488463005339436,0.0,0.0,87.93599700927734,0.6206896551724138,1.0,1.0,True
1060,VER,Red Bull Racing,37,2,HARD,14.0,2,87.74500274658203,5195.825821199357,654,87.88000273704529,1.0,0.5642201834862385,0.5494993648144547,0.1406349710011475,0.0,308.0,309.0,229.69549560546875,87.52699068344272,-0.21801206313931232,False,True,True,True,46.5341121929939,309.0,0.9475400457665905,0.0,0.0,87.88000273704529,0.6379310344827587,1.0,1.0,True
1061,VER,Red Bull Racing,38,2,HARD,15.0,2,87.7509994506836,5212.978761785934,656,87.88600158691406,1.0,0.5426829268292683,0.5412693801427402,0.1506497650831285,0.0,307.0,308.0,228.5465850830078,87.69510364710388,-0.05589580357971613,False,True,True,True,38.11177912289253,308.0,0.9474208619374523,0.0,0.0,87.88600158691406,0.6551724137931034,1.0,1.0,True
1062,VER,Red Bull Racing,39,2,HARD,16.0,2,87.625,5208.668173948588,635,87.76000022888184,1.0,0.5307086614173229,0.5519142735247905,0.15679126192649817,0.0,307.9077160644531,308.0,224.75,87.59279079444939,-0.032209205550614683,False,True,True,True,45.43744912264623,308.0,0.96970823798627,0.0,0.0,87.76000022888184,0.6724137931034483,1.0,1.0,True
1063,VER,Red Bull Racing,40,2,HARD,17.0,2,88.14199829101562,5219.0403414599605,660,88.26699829101562,1.0,0.5712121212121212,0.5470333280694166,0.1577146750996514,0.0,310.0,311.0,238.24120330810547,88.27061678647098,0.1286184954553562,False,True,True,True,47.95702127187108,311.0,0.9562118611746758,1.0,0.0,88.26699829101562,0.6896551724137931,0.0,0.0,False
1064,VER,Red Bull Racing,41,2,HARD,18.0,1,87.9729995727539,5206.561763474466,672,88.0979995727539,1.0,0.5729166666666666,0.5638606892452799,0.15664370539874625,0.09535972459425378,335.0,335.0,229.0,87.88122915637422,-0.09177041637968841,False,True,True,True,47.90136267687607,335.0,0.9692791762013729,0.5931349391682698,0.0,88.0979995727539,0.7068965517241379,0.40686506083173024,0.16553917772560756,False
1065,VER,Red Bull Racing,42,2,HARD,19.0,1,88.22000122070312,5204.20357016474,674,88.35500144958496,1.0,0.5652818991097923,0.5668158214496337,0.14214244801668235,0.0,306.0,307.0,227.4124984741211,88.1179626883129,-0.10203853239022465,False,True,True,True,39.57250424412974,307.0,0.9362271167048055,0.18860275775558855,0.0,88.35500144958496,0.7241379310344828,0.8113972422444115,0.6583654847218361,True
1066,VER,Red Bull Racing,43,2,HARD,20.0,1,87.93499755859375,5205.234068582058,653,88.07099914550781,1.0,0.554364471669219,0.5482167423851155,0.15308098280421378,0.0,306.0956982421875,307.0,228.0,87.75129511220075,-0.18370244639299926,False,True,True,True,40.87224769471055,307.0,0.9211861174675819,0.0,0.0,88.07099914550781,0.7413793103448276,1.0,1.0,True
1067,VER,Red Bull Racing,44,2,HARD,21.0,1,87.89299774169922,5206.84169989343,655,88.02299690246582,1.0,0.5679389312977099,0.5544687757702423,0.14814317958319762,0.0,307.584765625,309.0,229.0,87.89677917862343,0.0037814369242141765,False,True,True,True,50.49321915555793,308.9275817871094,0.9431636155606408,0.0,0.0,88.02299690246582,0.7586206896551724,1.0,1.0,True
1068,VER,Red Bull Racing,45,2,HARD,22.0,1,87.75199890136719,5218.630383746147,673,87.87599897384644,1.0,0.5438335809806835,0.5422753076742204,0.1442828970773766,0.0,309.3604858398437,311.0,229.55361938476562,87.63574908718067,-0.11624981418651714,True,True,True,True,41.131606376802985,311.0,0.9178966437833714,0.0,0.0,87.87599897384644,0.7758620689655172,1.0,1.0,False
1069,VER,Red Bull Racing,46,2,HARD,23.0,1,87.96099853515625,5206.3786082540155,680,88.08399963378906,1.0,0.5647058823529412,0.5547773427491909,0.14755237196875692,0.0,308.0,309.0,228.0,87.90768099315187,-0.05331754200437899,False,True,True,True,42.157360206727546,309.0,0.9577469488939742,0.0,0.0,88.08399963378906,0.7931034482758621,1.0,1.0,True
1070,VER,Red Bull Racing,47,2,HARD,24.0,1,87.87100219726562,5199.528933276778,653,87.99400281906128,1.0,0.5758039816232772,0.5661976991375037,0.15046482951077958,0.0,309.0,310.0,226.88209533691406,87.63693538387733,-0.2340668133882957,False,True,True,True,42.37836836871896,310.0,0.9441313882532417,0.0,0.0,87.99400281906128,0.8103448275862069,1.0,1.0,True
1071,VER,Red Bull Racing,48,2,HARD,25.0,1,87.81800079345703,5206.535196833164,674,87.94000244140625,1.0,0.5919881305637982,0.5747555577933994,0.1596428584132248,0.0,308.3110122680664,309.0,234.27987670898438,87.55588617877376,-0.26211461468327,False,True,True,True,48.71024960946421,309.0,0.9489654843630816,0.0,0.0,87.94000244140625,0.8275862068965517,1.0,1.0,True
1072,VER,Red Bull Racing,49,2,HARD,26.0,1,87.75,5214.696189527393,649,87.88800048828125,1.0,0.5577812018489985,0.5616010962046089,0.1611254222782347,0.0,308.0,309.0,233.0,87.73517836840148,-0.014821631598522345,False,True,True,True,47.93250810920428,308.8825378417969,0.9273455377574371,0.0,0.0,87.88800048828125,0.8448275862068966,1.0,1.0,True
1073,VER,Red Bull Racing,50,2,HARD,27.0,1,87.98600006103516,5209.397793795633,666,88.10800170898438,1.0,0.5795795795795796,0.5650792274437216,0.14025969256418933,0.0,310.0,310.0,232.0,87.93296517626177,-0.05303488477338192,False,True,True,True,48.567230498335185,310.0,0.9399647215865752,0.0,0.0,88.10800170898438,0.8620689655172413,1.0,1.0,True
1074,VER,Red Bull Racing,51,2,HARD,28.0,1,87.98300170898438,5219.857030874372,627,88.12200164794922,1.0,0.5406698564593302,0.5461067032993958,0.1502348483294023,0.0,308.9380548095703,310.0,238.0,87.99767524257231,0.014673533587938437,True,True,True,True,48.89573496568783,309.9490966796875,0.9492944317315026,0.0,0.0,88.12200164794922,0.8793103448275862,1.0,1.0,False
1075,VER,Red Bull Racing,52,2,HARD,29.0,1,88.45500183105469,5206.536667573079,676,88.57600402832031,1.0,0.5355029585798816,0.5375948500857118,0.1363687725853789,0.0,308.0,310.0,221.0,88.43397856622607,-0.02102326482861372,False,True,True,True,49.98409171383145,309.9537048339844,0.9380005720823799,0.0,0.0,88.57600402832031,0.896551724137931,1.0,1.0,True
1076,VER,Red Bull Racing,53,2,HARD,30.0,1,88.3949966430664,5227.548687298451,634,88.53399658203125,1.0,0.5488958990536278,0.5466034499154109,0.1604017214525477,0.0,310.96864959716794,313.0,225.0,88.39746166311139,0.0024650200449798376,False,True,True,True,51.00875582955895,312.9389343261719,0.9007723112128146,0.9551358795830315,0.0,88.53399658203125,0.9137931034482759,0.04486412041696852,0.002012789300788252,False
1077,VER,Red Bull Racing,54,2,HARD,31.0,1,88.17500305175781,5176.025628735011,655,88.30450439453125,1.0,0.5618320610687023,0.5447909850169099,0.16532573811706816,0.0,311.09857543945316,312.0,228.5062713623047,87.53313033917351,-0.641872712584302,False,True,True,True,44.28237834820792,312.0,0.9382103356216628,0.41670581967830655,0.0,88.30450439453125,0.9310344827586207,0.5832941803216934,0.3402321007971562,False
1078,VER,Red Bull Racing,55,2,HARD,32.0,1,88.81700134277344,5192.295659269334,652,88.95700073242188,1.0,0.553680981595092,0.5420370543051786,0.15335491766048256,0.0,308.9745062255859,309.0,230.0687484741211,88.50366314547335,-0.3133381973000837,False,True,True,True,48.08180540772915,309.0,0.9547864225781847,0.0,0.0,88.95700073242188,0.9482758620689655,1.0,1.0,True
1079,VER,Red Bull Racing,56,2,HARD,33.0,1,88.62100219726562,5211.290680912974,665,88.7420015335083,1.0,0.5233082706766917,0.5265037406262962,0.14873444662823607,0.0,307.0,308.0,225.0,88.44686454940556,-0.17413764786006425,False,True,True,True,45.47285190847236,308.0,0.926697177726926,0.05022422071149699,0.0,88.7420015335083,0.9655172413793104,0.949775779288503,0.9020740309230831,True
1080,VER,Red Bull Racing,57,2,HARD,34.0,1,88.78199768066406,5233.675509195805,669,88.9219970703125,1.0,0.5276532137518685,0.5267536611820114,0.16281697858652425,0.0,312.25660278320316,313.0,223.0,88.766298372201,-0.015699308463055672,False,True,True,True,46.44996168433771,313.0,0.9131817315026697,0.9242032772712984,0.0,88.9219970703125,0.9827586206896551,0.07579672272870164,0.0057451431764116755,False
1081,VER,Red Bull Racing,58,2,HARD,35.0,1,88.4729995727539,5227.941822218239,650,88.61299896240234,1.0,0.5307692307692308,0.5301028017725494,0.15936713468632766,0.0,308.1040295410156,309.0,227.74929809570312,88.57691944672922,0.10391987397531466,False,True,True,True,46.6994538522511,309.0,0.9069317315026697,0.03795154159609866,0.0,88.61299896240234,1.0,0.9620484584039013,0.925537236317323,True
