driver,lap,reference_green_median,reference_traffic_ratio,reference_target_role,position,missing,lap_frac,switches,observed_time_s,telemetry_samples,circuit_length_estimate_m,audited_traffic_ratio,audited_definition,cur_1.5,cur_1.75,cur_2.0,cur_2.25,cur_2.5,cur_q1,cur_q5,cur_q9,cross_1.5,cross_1.75,cross_2.0,cross_2.25,cross_2.5,cross_q1,cross_q5,cross_q9,ahead_1.5,ahead_1.75,ahead_2.0,ahead_2.25,ahead_2.5,ahead_q1,ahead_q5,ahead_q9,visual_prediction
NOR,1,37.0,0.9755921403000001,image_color_derived_proxy,3.0,0.006257423682274255,0.017241379310344827,0.07520891364902507,94.288001537323,719,5216.3515625,0.9937425763177258,nearest_physical_car_same_track_location_crossing_headway_le_2s,0.9932653149911985,0.9932653149911985,0.9932653149911985,0.9932653149911985,0.9932653149911985,0.014886363663456657,0.14784321542513573,0.5684601355173982,0.9937425763177258,0.9937425763177258,0.9937425763177258,0.9937425763177258,0.9937425763177258,0.015033960342407227,0.4389917850494385,1.1045866012573242,0.9857033429722284,1.0,1.0,1.0,1.0,0.014964633337861176,0.4416694084260398,1.066786801155083,0.9966707767240435
NOR,2,29.0,1.0,image_color_derived_proxy,3.0,0.0,0.034482758620689655,0.0,90.02299499511719,683,5216.3515625,1.0,nearest_physical_car_same_track_location_crossing_headway_le_2s,0.9513124719320591,0.9910578203342872,0.992102017653257,0.992102017653257,0.992102017653257,0.7761254262115995,1.0488921405420293,1.3928602753056607,1.0,1.0,1.0,1.0,1.0,0.7356786727905273,1.0024116039276123,1.2315380573272705,0.9937127812429923,1.0,1.0,1.0,1.0,0.7237737276479185,0.9951374826101652,1.2476937282477105,0.9987009934884804
NOR,3,33.0,0.9947361859,image_color_derived_proxy,3.0,0.0,0.05172413793103448,0.0,89.99300384521484,680,5216.3515625,1.0,nearest_physical_car_same_track_location_crossing_headway_le_2s,0.81843019893635,0.948084841109852,0.9966775195602151,0.9966775195602151,0.9966775195602151,0.9856825692313059,1.210390848509023,1.6118601811953701,0.9979886504781501,1.0,1.0,1.0,1.0,0.998732328414917,1.1174952983856201,1.3257834911346436,0.9568854831261552,1.0,1.0,1.0,1.0,0.9855338944806992,1.10932268026684,1.3607276677243088,1.0
NOR,4,29.0,1.0,image_color_derived_proxy,3.0,0.0,0.06896551724137931,0.0,89.97400665283203,676,5216.3515625,1.0,nearest_physical_car_same_track_location_crossing_headway_le_2s,0.7561517733757774,0.9546758070924347,0.9969102187678309,0.9969102187678309,0.9969102187678309,1.0568165886331593,1.314571122145736,1.657319377479753,0.868917727169161,1.0,1.0,1.0,1.0,1.181380271911621,1.3162362575531006,1.5163333415985107,0.8384311361211789,0.9764376962009818,1.0,1.0,1.0,1.1665033609162938,1.3159590539849215,1.560732625787551,1.0
NOR,5,50.0,0.9133739921,image_color_derived_proxy,3.0,0.0,0.08620689655172414,0.0,89.94400024414062,680,5216.3515625,1.0,nearest_physical_car_same_track_location_crossing_headway_le_2s,0.7007360031138827,0.9159810930865186,0.9813550728679107,0.9942964748700923,0.9955750244504689,1.0037281814130765,1.3741283519847973,1.728015661239624,0.9488570837228161,1.0,1.0,1.0,1.0,0.9472448825836182,1.295727252960205,1.4209237098693848,0.9047073567283109,0.9759739047971269,1.0,1.0,1.0,0.9317109185387525,1.234404230088448,1.4948421688255336,1.0
NOR,6,32.0,0.9995221973000001,image_color_derived_proxy,3.0,0.0,0.10344827586206896,0.0,89.9469985961914,672,5216.3515625,1.0,nearest_physical_car_same_track_location_crossing_headway_le_2s,0.5660443860456559,0.8537917085806113,0.9637675553762393,0.9966647023624685,0.9966647023624685,1.2317722524188168,1.445385215084682,1.8112536342877776,0.9728617961373025,1.0,1.0,1.0,1.0,1.2447848320007324,1.3069696426391602,1.4538438320159912,0.8641532996896485,0.9860695393956657,1.0,1.0,1.0,1.1970606016151881,1.2784779191834148,1.5680666991470662,1.0
NOR,7,39.0,0.9660201175,image_color_derived_proxy,3.0,0.0,0.1206896551724138,0.0,89.95000076293945,665,5216.3515625,1.0,nearest_physical_car_same_track_location_crossing_headway_le_2s,0.4057587212269729,0.6022012497411455,0.7858920842429552,0.9162646103142585,0.9708726691516059,1.2629791259765624,1.6225337001159856,2.188205941391801,0.6777209605589992,0.9985214072369323,1.0,1.0,1.0,1.1220512390136719,1.4530787467956543,1.5659492015838623,0.7107948361679778,0.9301389463708701,0.9846469780791254,1.0,1.0,1.077950588669429,1.3936447580652793,1.6978312740452386,0.9695580976731837
NOR,8,29.0,1.0,image_color_derived_proxy,3.0,0.0,0.13793103448275862,0.0,89.6380033493042,693,5216.3515625,1.0,nearest_physical_car_same_track_location_crossing_headway_le_2s,0.2025814992913406,0.6243893552978655,0.8935607861467613,0.9805439493027824,0.996162341877005,1.3067577951687743,1.658085353267176,2.0155876306824316,0.12004950322557946,0.9641446376983024,1.0,1.0,1.0,1.495189905166626,1.5907225608825684,1.728978157043457,0.3192283845417525,0.8048374068762407,0.9022959486482818,0.967312989040938,1.0,1.3974381689838427,1.5662906365168294,1.974551888125608,1.0
NOR,9,29.0,1.0,image_color_derived_proxy,3.0,0.0,0.15517241379310345,0.0,89.65500068664551,673,5216.3515625,1.0,nearest_physical_car_same_track_location_crossing_headway_le_2s,0.295042059956931,0.8129719480512739,0.9650103219780193,0.9942780658355346,0.9942780658355346,1.14026612312563,1.6154923766623925,1.832271805550288,0.0,0.8348447829244527,1.0,1.0,1.0,1.5991337299346924,1.6961851119995117,1.763772964477539,0.09867826729477802,0.7356868170798958,0.8826947332095721,0.9566449479322867,0.9982265306395541,1.5004149000124734,1.655698411911905,2.0377229752937542,0.9906710560555129
NOR,10,50.0,0.9133739921,image_color_derived_proxy,3.0,0.0,0.1724137931034483,0.0,89.76300239562988,682,5216.3515625,1.0,nearest_physical_car_same_track_location_crossing_headway_le_2s,0.1119058367356956,0.3317736899023866,0.6306607747383141,0.8476766463612156,0.9295367122981093,1.4556179097007587,1.8930269690177117,2.344198373443617,0.0,0.446275158348095,1.0,1.0,1.0,1.6586861610412598,1.786881685256958,1.8479363918304443,0.04380420879711757,0.6003029243652982,0.8286153443572385,0.9218721012101888,0.9815291277943524,1.566392423273756,1.6953819406598156,2.1881590907850743,0.8129854260276276
NOR,11,127.0,0.5448511143000001,image_color_derived_proxy,3.0,0.0,0.1896551724137931,0.0,89.94850158691406,697,5216.3515625,0.9214717385385416,nearest_physical_car_same_track_location_crossing_headway_le_2s,0.04808302437799678,0.10932931935252121,0.31084454833783304,0.5412541101715221,0.6753308712593503,1.7108310546875,2.204012885460487,2.968368148803711,0.0,0.07707744367343441,0.9214717385385416,1.0,1.0,1.7843544483184814,1.8775110244750977,1.9871735572814941,0.02245732090556781,0.32202880640078274,0.7491619294928722,0.856406717435429,0.9295041107811629,1.6211581270766318,1.8214580850342252,2.40467979843704,0.6103550735559534
NOR,12,237.0,0.01838986030000015,image_color_derived_proxy,3.0,0.0,0.20689655172413793,0.0,89.80999851226807,687,5216.3515625,0.029851907362999787,nearest_physical_car_same_track_location_crossing_headway_le_2s,0.039093644522474685,0.11973051792586525,0.17789779775560854,0.33745680763713365,0.6104775699694165,1.6947206374237695,2.389797993963072,3.074844715896162,0.0,0.0,0.029851907362999787,0.9363768184440977,1.0,2.119961977005005,2.1977221965789795,2.2383081912994385,0.0,0.057465839138002434,0.2722303467242795,0.7185280674341304,0.8129161792682201,1.8375628279970728,2.1109542532184706,2.9513257389270233,0.13983242601584633
NOR,13,241.0,0.0,image_color_derived_proxy,3.0,0.0,0.22413793103448276,0.0,89.87300491333008,667,5216.3515625,0.0,nearest_physical_car_same_track_location_crossing_headway_le_2s,0.0,0.03172250637307341,0.07310311745041918,0.12643393621107327,0.18490545750027304,2.154172321188039,2.9471753448202116,4.142914525473991,0.0,0.0,0.0,0.0,0.22610793046370897,2.444974660873413,2.751371145248413,2.922982931137085,0.0,0.0,0.0,0.08817999439927403,0.37273705569675025,2.2691208786678283,2.5857089380215594,3.7519953614962707,0.0
NOR,14,240.0,0.00403182610000016,image_color_derived_proxy,3.0,0.0,0.2413793103448276,0.0,90.1919994354248,665,5216.3515625,0.0,nearest_physical_car_same_track_location_crossing_headway_le_2s,0.033938717881137656,0.053330666755937936,0.10478755675790742,0.15093359833168746,0.1999955330881066,1.9635733021811006,3.180670111450062,4.2627149720250905,0.0,0.0,0.0,0.010211543515419585,0.06241131866094025,2.6095781326293945,3.0035839080810547,3.3784332275390625,0.0,0.012850368147768259,0.05567010413926504,0.10244810880075644,0.16575752576581818,2.2118582508518316,2.896834425056387,4.530027800391182,0.04380520842364111
NOR,15,240.0,0.00403182610000016,image_color_derived_proxy,3.0,0.0,0.25862068965517243,0.0,89.71799564361572,690,5216.3515625,0.0,nearest_physical_car_same_track_location_crossing_headway_le_2s,0.0,0.012806775856453375,0.039568461447348754,0.0732294232064397,0.12694216494029725,2.348180311859631,3.6791220454846396,4.8195929887401014,0.0,0.0,0.0,0.0,0.0,3.3581430912017822,3.4746837615966797,3.5610547065734863,0.0,0.0,0.0,0.0,0.04636752888779861,2.739288460762857,3.2672732530202735,5.307185941345736,0.0
NOR,16,240.0,0.00403182610000016,image_color_derived_proxy,3.0,0.0,0.27586206896551724,0.0,91.85299980640411,681,5216.3515625,0.05582827504993457,nearest_physical_car_same_track_location_crossing_headway_le_2s,0.005661224552923276,0.03738578171425274,0.067183429392442,0.10786801961118642,0.15677226381633988,2.20750907759233,3.5676752083568366,5.223164317501814,0.0,0.020021169917994824,0.05582827504993457,0.11714367896760844,0.23946963246681757,2.1690614223480225,2.9516236782073975,3.348895311355591,0.008393887241239299,0.03132177400227488,0.16702772015004763,0.25978460961878996,0.3276757803325733,1.8621802946587651,2.942400258890338,4.413723536884297,0.1136759411930941
NOR,17,15.0,1.0,image_color_derived_proxy,9.0,0.0,0.29310344827586204,0.019300361881785282,110.44900131225586,830,5216.3515625,0.8687810719745076,nearest_physical_car_same_track_location_crossing_headway_le_2s,0.7895409035087692,0.8035654565660583,0.810201984606858,0.8224067085675836,0.835362920869477,0.14436045764857053,0.74463134765625,27.30651159956629,0.8474318453876266,0.8558429748994795,0.8687810719745076,0.882099433392314,0.882099433392314,0.08270597457885742,0.7282309532165527,6.670743465423584,0.8402520720866528,0.8595550896828067,0.8618185777816553,0.8639915286015255,0.8639915286015255,0.08321308053087118,0.7030628003837202,8.390113418321706,0.8483886976133731
NOR,18,15.0,1.0,image_color_derived_proxy,7.0,0.0,0.3103448275862069,0.012012012012012012,90.0880012512207,667,5216.3515625,1.0,nearest_physical_car_same_track_location_crossing_headway_le_2s,0.9868572597053679,0.996736524335336,0.996736524335336,0.996736524335336,0.996736524335336,0.18814203716440703,0.49713375310229646,1.2434358653659963,0.9917857909134512,1.0,1.0,1.0,1.0,0.15129733085632324,0.491865873336792,1.246220588684082,0.9691523922163205,0.9925738997017661,1.0,1.0,1.0,0.15149931383541526,0.4930344185831583,1.1342866202635757,0.999812770046516
NOR,19,121.0,0.5735671827000001,image_color_derived_proxy,5.0,0.0,0.3275862068965517,0.007564296520423601,89.8109998703003,662,5216.3515625,0.4562581560094208,nearest_physical_car_same_track_location_crossing_headway_le_2s,0.5576710833493259,0.576599815851904,0.5808197644470838,0.6067519415115855,0.6274955764169682,0.10229292782870207,0.4838047501955691,4.743907597712699,0.4562581560094208,0.4562581560094208,0.4562581560094208,0.4562581560094208,0.4583069136137102,0.1454601287841797,3.5077764987945557,3.9166336059570312,0.4562581560094208,0.4562581560094208,0.4562581560094208,0.4562581560094208,0.4671811148380674,0.1465325745387607,2.651668956779465,5.60046583585503,0.4732105773075405
NOR,20,241.0,0.0,image_color_derived_proxy,4.0,0.0,0.3448275862068966,0.001451378809869376,89.6569995880127,690,5216.3515625,0.011030929368666472,nearest_physical_car_same_track_location_crossing_headway_le_2s,0.0122578291798537,0.025419060270574733,0.06054180787886863,0.10349447194755981,0.16652352973622206,2.2438170399944157,3.475632342170267,4.3694108145577575,0.008465597071370902,0.008465597071370902,0.011030929368666472,0.01221321295204968,0.01221321295204968,2.989042282104492,3.235851287841797,3.3760180473327637,0.008465597071370902,0.008465597071370902,0.011030929368666472,0.02125880702391556,0.10993004278658453,2.475992937131876,3.0909606534721097,4.758377276620482,0.0
NOR,21,203.0,0.18111424790000016,image_color_derived_proxy,4.0,0.0,0.3620689655172414,0.0,89.26300430297852,674,5216.3515625,0.1824384872990797,nearest_physical_car_same_track_location_crossing_headway_le_2s,0.022405656194522672,0.07890168194452926,0.16489465426591324,0.2898625118436039,0.48907169126641936,1.828374079347567,2.505441104664522,3.1526103485178862,0.0,0.04867635186530324,0.1824384872990797,0.366277245310326,0.6745796249799304,1.8019020557403564,2.295830726623535,2.7339839935302734,0.013544155429621696,0.13247374620621125,0.29759241985420276,0.4688953019648363,0.675263008028159,1.7140657680409392,2.28697651159351,3.203398295607882,0.16403779646974193
NOR,22,27.0,1.0,image_color_derived_proxy,4.0,0.0,0.3793103448275862,0.0,89.11300086975098,670,5216.3515625,1.0,nearest_physical_car_same_track_location_crossing_headway_le_2s,0.7038142365135825,0.9365636974772541,0.9862534144799979,0.9960050721811151,0.9960050721811151,0.7477990318747127,1.257411188531005,1.7094018259941768,0.7019065802210862,1.0,1.0,1.0,1.0,0.7195632457733154,1.2511587142944336,1.6573982238769531,0.7697867058445842,0.9097774641516254,0.9678049253013808,0.9893393696355486,1.0,0.7201769346933808,1.2301288586659913,1.6814352057701174,1.0
NOR,23,163.0,0.3725547039000001,image_color_derived_proxy,3.0,0.0,0.39655172413793105,0.0029411764705882353,88.95800113677979,681,5216.3515625,0.3842487327698102,nearest_physical_car_same_track_location_crossing_headway_le_2s,0.38546279396618055,0.38546279396618055,0.38546279396618055,0.38546279396618055,0.38546279396618055,0.4221565490939863,14.672804148106904,36.24126301953427,0.3842487327698102,0.3842487327698102,0.3842487327698102,0.3842487327698102,0.3842487327698102,0.4395136833190918,24.765815019607544,28.16140842437744,0.3842487327698102,0.3842487327698102,0.3842487327698102,0.3842487327698102,0.3842487327698102,0.43087348012517934,21.281856779509155,54.601177913278676,0.38891207707763475
NOR,24,240.0,0.00403182610000016,image_color_derived_proxy,3.0,0.0,0.41379310344827586,0.0,89.00600051879883,656,5216.3515625,0.0,nearest_physical_car_same_track_location_crossing_headway_le_2s,0.0,0.0,0.0,0.0,0.0,3.9491082843981293,6.031356959987332,9.3959213136688,0.0,0.0,0.0,0.0,0.0,5.107494354248047,5.238867282867432,5.968792676925659,0.0,0.0,0.0,0.0,0.0,3.873971711480416,4.954036483672178,9.568557729959448,0.006758959873275794
NOR,25,240.0,0.00403182610000016,image_color_derived_proxy,3.0,0.0,0.43103448275862066,0.0,88.48400497436523,681,5216.3515625,0.0,nearest_physical_car_same_track_location_crossing_headway_le_2s,0.0,0.0,0.0,0.00655487770046937,0.015471716968482447,3.3814983548533624,5.604526261039402,8.13038069228472,0.0,0.0,0.0,0.0,0.0,4.823184967041016,5.18965220451355,5.304397106170654,0.0,0.0,0.0,0.0,0.0,3.6365338261498725,4.841382392040601,8.212226625962854,0.002785690249399897
NOR,26,240.0,0.00403182610000016,image_color_derived_proxy,3.0,0.0,0.4482758620689655,0.0,88.61700057983398,659,5216.3515625,0.0,nearest_physical_car_same_track_location_crossing_headway_le_2s,0.0,0.0,0.0,0.011182968535000344,0.026180117746497426,3.4049967311372695,5.440096704195826,8.022562408447266,0.0,0.0,0.0,0.0,0.0,4.964889764785767,5.017798662185669,5.120480298995972,0.0,0.0,0.0,0.0,0.0,3.78761622033537,4.6962763847605675,8.281983034741051,5.518683594152307e-05
NOR,27,240.0,0.00403182610000016,image_color_derived_proxy,3.0,0.0,0.46551724137931033,0.0,88.12900352478027,659,5216.3515625,0.0,nearest_physical_car_same_track_location_crossing_headway_le_2s,0.0,0.0,0.00703512926604728,0.015806391774358344,0.027300910579355527,3.217147330350654,5.328804869570975,7.684620643825081,0.0,0.0,0.0,0.0,0.0,4.64876127243042,4.7536461353302,5.096080303192139,0.0,0.0,0.0,0.0,0.0,3.5467797309984137,4.587295068201777,7.791207433359184,0.0041864376503010226
NOR,28,240.0,0.00403182610000016,image_color_derived_proxy,3.0,0.0,0.4827586206896552,0.0,88.33400344848633,642,5216.3515625,0.0,nearest_physical_car_same_track_location_crossing_headway_le_2s,0.012814996776893163,0.022414919113125025,0.051622243846353395,0.0707768091255273,0.11540294406312876,2.4311792230761404,4.464404296875,5.841604459083687,0.0,0.0,0.0,0.0,0.0,4.077985525131226,4.464679956436157,4.755683183670044,0.0,0.0,0.0,0.0,0.01245276163057465,3.2660284905425105,4.225431530341983,7.5033275362887695,0.002207684626886919
NOR,29,241.0,0.0,image_color_derived_proxy,3.0,0.0,0.5,0.0,88.26000213623047,680,5216.3515625,0.0,nearest_physical_car_same_track_location_crossing_headway_le_2s,0.0,0.0,0.007557215054957832,0.01451395891312682,0.040471296197447965,3.112354172818863,4.98366884043519,7.291080544211647,0.0,0.0,0.0,0.0,0.0,4.543539047241211,4.621136665344238,4.706589460372925,0.0,0.0,0.0,0.0,0.0,3.518584359656718,4.370078949193879,7.613013096638016,0.0
NOR,30,241.0,0.0,image_color_derived_proxy,3.0,0.0,0.5172413793103449,0.0,88.19800186157227,658,5216.3515625,0.0,nearest_physical_car_same_track_location_crossing_headway_le_2s,0.0,0.0,0.00990952777692356,0.02086215235891388,0.04257465114300565,3.0050561376364837,5.016349574497768,7.12472182520178,0.0,0.0,0.0,0.0,0.0,4.732471942901611,4.785815477371216,4.911453723907471,0.0,0.0,0.0,0.0,0.0,3.6251692588863507,4.521413816643193,7.846522533056987,0.0012686255470502061
NOR,31,240.0,0.00403182610000016,image_color_derived_proxy,3.0,0.0,0.5344827586206896,0.0,88.28599548339844,670,5216.3515625,0.0,nearest_physical_car_same_track_location_crossing_headway_le_2s,0.0,0.0,0.00813264324321615,0.018575985700436802,0.037684342189155694,3.1764949355014536,5.062990417518938,7.599535871233259,0.0,0.0,0.0,0.0,0.0,4.5860536098480225,4.6928465366363525,4.839320182800293,0.0,0.0,0.0,0.0,0.0,3.559430915544364,4.444967239792184,7.943187576862944,0.0016006495348888095
NOR,32,240.0,0.00403182610000016,image_color_derived_proxy,3.0,0.0,0.5517241379310345,0.0,88.5009994506836,672,5216.3515625,0.0,nearest_physical_car_same_track_location_crossing_headway_le_2s,0.0,0.0,0.0,0.007683532495638148,0.016417883685030082,3.5283740318302956,5.747312028730252,8.866049002267264,0.0,0.0,0.0,0.0,0.0,5.187250375747681,5.28156304359436,5.423382520675659,0.0,0.0,0.0,0.0,0.0,3.9415191659077,4.974354206875318,9.241785331195453,0.0026478256437054704
NOR,33,240.0,0.00403182610000016,image_color_derived_proxy,3.0,0.0,0.5689655172413793,0.0,88.20700073242188,674,5216.3515625,0.0,nearest_physical_car_same_track_location_crossing_headway_le_2s,0.0,0.0,0.002868234379924764,0.015792371695359103,0.02086002400387217,3.4377568359375,5.959029126036436,8.716033648804531,0.0,0.0,0.0,0.0,0.0,5.387250900268555,5.579315900802612,5.729501962661743,0.0,0.0,0.0,0.0,0.0,4.058480480907131,5.315665689314262,9.664211474527969,0.004446096635850383
NOR,34,239.0,0.00881783750000011,image_color_derived_proxy,3.0,0.0,0.5862068965517241,0.0,88.23400115966797,670,5216.3515625,0.0,nearest_physical_car_same_track_location_crossing_headway_le_2s,0.0,0.0,0.0,0.0,0.011174831109051642,3.9119303199811037,6.324505106423595,9.61528580925413,0.0,0.0,0.0,0.0,0.0,5.786768913269043,5.851134538650513,6.009917259216309,0.0,0.0,0.0,0.0,0.0,4.3329818707271155,5.487363392088107,10.040077253085942,0.0025936726497607365
NOR,35,240.0,0.00403182610000016,image_color_derived_proxy,3.0,0.0,0.603448275862069,0.0,88.09700012207031,667,5216.3515625,0.0,nearest_physical_car_same_track_location_crossing_headway_le_2s,0.0,0.0,0.0,0.0014302354280963537,0.010908457138403315,3.693035416141633,6.422448625585036,9.683182587494722,0.0,0.0,0.0,0.0,0.0,5.9032368659973145,5.9924635887146,6.032538890838623,0.0,0.0,0.0,0.0,0.0,4.305414114145158,5.6373212295221915,10.56045431235485,0.003038895170099365
NOR,36,240.0,0.00403182610000016,image_color_derived_proxy,3.0,0.0,0.6206896551724138,0.0,87.96700286865234,657,5216.3515625,0.0,nearest_physical_car_same_track_location_crossing_headway_le_2s,0.0,0.0,0.0,0.011367898955170121,0.015915032518182333,3.5284425974662548,6.261829192705951,9.367342178135702,0.0,0.0,0.0,0.0,0.0,5.608726978302002,5.8627142906188965,6.129284620285034,0.0,0.0,0.0,0.0,0.0,4.109743666595873,5.604975809674252,10.219361752780621,0.003712242840497537
NOR,37,240.0,0.00403182610000016,image_color_derived_proxy,3.0,0.0,0.6379310344827587,0.0,87.94900321960449,655,5216.3515625,0.0,nearest_physical_car_same_track_location_crossing_headway_le_2s,0.0,0.0,0.0,0.010619769112993893,0.01644133637191113,3.6589185063513656,6.349348363983498,9.558624404428251,0.0,0.0,0.0,0.0,0.0,5.40958309173584,5.71654486656189,6.066726922988892,0.0,0.0,0.0,0.0,0.0,4.061052196955228,5.50204083137213,10.028439296780189,0.0033218890990527328
NOR,38,240.0,0.00403182610000016,image_color_derived_proxy,3.0,0.0,0.6551724137931034,0.0,88.13300323486328,657,5216.3515625,0.0,nearest_physical_car_same_track_location_crossing_headway_le_2s,0.0,0.0,0.0,0.0,0.011857101713166182,3.9422070733432117,6.637172670717593,10.257097995301086,0.0,0.0,0.0,0.0,0.0,5.885890960693359,6.015625953674316,6.105041027069092,0.0,0.0,0.0,0.0,0.0,4.309222361501084,5.640082987828983,10.391265625875272,0.002301264285447635
NOR,39,239.0,0.00881783750000011,image_color_derived_proxy,3.0,0.0,0.6724137931034483,0.0,88.20300102233887,639,5216.3515625,0.0,nearest_physical_car_same_track_location_crossing_headway_le_2s,0.0,0.0,0.0,0.0,0.010033696427248856,4.070083461998795,6.968006825361011,10.804772964591969,0.0,0.0,0.0,0.0,0.0,6.416822910308838,6.964498043060303,7.9399378299713135,0.0,0.0,0.0,0.0,0.0,4.914658547185213,6.384504717007867,12.788922453772141,0.0029513348930966243
NOR,40,241.0,0.0,image_color_derived_proxy,3.0,0.0,0.6896551724137931,0.0,90.19899940490723,673,5216.3515625,0.0,nearest_physical_car_same_track_location_crossing_headway_le_2s,0.0,0.0,0.0,0.0,0.0,4.397111919658051,7.473903575740248,13.733437892368862,0.0,0.0,0.0,0.0,0.0,5.975129127502441,6.416501522064209,6.751062631607056,0.0,0.0,0.0,0.0,0.0,4.378099746055231,6.154133933203942,12.005058091544138,0.006579108102419795
NOR,41,241.0,0.0,image_color_derived_proxy,3.0,0.0,0.7068965517241379,0.006045949214026602,108.39099884033203,828,5216.3515625,0.0,nearest_physical_car_same_track_location_crossing_headway_le_2s,0.0,0.0,0.0,0.0,0.0,13.71404934264314,25.970633555327197,72.73323317307693,0.0,0.0,0.0,0.0,0.0,17.641523361206055,28.679704189300537,29.2275812625885,0.0,0.0,0.0,0.0,0.0,18.335129247723565,31.93134612526864,64.23242114983925,0.006567867366741309
NOR,42,241.0,0.0,image_color_derived_proxy,3.0,0.0,0.7241379310344828,0.0,88.32700157165527,663,5216.3515625,0.0,nearest_physical_car_same_track_location_crossing_headway_le_2s,0.0,0.0,0.0,0.0,0.009555421954800932,3.721820274095857,5.656366780598958,8.509300792423984,0.0,0.0,0.0,0.0,0.0,4.864464998245239,5.024782657623291,5.83925986289978,0.0,0.0,0.0,0.0,0.0,3.719356298319115,4.6894337026310255,9.081452177787387,0.003091072934474637
NOR,43,240.0,0.00403182610000016,image_color_derived_proxy,3.0,0.0,0.7413793103448276,0.0,87.96500396728516,663,5216.3515625,0.0,nearest_physical_car_same_track_location_crossing_headway_le_2s,0.0,0.0,0.009958499530215272,0.018382316909067144,0.0316944237034128,3.2104731002910025,5.12119460738247,7.534000172334559,0.0,0.0,0.0,0.0,0.0,4.717573404312134,4.812556028366089,4.9558703899383545,0.0,0.0,0.0,0.0,0.0,3.672217926238838,4.517934355637042,7.922021103855271,0.00446815722646543
NOR,44,240.0,0.00403182610000016,image_color_derived_proxy,3.0,0.0,0.7586206896551724,0.0,86.95799958705902,650,5216.3515625,0.0,nearest_physical_car_same_track_location_crossing_headway_le_2s,0.0,0.0,0.005749902278966516,0.01537525939978132,0.028519488105344656,3.2780290840057322,5.419403167269123,7.789652387193741,0.0,0.0,0.0,0.0,0.0,5.171625375747681,5.2058186531066895,5.396251678466797,0.0,0.0,0.0,0.0,0.0,3.9807343073403065,4.9039473039122,8.919971248001133,0.0028263932304020134
NOR,45,241.0,0.0,image_color_derived_proxy,3.0,0.0,0.7758620689655172,0.0,87.07600402832031,662,5216.3515625,0.0,nearest_physical_car_same_track_location_crossing_headway_le_2s,0.0,0.0,0.003927592426540927,0.01589414771949666,0.023887111321549227,3.2268010295600997,5.450949274800649,7.600230039399246,0.0,0.0,0.0,0.0,0.0,4.4392249584198,4.900809288024902,5.273846864700317,0.0,0.0,0.0,0.0,0.0,3.4762411183593724,4.744957602695835,8.11691060050531,0.003748776261668474
NOR,46,240.0,0.00403182610000016,image_color_derived_proxy,3.0,0.0,0.7931034482758621,0.0,87.1969985961914,668,5216.3515625,0.0,nearest_physical_car_same_track_location_crossing_headway_le_2s,0.0,0.0076034958179066825,0.016973056023294953,0.02818902388073936,0.04861406228057626,3.0798518983035312,4.917126462681369,6.978423309326172,0.0,0.0,0.0,0.0,0.0,4.527891635894775,4.7232255935668945,4.931616544723511,0.0,0.0,0.0,0.0,0.0,3.550569691410513,4.482365475872584,7.9368997235050305,0.0026779354873301964
NOR,47,240.0,0.00403182610000016,image_color_derived_proxy,3.0,0.0,0.8103448275862069,0.0,86.98999786376953,649,5216.3515625,0.0,nearest_physical_car_same_track_location_crossing_headway_le_2s,0.0,0.0,0.0041269245716062854,0.014978705841008116,0.03153236116654752,3.2286422494741585,5.149411549287684,7.491617098721591,0.0,0.0,0.0,0.0,0.0,4.30607271194458,4.529552936553955,4.858692407608032,0.0,0.0,0.0,0.0,0.0,3.3428517214553124,4.3767877788286595,7.4923308070655334,0.0008191207551179192
NOR,48,240.0,0.00403182610000016,image_color_derived_proxy,3.0,0.0,0.8275862068965517,0.0,86.94000244140625,653,5216.3515625,0.0,nearest_physical_car_same_track_location_crossing_headway_le_2s,0.0,0.0,0.009397300665180687,0.021440098636291836,0.04897627551468136,2.9964354223134566,4.917711255374371,6.8242486361799575,0.0,0.0,0.0,0.0,0.0,3.9465889930725098,4.295499324798584,4.670669317245483,0.0,0.0,0.0,0.0,0.0,3.1696854684759486,4.156888570433633,6.9143470030310885,0.0
NOR,49,240.0,0.00403182610000016,image_color_derived_proxy,3.0,0.0,0.8448275862068966,0.0,87.0459976196289,658,5216.3515625,0.0,nearest_physical_car_same_track_location_crossing_headway_le_2s,0.0,0.0018611144441640687,0.011947672831261323,0.024136727841067802,0.06387420324817673,2.85519064817911,4.832338463476789,6.595828857421875,0.0,0.0,0.0,0.0,0.0,4.065375089645386,4.388026237487793,4.695111036300659,0.0,0.0,0.0,0.0,0.0,3.211971483035301,4.2042416559792075,7.3069448729497575,0.0
NOR,50,240.0,0.00403182610000016,image_color_derived_proxy,3.0,0.0,0.8620689655172413,0.0,87.09000396728516,643,5216.3515625,0.0,nearest_physical_car_same_track_location_crossing_headway_le_2s,0.003456179515816867,0.01237803284625461,0.023676614605914064,0.04846708659725953,0.06729821680322164,2.7256366757180195,4.536490379360423,6.178361801428298,0.0,0.0,0.0,0.0,0.0,3.8975484371185303,4.138097524642944,4.409421443939209,0.0,0.0,0.0,0.0,0.005258885607356807,3.0919526223312266,3.940873683298543,6.667474343122813,0.002814357584129623
NOR,51,240.0,0.00403182610000016,image_color_derived_proxy,3.0,0.0,0.8793103448275862,0.0,87.41600036621094,634,5216.3515625,0.0,nearest_physical_car_same_track_location_crossing_headway_le_2s,0.0,0.0116454831167267,0.017159330027867504,0.0359087572734358,0.07409408795238873,2.7894709490438165,4.479090373762453,6.11659559614203,0.0,0.0,0.0,0.0,0.0,4.094984292984009,4.216015100479126,4.307967185974121,0.0,0.0,0.0,0.0,0.0,3.2126803463646922,3.9766338492803976,6.8255096908393496,0.0
NOR,52,241.0,0.0,image_color_derived_proxy,3.0,0.0,0.896551724137931,0.0,87.0169974565506,647,5216.3515625,0.0,nearest_physical_car_same_track_location_crossing_headway_le_2s,0.0057574895173066985,0.013330727114450502,0.047565462779025444,0.07150325104964066,0.11882731696245438,2.3610588522518383,4.019168392974552,5.404470319288937,0.0,0.0,0.0,0.0,0.0,3.4429664611816406,3.781019926071167,4.251765251159668,0.0,0.0,0.0,0.0,0.00873395035964041,2.800708908525894,3.6829228620642014,6.2720091054103335,0.0009145702839988834
NOR,53,240.0,0.00403182610000016,image_color_derived_proxy,3.0,0.0,0.9137931034482759,0.0,87.21900177001953,633,5216.3515625,0.0,nearest_physical_car_same_track_location_crossing_headway_le_2s,0.009183807268896548,0.020660635976182232,0.05115850996446894,0.0864718929871136,0.13737841497383346,2.3305521167508383,3.66821130400655,4.657328733679367,0.0,0.0,0.0,0.0,0.0,3.375281810760498,3.484869956970215,3.6377828121185303,0.0,0.0,0.0,0.0,0.034614006563523744,2.747727183774572,3.3223467645086497,5.246921423718422,0.0
NOR,54,240.0,0.00403182610000016,image_color_derived_proxy,3.0,0.0,0.9310344827586207,0.0,87.2649974822998,654,5216.3515625,0.0,nearest_physical_car_same_track_location_crossing_headway_le_2s,0.011929185770297952,0.057525955537104385,0.0898527454247838,0.1503352089092691,0.2023491311012017,2.0387718047071623,3.0802485647918174,3.8179360247672878,0.0,0.0,0.0,0.0,0.0,2.905803918838501,3.0574750900268555,3.2307300567626953,0.0,0.0,0.0,0.016971305139485623,0.12010543978293753,2.457602150227915,2.9254994707720328,4.50117907053779,0.0
NOR,55,239.0,0.00881783750000011,image_color_derived_proxy,3.0,0.0,0.9482758620689655,0.0,88.11399841308594,651,5216.3515625,0.0,nearest_physical_car_same_track_location_crossing_headway_le_2s,0.033581514792526426,0.08032771074520849,0.15435686488367498,0.2260480996084777,0.39897179340994304,1.8055849698904647,2.5785819627090225,3.2959973209986644,0.0,0.0,0.0,0.0,0.5138684210389601,2.3798952102661133,2.496835470199585,2.6846790313720703,0.0,0.0031777094637431016,0.05018497693102547,0.21904577606496267,0.6366980012733263,2.1360987936301794,2.4251343220914694,3.523461215254361,0.0
NOR,56,240.0,0.00403182610000016,image_color_derived_proxy,3.0,0.0,0.9655172413793104,0.0,88.36499786376953,651,5216.3515625,0.0,nearest_physical_car_same_track_location_crossing_headway_le_2s,0.017190075751734757,0.03846548019426745,0.09370224073591692,0.16093482198985562,0.2120750108118707,2.0205016681581838,2.9370967741935488,3.9149800271528923,0.0,0.0,0.0,0.0,0.007695358135176141,2.6861233711242676,2.75278377532959,2.833648920059204,0.0,0.0,0.026481075189923275,0.11632431018797243,0.28357385338697555,2.1949985354730335,2.662767447583245,3.9005265964923077,0.019596684388366148
NOR,57,239.0,0.00881783750000011,image_color_derived_proxy,3.0,0.0,0.9827586206896551,0.0,88.5739974975586,672,5216.3515625,0.0,nearest_physical_car_same_track_location_crossing_headway_le_2s,0.015805988869011613,0.041535858646284174,0.08983444834008078,0.14427490742336646,0.19780077360309006,2.039781522435068,3.154683763153699,4.000748509287045,0.0,0.0,0.0,0.0,0.0,2.999375104904175,3.106881856918335,3.2289037704467773,0.0,0.0,0.0,0.03342970209665801,0.12600769765738976,2.4708115885526047,2.954236439198472,4.664858376514779,0.002099072534450741
NOR,58,239.0,0.00881783750000011,image_color_derived_proxy,3.0,0.0,1.0,0.0030627871362940277,89.1259994506836,654,5216.3515625,0.0,nearest_physical_car_same_track_location_crossing_headway_le_2s,0.012117696718254349,0.03322261240722097,0.06799361607673668,0.12071675827686931,0.17523498164642928,2.1527234665890957,3.2659305500042706,4.323920549665179,0.0,0.0,0.0,0.0,0.1285706985057169,2.4814131259918213,3.065000534057617,3.305711507797241,0.0,0.0,0.01437297609306276,0.07959511460570319,0.24390188691536488,2.304235152195172,2.929065988051054,4.521833934735615,0.0
LEC,1,15.0,1.0,image_color_derived_proxy,4.0,0.006213142190658329,0.017241379310344827,0.09141274238227147,94.9599986076355,723,5216.3515625,0.9937868578093416,nearest_physical_car_same_track_location_crossing_headway_le_2s,0.99331297388612,0.99331297388612,0.99331297388612,0.99331297388612,0.99331297388612,0.014465449449167956,0.15383766471565544,0.41751939411031547,0.9937868578093416,0.9937868578093416,0.9937868578093416,0.9937868578093416,0.9937868578093416,0.013677835464477539,0.25925374031066895,0.6392741203308105,0.9968407428795635,1.0,1.0,1.0,1.0,0.014188987755553564,0.2634738659068819,0.6722670662327939,0.9968634281965022
LEC,2,15.0,1.0,image_color_derived_proxy,4.0,0.0,0.034482758620689655,0.0,90.2130012512207,686,5216.3515625,1.0,nearest_physical_car_same_track_location_crossing_headway_le_2s,0.9964639242537369,0.9964639242537369,0.9964639242537369,0.9964639242537369,0.9964639242537369,0.4272692342904898,0.6071914294995419,0.743041450455344,1.0,1.0,1.0,1.0,1.0,0.43632078170776367,0.6059389114379883,0.698756217956543,1.0,1.0,1.0,1.0,1.0,0.43723238065619735,0.6131845613188514,0.7001256079339586,1.0
LEC,3,25.0,1.0,image_color_derived_proxy,4.0,0.0,0.05172413793103448,0.0,89.81450080871582,679,5216.3515625,1.0,nearest_physical_car_same_track_location_crossing_headway_le_2s,0.9951900861518371,0.9951900861518371,0.9951900861518371,0.9951900861518371,0.9951900861518371,0.4002314679274557,0.6789988241764366,1.0178099670410157,0.9933195387892182,1.0,1.0,1.0,1.0,0.6656520366668701,0.8439102172851562,1.092850923538208,0.9927294604763164,1.0,1.0,1.0,1.0,0.6702938799608732,0.8461241088708098,1.0973066921500438,1.0
LEC,4,20.0,1.0,image_color_derived_proxy,4.0,0.0,0.06896551724137931,0.0,90.07699966430664,676,5216.3515625,1.0,nearest_physical_car_same_track_location_crossing_headway_le_2s,0.9956592692465362,0.9956592692465362,0.9956592692465362,0.9956592692465362,0.9956592692465362,0.22990624308586122,0.45260338983750154,0.7343647986227843,1.0,1.0,1.0,1.0,1.0,0.26598358154296875,0.4869248867034912,0.7283260822296143,1.0,1.0,1.0,1.0,1.0,0.2636151809125257,0.4879177922629331,0.7351720435855694,0.9999110912153324
LEC,5,20.0,1.0,image_color_derived_proxy,4.0,0.0,0.08620689655172414,0.0,90.18799591064453,684,5216.3515625,1.0,nearest_physical_car_same_track_location_crossing_headway_le_2s,0.9963631522604751,0.9963631522604751,0.9963631522604751,0.9963631522604751,0.9963631522604751,0.5511409484701056,0.8232408235511002,1.0767769952694584,1.0,1.0,1.0,1.0,1.0,0.6945436000823975,0.8809585571289062,1.0724091529846191,1.0,1.0,1.0,1.0,1.0,0.6968380029620624,0.8655317245178928,1.072178296907916,1.0
LEC,6,32.0,0.9995221973000001,image_color_derived_proxy,4.0,0.0,0.10344827586206896,0.0,89.87199401855469,669,5216.3515625,1.0,nearest_physical_car_same_track_location_crossing_headway_le_2s,0.9943697701616305,0.9943697701616305,0.9943697701616305,0.9943697701616305,0.9943697701616305,0.46423682664570054,0.7789769732011426,1.1583672165870667,1.0,1.0,1.0,1.0,1.0,0.697338342666626,0.922574520111084,1.123042345046997,1.0,1.0,1.0,1.0,1.0,0.7066171141687742,0.9100870634933029,1.1661966826482217,0.9996372262194588
LEC,7,40.0,0.9612341061,image_color_derived_proxy,4.0,0.0,0.1206896551724138,0.0,89.80399703979492,665,5216.3515625,1.0,nearest_physical_car_same_track_location_crossing_headway_le_2s,0.9714823414802592,0.9972384303135529,0.9972384303135529,0.9972384303135529,0.9972384303135529,0.6555606379274462,0.987197996838258,1.2769951893733098,1.0,1.0,1.0,1.0,1.0,0.3988313674926758,0.6950206756591797,1.0607144832611084,1.0,1.0,1.0,1.0,1.0,0.39528811825912386,0.687814745936325,1.066274982867075,0.9997417684685368
LEC,8,23.0,1.0,image_color_derived_proxy,4.0,0.0,0.13793103448275862,0.0,89.7340030670166,692,5216.3515625,1.0,nearest_physical_car_same_track_location_crossing_headway_le_2s,0.9962333119222294,0.9962333119222294,0.9962333119222294,0.9962333119222294,0.9962333119222294,0.3987187385559082,0.6831042727908573,0.9616188941811615,1.0,1.0,1.0,1.0,1.0,0.3917551040649414,0.6633801460266113,0.9014294147491455,1.0,1.0,1.0,1.0,1.0,0.3967638259655157,0.6658188541445509,0.909416975088198,0.999978035968194
LEC,9,25.0,1.0,image_color_derived_proxy,4.0,0.0,0.15517241379310345,0.0,89.78199768066406,676,5216.3515625,1.0,nearest_physical_car_same_track_location_crossing_headway_le_2s,0.9828584878970821,0.9967588156189385,0.9967588156189385,0.9967588156189385,0.9967588156189385,0.7904324260966562,1.0151063962792237,1.237284593143705,1.0,1.0,1.0,1.0,1.0,0.9408464431762695,1.089350700378418,1.2537970542907715,0.9615290094941275,1.0,1.0,1.0,1.0,0.9472687132975823,1.0758106827768619,1.247023368924445,0.9988187867212958
LEC,10,39.0,0.9660201175,image_color_derived_proxy,4.0,0.0,0.1724137931034483,0.0,89.75799942016602,680,5216.3515625,1.0,nearest_physical_car_same_track_location_crossing_headway_le_2s,0.9824973985605147,0.9946745695279985,0.9946745695279985,0.9946745695279985,0.9946745695279985,0.8332920852235549,1.1196224612789554,1.3112645845680129,1.0,1.0,1.0,1.0,1.0,0.7806394100189209,0.9786458015441895,1.121812343597412,1.0,1.0,1.0,1.0,1.0,0.7753515716682191,0.9481654289993037,1.1211094354067257,0.9994420237566319
LEC,11,34.0,0.9899501745000001,image_color_derived_proxy,4.0,0.0,0.1896551724137931,0.0,90.03599739074707,698,5216.3515625,1.0,nearest_physical_car_same_track_location_crossing_headway_le_2s,0.9972455461911464,0.9972455461911464,0.9972455461911464,0.9972455461911464,0.9972455461911464,0.555804540390295,0.9459880419232753,1.1800039529800415,1.0,1.0,1.0,1.0,1.0,0.9162197113037109,1.0539612770080566,1.1728816032409668,0.9906703965421477,1.0,1.0,1.0,1.0,0.8993470159124647,1.0499580314444064,1.2050169169131462,0.9998964371082596
LEC,12,28.0,1.0,image_color_derived_proxy,4.0,0.0,0.20689655172413793,0.0,90.18499836325645,691,5216.3515625,1.0,nearest_physical_car_same_track_location_crossing_headway_le_2s,0.8939957106167775,0.9779675562266541,0.9966845927768512,0.9966845927768512,0.9966845927768512,0.9314797915788446,1.30746156215155,1.500216919521116,1.0,1.0,1.0,1.0,1.0,0.9279952049255371,1.1479921340942383,1.2488510608673096,0.9839441150911682,1.0,1.0,1.0,1.0,0.9044145853217278,1.1433711642711897,1.3071905033542943,1.0
LEC,13,50.0,0.9133739921,image_color_derived_proxy,4.0,0.0,0.22413793103448276,0.0,90.06600570678711,666,5216.3515625,0.4296182554171463,nearest_physical_car_same_track_location_crossing_headway_le_2s,0.5637975369016431,0.9730975216225355,0.9977572003393714,0.9977572003393714,0.9977572003393714,0.8536169551265858,1.4593645551127772,1.6418258476161085,0.00447449616507872,0.14581527533174873,0.4296182554171463,0.5493970566952177,0.6741943958862296,1.6680269241333008,2.1542248725891113,3.187650680541992,0.04070348030430665,0.20165211628519344,0.3844513506689866,0.5708369279918653,0.6471143502298132,1.6425532833332106,2.1526449341647957,3.23672636594694,0.5183830626887894
LEC,14,50.0,0.9133739921,image_color_derived_proxy,4.0,0.0,0.2413793103448276,0.0,90.18500089645386,668,5216.3515625,0.9739313442797294,nearest_physical_car_same_track_location_crossing_headway_le_2s,0.46460060850205115,0.7926152472995597,0.949071353232752,0.9846537680326437,0.9846537680326437,0.9579696655273438,1.5190154557375564,1.8229888802872143,0.0,0.6669512409226261,0.9739313442797294,1.0,1.0,1.6329152584075928,1.7290983200073242,1.8597567081451416,0.04161454093974909,0.7102511105293294,0.8642789595427587,0.9454565551176507,0.9771580912777398,1.5430773338528156,1.7002887009737873,2.095617682355381,0.947510298439376
LEC,15,86.0,0.7410775817000002,image_color_derived_proxy,4.0,0.0,0.25862068965517243,0.0,90.12600135803223,692,5216.3515625,0.6346669783008674,nearest_physical_car_same_track_location_crossing_headway_le_2s,0.17573170106878694,0.28612168397765164,0.6670218159080992,0.891917900159043,0.9893149172280206,1.2875859131210066,1.8827420915876116,2.2631522241582727,0.0,0.08498101910267,0.6346669783008674,0.9565053579446754,1.0,1.7692456245422363,1.8924670219421387,2.164074420928955,0.015533803757349349,0.18984533420937422,0.6716597236420627,0.841022673208135,0.8967777880042743,1.6422837383064703,1.8637780009878,2.502188001234838,0.6527065013367226
LEC,16,227.0,0.06624997430000007,image_color_derived_proxy,4.0,0.0,0.27586206896551724,0.0,92.1209945678711,685,5216.3515625,0.0,nearest_physical_car_same_track_location_crossing_headway_le_2s,0.06646689862414813,0.13356354470829104,0.20743371838363597,0.35896259492021315,0.6272944810038658,1.6219138841950491,2.333105262953723,3.0402546522264275,0.0,0.0,0.0,0.4054884792996934,0.6954983082919575,2.1570682525634766,2.323662281036377,2.5844008922576904,0.0,0.014318128569148676,0.12576938982604888,0.47525541569771557,0.6964753273494194,1.9537348563933414,2.279715677219474,3.3559941646229507,0.03438101203805566
LEC,17,201.0,0.19068627070000005,image_color_derived_proxy,10.0,0.0,0.29310344827586204,0.02666666666666667,110.34600448608398,826,5216.3515625,0.19602885142548834,nearest_physical_car_same_track_location_crossing_headway_le_2s,0.3843728491856078,0.41994275162780426,0.47045653061618875,0.5733057113841775,0.65543837680932,0.564593159191271,2.081367983186114,3.4637455610795453,0.16141950923758847,0.18267086478325462,0.19602885142548834,0.2231073096947672,0.34839502770863423,0.6183454990386963,2.7659647464752197,3.4505763053894043,0.1741703242935044,0.20090443835614924,0.2426095256180457,0.3268083875421961,0.4346872686705079,0.5977790135306601,2.6818960359076223,5.042643869104407,0.24575104697632977
LEC,18,95.0,0.6980034791,image_color_derived_proxy,9.0,0.0,0.3103448275862069,0.0029985007496251873,90.00200271606445,668,5216.3515625,0.6701517813074245,nearest_physical_car_same_track_location_crossing_headway_le_2s,0.6154530080019972,0.6757849995454254,0.7788048930668784,0.8853580951478767,0.9706784415273962,0.22793645636078141,1.01482369583313,2.265348399769176,0.45094554704402506,0.5450212632851823,0.6701517813074245,0.8538699083666529,0.952878834983471,1.0651936531066895,1.6240873336791992,2.2829692363739014,0.4350347564168668,0.524454960765652,0.7137063950069267,0.8594476041267325,0.8927801546698166,1.0247804647742103,1.7082615240574406,2.528453565611443,0.7057739559217266
LEC,19,48.0,0.9229460149000001,image_color_derived_proxy,8.0,0.0,0.3275862068965517,0.0015151515151515152,89.65900039672852,661,5216.3515625,0.9399948578022342,nearest_physical_car_same_track_location_crossing_headway_le_2s,0.9132713751366867,0.922974837619342,0.9529885346880723,0.9922372547441625,0.9922372547441625,0.23575479984283448,0.7026855992659303,1.2844850761945856,0.8832353503418992,0.8974001352730728,0.9399948578022342,1.0,1.0,0.26045656204223633,0.7696688175201416,1.7770142555236816,0.8806589331177745,0.8832353503418992,0.8968312854954071,0.9667629626802636,0.9755741351451773,0.26035849915291226,0.7853543906087406,2.0007127792290103,0.926148287550663
LEC,20,30.0,1.0,image_color_derived_proxy,5.0,0.0,0.3448275862068966,0.008746355685131196,89.38499760627747,687,5216.3515625,1.0,nearest_physical_car_same_track_location_crossing_headway_le_2s,0.5569055084583677,0.660983349687263,0.9062817190441727,0.9843709662171307,0.9967779829354495,0.2244285719735282,1.3127341990791594,1.9773496662912193,0.47175701064869396,0.9163170663165596,1.0,1.0,1.0,0.147841215133667,1.530489444732666,1.7455923557281494,0.5796161757113154,0.8481065132556719,0.9350003052616772,0.9709123617637319,1.0,0.14671721461054485,1.3933625883180725,1.8146389692255014,1.0
LEC,21,46.0,0.9325180377000001,image_color_derived_proxy,5.0,0.0,0.3620689655172414,0.0,89.18500030040741,674,5216.3515625,0.9774738031722535,nearest_physical_car_same_track_location_crossing_headway_le_2s,0.35468974242341894,0.626282515546627,0.9188203921846735,0.9960531479855694,0.9960531479855694,1.0720387522050623,1.661124270621052,1.942904161427119,0.0,0.4352300965241564,0.9774738031722535,1.0,1.0,1.6596179008483887,1.7667248249053955,1.877382755279541,0.07782709534231697,0.5229466987900269,0.8418680231547172,0.9041318696164036,0.9519089584229611,1.5366237106266798,1.7444090444435076,2.2324170496861497,0.9178073772110027
LEC,22,15.0,1.0,image_color_derived_proxy,5.0,0.0,0.3793103448275862,0.0,89.02099800109863,668,5216.3515625,1.0,nearest_physical_car_same_track_location_crossing_headway_le_2s,0.3458622391863362,0.8208738391298662,0.9865537144930367,0.9939677153420566,0.9939677153420566,1.0958369379376856,1.5822926874664611,1.8231650620165862,0.06292898659837998,0.9177722126330927,1.0,1.0,1.0,1.5186116695404053,1.6133675575256348,1.7094852924346924,0.2407183257531966,0.7887352678413891,0.8845104163914786,0.9639860962656902,0.9855091122870034,1.3645058601764088,1.5864306202735794,2.036019279119286,1.0
LEC,23,22.0,1.0,image_color_derived_proxy,5.0,0.0,0.39655172413793105,0.001451378809869376,89.72400116920471,690,5216.3515625,0.9859569534894342,nearest_physical_car_same_track_location_crossing_headway_le_2s,0.6182626806342439,0.759518091842952,0.9749676830614106,0.9918973683177208,0.9968013018062402,0.20319828000561946,1.3465735456077883,1.8417777321555397,0.4930453024497503,0.803742578014769,0.9859569534894342,1.0,1.0,0.4326467514038086,1.508779525756836,1.8341212272644043,0.560663855072925,0.7987272023629639,0.8887588598931261,0.932359254405665,0.9589853511895076,0.428911312429833,1.4314468273124308,2.0038824687883547,0.9707454097089497
LEC,24,140.0,0.4826329661000001,image_color_derived_proxy,4.0,0.0,0.41379310344827586,0.0015290519877675841,89.15049743652344,655,5216.3515625,0.3959708549341411,nearest_physical_car_same_track_location_crossing_headway_le_2s,0.45573499260096206,0.4966769706732717,0.539099590730517,0.5901144100727685,0.6921105018591357,0.3480225584560767,1.768777394102408,2.910333251953125,0.3959708549341411,0.3959708549341411,0.3959708549341411,0.42110809341168015,0.9901122229321461,0.313983678817749,2.3473660945892334,2.474503993988037,0.3959708549341411,0.3959708549341411,0.4777091987135107,0.6425426529126667,0.8238146862500678,0.31497732241153464,2.056789031821535,3.050573662192677,0.42988310316608347
LEC,25,238.0,0.013603848900000059,image_color_derived_proxy,4.0,0.0,0.43103448275862066,0.0,88.29999923706055,678,5216.3515625,0.03045294886253546,nearest_physical_car_same_track_location_crossing_headway_le_2s,0.07554928076971347,0.14218570544791048,0.21257065884315307,0.3245526586992919,0.4547677587011712,1.6613763645236563,2.5312357584635414,2.953682604309419,0.0,0.0,0.03045294886253546,0.26000000432015546,0.7158210628316934,2.1326591968536377,2.471906900405884,2.541402578353882,0.0,0.033827897533688034,0.19764443521851238,0.3873612123047533,0.6939863665073033,1.8333533916706295,2.382242386743214,3.3043473223870756,0.10098785832855772
LEC,26,177.0,0.3055505443000001,image_color_derived_proxy,4.0,0.0,0.4482758620689655,0.0,88.17499923706055,656,5216.3515625,0.35195913638281556,nearest_physical_car_same_track_location_crossing_headway_le_2s,0.13923448294271135,0.2505244938393125,0.3950211851437106,0.650082167411717,0.8791494215742147,1.351092404259623,2.0660814059925174,2.560792528366147,0.0,0.019971665462446657,0.35195913638281556,0.6971477204376967,1.0,1.8440227508544922,2.094888210296631,2.3213415145874023,0.0016898449275255102,0.1585484024411121,0.4195406468489302,0.6914205654235837,0.8477799472989889,1.6643814299205006,2.083578603892532,2.7409973413974047,0.3015994348019718
LEC,27,76.0,0.7889376957000002,image_color_derived_proxy,4.0,0.0,0.46551724137931033,0.0,88.22799873352051,655,5216.3515625,0.5004987258003841,nearest_physical_car_same_track_location_crossing_headway_le_2s,0.15582342224932977,0.26177638846856105,0.5274515874189615,0.881035532448675,0.9533028076676852,1.338521993825403,1.9876938489018654,2.2856860258133187,0.0,0.0,0.5004987258003841,0.9882010202979314,1.0,1.9013123512268066,1.9997880458831787,2.061194658279419,0.0,0.14442132944501815,0.6350138885282819,0.8291926016369326,0.8951692560075548,1.697976653459782,1.9620925104181146,2.5123114891939,0.547464546561299
LEC,28,127.0,0.5448511143000001,image_color_derived_proxy,4.0,0.0,0.4827586206896552,0.0,88.28100204467773,648,5216.3515625,0.6773371318192395,nearest_physical_car_same_track_location_crossing_headway_le_2s,0.08955485693211165,0.17244938766982676,0.2988637301508253,0.7022914670640409,0.8599358825908233,1.5307120009654942,2.130957881009835,2.6051222456262466,0.003987238107131368,0.21848413308337297,0.6773371318192395,1.0,1.0,1.660416603088379,1.9342091083526611,2.033543586730957,0.05527791383194479,0.35457234004261023,0.7213216735692402,0.8640251324034502,0.9236415210478978,1.5467716589242702,1.879274864423098,2.412171647559024,0.5405411711034768
LEC,29,123.0,0.5639951599000002,image_color_derived_proxy,4.0,0.0,0.5,0.0,88.51899801194668,681,5216.3515625,0.9637252221982756,nearest_physical_car_same_track_location_crossing_headway_le_2s,0.17046051542684254,0.28547542468798115,0.6564352956307078,0.8893684364396448,0.9776432573784634,1.2786004356438139,1.9224640836658693,2.2582559313092916,0.0,0.12416542740710185,0.9637252221982756,1.0,1.0,1.721719741821289,1.9086120128631592,1.971912145614624,0.0773506715004105,0.2854302776312741,0.7789627403085994,0.8620182534661699,0.9193845218680357,1.5586938476138088,1.8670837792423005,2.412742869652546,0.7578803738889228
LEC,30,237.0,0.01838986030000015,image_color_derived_proxy,4.0,0.0,0.5172413793103449,0.0,88.59900093078613,663,5216.3515625,0.15590462486238033,nearest_physical_car_same_track_location_crossing_headway_le_2s,0.053962267611651606,0.12272146768558695,0.18066792151959793,0.3366178598777436,0.6076027548100118,1.688111045143821,2.3506934953008916,3.099426015218099,0.0,0.0,0.15590462486238033,0.8648178968497242,0.9984536739296495,1.9129972457885742,2.1158041954040527,2.294797897338867,0.03226897845668482,0.11752950013791837,0.356685689672159,0.7284619241666229,0.8225148005787469,1.7085973666354255,2.0609735563678675,2.7956901412371025,0.19611543673646759
LEC,31,239.0,0.00881783750000011,image_color_derived_proxy,4.0,0.0,0.5344827586206896,0.0,88.68099594116211,672,5216.3515625,0.0,nearest_physical_car_same_track_location_crossing_headway_le_2s,0.012336372166426473,0.04368463269390267,0.10223151530436515,0.1599666681234735,0.21819782172822513,1.9712899173898109,2.977140779096364,3.7506315532483554,0.0,0.0,0.0,0.0,0.0,2.8480112552642822,2.991537570953369,3.2851216793060303,0.0,0.0,0.0,0.025168868789351796,0.11806357593913175,2.4824530373030886,2.841046911842638,4.4107292330797,0.0031313034337479007
LEC,32,239.0,0.00881783750000011,image_color_derived_proxy,4.0,0.0,0.5517241379310345,0.0,88.98049736022949,677,5216.3515625,0.0,nearest_physical_car_same_track_location_crossing_headway_le_2s,0.010350598857607874,0.03827803092841337,0.08053450563666815,0.1356252395560117,0.17876955994060373,2.053973634318108,3.306951606092537,4.2892170826953935,0.0,0.0,0.0,0.0,0.0,3.0025269985198975,3.223104476928711,3.3742363452911377,0.0,0.0,0.0,0.014239056069627224,0.08010742848549027,2.5752347077639395,3.052083591515071,4.835741508093049,0.002971309357101215
LEC,33,239.0,0.00881783750000011,image_color_derived_proxy,4.0,0.0,0.5689655172413793,0.0,88.79000091552734,679,5216.3515625,0.0,nearest_physical_car_same_track_location_crossing_headway_le_2s,0.0009573046919272173,0.011724297279840328,0.04083796855493392,0.06853248675038236,0.11832406235309291,2.398843510539387,3.8863017835115135,5.347179258489884,0.0,0.0,0.0,0.0,0.0,3.5767064094543457,3.7565829753875732,3.9625277519226074,0.0,0.0,0.0,0.0,0.011791856817945326,2.9382046772071884,3.5239162505385635,5.972305927132053,0.0
LEC,34,239.0,0.00881783750000011,image_color_derived_proxy,4.0,0.0,0.5862068965517241,0.0,88.70600128173828,672,5216.3515625,0.0,nearest_physical_car_same_track_location_crossing_headway_le_2s,0.005692975230743468,0.012614698724239957,0.031102816724668792,0.05066170844043794,0.06644424085478529,2.714853227014173,4.4600059476809175,6.032882151884191,0.0,0.0,0.0,0.0,0.0,4.078354120254517,4.262522220611572,4.483208656311035,0.0,0.0,0.0,0.0,0.0,3.2779010947167992,4.032405772092942,7.196075150851701,0.007806599537915293
LEC,35,239.0,0.00881783750000011,image_color_derived_proxy,4.0,0.0,0.603448275862069,0.0,88.5790023803711,668,5216.3515625,0.0,nearest_physical_car_same_track_location_crossing_headway_le_2s,0.0,0.003770641176955455,0.013389186964216978,0.027376682643672687,0.044649450006446906,3.0327119384765626,5.058423430728216,7.155353347357852,0.0,0.0,0.0,0.0,0.0,4.5382399559021,4.7203452587127686,4.830701112747192,0.0,0.0,0.0,0.0,0.0,3.522759431453146,4.433177549532048,7.986362171748871,0.00292049099290681
LEC,36,239.0,0.00881783750000011,image_color_derived_proxy,4.0,0.0,0.6206896551724138,0.0,88.42900085449219,663,5216.3515625,0.0,nearest_physical_car_same_track_location_crossing_headway_le_2s,0.0,0.0,0.002103391672158202,0.009431290930917437,0.024505511637654277,3.4521437830204587,5.612867875986787,8.650556187913907,0.0,0.0,0.0,0.0,0.0,4.966570138931274,5.250505208969116,5.4038166999816895,0.0,0.0,0.0,0.0,0.0,3.8556406893470294,4.827859257881695,9.114987735903279,0.000994192542648431
LEC,37,239.0,0.00881783750000011,image_color_derived_proxy,4.0,0.0,0.6379310344827587,0.0,88.48499870300293,660,5216.3515625,0.0,nearest_physical_car_same_track_location_crossing_headway_le_2s,0.0,0.0,0.010340703104954961,0.014477010213675862,0.01712153937791743,3.4363332264458952,5.931394576024059,8.91407361482319,0.0,0.0,0.0,0.0,0.0,5.517784357070923,5.852970361709595,6.193976402282715,0.0,0.0,0.0,0.0,0.0,4.2976285230348354,5.398557435439876,10.466492485863146,0.008894755510619579
LEC,38,239.0,0.00881783750000011,image_color_derived_proxy,4.0,0.0,0.6551724137931034,0.0,88.28750038146973,657,5216.3515625,0.0,nearest_physical_car_same_track_location_crossing_headway_le_2s,0.0,0.0,0.0,0.003001550485668264,0.009570974400167888,3.8637432647586336,6.552436040521978,10.110328559699271,0.0,0.0,0.0,0.0,0.0,5.981826543807983,6.179953575134277,6.281999111175537,0.0,0.0,0.0,0.0,0.0,4.394127854438973,5.693777254554742,10.875253566079845,0.0037581302731820587
LEC,39,239.0,0.00881783750000011,image_color_derived_proxy,4.0,0.0,0.6724137931034483,0.0,90.37399673461914,656,5216.3515625,0.0,nearest_physical_car_same_track_location_crossing_headway_le_2s,0.0,0.0,0.0,0.0037621458038011985,0.010179941320335093,3.971896531221172,6.86382802734375,12.254983370421364,0.0,0.0,0.0,0.0,0.0,4.317626953125,5.613016843795776,6.121229648590088,0.0,0.0,0.0,0.0,0.004027731880134571,3.4819526871669244,5.389747811120358,10.446962789570147,0.003325960081455581
LEC,40,205.0,0.1715422251000001,image_color_derived_proxy,5.0,0.0,0.6896551724137931,0.0012468827930174563,108.31200194358826,803,5216.3515625,0.27867644443741424,nearest_physical_car_same_track_location_crossing_headway_le_2s,0.32711980933786844,0.36790939032288034,0.47181288848965897,0.6195712637846167,0.7356710017198729,0.7443559240287293,2.042791588997608,58.184011230468755,0.028057828338155066,0.0810713294371132,0.27867644443741424,0.3853496941029063,0.7374621787150831,1.7818312644958496,2.3205959796905518,18.668959140777588,0.05549709615786393,0.19341344341553954,0.3088576403310474,0.4771863666460021,0.6344634173175413,1.5867013990409118,2.265535482284315,19.1337010910875,0.279923328081835
LEC,41,35.0,0.9851641631000001,image_color_derived_proxy,5.0,0.0,0.7068965517241379,0.0,88.25,680,5216.3515625,1.0,nearest_physical_car_same_track_location_crossing_headway_le_2s,0.7620509906801218,0.9653937749079199,0.9968951842602521,0.9968951842602521,0.9968951842602521,0.8167673268417271,1.138092229978017,1.6225195833796708,0.8826288920286357,1.0,1.0,1.0,1.0,0.43064117431640625,0.7740488052368164,1.5053644180297852,0.8998980157436123,0.9596600627088682,0.9857110382814921,1.0,1.0,0.4291848042495368,0.7544717237233388,1.5020562854143014,1.0
LEC,42,153.0,0.42041481790000007,image_color_derived_proxy,4.0,0.0,0.7241379310344828,0.0015337423312883436,87.40499782562256,653,5216.3515625,0.41129228541342633,nearest_physical_car_same_track_location_crossing_headway_le_2s,0.4109490310491946,0.4109490310491946,0.4184886502142595,0.42743548048847546,0.4359018784242138,0.40090367817045724,3.417918000768443,7.243120138056253,0.41129228541342633,0.41129228541342633,0.41129228541342633,0.41129228541342633,0.41129228541342633,0.42678332328796387,5.095002889633179,5.633861780166626,0.41129228541342633,0.41129228541342633,0.41129228541342633,0.41129228541342633,0.41129228541342633,0.42308668895577234,3.9127943946990977,7.698637374184452,0.4138727414298439
LEC,43,239.0,0.00881783750000011,image_color_derived_proxy,4.0,0.0,0.7413793103448276,0.0,87.0549988746643,661,5216.3515625,0.0,nearest_physical_car_same_track_location_crossing_headway_le_2s,0.0,0.0,0.00923555068502995,0.02006783625558023,0.04598245038761403,2.955253991562486,5.2025879430156925,7.137904995302611,0.0,0.0,0.0,0.0,0.0,4.291414737701416,4.652221918106079,5.225318193435669,0.0,0.0,0.0,0.0,0.0,3.3307012638791784,4.50297299072524,8.140898682635992,0.0
LEC,44,239.0,0.00881783750000011,image_color_derived_proxy,4.0,0.0,0.7586206896551724,0.0,86.9709997177124,645,5216.3515625,0.0,nearest_physical_car_same_track_location_crossing_headway_le_2s,0.0,0.006910325588476466,0.017948499174352546,0.03798970659834707,0.057984815359118404,2.8468560007295722,4.682125193620669,6.459454345703126,0.0,0.0,0.0,0.0,0.0,4.271690130233765,4.358330965042114,4.466722011566162,0.0,0.0,0.0,0.0,0.0,3.3265333230419047,4.148990105445494,7.031992679336161,0.002243113340404723
LEC,45,239.0,0.00881783750000011,image_color_derived_proxy,4.0,0.0,0.7758620689655172,0.0,86.8479995727539,666,5216.3515625,0.0,nearest_physical_car_same_track_location_crossing_headway_le_2s,0.0,0.0025792076333301444,0.014059031526860171,0.03479637480771243,0.06239631229530943,2.8208118761163314,4.686413909912629,6.264920788276486,0.0,0.0,0.0,0.0,0.0,4.460415601730347,4.521662712097168,4.654510021209717,0.0,0.0,0.0,0.0,0.0,3.4559408351779237,4.307249685984452,7.237809965593087,0.0
LEC,46,239.0,0.00881783750000011,image_color_derived_proxy,4.0,0.0,0.7931034482758621,0.0,86.97900390625,668,5216.3515625,0.0,nearest_physical_car_same_track_location_crossing_headway_le_2s,0.0,0.0,0.011037135876002762,0.0351809199446481,0.05656531040009431,2.7755227661132813,4.546922107618649,5.906930053710938,0.0,0.0,0.0,0.0,0.0,3.930171012878418,4.191782236099243,4.371285438537598,0.0,0.0,0.0,0.0,0.0,3.11841556964909,3.9125727182767593,6.333884845406403,3.252776137896429e-05
LEC,47,239.0,0.00881783750000011,image_color_derived_proxy,4.0,0.0,0.8103448275862069,0.0,87.11099624633789,644,5216.3515625,0.0,nearest_physical_car_same_track_location_crossing_headway_le_2s,0.0,0.0,0.024302334619700577,0.046331707584092836,0.07233305416427184,2.688210197117018,4.363656581266288,5.997993829900569,0.0,0.0,0.0,0.0,0.0,3.959341049194336,4.102849245071411,4.230165243148804,0.0,0.0,0.0,0.0,0.0,3.1472800659780154,3.8852379713067386,6.667161966727373,0.0034922142278402957
LEC,48,239.0,0.00881783750000011,image_color_derived_proxy,4.0,0.0,0.8275862068965517,0.0,86.96700286865234,656,5216.3515625,0.0,nearest_physical_car_same_track_location_crossing_headway_le_2s,0.0,0.008302000738840694,0.018455314130551976,0.039509269239882766,0.07866199213804022,2.702492047708196,4.5291532106460695,6.098070584810697,0.0,0.0,0.0,0.0,0.0,4.186079263687134,4.32727313041687,4.430103063583374,0.0,0.0,0.0,0.0,0.0,3.2953750873698704,4.096128486552047,7.169915597328144,0.0
LEC,49,239.0,0.00881783750000011,image_color_derived_proxy,4.0,0.0,0.8448275862068966,0.0,87.07499694824219,654,5216.3515625,0.0,nearest_physical_car_same_track_location_crossing_headway_le_2s,0.0014011099882293091,0.013092155378725524,0.021602073898629066,0.04182597199322112,0.06385304020101823,2.7413839733398455,4.485782341185295,5.984466304815697,0.0,0.0,0.0,0.0,0.0,4.1278111934661865,4.251187562942505,4.432138919830322,0.0,0.0,0.0,0.0,0.0,3.251624939136623,4.044244169635346,7.063714903469531,0.0016165673237774625
LEC,50,239.0,0.00881783750000011,image_color_derived_proxy,4.0,0.0,0.8620689655172413,0.0,87.33499908447266,647,5216.3515625,0.0,nearest_physical_car_same_track_location_crossing_headway_le_2s,0.0,0.001843468251943078,0.01284710207489657,0.02679340567317363,0.054010365703392446,2.8593877052774235,4.69701375466317,6.694091483391508,0.0,0.0,0.0,0.0,0.0,4.222285747528076,4.372927665710449,4.467867374420166,0.0,0.0,0.0,0.0,0.0,3.368890518353974,4.112809353208839,7.279732133342004,0.0
LEC,51,239.0,0.00881783750000011,image_color_derived_proxy,4.0,0.0,0.8793103448275862,0.0,87.51499938964844,637,5216.3515625,0.0,nearest_physical_car_same_track_location_crossing_headway_le_2s,0.0,0.008672786106873769,0.016237232979907357,0.04271262267925263,0.06764548243770294,2.7217470614778505,4.728738560647084,6.4436165657106415,0.0,0.0,0.0,0.0,0.0,4.4457385540008545,4.522286891937256,4.665072441101074,0.0,0.0,0.0,0.0,0.0,3.423709737649515,4.287371837248067,7.687836751158953,0.0
LEC,52,239.0,0.00881783750000011,image_color_derived_proxy,4.0,0.0,0.896551724137931,0.0,87.67200469970703,656,5216.3515625,0.0,nearest_physical_car_same_track_location_crossing_headway_le_2s,0.0,0.0,0.0063988593154239125,0.021466373170416518,0.03422984863825775,3.206218492072573,5.223889965015453,7.4866666521344865,0.0,0.0,0.0,0.0,0.0,4.593616485595703,4.986073732376099,5.241263151168823,0.0,0.0,0.0,0.0,0.0,3.6986624488097117,4.588448847820523,8.710404265342216,0.0023828383080283233
LEC,53,239.0,0.00881783750000011,image_color_derived_proxy,4.0,0.0,0.9137931034482759,0.0,89.14399719238281,643,5216.3515625,0.0,nearest_physical_car_same_track_location_crossing_headway_le_2s,0.0,0.0,0.0029278221802589155,0.013685736102569247,0.02983936026193137,3.7283232739536194,6.1448160429166725,9.815899232376454,0.0,0.0,0.0,0.0,0.0,5.1498425006866455,5.476155042648315,6.872235298156738,0.0,0.0,0.0,0.0,0.0,3.872093956859487,5.327298002606383,10.941672229893623,0.0003358274295208741
LEC,54,239.0,0.00881783750000011,image_color_derived_proxy,4.0,0.0,0.9310344827586207,0.0,88.41199946403503,661,5216.3515625,0.0,nearest_physical_car_same_track_location_crossing_headway_le_2s,0.0,0.0,0.0,0.0,0.0,4.468482876481682,8.04036280672315,13.337147073184743,0.0,0.0,0.0,0.0,0.0,7.263987302780151,7.64106822013855,7.985009670257568,0.0,0.0,0.0,0.0,0.0,5.330723765931879,7.046440519963567,14.176498881337752,0.006294266490323497
LEC,55,239.0,0.00881783750000011,image_color_derived_proxy,4.0,0.0,0.9482758620689655,0.0,88.33400058746338,652,5216.3515625,0.0,nearest_physical_car_same_track_location_crossing_headway_le_2s,0.0,0.0,0.0,0.0,0.0,5.216980614600244,8.887705939797794,14.834382934570314,0.0,0.0,0.0,0.0,0.0,8.372569799423218,8.65228819847107,8.849340915679932,0.0,0.0,0.0,0.0,0.0,5.825010638961444,7.947071387285131,16.835293593485552,0.006283025754645011
LEC,56,239.0,0.00881783750000011,image_color_derived_proxy,4.0,0.0,0.9655172413793104,0.0,87.60299682617188,644,5216.3515625,0.0,nearest_physical_car_same_track_location_crossing_headway_le_2s,0.0,0.0,0.0,0.0,0.0,4.902684049358156,8.449126144935345,13.541720817669317,0.0,0.0,0.0,0.0,0.0,7.930506944656372,8.10126280784607,8.595968961715698,0.0,0.0,0.0,0.0,0.0,5.525267443749144,7.629159067760812,16.431448715449953,0.006271785018966525
LEC,57,239.0,0.00881783750000011,image_color_derived_proxy,4.0,0.0,0.9827586206896551,0.0,88.30400085449219,672,5216.3515625,0.0,nearest_physical_car_same_track_location_crossing_headway_le_2s,0.0,0.0,0.0,0.0,0.0,4.589030416593489,8.125606531041269,13.124250411987305,0.0,0.0,0.0,0.0,0.0,7.505911588668823,7.6848766803741455,7.779113531112671,0.0,0.0,0.0,0.0,0.0,5.229600775910968,7.058765713953527,14.686156392253302,0.006260544283288039
LEC,58,239.0,0.00881783750000011,image_color_derived_proxy,4.0,0.0,1.0,0.0015600624024961,88.41200256347656,642,5216.3515625,0.0,nearest_physical_car_same_track_location_crossing_headway_le_2s,0.0,0.0,0.0,0.0,0.0,4.331848773759665,7.650966466459117,11.86283712698167,0.0,0.0,0.0,0.0,0.0,6.797329664230347,7.08211874961853,7.438565731048584,0.0,0.0,0.0,0.0,0.0,4.792336070477938,6.786252894642145,20.485534445443964,0.006249303547609553
VER,1,232.0,0.042319917300000044,image_color_derived_proxy,1.0,0.866497128840496,0.017241379310344827,0.06685633001422475,92.01299953460693,704,5216.3515625,0.13350287115950402,nearest_physical_car_same_track_location_crossing_headway_le_2s,0.30606546890832353,0.30606546890832353,0.30606546890832353,0.30606546890832353,0.30606546890832353,0.004321590306240596,0.05317081094869802,0.21685636348453602,0.13350287115950402,0.13350287115950402,0.13350287115950402,0.13350287115950402,0.13350287115950402,0.003988981246948242,0.02740192413330078,0.0765841007232666,0.13991500832227582,0.13991500832227582,0.13991500832227582,0.13991500832227582,0.13991500832227582,0.053893355754006195,86.7897198906588,171.05277642475244,0.046182441618132286
VER,2,238.0,0.013603848900000059,image_color_derived_proxy,1.0,0.0,0.034482758620689655,0.002967359050445104,89.24649810791016,675,5216.3515625,0.0,nearest_physical_car_same_track_location_crossing_headway_le_2s,0.0,0.0,0.0,0.0,0.0,,,,0.0,0.0,0.0,0.0,0.0,80.18159198760986,84.47717070579529,86.80598211288452,0.0,0.0,0.0,0.0,0.0,53.640446277489694,79.93768372688933,152.48005703087364,0.007261198683397474
VER,3,239.0,0.00881783750000011,image_color_derived_proxy,1.0,0.0,0.05172413793103448,0.0,89.68899917602539,678,5216.3515625,0.0,nearest_physical_car_same_track_location_crossing_headway_le_2s,0.0,0.0,0.0,0.0,0.0,,,,0.0,0.0,0.0,0.0,0.0,77.11671590805054,78.33592224121094,79.0278832912445,0.0,0.0,0.0,0.0,0.0,52.17426677929505,73.13392966077257,147.6646572719584,0.007249957947718988
VER,4,239.0,0.00881783750000011,image_color_derived_proxy,1.0,0.0,0.06896551724137931,0.0,89.69600105285645,673,5216.3515625,0.0,nearest_physical_car_same_track_location_crossing_headway_le_2s,0.0,0.0,0.0,0.0,0.0,,,,0.0,0.0,0.0,0.0,0.0,75.50885534286499,76.03838753700256,76.46710014343262,0.0,0.0,0.0,0.0,0.0,52.643019364260645,70.32979769360408,142.88524852178344,0.007238717212040502
VER,5,239.0,0.00881783750000011,image_color_derived_proxy,1.0,0.0,0.08620689655172414,0.0,89.82099914550781,675,5216.3515625,0.0,nearest_physical_car_same_track_location_crossing_headway_le_2s,0.0,0.0,0.0,0.0,0.0,,,,0.0,0.0,0.0,0.0,0.0,73.7642753124237,74.13962602615356,74.50778794288635,0.0,0.0,0.0,0.0,0.0,51.7997579338403,68.76547848150594,139.6266958754288,0.007227476476362016
VER,6,239.0,0.00881783750000011,image_color_derived_proxy,1.0,0.0,0.10344827586206896,0.0,89.90499877929688,674,5216.3515625,0.0,nearest_physical_car_same_track_location_crossing_headway_le_2s,0.0,0.0,0.0,0.0,0.0,,,,0.0,0.0,0.0,0.0,0.0,72.41011500358582,73.03669500350952,73.55634307861328,0.0,0.0,0.0,0.0,0.0,50.99561375461357,66.99047738488457,131.0050434091085,0.00721623574068353
VER,7,239.0,0.00881783750000011,image_color_derived_proxy,1.0,0.0,0.1206896551724138,0.0,89.87600326538086,665,5216.3515625,0.0,nearest_physical_car_same_track_location_crossing_headway_le_2s,0.0,0.0,0.0,0.0,0.0,,,,0.0,0.0,0.0,0.0,0.0,71.27679586410522,71.73237371444702,72.087322473526,0.0,0.0,0.0,0.0,0.0,50.10784040840889,67.74796927535648,129.75512319979958,0.007204995005004933
VER,8,239.0,0.00881783750000011,image_color_derived_proxy,1.0,0.0,0.13793103448275862,0.001440922190201729,89.72899794578552,695,5216.3515625,0.0,nearest_physical_car_same_track_location_crossing_headway_le_2s,0.0,0.0,0.0,0.0,0.0,,,,0.0,0.0,0.0,0.0,0.0,70.72980237007141,74.22322010993958,74.72521591186523,0.0,0.0,0.0,0.0,0.0,37.8141307627674,84.87591759303945,176.98096001198513,0.007193754269326447
VER,9,239.0,0.00881783750000011,image_color_derived_proxy,1.0,0.0,0.15517241379310345,0.004477611940298508,89.54100227355957,671,5216.3515625,0.0,nearest_physical_car_same_track_location_crossing_headway_le_2s,0.0,0.0,0.0,0.0,0.0,,,,0.0,0.0,0.0,0.0,0.0,52.34614849090576,52.658695459365845,75.74941945075989,0.0,0.0,0.0,0.0,0.0,37.67571843998284,48.12830801065916,97.30821094335522,0.007182513533647961
VER,10,239.0,0.00881783750000011,image_color_derived_proxy,1.0,0.0,0.1724137931034483,0.0,89.59299564361572,679,5216.3515625,0.0,nearest_physical_car_same_track_location_crossing_headway_le_2s,0.0,0.0,0.0,0.0,0.0,,,,0.0,0.0,0.0,0.0,0.0,53.02218294143677,53.23205828666687,53.865893840789795,0.0,0.0,0.0,0.0,0.0,37.535314028740515,49.73270261393134,100.64885528060736,0.007171272797969475
VER,11,239.0,0.00881783750000011,image_color_derived_proxy,1.0,0.0,0.1896551724137931,0.0,89.66500854492188,698,5216.3515625,0.0,nearest_physical_car_same_track_location_crossing_headway_le_2s,0.0,0.0,0.0,0.0,0.0,,,,0.0,0.0,0.0,0.0,0.0,52.790112257003784,53.073538064956665,53.15613889694214,0.0,0.0,0.0,0.0,0.0,37.767655093255506,49.48596845001556,98.9461729619878,0.0071600320622909885
VER,12,239.0,0.00881783750000011,image_color_derived_proxy,1.0,0.0,0.20689655172413793,0.0,89.67099893093109,691,5216.3515625,0.0,nearest_physical_car_same_track_location_crossing_headway_le_2s,0.0,0.0,0.0,0.0,0.0,,,,0.0,0.0,0.0,0.0,0.0,52.888084173202515,53.1025607585907,53.530948877334595,0.0,0.0,0.0,0.0,0.0,37.86730525793515,49.65779301405537,102.58327069709969,0.0071487913266125025
VER,13,239.0,0.00881783750000011,image_color_derived_proxy,1.0,0.0,0.22413793103448276,0.0,89.76200103759766,661,5216.3515625,0.0,nearest_physical_car_same_track_location_crossing_headway_le_2s,0.0,0.0,0.0,0.0,0.0,,,,0.0,0.0,0.0,0.0,0.0,52.6841037273407,52.88203835487366,53.10839891433716,0.0,0.0,0.0,0.0,0.0,37.714437153174266,49.3458671562951,100.3853948657762,0.0071375505909340164
VER,14,239.0,0.00881783750000011,image_color_derived_proxy,1.0,0.0,0.2413793103448276,0.0015105740181268882,89.65699911117554,663,5216.3515625,0.0,nearest_physical_car_same_track_location_crossing_headway_le_2s,0.0,0.0,0.0,0.0,0.0,,,,0.0,0.0,0.0,0.0,0.0,52.582345962524414,63.471604108810425,64.43370795249939,0.0,0.0,0.0,0.0,0.0,29.88079978906055,51.96313359141504,122.5847221049564,0.00712630985525553
VER,15,239.0,0.00881783750000011,image_color_derived_proxy,1.0,0.0,0.25862068965517243,0.0,89.83200263977051,687,5216.3515625,0.0,nearest_physical_car_same_track_location_crossing_headway_le_2s,0.0,0.0,0.0,0.0,0.0,,,,0.0,0.0,0.0,0.0,0.0,38.9430935382843,39.27058243751526,40.29604506492615,0.0,0.0,0.0,0.0,0.0,28.85254575476129,35.95846632371293,72.65722311139953,0.007115069119577044
VER,16,240.0,0.00403182610000016,image_color_derived_proxy,1.0,0.0,0.27586206896551724,0.0015082956259426848,89.59000015258789,664,5216.3515625,0.0,nearest_physical_car_same_track_location_crossing_headway_le_2s,0.0,0.0,0.0,0.0,0.0,,,,0.0,0.0,0.0,0.0,0.0,38.70640516281128,39.05035161972046,59.35960936546326,0.0,0.0,0.0,0.0,0.0,27.24272076921038,37.62598252112526,79.45115034047714,0.007103828383898558
VER,17,240.0,0.00403182610000016,image_color_derived_proxy,1.0,0.0,0.29310344827586204,0.0,89.70800399780273,681,5216.3515625,0.0,nearest_physical_car_same_track_location_crossing_headway_le_2s,0.0,0.0,0.0,0.0,0.0,,,,0.0,0.0,0.0,0.0,0.0,34.78951859474182,35.38959074020386,36.36012554168701,0.0,0.0,0.0,0.0,0.0,25.283507657932024,32.62719792793536,67.26334859208612,0.007092587648220072
VER,18,240.0,0.00403182610000016,image_color_derived_proxy,1.0,0.0,0.3103448275862069,0.0,89.72600173950195,669,5216.3515625,0.0,nearest_physical_car_same_track_location_crossing_headway_le_2s,0.0,0.0,0.0,0.0,0.0,,,,0.0,0.0,0.0,0.0,0.0,34.47999596595764,34.61770558357239,34.78156137466431,0.0,0.0,0.0,0.0,0.0,25.226021638769552,31.427567780495842,66.7933611823847,0.007081346912541586
VER,19,240.0,0.00403182610000016,image_color_derived_proxy,1.0,0.0,0.3275862068965517,0.0,89.74399948120117,660,5216.3515625,0.0,nearest_physical_car_same_track_location_crossing_headway_le_2s,0.0,0.0,0.0,0.0,0.0,,,,0.0,0.0,0.0,0.0,0.0,34.07581305503845,34.21972918510437,34.39917850494385,0.0,0.0,0.0,0.0,0.0,24.779727896868764,31.61648564141397,65.27810198347606,0.0070701061768631
VER,20,240.0,0.00403182610000016,image_color_derived_proxy,1.0,0.0,0.3448275862068966,0.0,89.68699645996094,680,5216.3515625,0.0,nearest_physical_car_same_track_location_crossing_headway_le_2s,0.0,0.0,0.0,0.0,0.0,,,,0.0,0.0,0.0,0.0,0.0,33.94046211242676,34.1254620552063,34.27512335777283,0.0,0.0,0.0,0.0,0.0,24.871665404805768,31.536367974652258,66.3303144763157,0.007058865441184614
VER,21,239.0,0.00881783750000011,image_color_derived_proxy,1.0,0.0,0.3620689655172414,0.0,89.57099914550781,678,5216.3515625,0.0,nearest_physical_car_same_track_location_crossing_headway_le_2s,0.0,0.0,0.0,0.0,0.0,,,,0.0,0.0,0.0,0.0,0.0,33.60420560836792,33.690521478652954,33.78705954551697,0.0,0.0,0.0,0.0,0.0,24.63298623051298,30.811318628669092,63.47558210811482,0.007047624705506017
VER,22,240.0,0.00403182610000016,image_color_derived_proxy,1.0,0.0,0.3793103448275862,0.0014792899408284023,89.3729944229126,677,5216.3515625,0.0,nearest_physical_car_same_track_location_crossing_headway_le_2s,0.0,0.0,0.0,0.0,0.0,,,,0.0,0.0,0.0,0.0,0.0,33.46431517601013,33.52844285964966,56.67251467704773,0.0,0.0,0.0,0.0,0.0,22.507528283468123,35.351683535498225,81.3959724770468,0.007036383969827531
VER,23,240.0,0.00403182610000016,image_color_derived_proxy,1.0,0.0,0.39655172413793105,0.0,91.49499785900116,697,5216.3515625,0.0,nearest_physical_car_same_track_location_crossing_headway_le_2s,0.0,0.0,0.0,0.0,0.0,,,,0.0,0.0,0.0,0.0,0.0,21.93349575996399,22.704169273376465,24.30333685874939,0.0,0.0,0.0,0.0,0.0,16.906782947786002,20.56749467935728,45.90985952434731,0.007025143234149045
VER,24,240.0,0.00403182610000016,image_color_derived_proxy,2.0,0.0,0.41379310344827586,0.0012422360248447205,109.05399703979492,806,5216.3515625,0.0272250450462331,nearest_physical_car_same_track_location_crossing_headway_le_2s,0.006684761605550553,0.007335816139170447,0.009903351295975343,0.009903351295975343,0.00998587979733069,12.646059974154134,19.85971755129942,45.24445802964214,0.019797532394092862,0.02447411467724524,0.0272250450462331,0.02997597760146434,0.03301116989346278,9.123725414276123,18.9555242061615,19.276306867599487,0.020622810848916207,0.02447411467724524,0.0272250450462331,0.030810427347267202,0.03301116989346278,7.946876119130457,16.19271369873088,34.31875885039455,0.03128095508674389
VER,25,240.0,0.00403182610000016,image_color_derived_proxy,2.0,0.0,0.43103448275862066,0.0,88.82200241088867,686,5216.3515625,0.0,nearest_physical_car_same_track_location_crossing_headway_le_2s,0.0,0.0,0.0,0.0,0.0,12.392167541058395,17.380674318184038,32.983958779611896,0.0,0.0,0.0,0.0,0.0,18.355622053146362,18.506426095962524,18.833595752716064,0.0,0.0,0.0,0.0,0.0,13.4972648194922,17.281440953053934,38.787519996286704,0.00687519045019469
VER,26,240.0,0.00403182610000016,image_color_derived_proxy,2.0,0.0,0.4482758620689655,0.0,88.44299674034119,655,5216.3515625,0.0,nearest_physical_car_same_track_location_crossing_headway_le_2s,0.0,0.0,0.0,0.0,0.0,11.428822998046874,16.24303942291906,30.11116414995336,0.0,0.0,0.0,0.0,0.0,17.106539011001587,17.560667753219604,18.21842885017395,0.0,0.0,0.0,0.0,0.0,12.701094079509492,16.450483028736738,37.06327451551488,0.006863949714516204
VER,27,240.0,0.00403182610000016,image_color_derived_proxy,2.0,0.0,0.46551724137931033,0.0,88.45900344848633,660,5216.3515625,0.0,nearest_physical_car_same_track_location_crossing_headway_le_2s,0.0,0.0,0.0,0.0,0.0,10.993166181456369,15.74647259014906,29.455786741311545,0.0,0.0,0.0,0.0,0.0,16.183125019073486,16.758474349975586,17.035552740097046,0.0,0.0,0.0,0.0,0.0,11.793015535765738,15.522100286241688,34.815358676664985,0.006852708978837718
VER,28,240.0,0.00403182610000016,image_color_derived_proxy,2.0,0.0,0.4827586206896552,0.0,88.50300216674805,644,5216.3515625,0.0,nearest_physical_car_same_track_location_crossing_headway_le_2s,0.0,0.0,0.0,0.0,0.0,10.827641154755922,15.204410518360433,31.29944482221112,0.0,0.0,0.0,0.0,0.0,15.691694974899292,16.08510184288025,16.571253061294556,0.0,0.0,0.0,0.0,0.0,11.3297111806999,14.758972915872201,32.39622795282099,0.006841468243159232
VER,29,240.0,0.00403182610000016,image_color_derived_proxy,2.0,0.0,0.5,0.0,88.13099670410156,675,5216.3515625,0.0,nearest_physical_car_same_track_location_crossing_headway_le_2s,0.0,0.0,0.0,0.0,0.0,9.920255975946803,14.412033176763067,27.701280210002633,0.0,0.0,0.0,0.0,0.0,14.732289791107178,15.283514022827148,15.504567384719849,0.0,0.0,0.0,0.0,0.0,10.491947492869636,14.042472906819645,31.517354609467077,0.006830227507480746
VER,30,240.0,0.00403182610000016,image_color_derived_proxy,2.0,0.0,0.5172413793103449,0.0,88.18100357055664,662,5216.3515625,0.0,nearest_physical_car_same_track_location_crossing_headway_le_2s,0.0,0.0,0.0,0.0,0.0,9.006466449507132,13.418589441570376,25.664332088323736,0.0,0.0,0.0,0.0,0.0,13.862363576889038,14.191500186920166,14.47608470916748,0.0,0.0,0.0,0.0,0.0,9.706818911962742,13.01322849536078,29.420391974741722,0.006818986771802149
VER,31,240.0,0.00403182610000016,image_color_derived_proxy,2.0,0.0,0.5344827586206896,0.0,87.97700119018555,667,5216.3515625,0.0,nearest_physical_car_same_track_location_crossing_headway_le_2s,0.0,0.0,0.0,0.0,0.0,8.352976318359376,12.508246527777779,25.196491823358052,0.0,0.0,0.0,0.0,0.0,12.454434156417847,13.079819917678833,13.32023024559021,0.0,0.0,0.0,0.0,0.0,8.66212863380136,11.75572069757914,26.85655600536539,0.006807746036123663
VER,32,240.0,0.00403182610000016,image_color_derived_proxy,2.0,0.0,0.5517241379310345,0.0,87.9280014038086,668,5216.3515625,0.0,nearest_physical_car_same_track_location_crossing_headway_le_2s,0.0,0.0,0.0,0.0,0.0,7.565225653014259,11.55270694777525,21.31681098442573,0.0,0.0,0.0,0.0,0.0,11.414252758026123,12.099475383758545,12.276110649108887,0.0,0.0,0.0,0.0,0.0,8.065228211760223,10.906362268709213,23.691908711020687,0.006796505300445177
VER,33,240.0,0.00403182610000016,image_color_derived_proxy,2.0,0.0,0.5689655172413793,0.0,88.03499603271484,675,5216.3515625,0.0,nearest_physical_car_same_track_location_crossing_headway_le_2s,0.0,0.0,0.0,0.0,0.0,7.015440631734914,10.606072998046875,19.752159118652344,0.0,0.0,0.0,0.0,0.0,10.09438705444336,10.92680048942566,11.123214960098267,0.0,0.0,0.0,0.0,0.0,7.1188126230020226,9.863040656654215,21.53453690784197,0.006785264564766691
VER,34,240.0,0.00403182610000016,image_color_derived_proxy,2.0,0.0,0.5862068965517241,0.0,88.05000305175781,665,5216.3515625,0.0,nearest_physical_car_same_track_location_crossing_headway_le_2s,0.0,0.0,0.0,0.0,0.0,5.945653112216296,9.410841310319126,16.012057121080854,0.0,0.0,0.0,0.0,0.0,8.698929786682129,9.755696296691895,9.98700737953186,0.0,0.0,0.0,0.0,0.0,6.259431380270634,8.845640555172627,18.770487401405546,0.006774023829088205
VER,35,240.0,0.00403182610000016,image_color_derived_proxy,2.0,0.0,0.603448275862069,0.0,88.10700225830078,666,5216.3515625,0.0,nearest_physical_car_same_track_location_crossing_headway_le_2s,0.0,0.0,0.0,0.0,0.0,5.089665479783888,8.62731870928133,14.029796470083843,0.0,0.0,0.0,0.0,0.0,7.634374380111694,8.118008136749268,8.656199932098389,0.0,0.0,0.0,0.0,0.0,5.432032261268959,7.564325237638336,15.984129867346718,0.006762783093409719
VER,36,240.0,0.00403182610000016,image_color_derived_proxy,2.0,0.0,0.6206896551724138,0.0,87.93599700927734,657,5216.3515625,0.0,nearest_physical_car_same_track_location_crossing_headway_le_2s,0.0,0.0,0.0,0.0,0.0,4.3009057617187505,7.557699650022267,11.37104966905382,0.0,0.0,0.0,0.0,0.0,6.374010801315308,6.922778367996216,7.367618560791016,0.0,0.0,0.0,0.0,0.0,4.66885448661944,6.521246850140262,13.006433595573698,0.006751542357731233
VER,37,240.0,0.00403182610000016,image_color_derived_proxy,2.0,0.0,0.6379310344827587,0.0,87.88000273704529,654,5216.3515625,0.0,nearest_physical_car_same_track_location_crossing_headway_le_2s,0.0,0.0,0.0,0.0,0.004949947197801388,3.659972381591797,6.4108051428634125,9.072555541992188,0.0,0.0,0.0,0.0,0.0,5.391542196273804,5.953808546066284,6.236006259918213,0.0,0.0,0.0,0.0,0.0,4.0417343965744434,5.579541886581151,10.43620180162804,0.004945058262795454
VER,38,240.0,0.00403182610000016,image_color_derived_proxy,2.0,0.0,0.6551724137931034,0.0,87.88600158691406,656,5216.3515625,0.0,nearest_physical_car_same_track_location_crossing_headway_le_2s,0.0,0.007566630675190032,0.01776161141810064,0.05548097842646931,0.08487128315951342,2.538328769345118,4.373440755208334,6.106247317628252,0.0,0.0,0.0,0.0,0.0,3.971108913421631,4.385223627090454,4.7931458950042725,0.0,0.0,0.0,0.0,0.0,3.1741327572572944,4.14792332586813,7.457558474912554,0.0
VER,39,218.0,0.10932407690000005,image_color_derived_proxy,2.0,0.0,0.6724137931034483,0.0,87.76000022888184,635,5216.3515625,0.0,nearest_physical_car_same_track_location_crossing_headway_le_2s,0.04317454011240447,0.08761391577738746,0.1666363300578127,0.27389462996382535,0.38803556837891556,1.7906977128029793,2.761532110916941,3.863213060722977,0.0,0.0,0.0,0.1723791750825853,0.3090816070716211,2.075286865234375,2.851769208908081,3.3760552406311035,0.0,0.012249368446137885,0.11991787273251055,0.21346856324987343,0.3810733682644442,1.9664748547547162,2.7537228165187844,4.355965137728078,0.060699039162581125
VER,40,32.0,0.9995221973000001,image_color_derived_proxy,2.0,0.0,0.6896551724137931,0.0,88.26699829101562,660,5216.3515625,1.0,nearest_physical_car_same_track_location_crossing_headway_le_2s,0.6212627136769867,0.8402799854823079,0.9537086348740792,0.9954003195284957,0.9954003195284957,0.904542313760786,1.3474396464890748,1.831397504556692,0.7408884324522799,0.9139995669153587,1.0,1.0,1.0,0.5896968841552734,1.1691675186157227,1.660245656967163,0.7275652129267273,0.8895736644518456,0.9525983598275164,0.9745884583051122,1.0,0.5843004364352965,1.151795172919002,1.7786963078730003,0.9816766653952007
VER,41,155.0,0.41084279510000016,image_color_derived_proxy,1.0,0.0,0.7068965517241379,0.00894187779433681,88.0979995727539,672,5216.3515625,0.5931349391682698,nearest_physical_car_same_track_location_crossing_headway_le_2s,0.40953255509396624,0.40953255509396624,0.40953255509396624,0.40953255509396624,0.40953255509396624,0.2246136940435421,0.6050068135164223,0.6807716014444728,0.5931349391682698,0.5931349391682698,0.5931349391682698,0.5931349391682698,0.5931349391682698,0.2330491542816162,0.762014627456665,17.52451491355896,0.5931349391682698,0.5931349391682698,0.5931349391682698,0.5931349391682698,0.5931349391682698,0.23286551165664462,0.7818443164737371,33.53743448625655,0.560547549100571
VER,42,238.0,0.013603848900000059,image_color_derived_proxy,1.0,0.0,0.7241379310344828,0.008915304606240713,88.35500144958496,674,5216.3515625,0.18860275775558855,nearest_physical_car_same_track_location_crossing_headway_le_2s,0.0,0.0,0.0,0.0,0.0,,,,0.18322671908387167,0.18639575002017875,0.18860275775558855,0.19045890660558717,0.1910927160309482,0.2566995620727539,16.797332048416138,17.000126361846924,0.18970060034582473,0.19219055862118437,0.196944105025645,0.19875498524322457,0.20079222211498116,0.25535437888972046,13.664003532299342,24.455583625851048,0.16222707636997558
VER,43,240.0,0.00403182610000016,image_color_derived_proxy,1.0,0.0,0.7413793103448276,0.0015337423312883436,88.07099914550781,653,5216.3515625,0.0,nearest_physical_car_same_track_location_crossing_headway_le_2s,0.0,0.0,0.0,0.0,0.0,,,,0.0,0.0,0.0,0.0,0.0,16.302546739578247,16.582502603530884,29.572827100753784,0.0,0.0,0.0,0.0,0.0,11.695209374838825,17.758743791508397,38.92491885018443,0.006800328520579213
VER,44,240.0,0.00403182610000016,image_color_derived_proxy,1.0,0.0,0.7586206896551724,0.0,88.02299690246582,655,5216.3515625,0.0,nearest_physical_car_same_track_location_crossing_headway_le_2s,0.0,0.0,0.0,0.0,0.0,,,,0.0,0.0,0.0,0.0,0.0,6.156618356704712,6.97938346862793,7.66502046585083,0.0,0.0,0.0,0.0,0.0,4.546306182300093,6.618730223550998,12.358368406026203,0.006789087784900727
VER,45,240.0,0.00403182610000016,image_color_derived_proxy,1.0,0.0,0.7758620689655172,0.0,87.87599897384644,673,5216.3515625,0.0,nearest_physical_car_same_track_location_crossing_headway_le_2s,0.0,0.0,0.0,0.0,0.0,,,,0.0,0.0,0.0,0.0,0.0,7.447778940200806,7.947361707687378,8.255632162094116,0.0,0.0,0.0,0.0,0.0,5.5425197508652415,7.231306153022323,13.741442267690445,0.006777847049222241
VER,46,240.0,0.00403182610000016,image_color_derived_proxy,1.0,0.0,0.7931034482758621,0.0,88.08399963378906,680,5216.3515625,0.0,nearest_physical_car_same_track_location_crossing_headway_le_2s,0.0,0.0,0.0,0.0,0.0,,,,0.0,0.0,0.0,0.0,0.0,7.806988477706909,8.011749267578125,8.36781120300293,0.0,0.0,0.0,0.0,0.0,5.495148821264028,7.3928145463418655,15.132317530025016,0.006766606313543755
VER,47,240.0,0.00403182610000016,image_color_derived_proxy,1.0,0.0,0.8103448275862069,0.0015337423312883436,87.99400281906128,653,5216.3515625,0.0,nearest_physical_car_same_track_location_crossing_headway_le_2s,0.0,0.0,0.0,0.0,0.0,,,,0.0,0.0,0.0,0.0,0.0,7.881205797195435,8.297834157943726,8.662980556488037,0.0,0.0,0.0,0.0,0.0,5.543942172177629,7.592452394243443,16.17323443230824,0.006755365577865269
VER,48,240.0,0.00403182610000016,image_color_derived_proxy,1.0,0.0,0.8275862068965517,0.0,87.94000244140625,674,5216.3515625,0.0,nearest_physical_car_same_track_location_crossing_headway_le_2s,0.0,0.0,0.0,0.0,0.0,,,,0.0,0.0,0.0,0.0,0.0,6.429473876953125,6.771407842636108,7.122769355773926,0.0,0.0,0.0,0.0,0.0,4.624640161768398,6.372612505059391,12.80143954698512,0.006744124842186672
VER,49,240.0,0.00403182610000016,image_color_derived_proxy,1.0,0.0,0.8448275862068966,0.0,87.88800048828125,649,5216.3515625,0.0,nearest_physical_car_same_track_location_crossing_headway_le_2s,0.0,0.0,0.0,0.0,0.0,,,,0.0,0.0,0.0,0.0,0.0,4.828556299209595,5.294196128845215,6.089993476867676,0.0,0.0,0.0,0.0,0.0,3.690941502326979,5.070068579780283,9.406384967098582,0.006732884106508186
VER,50,240.0,0.00403182610000016,image_color_derived_proxy,1.0,0.0,0.8620689655172413,0.0,88.10800170898438,666,5216.3515625,0.0,nearest_physical_car_same_track_location_crossing_headway_le_2s,0.0,0.0,0.0,0.0,0.0,,,,0.0,0.0,0.0,0.0,0.0,3.935514211654663,4.270613670349121,4.468644380569458,0.0,0.0,0.0,0.0,0.0,3.1034964110622623,3.989690395233416,6.918400004244976,0.0067216433708297
VER,51,240.0,0.00403182610000016,image_color_derived_proxy,1.0,0.0,0.8793103448275862,0.0,88.12200164794922,627,5216.3515625,0.0,nearest_physical_car_same_track_location_crossing_headway_le_2s,0.0,0.0,0.0,0.0,0.0,,,,0.0,0.0,0.0,0.0,0.0,2.9894516468048096,3.428539276123047,3.5988752841949463,0.0,0.0,0.0,0.016794935762424735,0.06901802433818541,2.5658222944383327,3.2020014193043655,4.814249848932555,0.00396335502541223
VER,52,233.0,0.037533905900000095,image_color_derived_proxy,1.0,0.0,0.896551724137931,0.0,88.57600402832031,676,5216.3515625,0.0,nearest_physical_car_same_track_location_crossing_headway_le_2s,0.0,0.0,0.0,0.0,0.0,,,,0.0,0.0,0.0,0.06997382563781704,0.5553310667491025,2.307481050491333,2.4919466972351074,2.6083359718322754,0.0,0.0054077861922918104,0.09504832282701027,0.2674652314150228,0.6242323210650557,2.0110112544800445,2.4228090837808987,3.3785643355384565,0.03787916877139047
VER,53,77.0,0.7841516843,image_color_derived_proxy,1.0,0.0,0.9137931034482759,0.0,88.53399658203125,634,5216.3515625,0.9551358795830315,nearest_physical_car_same_track_location_crossing_headway_le_2s,0.0,0.0,0.0,0.0,0.0,,,,0.3176858022282721,0.7859466420632026,0.9551358795830315,1.0,1.0,1.355398178100586,1.5579860210418701,1.9237244129180908,0.35449655076967834,0.7328823564794101,0.8774369463703542,0.9498723288845334,0.9798947319482869,1.2758646279137558,1.5687396686891402,2.0562477430193704,0.751375863801392
VER,54,146.0,0.45391689770000015,image_color_derived_proxy,1.0,0.0,0.9310344827586207,0.0045871559633027525,88.30450439453125,655,5216.3515625,0.41670581967830655,nearest_physical_car_same_track_location_crossing_headway_le_2s,0.0,0.0,0.0,0.0,0.0,,,,0.38229079763972573,0.41670581967830655,0.41670581967830655,0.41670581967830655,0.41670581967830655,1.1959538459777832,4.314831733703613,5.493497610092163,0.3378763327647723,0.41670581967830655,0.41670581967830655,0.41670581967830655,0.41670581967830655,1.1658344027160035,3.460599767451514,6.950300688077938,0.3402492669716436
VER,55,239.0,0.00881783750000011,image_color_derived_proxy,1.0,0.0,0.9482758620689655,0.0,88.95700073242188,652,5216.3515625,0.0,nearest_physical_car_same_track_location_crossing_headway_le_2s,0.0,0.0,0.0,0.0,0.0,,,,0.0,0.0,0.0,0.006744814564126983,0.025405556815347674,2.8120124340057373,3.1320688724517822,3.466790199279785,0.0,0.0,0.04203152514474554,0.08854834382696335,0.16819364049314173,2.3141472839625696,3.084564442909238,4.960278052942012,0.02964701343300602
VER,56,202.0,0.1859002593000001,image_color_derived_proxy,1.0,0.0,0.9655172413793104,0.0,88.7420015335083,665,5216.3515625,0.05022422071149699,nearest_physical_car_same_track_location_crossing_headway_le_2s,0.0,0.0,0.0,0.0,0.0,,,,0.0,0.0,0.05022422071149699,0.19782061640252951,0.6742917373528405,2.093812942504883,2.3929831981658936,2.6937313079833984,0.0,0.025241687420400644,0.1361250184881727,0.37772419322708123,0.7123796568124442,1.9154153657666857,2.3382374804853674,3.2098238019960297,0.0798640317778736
VER,57,43.0,0.9468760719000001,image_color_derived_proxy,1.0,0.0,0.9827586206896551,0.0,88.9219970703125,669,5216.3515625,0.9242032772712984,nearest_physical_car_same_track_location_crossing_headway_le_2s,0.0,0.0,0.0,0.0,0.0,,,,0.17001421856574722,0.5382020137991815,0.9242032772712984,0.9862801179286401,1.0,1.4278299808502197,1.7232043743133545,1.9653041362762451,0.2028518811886625,0.5980072740593371,0.8711342577260042,0.9064236083703183,0.9487303031852607,1.410302839730986,1.7053383038683758,2.1778237553768314,0.7088597693358095
VER,58,227.0,0.06624997430000007,image_color_derived_proxy,1.0,0.0,1.0,0.0015408320493066256,88.61299896240234,650,5216.3515625,0.03795154159609866,nearest_physical_car_same_track_location_crossing_headway_le_2s,0.0,0.0,0.0,0.0,0.0,,,,0.03795154159609866,0.03795154159609866,0.03795154159609866,0.03795154159609866,0.03795154159609866,4.3239781856536865,4.581912279129028,4.882565021514893,0.03795154159609866,0.03795154159609866,0.03795154159609866,0.03795154159609866,0.03795154159609866,3.1264924403021004,4.2430193528968605,7.547649527049267,0.03695326675588517
PIA,1,29.0,1.0,image_color_derived_proxy,2.0,0.0063276205707748475,0.017241379310344827,0.07746478873239436,93.24199628829956,711,5216.3515625,0.9936723794292251,nearest_physical_car_same_track_location_crossing_headway_le_2s,0.971729401176794,0.971729401176794,0.971729401176794,0.971729401176794,0.971729401176794,0.013608695919215607,0.10922322391260472,0.6186765973853877,0.9936723794292251,0.9936723794292251,0.9936723794292251,0.9936723794292251,0.9936723794292251,0.017118453979492188,0.14139199256896973,0.8143916130065918,1.0,1.0,1.0,1.0,1.0,0.017879543491380136,0.14384146981226253,0.8234480057621649,0.9929469423822057
PIA,2,40.0,0.9612341061,image_color_derived_proxy,2.0,0.0,0.034482758620689655,0.0,89.94000673294067,683,5216.3515625,1.0,nearest_physical_car_same_track_location_crossing_headway_le_2s,0.45698232640900693,0.7894261805476379,0.9275960617516268,0.9638425169853343,0.9848454903781251,1.1834167935655584,1.5192726828835228,1.9438586148348722,0.8336890251620651,0.9690570508790353,1.0,1.0,1.0,1.293017864227295,1.4061295986175537,1.5366570949554443,0.7677784922440937,0.9180675648088796,0.9891705698185058,1.0,1.0,1.20295191553785,1.3732348733556279,1.7095038407360068,0.9964881255907598
PIA,3,64.0,0.8463698325000002,image_color_derived_proxy,2.0,0.0,0.05172413793103448,0.0,89.65899848937988,677,5216.3515625,0.9918022661112077,nearest_physical_car_same_track_location_crossing_headway_le_2s,0.14620956122045892,0.29388025428989645,0.7417770305815476,0.905029063392544,0.9873186101905121,1.387337107156239,1.8578091696584866,2.224967828566028,0.0,0.16283918758974833,0.9918022661112077,1.0,1.0,1.7448110580444336,1.8290328979492188,1.923358678817749,0.020901421841538658,0.40395276040742495,0.8162034230036175,0.9075272947382437,0.962825751332186,1.6076812830175833,1.800258423530444,2.2305019984898964,0.8223172300312214
PIA,4,151.0,0.4299868407000001,image_color_derived_proxy,2.0,0.0,0.06896551724137931,0.0,90.06000137329102,676,5216.3515625,0.9672772596563918,nearest_physical_car_same_track_location_crossing_headway_le_2s,0.06662224022689274,0.14827894244784198,0.29088380076928455,0.5930934868805082,0.7755052940333748,1.6100326538085938,2.127620485995678,2.7992866356056054,0.0,0.061003768570122636,0.9672772596563918,0.9985121156028613,1.0,1.779707670211792,1.8597290515899658,1.967808485031128,0.051099300770152886,0.30260940156397503,0.7653565017947418,0.8759493670953097,0.9469354693943404,1.5770500100097598,1.8376284494003925,2.3285922986751593,0.587397407996356
PIA,5,239.0,0.00881783750000011,image_color_derived_proxy,2.0,0.0,0.08620689655172414,0.0,89.88400268554688,680,5216.3515625,0.0,nearest_physical_car_same_track_location_crossing_headway_le_2s,0.053836061560734165,0.12729729466485634,0.20559836854683652,0.3267767828162247,0.6586267427653847,1.6374129075270434,2.3982113721894054,2.9825855255126954,0.0,0.0,0.0,0.304047522632523,1.0,2.192521810531616,2.3361549377441406,2.4120354652404785,0.0,0.0069756450829265015,0.16784967201345594,0.4807083847496655,0.792209962549897,1.9270404399801957,2.2575282918766884,3.031495032258543,0.01646535043729369
PIA,6,239.0,0.00881783750000011,image_color_derived_proxy,2.0,0.0,0.10344827586206896,0.0,89.91400296986103,671,5216.3515625,0.011633354091428775,nearest_physical_car_same_track_location_crossing_headway_le_2s,0.09497959062443291,0.16909483039191184,0.25704557032796915,0.40699999586030994,0.6964543853832801,1.517400838875095,2.3496786320114658,2.7494285640859966,0.0,0.0,0.011633354091428775,0.13955557445150585,0.9887336737902682,2.222959518432617,2.33052921295166,2.470217704772949,0.0,0.03209731161879398,0.1506550177375693,0.4482840029815003,0.7743398876171709,1.9246947075636065,2.2933286574314153,3.1198359254648476,0.023477605371784338
PIA,7,232.0,0.042319917300000044,image_color_derived_proxy,2.0,0.0,0.1206896551724138,0.0,89.70100021362305,663,5216.3515625,0.0,nearest_physical_car_same_track_location_crossing_headway_le_2s,0.09549505436605946,0.17537154822121204,0.29182507637070604,0.5065384223974412,0.8239373167174288,1.5140276889836717,2.2386109898343753,2.6510180186076338,0.0,0.0,0.0,0.5829031852962369,1.0,2.079451322555542,2.1997969150543213,2.3418827056884766,0.0,0.04623134014008926,0.29198099825644336,0.6377855800118727,0.818641990145773,1.8312156679075389,2.174489275351783,2.904266986119324,0.12815841959932472
PIA,8,209.0,0.15239817950000017,image_color_derived_proxy,2.0,0.0,0.13793103448275862,0.0,89.62400245666504,694,5216.3515625,0.0,nearest_physical_car_same_track_location_crossing_headway_le_2s,0.06462556153553989,0.14439217884504324,0.21802198392471872,0.3741073548948027,0.7212688095930713,1.6048656522490612,2.3326134929502014,2.7744040059974933,0.0,0.0,0.0,0.5440283213087275,0.9714362079005696,2.142761468887329,2.2429845333099365,2.4069902896881104,0.0,0.004396197569594739,0.19976799678748902,0.5980205751844339,0.7919642145916976,1.9201606064121943,2.2065636004282254,2.971101235517732,0.05664569609584724
PIA,9,149.0,0.4395588635000001,image_color_derived_proxy,2.0,0.0,0.15517241379310345,0.0,89.69899833202362,673,5216.3515625,0.21911059348037382,nearest_physical_car_same_track_location_crossing_headway_le_2s,0.03684544323748084,0.10783848571625851,0.2056545637563418,0.48468767020032244,0.6862172215397219,1.7058399769176136,2.2693962586600827,3.0484386749856385,0.0,0.0,0.21911059348037382,0.9223849191733717,0.9803676560534639,1.9684572219848633,2.079900026321411,2.232494831085205,0.0,0.032174300652787126,0.4980100298659817,0.7842561935382966,0.8517263827596404,1.816852517289415,2.0026871480159345,2.675435343010395,0.3117065452221919
PIA,10,212.0,0.13804014530000003,image_color_derived_proxy,2.0,0.0,0.1724137931034483,0.0,89.59600067138672,680,5216.3515625,0.3414549989964684,nearest_physical_car_same_track_location_crossing_headway_le_2s,0.1115674618025743,0.19807803747971117,0.31878645252827364,0.7009239776304002,0.8634872717407428,1.4524221142332758,2.1215636780048497,2.5958732067699164,0.0,0.045102463680630187,0.3414549989964684,1.0,1.0,1.836045742034912,2.054687023162842,2.2170045375823975,0.03675386449062534,0.18370232809955647,0.46409446455055625,0.8113420509230319,0.8765347257897904,1.6673516356208413,2.0258845666730787,2.60483592319196,0.3473192987539663
PIA,11,205.0,0.1715422251000001,image_color_derived_proxy,2.0,0.0,0.1896551724137931,0.0,89.59300422668457,696,5216.3515625,0.0,nearest_physical_car_same_track_location_crossing_headway_le_2s,0.11001969618971187,0.19793956679410354,0.3155156011692534,0.6912703773057861,0.8703582767814947,1.484367639878217,2.1266812318123427,2.5360034294125446,0.0,0.0,0.0,0.9309991389223877,1.0,2.0632572174072266,2.1444735527038574,2.234302043914795,0.0,0.05415598480448267,0.3215985917473438,0.7534516684717285,0.8377775427586549,1.844170903274171,2.0956673407762088,2.755470883191276,0.21059516726725014
PIA,12,160.0,0.38691273810000015,image_color_derived_proxy,2.0,0.0,0.20689655172413793,0.0,89.61999702453613,688,5216.3515625,0.8203526215690575,nearest_physical_car_same_track_location_crossing_headway_le_2s,0.05464183696791234,0.12794022100599597,0.24504574848847085,0.5319682878697837,0.7314773917938759,1.6705730942505823,2.1988373956100804,2.901403505895941,0.06578888757196745,0.34010266184110144,0.8203526215690575,1.0,1.0,1.549959659576416,1.8869986534118652,2.1487772464752197,0.11394776082221925,0.4065609517623172,0.7149075028461784,0.8852822418493884,0.930897163237018,1.474596067739924,1.8611205898148921,2.282029506354873,0.5660995689125728
PIA,13,102.0,0.6645013993000001,image_color_derived_proxy,2.0,0.0,0.22413793103448276,0.0,89.38999938964844,658,5216.3515625,0.857243542155755,nearest_physical_car_same_track_location_crossing_headway_le_2s,0.19405986360632835,0.38094870228598476,0.668788568919661,0.8800648878878432,0.9433157630566006,1.2280195732597707,1.9028726264297473,2.2763692388890693,0.427888992010089,0.6126971851553951,0.857243542155755,1.0,1.0,1.1434197425842285,1.68294358253479,2.038681745529175,0.40888235557195024,0.597091375464024,0.85676248486006,0.9292985848578325,0.951784318897086,1.0978758745911235,1.658576076945033,2.039880829154203,0.8271751021140248
PIA,14,36.0,0.9803781517,image_color_derived_proxy,2.0,0.0,0.2413793103448276,0.0,89.75600002706051,665,5216.3515625,0.9683475243725773,nearest_physical_car_same_track_location_crossing_headway_le_2s,0.1101541754712095,0.21004710813114494,0.6064887867428091,0.8014172360994687,0.911225917500073,1.4358877065232931,1.9183659369575428,2.4821992546471736,0.0,0.763960092454397,0.9683475243725773,1.0,1.0,1.560640573501587,1.6781768798828125,1.8388714790344238,0.16992734632524698,0.7309149522701501,0.8864700590664907,0.960125244389291,0.9877557040965934,1.450044089563839,1.6922444638984724,2.0677152313463085,0.900433790697051
PIA,15,29.0,1.0,image_color_derived_proxy,2.0,0.0,0.25862068965517243,0.0,89.66400337219238,688,5216.3515625,1.0,nearest_physical_car_same_track_location_crossing_headway_le_2s,0.450158446880851,0.7720043822388291,0.9412919358917822,0.9877877392114905,0.997735992298759,0.9901908010663338,1.5493731618595403,1.9109932509044674,0.42638070421162105,0.8424897437789569,1.0,1.0,1.0,1.310089111328125,1.5929112434387207,1.8033008575439453,0.38782566880099645,0.792335843294332,0.9405669920338459,0.9808172711195022,1.0,1.249989307791422,1.5878585848901825,1.8602662447042728,0.989718431026071
PIA,16,41.0,0.9564480947000001,image_color_derived_proxy,2.0,0.0,0.27586206896551724,0.0,89.81100273132324,665,5216.3515625,0.7911948034897486,nearest_physical_car_same_track_location_crossing_headway_le_2s,0.15219731765342204,0.45905293297397737,0.6873990279654836,0.8236184095586089,0.9385598249195194,1.383243176987095,1.7850564009893888,2.383744812011719,0.0,0.5666120746159367,0.7911948034897486,0.9936533422688819,1.0,1.6115963459014893,1.7189793586730957,2.1526522636413574,0.06748615658590403,0.5426840972797681,0.768502604263175,0.9109574394590284,0.9685673474182197,1.5306254442152774,1.689791854403267,2.2039705546585227,0.7717569215085618
PIA,17,52.0,0.9038019693000001,image_color_derived_proxy,2.0,0.0,0.29310344827586204,0.0,89.66500473022461,683,5216.3515625,0.8817821699702061,nearest_physical_car_same_track_location_crossing_headway_le_2s,0.1530919584279917,0.3018791913965382,0.6769975391662156,0.8646071674345908,0.9291250954897403,1.3669444492885046,1.8727689557127145,2.347077127509962,0.0,0.3613115010617038,0.8817821699702061,1.0,1.0,1.6114346981048584,1.8113858699798584,2.018117904663086,0.0845481348486159,0.39509291647364153,0.8360675470045003,0.9185524206340715,0.961188898106257,1.5247949251229158,1.780227798388121,2.1826816225901924,0.832896403354766
PIA,18,44.0,0.9420900605,image_color_derived_proxy,2.0,0.0,0.3103448275862069,0.0,89.68799686431885,665,5216.3515625,1.0,nearest_physical_car_same_track_location_crossing_headway_le_2s,0.28459785248248115,0.7408015318803622,0.927838662800079,0.9864753123305293,0.9949491568002661,1.1288871925769555,1.6061531066894532,1.957445552132996,0.7092253521493682,0.9547096847508048,1.0,1.0,1.0,1.177290916442871,1.4307713508605957,1.6790893077850342,0.6718958512922172,0.9092520899719996,0.9727834368431746,0.9974244051080359,1.0,1.1163070499811887,1.433915578556254,1.7366194200385519,1.0
PIA,19,44.0,0.9420900605,image_color_derived_proxy,2.0,0.0,0.3275862068965517,0.0,89.72799921035767,661,5216.3515625,1.0,nearest_physical_car_same_track_location_crossing_headway_le_2s,0.227364991133995,0.610656709537779,0.8675552327965548,0.970209965560302,0.9976038694112388,1.249566861341626,1.7136214087991155,2.038818116621538,0.0,0.7169445170828821,1.0,1.0,1.0,1.6094202995300293,1.7027206420898438,1.8014211654663086,0.1160172110113864,0.7228400999157941,0.8795359162973071,0.9403753757713909,0.9933020023839414,1.482896520775125,1.6841797168308867,2.061271612377627,0.9495084962199375
PIA,20,92.0,0.7123615133000001,image_color_derived_proxy,2.0,0.0,0.3448275862068966,0.0,90.0219955444336,680,5216.3515625,0.9769501116289074,nearest_physical_car_same_track_location_crossing_headway_le_2s,0.1701807440791507,0.28784074244092667,0.6804115979475969,0.86202269953842,0.9443913409642326,1.3025490500710228,1.8957146971017722,2.3445297358177264,0.03589125955358777,0.22806650664107883,0.9769501116289074,1.0,1.0,1.6636695861816406,1.8207359313964844,1.9070169925689697,0.10064212788436122,0.3716314256752674,0.8251538107396137,0.9096999108129821,0.9512341471315019,1.498502958966082,1.7953306736659072,2.2248361534914185,0.8157800815210843
PIA,21,163.0,0.3725547039000001,image_color_derived_proxy,2.0,0.0,0.3620689655172414,0.0,89.71399688720703,681,5216.3515625,0.6292106177799408,nearest_physical_car_same_track_location_crossing_headway_le_2s,0.0920816067115611,0.16622814768237382,0.2706712295644704,0.6015226189542761,0.8062175827563954,1.5366803670666882,2.195081837026603,2.751820490910457,0.0,0.0,0.6292106177799408,0.9985509813637954,1.0,1.8423960208892822,1.956186056137085,2.1203343868255615,0.006464966855580235,0.21911852911214422,0.6141740500626839,0.8368146484779777,0.8974406731724391,1.6311364149726806,1.948585920611253,2.5008200369455813,0.4321698392578737
PIA,22,238.0,0.013603848900000059,image_color_derived_proxy,2.0,0.0,0.3793103448275862,0.0,89.63299560546875,677,5216.3515625,0.20964369883973752,nearest_physical_car_same_track_location_crossing_headway_le_2s,0.08855000469852174,0.1647942713529087,0.23284957906096979,0.37635703330400727,0.7105977851614342,1.5253740849385735,2.335767160663168,2.930819113857775,0.015172948158962566,0.06683919547688974,0.20964369883973752,0.8066114361252994,0.9985496718865654,1.844926118850708,2.174492835998535,2.272223711013794,0.050338531895812666,0.16131331683630146,0.34770682347926213,0.7222786658981633,0.8329967105666349,1.6779754352503897,2.1403585022814204,2.8696403740473118,0.19573069720215608
PIA,23,239.0,0.00881783750000011,image_color_derived_proxy,2.0,0.0,0.39655172413793105,0.0,89.6449966430664,685,5216.3515625,0.007195009952809157,nearest_physical_car_same_track_location_crossing_headway_le_2s,0.07833125488459566,0.13953936629852606,0.2110547777696737,0.284154145583951,0.44913832977062285,1.6162699270159222,2.5271893717858336,3.21997713171189,0.0046516797647377026,0.007195009952809157,0.007195009952809157,0.011567794890003352,0.05126890337992105,2.513559579849243,2.617793321609497,3.2720141410827637,0.0046516797647377026,0.0046516797647377026,0.018785166641999893,0.11375980759576063,0.33989631306059287,2.224386166692524,2.564018649188597,4.0161871994092495,0.0
PIA,24,239.0,0.00881783750000011,image_color_derived_proxy,1.0,0.0,0.41379310344827586,0.001524390243902439,89.56599760055542,657,5216.3515625,0.005415001532926678,nearest_physical_car_same_track_location_crossing_headway_le_2s,0.0017863924984078054,0.0017863924984078054,0.0017863924984078054,0.0017863924984078054,0.0017863924984078054,0.023033462893225484,0.023033462893225484,0.023033462893225484,0.005415001532926678,0.005415001532926678,0.005415001532926678,0.005415001532926678,0.005415001532926678,24.974628925323486,25.111945867538452,25.298646688461304,0.005415001532926678,0.005415001532926678,0.005415001532926678,0.005415001532926678,0.005415001532926678,19.042739523310434,22.051880542263504,49.36982228756169,0.01168849276176498
PIA,25,239.0,0.00881783750000011,image_color_derived_proxy,1.0,0.0,0.43103448275862066,0.0,89.3910026550293,686,5216.3515625,0.0,nearest_physical_car_same_track_location_crossing_headway_le_2s,0.0,0.0,0.0,0.0,0.0,,,,0.0,0.0,0.0,0.0,0.0,24.959957122802734,25.026397705078125,25.192023277282715,0.0,0.0,0.0,0.0,0.0,19.07456094780858,22.317339503711835,49.2622237566714,0.007002661762792073
PIA,26,239.0,0.00881783750000011,image_color_derived_proxy,1.0,0.0,0.4482758620689655,0.0,89.62299728393555,676,5216.3515625,0.0,nearest_physical_car_same_track_location_crossing_headway_le_2s,0.0,0.0,0.0,0.0,0.0,,,,0.0,0.0,0.0,0.0,0.0,24.886298894882202,25.107080698013306,25.38916850090027,0.0,0.0,0.0,0.0,0.0,19.031143027181578,22.453548095194318,48.958268997897434,0.006991421027113587
PIA,27,239.0,0.00881783750000011,image_color_derived_proxy,1.0,0.0,0.46551724137931033,0.0,89.43000411987305,663,5216.3515625,0.0,nearest_physical_car_same_track_location_crossing_headway_le_2s,0.0,0.0,0.0,0.0,0.0,,,,0.0,0.0,0.0,0.0,0.0,24.826215028762817,24.929569244384766,25.13868999481201,0.0,0.0,0.0,0.0,0.0,18.947889287278432,22.099750502628876,48.770371222544085,0.006980180291435101
PIA,28,239.0,0.00881783750000011,image_color_derived_proxy,1.0,0.0,0.4827586206896552,0.0,89.1359977722168,651,5216.3515625,0.0,nearest_physical_car_same_track_location_crossing_headway_le_2s,0.0,0.0,0.0,0.0,0.0,,,,0.0,0.0,0.0,0.0,0.0,24.202845335006714,24.52503490447998,24.864951372146606,0.0,0.0,0.0,0.0,0.0,18.64761495268774,21.713237233937814,49.036854290071474,0.006968939555756615
PIA,29,239.0,0.00881783750000011,image_color_derived_proxy,1.0,0.0,0.5,0.0,89.05500221252441,675,5216.3515625,0.0,nearest_physical_car_same_track_location_crossing_headway_le_2s,0.0,0.0,0.0,0.0,0.0,,,,0.0,0.0,0.0,0.0,0.0,23.829424381256104,23.935537815093994,24.349769830703735,0.0,0.0,0.0,0.0,0.0,18.08620923123641,21.42547598428172,48.8419133824352,0.006957698820078129
PIA,30,239.0,0.00881783750000011,image_color_derived_proxy,1.0,0.0,0.5172413793103449,0.0,89.24700355529785,671,5216.3515625,0.0,nearest_physical_car_same_track_location_crossing_headway_le_2s,0.0,0.0,0.0,0.0,0.0,,,,0.0,0.0,0.0,0.0,0.0,23.1825909614563,23.518683433532715,23.82211470603943,0.0,0.0,0.0,0.0,0.0,17.592229649703256,20.929463648865656,47.01929784173984,0.006946458084399643
PIA,31,239.0,0.00881783750000011,image_color_derived_proxy,1.0,0.0,0.5344827586206896,0.0,89.11600112915039,679,5216.3515625,0.0,nearest_physical_car_same_track_location_crossing_headway_le_2s,0.0,0.0,0.0,0.0,0.0,,,,0.0,0.0,0.0,0.0,0.0,22.84173893928528,23.021878242492676,23.297767400741577,0.0,0.0,0.0,0.0,0.0,17.194822237804495,20.51693852308453,46.44211273700628,0.006935217348721157
PIA,32,239.0,0.00881783750000011,image_color_derived_proxy,1.0,0.0,0.5517241379310345,0.0,89.12799835205078,671,5216.3515625,0.0,nearest_physical_car_same_track_location_crossing_headway_le_2s,0.0,0.0,0.0,0.0,0.0,,,,0.0,0.0,0.0,0.0,0.0,21.95633602142334,22.1472487449646,22.630009412765503,0.0,0.0,0.0,0.0,0.0,16.35537247411079,20.071427134655814,46.39039825680146,0.0069239766130426705
PIA,33,238.0,0.013603848900000059,image_color_derived_proxy,1.0,0.0,0.5689655172413793,0.001455604075691412,89.12799835205078,688,5216.3515625,0.0,nearest_physical_car_same_track_location_crossing_headway_le_2s,0.0,0.0,0.0,0.0,0.0,,,,0.0,0.0,0.0,0.0,0.0,21.994385957717896,22.15630793571472,40.37369632720947,0.0,0.0,0.0,0.0,0.0,15.856562827162147,20.82468472009322,51.67554781318268,0.0069127358773641845
PIA,34,239.0,0.00881783750000011,image_color_derived_proxy,1.0,0.0,0.5862068965517241,0.0014749262536873156,89.43900299072266,679,5216.3515625,0.0,nearest_physical_car_same_track_location_crossing_headway_le_2s,0.0,0.0,0.0,0.0,0.0,,,,0.0,0.0,0.0,0.0,0.0,15.742271184921265,15.911304235458374,36.21434736251831,0.0,0.0,0.0,0.0,0.0,11.115667307458928,14.879189920528214,30.975338400021545,0.006901495141685587
PIA,35,239.0,0.00881783750000011,image_color_derived_proxy,1.0,0.0,0.603448275862069,0.005943536404160475,89.3040018081665,674,5216.3515625,0.0,nearest_physical_car_same_track_location_crossing_headway_le_2s,0.0,0.0,0.0,0.0,0.0,,,,0.0,0.0,0.0,0.0,0.0,15.024709463119507,15.322452545166016,16.01373791694641,0.0,0.0,0.0,0.0,0.0,10.646078814062669,14.185006794035955,30.435968711692844,0.006890254406007101
PIA,36,239.0,0.00881783750000011,image_color_derived_proxy,1.0,0.0,0.6206896551724138,0.0,89.13500213623047,668,5216.3515625,0.0,nearest_physical_car_same_track_location_crossing_headway_le_2s,0.0,0.0,0.0,0.0,0.0,,,,0.0,0.0,0.0,0.0,0.0,14.969479084014893,15.459562063217163,15.696164608001709,0.0,0.0,0.0,0.0,0.0,10.66116157411445,14.401880872210493,30.678030447440012,0.006879013670328615
PIA,37,239.0,0.00881783750000011,image_color_derived_proxy,1.0,0.0,0.6379310344827587,0.0,89.26099395751953,661,5216.3515625,0.0,nearest_physical_car_same_track_location_crossing_headway_le_2s,0.0,0.0,0.0,0.0,0.0,,,,0.0,0.0,0.0,0.0,0.0,15.395936250686646,15.928916454315186,16.141956090927124,0.0,0.0,0.0,0.0,0.0,11.138268216948857,14.848127942708725,31.22087365831134,0.006867772934650129
PIA,38,239.0,0.00881783750000011,image_color_derived_proxy,1.0,0.0,0.6551724137931034,0.0,89.24200248718262,662,5216.3515625,0.0,nearest_physical_car_same_track_location_crossing_headway_le_2s,0.0,0.0,0.0,0.0,0.0,,,,0.0,0.0,0.0,0.0,0.0,16.268074989318848,16.80212140083313,17.0297749042511,0.0,0.0,0.0,0.0,0.0,11.883523425456346,15.729556492483765,32.9095555053945,0.006856532198971643
PIA,39,239.0,0.00881783750000011,image_color_derived_proxy,1.0,0.0,0.6724137931034483,0.0,89.39500214159489,650,5216.3515625,0.0,nearest_physical_car_same_track_location_crossing_headway_le_2s,0.0,0.0,0.0,0.0,0.0,,,,0.0,0.0,0.0,0.0,0.0,16.832058906555176,17.328404188156128,17.654723167419434,0.0,0.0,0.0,0.0,0.0,12.3600720227507,16.31056586341248,34.26530678287711,0.006845291463293157
PIA,40,241.0,0.0,image_color_derived_proxy,1.0,0.0,0.6896551724137931,0.0,89.51300048828125,671,5216.3515625,0.0,nearest_physical_car_same_track_location_crossing_headway_le_2s,0.0,0.0,0.0,0.0,0.0,,,,0.0,0.0,0.0,0.0,0.0,17.5342857837677,18.18180823326111,18.453096866607666,0.0,0.0,0.0,0.0,0.0,12.896505910531399,17.147625900210617,36.25226127455054,0.006834050727614671
PIA,41,133.0,0.5161350459,image_color_derived_proxy,2.0,0.0,0.7068965517241379,0.012693935119887164,92.8479995727539,710,5216.3515625,0.38827975673827275,nearest_physical_car_same_track_location_crossing_headway_le_2s,0.43299805181247014,0.4545278699939596,0.512848924955297,0.5239207830745898,0.5268826296102647,0.30297851796530506,0.862115151852771,4.061586924533149,0.3706057212406509,0.37837110848328886,0.38827975673827275,0.39861922650488224,0.4050814670084643,0.23936009407043457,17.55724573135376,17.879943370819092,0.3712627589684705,0.38509177615720525,0.39129542514885035,0.4008163915629322,0.4062015372020497,0.23820216844961728,12.613442288401796,32.175122888896794,0.4261588494987343
PIA,42,239.0,0.00881783750000011,image_color_derived_proxy,2.0,0.0,0.7241379310344828,0.0,108.50299835205078,815,5216.3515625,0.0,nearest_physical_car_same_track_location_crossing_headway_le_2s,0.0,0.0,0.0,0.0,0.0,16.407929900840543,26.73238395060844,60.70501554391437,0.0,0.0,0.0,0.0,0.0,16.403030157089233,16.73845076560974,18.396082162857056,0.0,0.0,0.0,0.0,0.0,10.138504360846607,14.063061652940634,29.91238094395051,0.0066840979436603165
PIA,43,239.0,0.00881783750000011,image_color_derived_proxy,2.0,0.0,0.7413793103448276,0.0,87.50500392913818,659,5216.3515625,0.0,nearest_physical_car_same_track_location_crossing_headway_le_2s,0.0,0.0,0.0,0.0,0.0,16.585135060436322,22.973193769932763,42.567086087740385,0.0,0.0,0.0,0.0,0.0,16.100321054458618,16.227195501327515,16.351322889328003,0.0,0.0,0.0,0.0,0.0,11.903646114604046,15.125264305842666,31.798202134419533,0.0066728572079818305
PIA,44,239.0,0.00881783750000011,image_color_derived_proxy,2.0,0.0,0.7586206896551724,0.0,86.90099716186523,648,5216.3515625,0.0,nearest_physical_car_same_track_location_crossing_headway_le_2s,0.0,0.0,0.0,0.0,0.0,15.936173199152543,21.72296620244565,42.174753080380206,0.0,0.0,0.0,0.0,0.0,14.87720513343811,15.28369665145874,15.735502004623413,0.0,0.0,0.0,0.0,0.0,10.816155541809033,14.194389570874728,29.85316541857234,0.006661616472303233
PIA,45,239.0,0.00881783750000011,image_color_derived_proxy,2.0,0.0,0.7758620689655172,0.0,87.51499938964844,667,5216.3515625,0.0,nearest_physical_car_same_track_location_crossing_headway_le_2s,0.0,0.0,0.0,0.0,0.0,15.582254464285716,21.253130359184453,42.36209057911208,0.0,0.0,0.0,0.0,0.0,14.04541826248169,14.191421031951904,14.406154870986938,0.0,0.0,0.0,0.0,0.0,9.781798033804238,12.960274409586946,28.142083840541464,0.006650375736624747
PIA,46,239.0,0.00881783750000011,image_color_derived_proxy,2.0,0.0,0.7931034482758621,0.0,87.08799743652344,667,5216.3515625,0.0,nearest_physical_car_same_track_location_crossing_headway_le_2s,0.0,0.0,0.0,0.0,0.0,15.096093684980353,20.701730099239867,39.62474539620536,0.0,0.0,0.0,0.0,0.0,12.33376955986023,12.984086751937866,13.369354724884033,0.0,0.0,0.0,0.0,0.0,8.76538149401595,11.786462143656642,25.040031896169037,0.006639135000946261
PIA,47,239.0,0.00881783750000011,image_color_derived_proxy,2.0,0.0,0.8103448275862069,0.0,87.11700284481049,655,5216.3515625,0.0,nearest_physical_car_same_track_location_crossing_headway_le_2s,0.0,0.0,0.0,0.0,0.0,14.410435777574948,19.380167061941965,37.906259765625,0.0,0.0,0.0,0.0,0.0,11.380036354064941,11.657204627990723,12.037863492965698,0.0,0.0,0.0,0.0,0.0,7.857780630048794,10.629319093643682,23.296079819941912,0.006627894265267775
PIA,48,239.0,0.00881783750000011,image_color_derived_proxy,2.0,0.0,0.8275862068965517,0.0,87.14400482177734,653,5216.3515625,0.0,nearest_physical_car_same_track_location_crossing_headway_le_2s,0.0,0.0,0.0,0.0,0.0,13.679511591510586,18.661863160297532,36.15918931741983,0.0,0.0,0.0,0.0,0.0,10.226519346237183,10.511168003082275,10.696239233016968,0.0,0.0,0.0,0.0,0.0,7.038061758051183,9.670399928755423,20.760384895694532,0.006616653529589289
PIA,49,239.0,0.00881783750000011,image_color_derived_proxy,2.0,0.0,0.8448275862068966,0.0,87.2509994506836,658,5216.3515625,0.0,nearest_physical_car_same_track_location_crossing_headway_le_2s,0.0,0.0,0.0,0.0,0.0,13.012733003173386,17.997169464933854,35.68959366749964,0.0,0.0,0.0,0.0,0.0,9.222960948944092,9.338191986083984,9.548400402069092,0.0,0.0,0.0,0.0,0.0,6.294328829175496,8.716259196961495,18.297581496374992,0.006605412793910803
PIA,50,239.0,0.00881783750000011,image_color_derived_proxy,2.0,0.0,0.8620689655172413,0.0,87.16100311279297,649,5216.3515625,0.0,nearest_physical_car_same_track_location_crossing_headway_le_2s,0.0,0.0,0.0,0.0,0.0,12.42481640625,17.352317943622378,32.9375094666773,0.0,0.0,0.0,0.0,0.0,7.749948978424072,8.196087837219238,8.517144441604614,0.0,0.0,0.0,0.0,0.0,5.5595631844061595,7.6635565292863586,15.683170086179993,0.006594172058232317
PIA,51,239.0,0.00881783750000011,image_color_derived_proxy,2.0,0.0,0.8793103448275862,0.0,87.45099639892578,628,5216.3515625,0.0,nearest_physical_car_same_track_location_crossing_headway_le_2s,0.0,0.0,0.0,0.0,0.0,11.854724153645952,16.842036714025113,33.010595736238045,0.0,0.0,0.0,0.0,0.0,6.124012231826782,6.741972208023071,7.152891397476196,0.0,0.0,0.0,0.0,0.0,4.593588430646263,6.3741497771930025,12.558646682541145,0.006582931322553831
PIA,52,239.0,0.00881783750000011,image_color_derived_proxy,2.0,0.0,0.896551724137931,0.0,87.61999893188477,654,5216.3515625,0.0,nearest_physical_car_same_track_location_crossing_headway_le_2s,0.0,0.0,0.0,0.0,0.0,11.142495265151515,16.113938615937105,32.21480594758064,0.0,0.0,0.0,0.0,0.0,5.407870054244995,5.848732948303223,6.152303457260132,0.0,0.0,0.0,0.0,0.0,4.062485655598129,5.493297888766914,10.403813918681623,0.006571690586875345
PIA,53,240.0,0.00403182610000016,image_color_derived_proxy,2.0,0.0,0.9137931034482759,0.0,87.66600036621094,634,5216.3515625,0.0,nearest_physical_car_same_track_location_crossing_headway_le_2s,0.0,0.0,0.0,0.0,0.0,10.542650369075943,15.46966128595949,30.77436244419643,0.0,0.0,0.0,0.0,0.0,4.302493572235107,4.805830240249634,5.067137956619263,0.0,0.0,0.0,0.0,0.0,3.415527061796073,4.502660943457295,7.902047642005889,0.006560449851196859
PIA,54,240.0,0.00403182610000016,image_color_derived_proxy,2.0,0.0,0.9310344827586207,0.0,87.86500549316406,659,5216.3515625,0.0,nearest_physical_car_same_track_location_crossing_headway_le_2s,0.0,0.0,0.0,0.0,0.0,9.743592600831636,14.4865419921875,29.672449923637217,0.0,0.0,0.0,0.0,0.0,2.9537534713745117,3.423943042755127,3.9359169006347656,0.0,0.0,0.0,0.017299226632207548,0.0853581712447083,2.5654620843780513,3.3570284726875395,5.491140289205985,0.002333046820688023
PIA,55,239.0,0.00881783750000011,image_color_derived_proxy,2.0,0.0,0.9482758620689655,0.0,87.92900085449219,650,5216.3515625,0.0,nearest_physical_car_same_track_location_crossing_headway_le_2s,0.0,0.0,0.0,0.0,0.0,9.289525150539868,14.024018621882169,29.400181211274248,0.0,0.0,0.0,0.0,0.015535230710896197,2.6071064472198486,2.7395801544189453,2.9909708499908447,0.0,0.0,0.017275269565458832,0.11827715415925165,0.29894568604159816,2.2208215329339014,2.6854890551396515,3.9657421022299553,0.012759768239875235
PIA,56,122.0,0.5687811713,image_color_derived_proxy,2.0,0.0,0.9655172413793104,0.0,88.13700103759766,652,5216.3515625,0.21881841985829134,nearest_physical_car_same_track_location_crossing_headway_le_2s,0.0,0.0,0.0,0.0,0.0,8.618060302734376,13.256017538446425,26.79383954675402,0.0,0.0,0.21881841985829134,0.9458456753996803,1.0,1.9697699546813965,2.060770273208618,2.178043842315674,0.0,0.07035644352164544,0.4831910643194386,0.7842108725460392,0.8774747846596342,1.7829084239750828,2.0075891822533207,2.638406441244385,0.34704544921380315
PIA,57,23.0,1.0,image_color_derived_proxy,2.0,0.0,0.9827586206896551,0.0,88.54549789428711,671,5216.3515625,1.0,nearest_physical_car_same_track_location_crossing_headway_le_2s,0.0,0.0,0.0,0.0,0.0,8.493718714429843,13.13550952440239,26.480668178177154,0.5928195346211826,0.9749846128053427,1.0,1.0,1.0,1.1993975639343262,1.409437894821167,1.6593632698059082,0.5817517672467442,0.8994754217608891,0.9507597788845102,0.9952566965127155,1.0,1.1739263095934631,1.393788826249577,1.753789343162193,0.80631533072637
PIA,58,119.0,0.5831392055000001,image_color_derived_proxy,2.0,0.0,1.0,0.0031007751937984496,88.21299743652344,646,5216.3515625,0.623592899792722,nearest_physical_car_same_track_location_crossing_headway_le_2s,0.0,0.0,0.0,0.0,0.0,8.028744582827102,12.409734544020434,28.28262469951923,0.623592899792722,0.623592899792722,0.623592899792722,0.623592899792722,0.623592899792722,0.7891135215759277,1.1605525016784668,6.176503419876099,0.623592899792722,0.623592899792722,0.623592899792722,0.623592899792722,0.623592899792722,0.7969322252496898,1.1608791863844772,9.917117233077823,0.5047265064704554
HAM,1,16.0,1.0,image_color_derived_proxy,14.0,0.06846456280108981,0.017241379310344827,0.11067193675889328,99.6719970703125,760,5216.3515625,0.9315354371989102,nearest_physical_car_same_track_location_crossing_headway_le_2s,0.9330303332394891,0.9330303332394891,0.9330303332394891,0.9330303332394891,0.9330303332394891,0.015772726860913362,0.073146255648866,0.23659389525790667,0.9315354371989102,0.9315354371989102,0.9315354371989102,0.9315354371989102,0.9315354371989102,0.023756980895996094,0.23830461502075195,0.4640195369720459,0.9374548527932195,0.9374548527932195,0.9374548527932195,0.9374548527932195,0.9374548527932195,0.028773775619248414,0.26196476965603627,0.6283759750891582,0.9246215232402779
HAM,2,14.0,1.0,image_color_derived_proxy,13.0,0.0,0.034482758620689655,0.01451378809869376,90.97899627685547,690,5216.3515625,1.0,nearest_physical_car_same_track_location_crossing_headway_le_2s,0.9937568005601185,0.9937568005601185,0.9937568005601185,0.9937568005601185,0.9937568005601185,0.20828793648880556,0.57204767063922,0.8707477592972415,1.0,1.0,1.0,1.0,1.0,0.15561437606811523,0.4753866195678711,0.7197005748748779,1.0,1.0,1.0,1.0,1.0,0.15549877302027362,0.4718775546020643,0.7330983633532382,0.9984154509795056
HAM,3,15.0,1.0,image_color_derived_proxy,13.0,0.0,0.05172413793103448,0.00583941605839416,90.24699401855469,686,5216.3515625,1.0,nearest_physical_car_same_track_location_crossing_headway_le_2s,0.9951688142718643,0.9951688142718643,0.9951688142718643,0.9951688142718643,0.9951688142718643,0.12457832888617926,0.5115193619266633,0.7994591927041813,1.0,1.0,1.0,1.0,1.0,0.4690415859222412,0.6414797306060791,0.8478837013244629,1.0,1.0,1.0,1.0,1.0,0.4643099645311531,0.624559963457814,0.8504457264935238,0.9986794775842069
HAM,4,15.0,1.0,image_color_derived_proxy,13.0,0.0,0.06896551724137931,0.011782032400589101,91.01700210571289,680,5216.3515625,1.0,nearest_physical_car_same_track_location_crossing_headway_le_2s,0.9969126648668222,0.9969126648668222,0.9969126648668222,0.9969126648668222,0.9969126648668222,0.08276029651084643,0.3620664425466544,0.4704050019377685,1.0,1.0,1.0,1.0,1.0,0.12926793098449707,0.4089317321777344,0.5617008209228516,1.0,1.0,1.0,1.0,1.0,0.12909196943306345,0.4077636775521804,0.5503730255471866,0.9990081946770546
HAM,5,16.0,1.0,image_color_derived_proxy,13.0,0.0,0.08620689655172414,0.008797653958944282,90.35499572753906,683,5216.3515625,1.0,nearest_physical_car_same_track_location_crossing_headway_le_2s,0.9934259177459953,0.996015715441007,0.996015715441007,0.996015715441007,0.996015715441007,0.0694361061282191,0.37296398265941727,0.7032180327221864,1.0,1.0,1.0,1.0,1.0,0.34378528594970703,0.5280346870422363,0.7561447620391846,1.0,1.0,1.0,1.0,1.0,0.3434522646366009,0.5297391918270287,0.7454598853642972,0.9987775070931442
HAM,6,15.0,1.0,image_color_derived_proxy,13.0,0.0,0.10344827586206896,0.0029895366218236174,90.38699340820312,670,5216.3515625,1.0,nearest_physical_car_same_track_location_crossing_headway_le_2s,0.9976655933833629,0.9976655933833629,0.9976655933833629,0.9976655933833629,0.9976655933833629,0.17528518676757812,0.36902039197026465,0.6300287897914427,1.0,1.0,1.0,1.0,1.0,0.24396681785583496,0.4220867156982422,0.6730747222900391,1.0,1.0,1.0,1.0,1.0,0.241206123112042,0.42481421389923424,0.672948673471245,0.9991324940963648
HAM,7,15.0,1.0,image_color_derived_proxy,13.0,0.0,0.1206896551724138,0.0029585798816568047,90.67149925231934,677,5216.3515625,1.0,nearest_physical_car_same_track_location_crossing_headway_le_2s,0.9956215567399279,0.9956215567399279,0.9956215567399279,0.9956215567399279,0.9956215567399279,0.10623656073889727,0.28974192219395795,0.5645610896685651,1.0,1.0,1.0,1.0,1.0,0.24993443489074707,0.3860962390899658,0.5655176639556885,1.0,1.0,1.0,1.0,1.0,0.24803739502473676,0.38499976152234755,0.566665632362521,0.99872277526816
HAM,8,15.0,1.0,image_color_derived_proxy,14.0,0.0,0.13793103448275862,0.011251758087201125,92.37699890136719,712,5216.3515625,1.0,nearest_physical_car_same_track_location_crossing_headway_le_2s,0.981099202511691,0.9857865019734204,0.9869448234124513,0.9931801028194039,0.9933100165180561,0.16979561826608477,0.5368235475876753,0.6188018870803546,1.0,1.0,1.0,1.0,1.0,0.13375639915466309,0.43761682510375977,0.5610558986663818,1.0,1.0,1.0,1.0,1.0,0.1332235075320858,0.43649906709700054,0.5602567382124898,0.9962751457311119
HAM,9,239.0,0.00881783750000011,image_color_derived_proxy,18.0,0.0,0.15517241379310345,0.00865265760197775,108.6269998550415,810,5216.3515625,0.07836909813218038,nearest_physical_car_same_track_location_crossing_headway_le_2s,0.02133907192538537,0.024597922836811264,0.02502139033454279,0.026503526576603133,0.0286484817016204,7.24282241638384,12.654487827845982,32.22637218498192,0.05739825623697008,0.06384232236952164,0.07836909813218038,0.08138860588902035,0.08370846978453239,3.889462947845459,13.844051837921143,14.185094594955444,0.059791767894386894,0.06733132774963826,0.08021025925724164,0.08513536416936189,0.08772219928129617,3.733363138655505,12.143734388666896,28.40878937642674,0.07238242274446305
HAM,10,239.0,0.00881783750000011,image_color_derived_proxy,18.0,0.0,0.1724137931034483,0.0,88.64899826049805,688,5216.3515625,0.0,nearest_physical_car_same_track_location_crossing_headway_le_2s,0.0,0.0,0.0,0.0,0.0,7.294281891810477,11.18926191329956,20.367581176757813,0.0,0.0,0.0,0.0,0.0,11.43042540550232,12.086464881896973,12.595120191574097,0.0,0.0,0.0,0.0,0.0,8.18263893568408,11.236454169230274,24.23384115298495,0.005004260483813416
HAM,11,239.0,0.00881783750000011,image_color_derived_proxy,18.0,0.0,0.1896551724137931,0.0,89.14900207519531,685,5216.3515625,0.0,nearest_physical_car_same_track_location_crossing_headway_le_2s,0.0,0.0,0.0,0.0,0.0,6.221192057870885,9.640417634988133,16.62869427849265,0.0,0.0,0.0,0.0,0.0,9.29451322555542,9.756591796875,10.231600046157837,0.0,0.0,0.0,0.0,0.0,6.508859014134311,9.16470069476717,19.09535575678891,0.00499301974813493
HAM,12,239.0,0.00881783750000011,image_color_derived_proxy,18.0,0.0,0.20689655172413793,0.0,89.725998878479,680,5216.3515625,0.0,nearest_physical_car_same_track_location_crossing_headway_le_2s,0.0,0.0,0.0,0.0,0.0,4.797713504506001,8.198267022494612,12.793113229197973,0.0,0.0,0.0,0.0,0.0,7.282841444015503,7.876276731491089,8.39582371711731,0.0,0.0,0.0,0.0,0.0,5.210207989688207,7.395982105778237,15.357491220537085,0.004981779012456444
HAM,13,239.0,0.00881783750000011,image_color_derived_proxy,18.0,0.0,0.22413793103448276,0.0015267175572519084,89.60199928283691,656,5216.3515625,0.0,nearest_physical_car_same_track_location_crossing_headway_le_2s,0.015490752513775125,0.01771165717161027,0.020490619151358212,0.02307987229478914,0.02790122700448236,3.0802584171293557,5.969176773998619,9.172511348258455,0.0,0.0,0.0,0.0,0.0,5.555729627609253,6.395503044128418,6.917404890060425,0.0,0.0,0.0,0.0,0.0,4.397228677368525,6.021840944637813,10.854478614538575,0.007377647641068075
HAM,14,239.0,0.00881783750000011,image_color_derived_proxy,17.0,0.0,0.2413793103448276,0.0014792899408284023,89.40700149536133,677,5216.3515625,0.010200544082991073,nearest_physical_car_same_track_location_crossing_headway_le_2s,0.01646403501114389,0.03382282834536725,0.05257981314268509,0.09437729842578407,0.14077209661018156,2.2927179022149726,3.876891953197878,5.545487154447116,0.005368707271749741,0.00796358227531774,0.010200544082991073,0.01140850228580179,0.012426319894959827,3.108919858932495,3.7322230339050293,4.529711723327637,0.005368707271749741,0.00796358227531774,0.010200544082991073,0.01140850228580179,0.03290571469753889,2.740414147877002,3.6459325621696435,5.981162523595522,0.003065850457766972
HAM,15,60.0,0.8655138781000001,image_color_derived_proxy,14.0,0.0,0.25862068965517243,0.008862629246676515,89.70199680328369,678,5216.3515625,0.9196561945599439,nearest_physical_car_same_track_location_crossing_headway_le_2s,0.4726873224239744,0.678412935954349,0.8620878176070109,0.9129340273744789,0.9642483145563789,1.1446503583122702,1.529062756753056,2.163029345344095,0.8600476990270006,0.914974023691273,0.9196561945599439,0.9222425346904068,0.9242268852964034,0.7411854267120361,1.0327093601226807,1.6641449928283691,0.8601033899220302,0.9167799975804641,0.9265456444042821,0.9314953909797452,0.9347060230400672,0.7481591142363665,1.0085245285407263,1.613601317237018,0.9195468848754866
HAM,16,68.0,0.8272257869,image_color_derived_proxy,13.0,0.0,0.27586206896551724,0.0029985007496251873,89.59199523925781,668,5216.3515625,0.7583713767356933,nearest_physical_car_same_track_location_crossing_headway_le_2s,0.33110102393988566,0.5150013587946357,0.7067595012185236,0.8421735120481224,0.9466470103920722,1.203975535848972,1.7129184977213543,2.384584632286659,0.265023679102669,0.4958478755049177,0.7583713767356933,0.8560361710531941,0.9926332694782816,1.2897095680236816,1.7697746753692627,2.2897651195526123,0.29651083630489034,0.525125046282884,0.739463408185573,0.8810943131279378,0.9516809883878075,1.2464182425901718,1.7295847613864161,2.293424480717529,0.7207753022304336
HAM,17,144.0,0.4634889205,image_color_derived_proxy,12.0,0.0,0.29310344827586204,0.005943536404160475,89.42900466918945,674,5216.3515625,0.4071498362452298,nearest_physical_car_same_track_location_crossing_headway_le_2s,0.11840676380268851,0.25973690399597293,0.37222822186932314,0.6083485030164512,0.8802625895155357,1.4545535741616125,2.13968408203125,2.554045382412997,0.16011590444458768,0.23760757188510803,0.4071498362452298,0.8602019621659549,0.9229444703912342,1.3963263034820557,2.015878915786743,2.4179632663726807,0.16929640958471803,0.2817878394304687,0.6463228402326177,0.8044483686090472,0.8595422101184915,1.3639426021637524,1.9035101722667265,2.8904603581287525,0.4411454543582174
HAM,18,24.0,1.0,image_color_derived_proxy,12.0,0.0,0.3103448275862069,0.0015015015015015015,89.82999801635742,667,5216.3515625,0.9891238872118461,nearest_physical_car_same_track_location_crossing_headway_le_2s,0.9607926550036637,0.9967494155387235,0.9967494155387235,0.9967494155387235,0.9967494155387235,0.9560780861020668,1.1554604982074939,1.4372142791748048,0.9891238872118461,0.9891238872118461,0.9891238872118461,0.9912056002118191,0.9929866982441903,0.9465277194976807,1.1574616432189941,1.3340675830841064,0.9580874381247639,0.9846710147337006,0.9891238872118461,0.9906489593027465,0.9912056002118191,0.9377356642454505,1.136401800911108,1.4010555380826943,0.9892554266115228
HAM,19,25.0,1.0,image_color_derived_proxy,11.0,0.0,0.3275862068965517,0.010606060606060607,89.97100448608398,661,5216.3515625,1.0,nearest_physical_car_same_track_location_crossing_headway_le_2s,0.9934089877273015,0.9934089877273015,0.9934089877273015,0.9934089877273015,0.9934089877273015,0.7985403183967836,0.9923779745732494,1.1668813174767931,0.9975214236390784,1.0,1.0,1.0,1.0,0.6909158229827881,0.8879444599151611,1.1160004138946533,0.9975214236390784,1.0,1.0,1.0,1.0,0.6788247977954189,0.8802294711695939,1.1013101232205018,0.9985419244662523
HAM,20,15.0,1.0,image_color_derived_proxy,10.0,0.0,0.3448275862068966,0.02145922746781116,90.8650016784668,700,5216.3515625,0.9990095179560293,nearest_physical_car_same_track_location_crossing_headway_le_2s,0.9584878573799057,0.9873217875927567,0.9974467618000468,0.9974467618000468,0.9974467618000468,0.2582875427770001,0.6990912317776409,1.2975800356167224,0.996478292771345,0.996478292771345,0.9990095179560293,1.0,1.0,0.0663914680480957,0.49346160888671875,0.7870776653289795,0.996478292771345,0.996478292771345,0.996478292771345,1.0,1.0,0.06595281160553729,0.4873042552561586,0.8062510347611349,0.9986532927696031
HAM,21,14.0,1.0,image_color_derived_proxy,9.0,0.0,0.3620689655172414,0.01875901875901876,91.92299842834473,694,5216.3515625,1.0,nearest_physical_car_same_track_location_crossing_headway_le_2s,0.9493815944241129,0.950360634919194,0.950360634919194,0.9532652420678869,0.9707907807097856,0.1963371771434703,0.6111831966122597,1.1277007695582655,1.0,1.0,1.0,1.0,1.0,0.12593650817871094,0.6118884086608887,0.9694793224334717,1.0,1.0,1.0,1.0,1.0,0.12401926764044101,0.5989180499779276,0.9581654876086139,0.9835561926129794
HAM,22,14.0,1.0,image_color_derived_proxy,9.0,0.0,0.3793103448275862,0.01167883211678832,90.66500091552734,686,5216.3515625,1.0,nearest_physical_car_same_track_location_crossing_headway_le_2s,0.8026250504580119,0.8880162474167222,0.9742899599474673,0.987393096754926,0.9970992112856302,0.3703076822774394,0.9256033583818857,1.7709229925271446,0.9693487510521815,1.0,1.0,1.0,1.0,0.11338162422180176,0.44983911514282227,1.3264694213867188,0.9593779449618269,0.9793746538834934,1.0,1.0,1.0,0.11150816138603863,0.4389383616900425,1.3270836010659752,1.0
HAM,23,21.0,1.0,image_color_derived_proxy,9.0,0.0,0.39655172413793105,0.017543859649122806,90.20599591732025,685,5216.3515625,1.0,nearest_physical_car_same_track_location_crossing_headway_le_2s,0.6737578711209079,0.8103785580456317,0.8851628453006035,0.9292730384844028,0.9761766984961316,0.8370086316602279,1.1538992696733616,2.042537393375319,0.9537835741863225,0.9847016702816507,1.0,1.0,1.0,0.10582947731018066,0.6530535221099854,1.062751293182373,0.973183593828646,0.98869254258111,1.0,1.0,1.0,0.10388998107586217,0.6472575208231436,1.0390202497088434,0.9673814948614039
HAM,24,36.0,0.9803781517,image_color_derived_proxy,8.0,0.0,0.41379310344827586,0.0075528700906344415,89.99699783325195,663,5216.3515625,0.997777652783404,nearest_physical_car_same_track_location_crossing_headway_le_2s,0.8648177439240124,0.9219306898150077,0.9705323171428507,0.9976332543901318,0.9976332543901318,0.08913666915893556,0.5983609594482887,1.6581984092588553,0.7387246397353902,0.9474093378342046,0.997777652783404,1.0,1.0,0.17884445190429688,1.1898205280303955,1.6619842052459717,0.7509139789709071,0.9375202106223959,0.9573319507278961,0.9862217863526179,1.0,0.17619879550083825,1.2796656369039505,1.643818497710744,0.9851591064363521
HAM,25,20.0,1.0,image_color_derived_proxy,8.0,0.0,0.43103448275862066,0.002911208151382824,89.93899917602539,688,5216.3515625,0.9876360697594334,nearest_physical_car_same_track_location_crossing_headway_le_2s,0.6445924728492454,0.9249824677951606,0.9681228095413791,0.9934733539646254,0.9934733539646254,0.5145322738155241,1.4021969188343395,1.6595172224373653,0.376488507704277,0.9172661252597821,0.9876360697594334,1.0,1.0,1.427375316619873,1.5393319129943848,1.700761318206787,0.44527964981418944,0.831630334883165,0.9228365613917549,0.9640756197287277,0.9933177161152479,1.3637281671071815,1.5101298665666711,1.9296612649891927,0.9813798677529557
HAM,26,29.0,1.0,image_color_derived_proxy,8.0,0.0,0.4482758620689655,0.0,89.77499771118164,670,5216.3515625,1.0,nearest_physical_car_same_track_location_crossing_headway_le_2s,0.8593929467913561,0.9797605281238696,0.9966917293398817,0.9966917293398817,0.9966917293398817,0.7678469359621463,1.1254035870566377,1.5275091451025913,0.8893678488765413,1.0,1.0,1.0,1.0,1.020831823348999,1.1531262397766113,1.5066943168640137,0.8816151536988415,0.9544194124095557,0.9906432729155807,1.0,1.0,0.9935900547513583,1.1941243902138567,1.5545649472343392,1.0
HAM,27,34.0,0.9899501745000001,image_color_derived_proxy,8.0,0.0,0.46551724137931033,0.0,90.2750015258789,666,5216.3515625,1.0,nearest_physical_car_same_track_location_crossing_headway_le_2s,0.8915425510140481,0.9793298364835485,0.9963112711308448,0.9963112711308448,0.9963112711308448,0.5499435366921702,1.2573999938964844,1.513475202805925,0.8510661291651613,1.0,1.0,1.0,1.0,1.2223849296569824,1.3349437713623047,1.5532505512237549,0.7808252359492163,0.9659374055833392,1.0,1.0,1.0,1.174713330966287,1.3144409462847984,1.6455800138544474,1.0
HAM,28,32.0,0.9995221973000001,image_color_derived_proxy,8.0,0.0,0.4827586206896552,0.0,90.04999923706055,668,5216.3515625,1.0,nearest_physical_car_same_track_location_crossing_headway_le_2s,0.628517488216059,0.9524708501049751,0.9935924556227431,0.9952248749495204,0.9952248749495204,0.9804492440577567,1.4421235346699142,1.6219843626022339,0.43403663452281144,0.9813436943985628,1.0,1.0,1.0,1.4672679901123047,1.518855094909668,1.6531615257263184,0.5999666235167426,0.8311160352336542,0.9549360975718657,0.9863631243612077,1.0,1.372254869589363,1.4755424039380973,1.8386080314794382,1.0
HAM,29,28.0,1.0,image_color_derived_proxy,8.0,0.0,0.5,0.0,89.91300201416016,692,5216.3515625,0.9862199457839775,nearest_physical_car_same_track_location_crossing_headway_le_2s,0.40734933254996974,0.824230288360653,0.9765662308835572,0.9969748533728291,0.9969748533728291,1.2243404035643466,1.5598648483688768,1.832479190826416,0.4481554405626709,0.9337136278362882,0.9862199457839775,1.0,1.0,1.4266269207000732,1.5087380409240723,1.692655086517334,0.5533460133523099,0.8254311310397039,0.9448021187091098,0.9852412292257403,1.0,1.3654004030555131,1.4631655478945909,1.878602409441917,1.0
HAM,30,35.0,0.9851641631000001,image_color_derived_proxy,8.0,0.0,0.5172413793103449,0.0,90.00799560546875,666,5216.3515625,1.0,nearest_physical_car_same_track_location_crossing_headway_le_2s,0.6942605317402086,0.8860989511955386,0.9704471934713781,0.9945893696967704,0.9945893696967704,1.1097081088563474,1.4121777365016606,1.7595417834835307,1.0,1.0,1.0,1.0,1.0,0.7277705669403076,0.9007172584533691,1.3512256145477295,0.9603701777609682,0.9915674283629587,1.0,1.0,1.0,0.7023279511089018,0.8886849053619968,1.3363870855707294,1.0
HAM,31,24.0,1.0,image_color_derived_proxy,8.0,0.0,0.5344827586206896,0.014388489208633094,91.5300064086914,696,5216.3515625,0.7914563123628774,nearest_physical_car_same_track_location_crossing_headway_le_2s,0.8974871149783767,0.9265377017865518,0.93302739618652,0.93302739618652,0.946083220628271,0.786943034884296,1.094793880834344,1.4794383491709733,0.78316392044325,0.7883972196097682,0.7914563123628774,0.7959794352281288,0.7976073393553283,0.12661957740783691,0.7479791641235352,3.5347342491149902,0.78316392044325,0.7863541290792105,0.7914563123628774,0.7959794352281288,0.8196110934539499,0.12554587959486152,0.7393500771044008,2.9739640380823817,0.8146973815034618
HAM,32,240.0,0.00403182610000016,image_color_derived_proxy,19.0,0.0,0.5517241379310345,0.014354066985645933,108.83999633789062,837,5216.3515625,0.20567805694161367,nearest_physical_car_same_track_location_crossing_headway_le_2s,0.046756684447558636,0.06664831036313508,0.08164278476484725,0.10639469756361264,0.12390665669602063,2.20275632418119,3.6166421627297924,6.328631592734426,0.14956818766334434,0.17535832753978794,0.20567805694161367,0.2357037980878286,0.295663356477373,0.8866007328033447,2.742286443710327,3.5981595516204834,0.1681918512224556,0.18754135962278096,0.2175762835208998,0.26845826230720077,0.4003582909577372,0.8744592573164591,2.665428837169828,4.181014085054629,0.17678893027183562
HAM,33,179.0,0.2959785215000001,image_color_derived_proxy,17.0,0.0,0.5689655172413793,0.0029282576866764276,89.177001953125,684,5216.3515625,0.2726039587006425,nearest_physical_car_same_track_location_crossing_headway_le_2s,0.09521513717138089,0.16283348683393267,0.24747410042324972,0.502719394601992,0.6764973799703096,1.530371352205059,2.240082773767916,2.7820323406638123,0.0150823616037085,0.0150823616037085,0.2726039587006425,0.6888659079421604,0.928703593276462,1.9219329357147217,2.1113078594207764,2.4453272819519043,0.01636071902231643,0.08750004972790601,0.4432646112565329,0.6389875803645738,0.8138534679450282,1.7609633245628782,2.0165064911378674,2.901104021547596,0.2757283615885317
HAM,34,39.0,0.9660201175,image_color_derived_proxy,16.0,0.0,0.5862068965517241,0.0030211480362537764,88.9209976196289,663,5216.3515625,0.9824675829444962,nearest_physical_car_same_track_location_crossing_headway_le_2s,0.9584575087303335,0.9864261529956149,0.9931737158874353,0.9931737158874353,0.9931737158874353,0.13886559764417428,0.6686825343540737,1.434234067226978,0.8959975611007518,0.9799934767253887,0.9824675829444962,0.9824675829444962,0.9848629683408561,0.36984777450561523,0.8277289867401123,1.5054070949554443,0.8955702142667219,0.9418360109559347,0.9649351551640306,0.9824675829444962,0.9848629683408561,0.3741327621087598,0.7661408626168831,1.5123545201921378,0.983203980086819
HAM,35,47.0,0.9277320263000002,image_color_derived_proxy,15.0,0.0,0.603448275862069,0.004477611940298508,88.63999938964844,671,5216.3515625,0.8904896549575314,nearest_physical_car_same_track_location_crossing_headway_le_2s,0.719573477107233,0.8698555512490422,0.9255753076799316,0.9754850959418533,0.9966944944195205,0.37090455488725144,1.1172907727829955,1.8677277470978213,0.5466381602968166,0.6441787306181617,0.8904896549575314,0.9945848857079853,1.0,0.2235279083251953,1.3925418853759766,2.0187885761260986,0.5367103073086398,0.7083034736296139,0.8754512953875386,0.9352098797905566,0.9593750231317666,0.22367673487759834,1.35180875836349,2.0749778256513265,0.8740793784184038
HAM,36,131.0,0.5257070687000001,image_color_derived_proxy,14.0,0.0,0.6206896551724138,0.001524390243902439,88.22800064086914,657,5216.3515625,0.4459809029065124,nearest_physical_car_same_track_location_crossing_headway_le_2s,0.5201410394998089,0.5767557503659672,0.6868115470363956,0.7941015714699491,0.9118307344515785,0.47725858599226056,1.332069224231648,2.4239334267064145,0.43461260532000406,0.43461260532000406,0.4459809029065124,0.5698077531468723,0.8074874566772572,0.545867919921875,2.1078379154205322,2.568192720413208,0.43461260532000406,0.4377295469244987,0.5248220578291464,0.7151245083920702,0.8732715707037928,0.5370957000616212,1.949122407745946,2.72163532614498,0.5085450550819872
HAM,37,24.0,1.0,image_color_derived_proxy,14.0,0.0,0.6379310344827587,0.0,88.68400382995605,657,5216.3515625,1.0,nearest_physical_car_same_track_location_crossing_headway_le_2s,0.622479845506574,0.7842113709279552,0.9457963036368386,0.9798723671072146,0.9963353031658084,0.8619644526907578,1.235892881665911,1.870840670155213,0.6367890809607777,0.859613907522587,1.0,1.0,1.0,0.7074637413024902,1.0920214653015137,1.7733371257781982,0.6314329595825736,0.8648459643557411,0.94024850901559,0.9662284038490313,0.992783351344576,0.6949010738983067,1.034421869971829,1.8088375291914902,0.9737648578302935
HAM,38,112.0,0.6166412853000001,image_color_derived_proxy,13.0,0.0,0.6551724137931034,0.0015600624024961,88.2760009765625,642,5216.3515625,0.608783820456692,nearest_physical_car_same_track_location_crossing_headway_le_2s,0.5043952841067015,0.5175812174517428,0.5375979634695509,0.5694185950889641,0.595699843490072,0.3735649454629673,1.1421615316260676,3.856000029151119,0.608783820456692,0.608783820456692,0.608783820456692,0.608783820456692,0.608783820456692,0.24793076515197754,1.0042800903320312,3.6318466663360596,0.608783820456692,0.608783820456692,0.608783820456692,0.608783820456692,0.6246431877863313,0.2509941285024054,1.0004306806488161,3.730640750395157,0.5851934884116934
HAM,39,196.0,0.21461632770000008,image_color_derived_proxy,13.0,0.0,0.6724137931034483,0.0,88.66299986839294,661,5216.3515625,0.35038290823043994,nearest_physical_car_same_track_location_crossing_headway_le_2s,0.047821545455944976,0.13134006620288302,0.23898354998388927,0.38309099659479817,0.6232250077192327,1.6609199747453256,2.379032445680402,3.1195476747443855,0.08709380449302707,0.19383511181005303,0.35038290823043994,0.5465526924946066,0.772667288866295,1.5921287536621094,2.1610026359558105,2.751753568649292,0.08627039815241265,0.23755111315269198,0.41866391559687033,0.58624231513656,0.7361243945704735,1.5221708916705126,2.0841307086604797,3.1062154840896987,0.28164577226263254
HAM,40,34.0,0.9899501745000001,image_color_derived_proxy,13.0,0.0,0.6896551724137931,0.0,89.18299579620361,671,5216.3515625,1.0,nearest_physical_car_same_track_location_crossing_headway_le_2s,0.9565163795012507,0.9969949427659042,0.9969949427659042,0.9969949427659042,0.9969949427659042,0.4691477342085405,0.9803782347371084,1.2566481741049869,1.0,1.0,1.0,1.0,1.0,0.3938906192779541,0.8502113819122314,1.30875563621521,0.9757913474532346,0.9901326495239825,1.0,1.0,1.0,0.39793902790416424,0.8395693724112645,1.2471041784653671,0.9980359960888439
HAM,41,21.0,1.0,image_color_derived_proxy,12.0,0.0,0.7068965517241379,0.0014534883720930232,88.81700134277344,689,5216.3515625,1.0,nearest_physical_car_same_track_location_crossing_headway_le_2s,0.7098977403168616,0.9196099644764187,0.9463053286681816,0.9817489797960249,0.9934584599609051,0.3513353621432249,1.2081615017406535,1.6942690914698646,0.9803641256197052,1.0,1.0,1.0,1.0,0.2951514720916748,0.6286361217498779,1.307748556137085,0.9434793704755312,0.9829312089193227,1.0,1.0,1.0,0.29503067858155213,0.6224360246944923,1.3416790227071373,0.9830982533957964
HAM,42,16.0,1.0,image_color_derived_proxy,11.0,0.0,0.7241379310344828,0.013719512195121951,89.00900268554688,657,5216.3515625,1.0,nearest_physical_car_same_track_location_crossing_headway_le_2s,0.9954161940920516,0.9954161940920516,0.9954161940920516,0.9954161940920516,0.9954161940920516,0.2801285607474191,0.4777598793727548,0.73297364847945,1.0,1.0,1.0,1.0,1.0,0.172821044921875,0.5241086483001709,0.8792891502380371,1.0,1.0,1.0,1.0,1.0,0.17328099291968718,0.5304249111979896,0.8622594852020284,0.9985442573847294
HAM,43,23.0,1.0,image_color_derived_proxy,9.0,0.0,0.7413793103448276,0.0045385779122541605,88.5999984741211,662,5216.3515625,1.0,nearest_physical_car_same_track_location_crossing_headway_le_2s,0.9523024952431456,0.988577898823915,0.9962189614659813,0.9962189614659813,0.9962189614659813,0.36784719163357327,1.043468492648113,1.394506082264518,0.9738487616958578,1.0,1.0,1.0,1.0,0.3784620761871338,1.1642155647277832,1.4085283279418945,0.9095147092533277,0.9664108580580401,0.99255079166164,1.0,1.0,0.37445595766349776,1.1275073960209079,1.4868998079095734,0.9985281411089704
HAM,44,14.0,1.0,image_color_derived_proxy,9.0,0.0,0.7586206896551724,0.0,89.08499526977539,673,5216.3515625,1.0,nearest_physical_car_same_track_location_crossing_headway_le_2s,0.9969579613600072,0.9969579613600072,0.9969579613600072,0.9969579613600072,0.9969579613600072,0.5157187766657059,0.8220833778381348,1.128579653600219,1.0,1.0,1.0,1.0,1.0,0.2572922706604004,0.543553352355957,1.012549638748169,1.0,1.0,1.0,1.0,1.0,0.2572030834969422,0.5419345713998414,1.0094669420230065,0.9990772808998281
HAM,45,43.0,0.9468760719000001,image_color_derived_proxy,8.0,0.0,0.7758620689655172,0.0043859649122807015,88.8810043334961,685,5216.3515625,0.9080456326716373,nearest_physical_car_same_track_location_crossing_headway_le_2s,0.7369291109771008,0.780369214855181,0.8475827945432978,0.9401334376395677,0.9630629941791545,0.1324870852086817,0.5900322969435604,2.1862576571377845,0.5097489135231464,0.738999285052779,0.9080456326716373,1.0,1.0,0.3373854160308838,1.4578931331634521,1.9963405132293701,0.5774462349646703,0.7292898571487555,0.8750802051638434,0.9248770645292014,0.9522845907113858,0.33579802281352833,1.325240663446193,2.0696820469163155,0.8788049521367958
HAM,46,76.0,0.7889376957000002,image_color_derived_proxy,8.0,0.0,0.7931034482758621,0.0,89.37699508666992,672,5216.3515625,0.6141736559963803,nearest_physical_car_same_track_location_crossing_headway_le_2s,0.3230136178344672,0.48317797738638185,0.7191111677416511,0.9173613075325134,0.9629770260477294,1.158332039631659,1.7663157011333266,2.162341984553135,0.0,0.3813060766653594,0.6141736559963803,0.9165557494836776,0.9749264212006986,1.5702745914459229,1.9338839054107666,2.2191998958587646,0.11433593439729321,0.37372018163059506,0.6921802249611742,0.8248765463477186,0.8778209083254064,1.4876957565321631,1.8408730061318825,2.6154513068889416,0.7038257063483426
HAM,47,83.0,0.7554356159000001,image_color_derived_proxy,8.0,0.0,0.8103448275862069,0.0,89.12000119686127,671,5216.3515625,0.5762679749350968,nearest_physical_car_same_track_location_crossing_headway_le_2s,0.19067554767836134,0.40013472441958053,0.5896993179796131,0.8931553459878032,0.9364676972424646,1.3279911277568446,1.8539671850986168,2.26290466279284,0.0,0.29199961281058695,0.5762679749350968,0.9279622981365034,1.0,1.628049612045288,1.9562914371490479,2.2038238048553467,0.06350982895761209,0.30591334582957536,0.7017504590450452,0.8312724579574076,0.8848743257283171,1.5274217025691772,1.856204142559523,2.59304176587216,0.6449232547037633
HAM,48,32.0,0.9995221973000001,image_color_derived_proxy,8.0,0.0,0.8275862068965517,0.0,89.1089973449707,665,5216.3515625,1.0,nearest_physical_car_same_track_location_crossing_headway_le_2s,0.7799212422679378,0.9801254915100733,0.9859722197785225,0.9963078925137983,0.9963078925137983,0.9387533211065908,1.3086456009104284,1.5936122972138074,0.9690491422956311,1.0,1.0,1.0,1.0,0.661379337310791,1.1404082775115967,1.4701342582702637,0.9102560136525831,0.9672423554186285,0.9927953380972422,1.0,1.0,0.6538090612961419,1.1196295561835818,1.4768842217349782,0.9927625460314395
HAM,49,15.0,1.0,image_color_derived_proxy,8.0,0.0,0.8448275862068966,0.0,89.3239974975586,677,5216.3515625,1.0,nearest_physical_car_same_track_location_crossing_headway_le_2s,0.9965294880315599,0.9965294880315599,0.9965294880315599,0.9965294880315599,0.9965294880315599,0.3418986825069951,0.6385511341661511,0.8777938842773437,1.0,1.0,1.0,1.0,1.0,0.2770192623138428,0.6218194961547852,0.8190243244171143,1.0,1.0,1.0,1.0,1.0,0.27692972209532307,0.6121570122366312,0.8129230298556269,0.9990650190947901
HAM,50,21.0,1.0,image_color_derived_proxy,8.0,0.0,0.8620689655172413,0.0,89.11599731445312,639,5216.3515625,1.0,nearest_physical_car_same_track_location_crossing_headway_le_2s,0.994120023286237,0.994120023286237,0.994120023286237,0.994120023286237,0.994120023286237,0.36262047089726096,0.6338334597458386,0.7829076256521262,1.0,1.0,1.0,1.0,1.0,0.5612468719482422,0.7213966846466064,0.8474535942077637,1.0,1.0,1.0,1.0,1.0,0.5575450424553418,0.7256187403745921,0.8513161102999672,0.998584061282948
HAM,51,24.0,1.0,image_color_derived_proxy,8.0,0.0,0.8793103448275862,0.0,89.07499623298645,665,5216.3515625,1.0,nearest_physical_car_same_track_location_crossing_headway_le_2s,0.9934100472947268,0.9934100472947268,0.9934100472947268,0.9934100472947268,0.9934100472947268,0.26402578426112494,0.6080659023551054,0.9773348715138989,0.9779960800745247,1.0,1.0,1.0,1.0,0.5424633026123047,0.8398354053497314,1.1325738430023193,0.9753129227588839,1.0,1.0,1.0,1.0,0.5435828503118926,0.8355645360560839,1.1950023941370862,0.9995217883660581
HAM,52,19.0,1.0,image_color_derived_proxy,8.0,0.0,0.896551724137931,0.0,89.74600219726562,656,5216.3515625,1.0,nearest_physical_car_same_track_location_crossing_headway_le_2s,0.9011543535753233,0.9664608844239334,0.9932030396968067,0.9932030396968067,0.9932030396968067,0.23252120278098368,0.6761379305351148,1.460603821952388,1.0,1.0,1.0,1.0,1.0,0.10503053665161133,0.6752572059631348,1.0390381813049316,1.0,1.0,1.0,1.0,1.0,0.10497089373593282,0.6688085762961239,1.0482868471961777,1.0
HAM,53,29.0,1.0,image_color_derived_proxy,8.0,0.0,0.9137931034482759,0.0,89.183498442173,663,5216.3515625,1.0,nearest_physical_car_same_track_location_crossing_headway_le_2s,0.9952345442896423,0.9952345442896423,0.9952345442896423,0.9952345442896423,0.9952345442896423,0.4621833343505859,0.7448671996593476,0.9911658269325216,1.0,1.0,1.0,1.0,1.0,0.38861680030822754,0.629492998123169,0.9193649291992188,1.0,1.0,1.0,1.0,1.0,0.38704769593732885,0.6257440974789692,0.9296835562861947,0.9987676112099242
HAM,54,23.0,1.0,image_color_derived_proxy,8.0,0.0,0.9310344827586207,0.0,88.87000274658203,653,5216.3515625,1.0,nearest_physical_car_same_track_location_crossing_headway_le_2s,0.970046159869034,0.9770226730615676,0.9785867546939404,0.9837628441533317,0.9860245341804934,0.1445996279720223,0.4298635087552269,0.8201291411565239,1.0,1.0,1.0,1.0,1.0,0.4294891357421875,0.7281980514526367,0.8562381267547607,1.0,1.0,1.0,1.0,1.0,0.42266636886616543,0.7076172814209024,0.8671843519536788,0.9942697089979984
HAM,55,32.0,0.9995221973000001,image_color_derived_proxy,8.0,0.0,0.9482758620689655,0.0,88.93499755859375,660,5216.3515625,1.0,nearest_physical_car_same_track_location_crossing_headway_le_2s,0.9944791138456078,0.9944791138456078,0.9944791138456078,0.9944791138456078,0.9944791138456078,0.5055604534243598,0.7721673425925205,1.0935388434423159,1.0,1.0,1.0,1.0,1.0,0.425642728805542,0.7033097743988037,0.9853496551513672,1.0,1.0,1.0,1.0,1.0,0.4255131683570744,0.7118378667184059,0.9574448483597409,0.9985978611055211
HAM,56,38.0,0.9708061289000001,image_color_derived_proxy,8.0,0.0,0.9655172413793104,0.0,89.76200103759766,670,5216.3515625,0.7012099154419124,nearest_physical_car_same_track_location_crossing_headway_le_2s,0.467469514789697,0.6214545648756065,0.7475435206467587,0.8980526243361295,0.9871437938233115,0.9989569935331711,1.5796604782787722,2.236352667557566,0.42975869262835537,0.565651363311641,0.7012099154419124,0.9665782001880957,1.0,0.9415037631988525,1.6867051124572754,2.133296489715576,0.37894655760570184,0.5781287491123249,0.8208596306846796,0.9032998775635269,0.9307166804714038,0.9321591134907087,1.648100282283108,2.2323727682654924,0.7566206251578047
HAM,57,139.0,0.4874189775000001,image_color_derived_proxy,8.0,0.0,0.9827586206896551,0.0,89.16200256347656,660,5216.3515625,0.9984298312552057,nearest_physical_car_same_track_location_crossing_headway_le_2s,0.0841165949337714,0.18417043738911484,0.434018948326859,0.7038873641215757,0.8600972916610691,1.5236599731445313,2.0373151239525558,2.5757427978515626,0.0,0.17293252415877888,0.9984298312552057,1.0,1.0,1.7150976657867432,1.8243463039398193,1.8957645893096924,0.09509647852650915,0.43532002713012,0.7994998049910317,0.8874296691684403,0.9398734469662029,1.5008595782728265,1.7826945623464383,2.3095638288763576,0.6808234290772084
HAM,58,235.0,0.02796188310000005,image_color_derived_proxy,8.0,0.0,1.0,0.001519756838905775,89.64900207519531,659,5216.3515625,0.04572270871796321,nearest_physical_car_same_track_location_crossing_headway_le_2s,0.04262180189497036,0.12378273527518975,0.18454188262958585,0.2929871202695738,0.4801058966190428,1.6487467839167669,2.50254123801052,3.1951392962342697,0.0,0.0,0.04572270871796321,0.356836062528201,0.9067809094339514,2.0286028385162354,2.3340907096862793,2.4962687492370605,0.00781938669027309,0.07826078973495026,0.27761607212611167,0.5164922017188412,0.7459202842583201,1.7850651594869718,2.23091118413193,3.427378389416596,0.13010671688413689
RUS,1,19.0,1.0,image_color_derived_proxy,6.0,0.0061593064843401485,0.017241379310344827,0.10302197802197802,95.79000091552734,729,5216.3515625,0.9938406935156598,nearest_physical_car_same_track_location_crossing_headway_le_2s,0.9933709157073374,0.9933709157073374,0.9933709157073374,0.9933709157073374,0.9933709157073374,0.019477733619782608,0.09574091657024936,0.6972107959969696,0.9938406935156598,0.9938406935156598,0.9938406935156598,0.9938406935156598,0.9938406935156598,0.021846771240234375,0.11060023307800293,0.37429332733154297,1.0,1.0,1.0,1.0,1.0,0.02236059732888251,0.11252357996379336,0.3719948927356421,0.9967248321766682
RUS,2,16.0,1.0,image_color_derived_proxy,6.0,0.0,0.034482758620689655,0.005805515239477504,90.76199340820312,690,5216.3515625,1.0,nearest_physical_car_same_track_location_crossing_headway_le_2s,0.9959234037191725,0.9959234037191725,0.9959234037191725,0.9959234037191725,0.9959234037191725,0.11183395753900141,0.3969289209035116,0.5411691766036184,1.0,1.0,1.0,1.0,1.0,0.4407165050506592,0.5181362628936768,0.5772571563720703,1.0,1.0,1.0,1.0,1.0,0.4490434736740345,0.515756584297899,0.5825643264582364,0.9997301221916207
RUS,3,16.0,1.0,image_color_derived_proxy,6.0,0.0,0.05172413793103448,0.0,90.20000457763672,684,5216.3515625,1.0,nearest_physical_car_same_track_location_crossing_headway_le_2s,0.9547228180630558,0.9889024192453582,0.9931152911836092,0.9953325944296119,0.9953325944296119,0.10516666289298765,0.4193092964790963,0.7463333129882813,1.0,1.0,1.0,1.0,1.0,0.25883936882019043,0.5303041934967041,0.6994583606719971,1.0,1.0,1.0,1.0,1.0,0.25918642292496236,0.5328666744718715,0.6924426008700008,0.9990749277643556
RUS,4,20.0,1.0,image_color_derived_proxy,5.0,0.0,0.06896551724137931,0.0014947683109118087,89.47000122070312,670,5216.3515625,1.0,nearest_physical_car_same_track_location_crossing_headway_le_2s,0.729663622634116,0.917346554995744,0.9921538034235617,0.9955851122684747,0.9955851122684747,0.2954782719668664,0.9880508810786878,1.717985283018407,0.6529115856622301,0.9466301390328585,1.0,1.0,1.0,0.38264989852905273,1.0666723251342773,1.6453728675842285,0.7424275680795756,0.8996311677689083,0.9338325909447351,0.9733318257029157,0.9978205019317794,0.38427751421069983,1.0388978882168605,1.7614037192159213,0.9911462920450027
RUS,5,19.0,1.0,image_color_derived_proxy,5.0,0.0,0.08620689655172414,0.0,90.11499786376953,683,5216.3515625,1.0,nearest_physical_car_same_track_location_crossing_headway_le_2s,0.9062975269583518,0.9857293129394161,0.9949176051140354,0.9949176051140354,0.9949176051140354,0.961650992566497,1.1620016611664061,1.4707742112682711,1.0,1.0,1.0,1.0,1.0,0.9046447277069092,1.070192575454712,1.1699151992797852,1.0,1.0,1.0,1.0,1.0,0.8565917702879421,1.064885953056078,1.213017005138166,0.9998703050440934
RUS,6,29.0,1.0,image_color_derived_proxy,5.0,0.0,0.10344827586206896,0.0,90.05899858474731,671,5216.3515625,1.0,nearest_physical_car_same_track_location_crossing_headway_le_2s,0.7234258462639258,0.933643486301546,0.9866531826435974,0.9965800197296083,0.9965800197296083,1.0106161493224144,1.346580909280216,1.6895588556936392,0.9728399937969181,1.0,1.0,1.0,1.0,1.0070505142211914,1.2106308937072754,1.3960330486297607,0.921629167899476,1.0,1.0,1.0,1.0,1.0145750041516084,1.1949469419024652,1.462063071205595,1.0
RUS,7,25.0,1.0,image_color_derived_proxy,5.0,0.0,0.1206896551724138,0.0,89.89200210571289,665,5216.3515625,1.0,nearest_physical_car_same_track_location_crossing_headway_le_2s,0.994726996503852,0.9953277268605826,0.9953277268605826,0.9953277268605826,0.9953277268605826,0.8144332230457162,1.1942685718378745,1.4223986283269083,0.5455435809801368,1.0,1.0,1.0,1.0,1.1639914512634277,1.488163948059082,1.6086952686309814,0.6920526802669541,0.896386786834805,0.9529769359178658,0.9772949726516189,1.0,1.149858985062758,1.4137870762426965,1.7735041245960437,1.0
RUS,8,47.0,0.9277320263000002,image_color_derived_proxy,5.0,0.0,0.13793103448275862,0.0,90.25599670410156,694,5216.3515625,0.9516154391441309,nearest_physical_car_same_track_location_crossing_headway_le_2s,0.3265711180278518,0.5651148956704182,0.8270364167750912,0.9294561984933856,0.9688109036446979,1.25466562853646,1.657977068219866,2.1401702231549202,0.3083784036461772,0.6110729267557473,0.9516154391441309,1.0,1.0,1.32399582862854,1.6938438415527344,1.9665818214416504,0.3427583529134405,0.6995212355264575,0.8371408738132113,0.8870878139488019,0.9496654447485104,1.2803684596023837,1.6282328564672168,2.2935151863816006,0.869259779330658
RUS,9,147.0,0.44913088630000003,image_color_derived_proxy,5.0,0.0,0.15517241379310345,0.0,90.33300018310547,678,5216.3515625,0.8286230798031136,nearest_physical_car_same_track_location_crossing_headway_le_2s,0.12256870745558726,0.1972480241343695,0.4839870554703509,0.7403939028562574,0.8966822496788885,1.447919616520759,2.014714396500788,2.4998846670297477,0.024442854371410038,0.25092716488598477,0.8286230798031136,0.9985830388474718,1.0,1.6104252338409424,1.812412977218628,2.0493624210357666,0.10001877513644913,0.40437058339830306,0.749714862644632,0.860493987416689,0.9227967740548729,1.4877218652946345,1.7735463927859143,2.3693509764799123,0.6599351855999742
RUS,10,239.0,0.00881783750000011,image_color_derived_proxy,5.0,0.0,0.1724137931034483,0.0,90.13399696350098,688,5216.3515625,0.0,nearest_physical_car_same_track_location_crossing_headway_le_2s,0.019016034159177467,0.0916414084145155,0.13767282847893755,0.18878564288310015,0.3442208293612773,1.8054097340519268,2.7037690706247566,3.6142911645986473,0.0,0.0,0.0,0.0,0.23401825196466924,2.4003560543060303,2.808117151260376,3.070066452026367,0.0,0.0,0.0,0.07990324354026722,0.35092191421213903,2.2746946326246076,2.6290738280922397,3.9895401591844495,0.0
RUS,11,239.0,0.00881783750000011,image_color_derived_proxy,5.0,0.0,0.1896551724137931,0.0,90.1719970703125,698,5216.3515625,0.0,nearest_physical_car_same_track_location_crossing_headway_le_2s,0.002661598791913782,0.03243799995668001,0.0808011119403768,0.1455662815305223,0.2028567063786316,2.0673550577558713,3.0065660379700745,3.98441162109375,0.0,0.0,0.0,0.0,0.012642499076065841,2.6480751037597656,2.7730374336242676,2.8796017169952393,0.0,0.0,0.005988544400958996,0.09823444389316749,0.30924231243628914,2.2544018516584883,2.6181934095492267,3.998401573529698,0.0
RUS,12,239.0,0.00881783750000011,image_color_derived_proxy,5.0,0.0,0.20689655172413793,0.0,90.2229995727539,692,5216.3515625,0.0,nearest_physical_car_same_track_location_crossing_headway_le_2s,0.02408475043652774,0.08293885381417723,0.13333630249991776,0.1866819253712399,0.2778227557011592,1.8675136260391687,2.8624956744650136,3.6534328552541493,0.0,0.0,0.0,0.0,0.0,2.8195457458496094,3.0311923027038574,3.3157753944396973,0.0,0.0,0.0,0.024916053659023742,0.09159523754558818,2.5149659524924073,2.8752936691114477,4.3985367692095405,0.0
RUS,13,240.0,0.00403182610000016,image_color_derived_proxy,5.0,0.0,0.22413793103448276,0.0,90.18899536132812,657,5216.3515625,0.17298116984563056,nearest_physical_car_same_track_location_crossing_headway_le_2s,0.02072310107254291,0.06712565217288322,0.11932721625002157,0.1780704520553322,0.2749670730731398,1.929293988992612,2.9728067275225105,3.7343291032561456,0.11253038172268047,0.1433877731394272,0.17298116984563056,0.2571489043630911,0.42173663161905356,1.401716947555542,2.5524606704711914,2.860077381134033,0.12498202390068328,0.14659225604868248,0.2468372216411595,0.34729286711762847,0.508920285051025,1.2640880012942963,2.4867873155589995,3.570790020739864,0.1716928724821663
RUS,14,239.0,0.00881783750000011,image_color_derived_proxy,6.0,0.0,0.2413793103448276,0.001447178002894356,92.21099853515625,692,5216.3515625,0.00392577368718911,nearest_physical_car_same_track_location_crossing_headway_le_2s,0.011311007191625545,0.04092789510089126,0.061825552403220844,0.11072435542615262,0.1703050768102344,2.2133255837411796,3.4095308743990382,4.927804333230724,0.00392577368718911,0.00392577368718911,0.00392577368718911,0.013154667937529166,0.07277872099603848,2.6286520957946777,3.013972043991089,3.1609129905700684,0.00392577368718911,0.00392577368718911,0.007829869902070777,0.12464892009782993,0.2509461761600757,2.2211459585800992,2.9026845458983077,4.464968836744634,0.0023191904050984258
RUS,15,75.0,0.7937237071000002,image_color_derived_proxy,13.0,0.0,0.25862068965517243,0.010817307692307692,109.58200263977051,833,5216.3515625,0.885975776627692,nearest_physical_car_same_track_location_crossing_headway_le_2s,0.3892245152515392,0.49663264823381403,0.49965321859460704,0.5035589452685364,0.5085415191209425,0.28552960847553455,1.9839588962879273,15.351266414561168,0.7506616038173011,0.8068569531551866,0.885975776627692,0.8908944634969855,0.8968169704069946,0.7958252429962158,1.2535669803619385,2.6057116985321045,0.6923490445912311,0.7842437362504965,0.8605792618807085,0.8720957784121218,0.8810570723527245,0.7895949200770082,1.2414450626622422,3.339675865986635,0.7917478768696374
RUS,16,240.0,0.00403182610000016,image_color_derived_proxy,12.0,0.0,0.27586206896551724,0.0030303030303030303,88.77900195121765,661,5216.3515625,0.005981145604913152,nearest_physical_car_same_track_location_crossing_headway_le_2s,0.022201197932283437,0.02625620967136154,0.028959551725923252,0.031662893780484966,0.041034487447183805,3.3417461742054333,6.473633684701044,9.239865243361772,0.005981145604913152,0.005981145604913152,0.005981145604913152,0.005981145604913152,0.005981145604913152,4.5922181606292725,5.622989892959595,6.696659803390503,0.005981145604913152,0.009011141972225007,0.009011141972225007,0.010948536260910071,0.010948536260910071,3.5074429326434227,5.284644674466316,12.907815082885023,0.014658939244614588
RUS,17,98.0,0.6836454449000001,image_color_derived_proxy,11.0,0.0,0.29310344827586204,0.004424778761061947,90.16500473022461,679,5216.3515625,0.8873066156108328,nearest_physical_car_same_track_location_crossing_headway_le_2s,0.5750457137490076,0.689380522642902,0.7925691240644918,0.9182830629290688,0.9443242525294342,0.7721458417044542,1.2613747217531388,2.1752887134820647,0.8732102358605217,0.8803083319389335,0.8873066156108328,0.8918649199967085,0.8940830786570523,0.17566204071044922,0.7587552070617676,3.0166873931884766,0.8803083319389335,0.8884156896525099,0.8959574164052916,0.9020684360842038,0.9066267457585743,0.1730412054875668,0.7665521092857329,2.2324000217300783,0.8669458992184715
RUS,18,27.0,1.0,image_color_derived_proxy,11.0,0.0,0.3103448275862069,0.0015015015015015015,89.98700332641602,667,5216.3515625,1.0,nearest_physical_car_same_track_location_crossing_headway_le_2s,0.9804193801250706,0.9910764917710607,0.9946325574582741,0.996521720004084,0.996521720004084,0.8256642477852958,1.125716711155667,1.318646211444207,0.9951103778863466,0.9951103778863466,1.0,1.0,1.0,0.5392065048217773,1.0347883701324463,1.1761939525604248,0.9856868419677134,0.9951103778863466,0.9977774907392268,1.0,1.0,0.5324362122087859,1.0146502248906004,1.1727940990494465,0.99737857453407
RUS,19,27.0,1.0,image_color_derived_proxy,10.0,0.0,0.3275862068965517,0.012012012012012012,90.32100296020508,667,5216.3515625,0.9399918292389497,nearest_physical_car_same_track_location_crossing_headway_le_2s,0.9326956467610763,0.9707820744579712,0.9859611657904477,0.9971545931636966,0.9971545931636966,0.08899285657065256,0.656495692890405,1.439346000178232,0.8823197967285618,0.9026805172878158,0.9399918292389497,1.0,1.0,0.24465131759643555,1.0020256042480469,1.5372278690338135,0.89782006325181,0.9136524649187534,0.9813996717251249,0.9933680247871478,0.9965788052924873,0.24426676459583388,0.9591172166845667,1.503002883446092,0.9739871702043645
RUS,20,19.0,1.0,image_color_derived_proxy,8.0,0.0,0.3448275862068966,0.015873015873015872,90.41500329971313,694,5216.3515625,0.967604920585903,nearest_physical_car_same_track_location_crossing_headway_le_2s,0.9645412663479156,0.9738317193395076,0.9852236204809871,0.9939611185365764,0.9966156060044193,0.1699481455485026,0.5730334722171632,1.2553458393002306,0.92313222986878,0.9562019232176442,0.967604920585903,0.9938063185258916,1.0,0.24953079223632812,0.7639250755310059,1.4645869731903076,0.9060996483355752,0.9390587591354341,0.9556489260906651,0.9587457859455054,0.9650500499686191,0.24550955488419787,0.7537523186598808,1.4711221757072053,0.9656113908436241
RUS,21,67.0,0.8320117983,image_color_derived_proxy,6.0,0.0,0.3620689655172414,0.010279001468428781,90.19500231742859,682,5216.3515625,0.8087920131186969,nearest_physical_car_same_track_location_crossing_headway_le_2s,0.75603963088179,0.7659070485588994,0.7806307349668644,0.7989466104012052,0.8107100630472599,0.20574736344186884,0.5502112715124826,3.777397112980067,0.8087920131186969,0.8087920131186969,0.8087920131186969,0.8087920131186969,0.8087920131186969,0.41626405715942383,0.6313199996948242,3.621853828430176,0.8087920131186969,0.8087920131186969,0.8087920131186969,0.8087920131186969,0.8087920131186969,0.4222102967961525,0.6274371673475904,3.18191680978277,0.8008889623153994
RUS,22,238.0,0.013603848900000059,image_color_derived_proxy,6.0,0.0,0.3793103448275862,0.0,89.52899932861328,675,5216.3515625,0.0,nearest_physical_car_same_track_location_crossing_headway_le_2s,0.012174827829663106,0.018217566721731065,0.03634582600644496,0.08487755805516012,0.11694544704635679,2.392597073411226,4.1126747910825285,5.714639469068878,0.0,0.0,0.0,0.0,0.0,3.767878770828247,4.049710035324097,4.229297876358032,0.0,0.0,0.0,0.0,0.0,3.073959965696764,3.7488002466685115,6.3124186984214585,0.0
RUS,23,239.0,0.00881783750000011,image_color_derived_proxy,6.0,0.0,0.39655172413793105,0.0,89.77750396728516,687,5216.3515625,0.0,nearest_physical_car_same_track_location_crossing_headway_le_2s,0.0,0.0,0.007251270616742967,0.024738901824434577,0.043217965488649625,2.887513211163388,4.80987964171097,6.702329384408346,0.0,0.0,0.0,0.0,0.0,4.258525133132935,4.589691162109375,4.712351322174072,0.0,0.0,0.0,0.0,0.0,3.3177082928073993,4.2021849687456365,7.417344497344063,0.0004276874450943602
RUS,24,239.0,0.00881783750000011,image_color_derived_proxy,6.0,0.0,0.41379310344827586,0.0015267175572519084,89.72099304199219,656,5216.3515625,0.0,nearest_physical_car_same_track_location_crossing_headway_le_2s,0.0,0.04540744784611447,0.08156405958889142,0.10747767202300018,0.13953246666003397,2.2026665581597222,3.8590843696098824,5.28542530285479,0.0,0.0,0.0,0.0,0.0,2.7393648624420166,3.8574094772338867,4.322061538696289,0.0,0.0,0.0,0.04479439043326012,0.09492768226967724,2.515618279302486,3.6044038903693747,6.243347295280459,0.014665055350952305
RUS,25,226.0,0.07103598570000016,image_color_derived_proxy,6.0,0.0,0.43103448275862066,0.0,89.44900035858154,688,5216.3515625,0.07965432784533565,nearest_physical_car_same_track_location_crossing_headway_le_2s,0.055003410396658854,0.09747443002129932,0.184294988782607,0.32365929297772805,0.4409552042599706,1.7550977782379025,2.619436257102273,3.239150085449219,0.0,0.0,0.07965432784533565,0.2317298080928886,0.31481625038681815,2.037240505218506,2.6214683055877686,2.798375368118286,0.0,0.05246565947795743,0.1604600290583387,0.2967277783804574,0.5168867116606246,1.8904594443642162,2.485837224685958,3.6290621900131064,0.09614117760517299
RUS,26,65.0,0.8415838211000001,image_color_derived_proxy,6.0,0.0,0.4482758620689655,0.0,89.56199979782104,670,5216.3515625,0.7671110745475498,nearest_physical_car_same_track_location_crossing_headway_le_2s,0.32579663848703266,0.5052477377001854,0.728735431654999,0.9382773913284775,0.9763180737127892,1.097281927811472,1.737552153174557,2.1786214760100227,0.06976174172904992,0.27905812090839155,0.7671110745475498,1.0,1.0,1.6007282733917236,1.930670976638794,2.054269790649414,0.0885643378268553,0.3509857815775628,0.7467006184960546,0.861671244870235,0.9197539235525181,1.528229035487814,1.867827603684886,2.3875887908975706,0.7371333698026243
RUS,27,32.0,0.9995221973000001,image_color_derived_proxy,6.0,0.0,0.46551724137931033,0.0,89.81299591064453,666,5216.3515625,1.0,nearest_physical_car_same_track_location_crossing_headway_le_2s,0.9757718273914076,0.9927627402964618,0.9927627402964618,0.9927627402964618,0.9927627402964618,0.8131887471900796,1.0788459039503528,1.3059241272261923,1.0,1.0,1.0,1.0,1.0,0.7476377487182617,1.0027356147766113,1.2231855392456055,0.9843007146892758,1.0,1.0,1.0,1.0,0.7141377170415981,0.9891224310415232,1.305484710452183,0.9981277822772441
RUS,28,48.0,0.9229460149000001,image_color_derived_proxy,6.0,0.0,0.4827586206896552,0.006069802731411229,89.88199996948242,660,5216.3515625,0.9270042428862338,nearest_physical_car_same_track_location_crossing_headway_le_2s,0.9959057430760307,0.9959057430760307,0.9959057430760307,0.9959057430760307,0.9959057430760307,0.2157835646241073,0.7443492907656437,0.98249397429812,0.9270042428862338,0.9270042428862338,0.9270042428862338,0.9270042428862338,0.9270042428862338,0.12239670753479004,0.6867399215698242,0.9050352573394775,0.9270042428862338,0.9270042428862338,0.9270042428862338,0.9270042428862338,0.9270042428862338,0.12209177088005288,0.6790004688814661,0.9410398709049989,0.9411141424588256
RUS,29,119.0,0.5831392055000001,image_color_derived_proxy,5.0,0.0,0.5,0.001466275659824047,88.94600009918213,683,5216.3515625,0.6190047736360528,nearest_physical_car_same_track_location_crossing_headway_le_2s,0.6463359471689347,0.6463359471689347,0.6463359471689347,0.6463359471689347,0.6463359471689347,0.3260722953152944,0.7444929931180102,14.779753820503348,0.6190047736360528,0.6190047736360528,0.6190047736360528,0.6190047736360528,0.6190047736360528,0.3188602924346924,0.7129998207092285,11.10617995262146,0.6190047736360528,0.6190047736360528,0.6190047736360528,0.6190047736360528,0.6190047736360528,0.31775395952327506,0.7084590657632751,14.49890951240291,0.6270053970537888
RUS,30,239.0,0.00881783750000011,image_color_derived_proxy,5.0,0.0,0.5172413793103449,0.0,89.14200210571289,660,5216.3515625,0.0,nearest_physical_car_same_track_location_crossing_headway_le_2s,0.0,0.0,0.0,0.0,0.0,7.065715147275373,11.445391219106464,21.098681862571024,0.0,0.0,0.0,0.0,0.0,11.036306619644165,11.377104997634888,11.707235336303711,0.0,0.0,0.0,0.0,0.0,7.487515956169051,10.424181908819003,22.528311516478368,0.0064365728340100015
RUS,31,240.0,0.00403182610000016,image_color_derived_proxy,5.0,0.0,0.5344827586206896,0.0,89.2764949798584,681,5216.3515625,0.0,nearest_physical_car_same_track_location_crossing_headway_le_2s,0.0,0.0,0.0,0.0,0.0,7.452983265118388,11.868871579563676,21.48120416135204,0.0,0.0,0.0,0.0,0.0,11.482742547988892,11.74418044090271,12.01806116104126,0.0,0.0,0.0,0.0,0.0,7.724306770471896,10.891440670239673,22.902716588520658,0.006425332098331404
RUS,32,239.0,0.00881783750000011,image_color_derived_proxy,5.0,0.0,0.5517241379310345,0.0,89.29300022125244,676,5216.3515625,0.0,nearest_physical_car_same_track_location_crossing_headway_le_2s,0.0,0.0,0.0,0.0,0.0,7.6558692116238465,11.987510000941265,22.171912417204485,0.0,0.0,0.0,0.0,0.0,11.824703454971313,11.990360736846924,12.143247365951538,0.0,0.0,0.0,0.0,0.0,7.874609675709725,11.100272869857257,23.617152205114813,0.006414091362652918
RUS,33,240.0,0.00403182610000016,image_color_derived_proxy,5.0,0.0,0.5689655172413793,0.0,89.81799697875977,695,5216.3515625,0.0,nearest_physical_car_same_track_location_crossing_headway_le_2s,0.0,0.0,0.0,0.0,0.0,8.297719531262715,12.65119818242974,24.528267485519937,0.0,0.0,0.0,0.0,0.0,12.393020868301392,12.6578049659729,13.40902853012085,0.0,0.0,0.0,0.0,0.0,8.48163138177643,11.810984120448852,25.925411929791427,0.006402850626974432
RUS,34,239.0,0.00881783750000011,image_color_derived_proxy,5.0,0.0,0.5862068965517241,0.0,89.61100387573242,673,5216.3515625,0.0,nearest_physical_car_same_track_location_crossing_headway_le_2s,0.0,0.0,0.0,0.0,0.0,9.074390189934105,13.468567657470702,26.285297557965375,0.0,0.0,0.0,0.0,0.0,13.48294997215271,13.767313480377197,14.086556196212769,0.0,0.0,0.0,0.0,0.0,9.266828615507793,12.584887319309216,27.525922732535268,0.006391609891295946
RUS,35,241.0,0.0,image_color_derived_proxy,5.0,0.0,0.603448275862069,0.0,89.53099822998047,678,5216.3515625,0.0,nearest_physical_car_same_track_location_crossing_headway_le_2s,0.0,0.0,0.0,0.0,0.0,9.736651611328126,14.094662065648322,28.308820988581733,0.0,0.0,0.0,0.0,0.0,14.495885848999023,15.023782968521118,15.523356914520264,0.0,0.0,0.0,0.0,0.0,10.388176257051178,13.671145998035161,30.078563113273535,0.00638036915561746
RUS,36,240.0,0.00403182610000016,image_color_derived_proxy,5.0,0.0,0.6206896551724138,0.0,89.50299835205078,670,5216.3515625,0.0,nearest_physical_car_same_track_location_crossing_headway_le_2s,0.0,0.0,0.0,0.0,0.0,10.601188990012886,15.050462094627298,30.2226454751795,0.0,0.0,0.0,0.0,0.0,15.410867929458618,15.936920642852783,16.215271949768066,0.0,0.0,0.0,0.0,0.0,11.02718358077352,14.521753994499834,32.43108554672565,0.006369128419938974
RUS,37,241.0,0.0,image_color_derived_proxy,5.0,0.0,0.6379310344827587,0.0,89.48299980163574,668,5216.3515625,0.0,nearest_physical_car_same_track_location_crossing_headway_le_2s,0.0,0.0,0.0,0.0,0.0,11.513088687274056,16.322820870535715,33.2255910326087,0.0,0.0,0.0,0.0,0.0,16.48188281059265,16.688098430633545,17.03687882423401,0.0,0.0,0.0,0.0,0.0,11.90100714956849,15.342176745917854,34.12449438473339,0.006357887684260488
RUS,38,239.0,0.00881783750000011,image_color_derived_proxy,5.0,0.0,0.6551724137931034,0.0,89.19900321960449,652,5216.3515625,0.0,nearest_physical_car_same_track_location_crossing_headway_le_2s,0.0,0.0,0.0,0.0,0.0,12.203752513923268,16.9023699175587,35.01321364182693,0.0,0.0,0.0,0.0,0.0,17.44415259361267,18.007971048355103,18.370728731155396,0.0,0.0,0.0,0.0,0.0,12.836788015283148,16.556132605115643,36.07809513687603,0.006346646948582002
RUS,39,240.0,0.00403182610000016,image_color_derived_proxy,5.0,0.0,0.6724137931034483,0.0,89.28199768066406,668,5216.3515625,0.0,nearest_physical_car_same_track_location_crossing_headway_le_2s,0.0,0.0,0.0,0.0,0.0,11.616162293632076,16.604320288486168,33.870774078369145,0.0,0.0,0.0,0.0,0.0,18.423202514648438,18.848252058029175,19.587817668914795,0.0,0.0,0.0,0.0,0.0,13.806958495066926,20.91855648617131,44.69213551803603,0.006335406212903516
RUS,40,239.0,0.00881783750000011,image_color_derived_proxy,4.0,0.0,0.6896551724137931,0.0015337423312883436,89.41400146484375,653,5216.3515625,0.01878900706436153,nearest_physical_car_same_track_location_crossing_headway_le_2s,0.03534121944709715,0.04054174628351374,0.04249893363056577,0.047240920543680745,0.05435390224658165,8.161875529461597,20.601798765120968,51.79222755602324,0.01118393074481948,0.014773973623152593,0.01878900706436153,0.022815218292798638,0.022815218292798638,25.764434337615967,26.536595106124878,27.330966234207153,0.007571521626202508,0.010031989376494495,0.01118393074481948,0.014773973623152593,0.022815218292798638,19.893320016573128,30.278587442431693,63.944599179476285,0.022333622269713915
RUS,41,239.0,0.00881783750000011,image_color_derived_proxy,4.0,0.0,0.7068965517241379,0.0,89.42500305175781,691,5216.3515625,0.0,nearest_physical_car_same_track_location_crossing_headway_le_2s,0.0,0.0,0.0,0.0,0.009393347765408646,3.67287633814554,5.784161372516366,9.21288111164578,0.0,0.0,0.0,0.0,0.0,5.054888725280762,5.209856033325195,5.9440014362335205,0.0,0.0,0.0,0.0,0.0,3.8406003395502104,4.908953238094555,9.57790348303375,0.003033623310278344
RUS,42,135.0,0.5065630231000001,image_color_derived_proxy,5.0,0.0,0.7241379310344828,0.0014903129657228018,90.11700439453125,672,5216.3515625,0.5348602196309188,nearest_physical_car_same_track_location_crossing_headway_le_2s,0.45763843595260884,0.47519331489755684,0.5296669877011291,0.5466670831987224,0.549962766097948,0.3564556966854047,1.8051890781947544,6.915381306956983,0.45052543148318597,0.49047348011516606,0.5348602196309188,0.5703807526294009,0.5959475240725051,0.4315361976623535,1.790804386138916,5.863893270492554,0.46699292471200027,0.4934251854244936,0.5368243545277035,0.5742091224583925,0.5910205932771049,0.43205629603358653,1.752939210276703,7.234918235563207,0.5467755628676093
RUS,43,240.0,0.00403182610000016,image_color_derived_proxy,5.0,0.0,0.7413793103448276,0.0,89.5930004119873,684,5216.3515625,0.0,nearest_physical_car_same_track_location_crossing_headway_le_2s,0.012478653749472964,0.04442312406601006,0.07128911341489234,0.10847953224155349,0.16973420278999207,2.1842035345429687,3.269532853843522,5.4824390320289,0.0,0.0,0.0,0.013293451694697764,0.11999821810766653,2.487379312515259,3.3744843006134033,4.3140528202056885,0.0,0.0,0.0,0.07709306486226472,0.2193028223833353,2.2979365776794363,3.1441940259280456,5.059610827588823,0.0
RUS,44,240.0,0.00403182610000016,image_color_derived_proxy,5.0,0.0,0.7586206896551724,0.0,88.95400160551071,657,5216.3515625,0.0,nearest_physical_car_same_track_location_crossing_headway_le_2s,0.0,0.0,0.0,0.010117562953186872,0.023416598978234462,3.5363160541066447,5.841262879373137,9.909999896110373,0.0,0.0,0.0,0.0,0.0,4.982856750488281,5.5819807052612305,6.361752271652222,0.0,0.0,0.0,0.0,0.0,3.951067646880864,5.148093728849948,9.831430402935686,0.0003321202276231894
RUS,45,240.0,0.00403182610000016,image_color_derived_proxy,5.0,0.0,0.7758620689655172,0.0,89.2550048828125,685,5216.3515625,0.0,nearest_physical_car_same_track_location_crossing_headway_le_2s,0.0,0.0,0.0,0.0,0.0,4.820979252842465,7.970929918791119,14.067327007061987,0.0,0.0,0.0,0.0,0.0,6.858522415161133,7.648031234741211,8.650480270385742,0.0,0.0,0.0,0.0,0.0,5.229909592601248,6.979236697429588,13.690203100464334,0.006267961798832489
RUS,46,239.0,0.00881783750000011,image_color_derived_proxy,5.0,0.0,0.7931034482758621,0.0,89.08099746704102,680,5216.3515625,0.0,nearest_physical_car_same_track_location_crossing_headway_le_2s,0.0,0.0,0.0,0.0,0.0,6.123154814347443,10.454152018229166,18.967302143292255,0.0,0.0,0.0,0.0,0.0,9.289994955062866,10.181595802307129,10.942259788513184,0.0,0.0,0.0,0.0,0.0,6.685538967046591,9.250327013694173,18.829248988647393,0.006256721063154003
RUS,47,239.0,0.00881783750000011,image_color_derived_proxy,5.0,0.0,0.8103448275862069,0.0,89.18499755859375,666,5216.3515625,0.0,nearest_physical_car_same_track_location_crossing_headway_le_2s,0.0,0.0,0.0,0.0,0.0,7.643436700085324,12.219063900384102,23.054968061603486,0.0,0.0,0.0,0.0,0.0,11.4304358959198,11.946476936340332,13.027997970581055,0.0,0.0,0.0,0.0,0.0,8.06264679970992,11.393197193841559,22.865248559316644,0.006245480327475517
RUS,48,239.0,0.00881783750000011,image_color_derived_proxy,5.0,0.0,0.8275862068965517,0.0,89.04399871826172,669,5216.3515625,0.0,nearest_physical_car_same_track_location_crossing_headway_le_2s,0.0,0.0,0.0,0.0,0.0,9.56073700875947,13.791356302297272,27.960251239167544,0.0,0.0,0.0,0.0,0.0,13.609959125518799,14.380067586898804,15.111413478851318,0.0,0.0,0.0,0.0,0.0,9.754797066709608,13.275533198700575,27.411458290652796,0.006234239591797031
RUS,49,239.0,0.00881783750000011,image_color_derived_proxy,5.0,0.0,0.8448275862068966,0.0,88.91100311279297,668,5216.3515625,0.0,nearest_physical_car_same_track_location_crossing_headway_le_2s,0.0,0.0,0.0,0.0,0.0,11.272182533001077,15.663016094738923,31.696177745211457,0.0,0.0,0.0,0.0,0.0,15.562918663024902,16.349624633789062,17.020416736602783,0.0,0.0,0.0,0.0,0.0,11.332296508617675,15.080142194175885,32.31011045908715,0.0062229988561185445
RUS,50,240.0,0.00403182610000016,image_color_derived_proxy,5.0,0.0,0.8620689655172413,0.0,89.20999908447266,658,5216.3515625,0.0,nearest_physical_car_same_track_location_crossing_headway_le_2s,0.0,0.0,0.0,0.0,0.0,12.076418988759684,17.29663837139423,35.91033963479665,0.0,0.0,0.0,0.0,0.0,17.382144451141357,17.992018699645996,18.80651307106018,0.0,0.0,0.0,0.0,0.0,12.918253540511735,16.604048125798887,35.98288601627891,0.0062117581204400585
RUS,51,240.0,0.00403182610000016,image_color_derived_proxy,5.0,0.0,0.8793103448275862,0.0,88.9280014038086,650,5216.3515625,0.0,nearest_physical_car_same_track_location_crossing_headway_le_2s,0.0,0.0,0.0,0.0,0.0,13.602779990748356,19.079906624977887,38.26396265841657,0.0,0.0,0.0,0.0,0.0,19.281293153762817,19.890408992767334,20.417850255966187,0.0,0.0,0.0,0.0,0.0,14.57069425028918,18.176086048983436,39.48263069204904,0.0062005173847615724
RUS,52,240.0,0.00403182610000016,image_color_derived_proxy,5.0,0.0,0.896551724137931,0.0,89.16200256347656,649,5216.3515625,0.0,nearest_physical_car_same_track_location_crossing_headway_le_2s,0.0,0.0,0.0,0.0,0.0,14.535117567978897,19.824036136348138,41.5002685546875,0.0,0.0,0.0,0.0,0.0,20.58246874809265,21.0544114112854,21.851610898971558,0.0,0.0,0.0,0.0,0.0,15.585885338041713,19.251619775579577,44.786527347038856,0.006189276649083086
RUS,53,239.0,0.00881783750000011,image_color_derived_proxy,5.0,0.0,0.9137931034482759,0.0,88.97000122070312,663,5216.3515625,0.0,nearest_physical_car_same_track_location_crossing_headway_le_2s,0.0,0.0,0.0,0.0,0.0,14.77302488149389,20.587780129482073,41.258707303469535,0.0,0.0,0.0,0.0,0.0,21.435495138168335,22.072508811950684,22.490345239639282,0.0,0.0,0.0,0.0,0.0,16.21227922125698,20.029296714003383,43.45900521826709,0.0061780359134046
RUS,54,240.0,0.00403182610000016,image_color_derived_proxy,5.0,0.0,0.9310344827586207,0.0,88.8219985961914,658,5216.3515625,0.0,nearest_physical_car_same_track_location_crossing_headway_le_2s,0.0,0.0,0.0,0.0,0.0,15.351919093276514,21.025972875125788,42.80550335427099,0.0,0.0,0.0,0.0,0.0,21.708703994750977,22.08183741569519,22.427603721618652,0.0,0.0,0.0,0.0,0.0,16.479694862932774,19.731335708803204,45.23136128930894,0.006166795177726114
RUS,55,240.0,0.00403182610000016,image_color_derived_proxy,5.0,0.0,0.9482758620689655,0.0,88.96349716186523,657,5216.3515625,0.0,nearest_physical_car_same_track_location_crossing_headway_le_2s,0.0,0.0,0.0,0.0,0.0,15.583579846398305,21.098949628836067,43.17332976632677,0.0,0.0,0.0,0.0,0.0,22.05394411087036,22.505419731140137,22.798932313919067,0.0,0.0,0.0,0.0,0.0,16.766090197992213,20.104893223862163,47.83014106549707,0.006155554442047628
RUS,56,241.0,0.0,image_color_derived_proxy,5.0,0.0,0.9655172413793104,0.0,88.9739990234375,659,5216.3515625,0.0,nearest_physical_car_same_track_location_crossing_headway_le_2s,0.0,0.0,0.0,0.0,0.0,16.627683176577673,22.772426129331684,45.540021508476435,0.0,0.0,0.0,0.0,0.0,22.950605392456055,23.599098920822144,23.938466787338257,0.0,0.0,0.0,0.0,0.0,17.664355055145318,21.201689526012245,48.226001902085834,0.006144313706369142
RUS,57,241.0,0.0,image_color_derived_proxy,5.0,0.0,0.9827586206896551,0.0,88.73799896240234,658,5216.3515625,0.0,nearest_physical_car_same_track_location_crossing_headway_le_2s,0.0,0.0,0.0,0.0,0.0,16.806796875000003,23.375719509429164,44.545628426236966,0.0,0.0,0.0,0.0,0.0,24.12534737586975,24.283451557159424,24.44637393951416,0.0,0.0,0.0,0.0,0.0,18.33179371389881,21.63691409397181,48.438865612780944,0.006133072970690656
RUS,58,240.0,0.00403182610000016,image_color_derived_proxy,5.0,0.0,1.0,0.004552352048558422,88.9739990234375,660,5216.3515625,0.0,nearest_physical_car_same_track_location_crossing_headway_le_2s,0.0,0.0,0.0,0.0,0.0,16.71410235110248,22.335802287858495,50.77376071626106,0.0,0.0,0.0,0.0,0.0,24.610838890075684,25.000349044799805,52.83488988876343,0.0,0.0,0.0,0.0,0.0,19.04027077457592,33.32909294770064,69.77890599126697,0.006121832235012059
HUL,1,20.0,1.0,image_color_derived_proxy,18.0,0.005822904626203406,0.017241379310344827,0.1012987012987013,101.3239974975586,771,5216.3515625,0.9941770953737966,nearest_physical_car_same_track_location_crossing_headway_le_2s,0.9937329753449714,0.9937329753449714,0.9937329753449714,0.9937329753449714,0.9937329753449714,0.018715299031466084,0.11353287740006048,0.3608050976769399,0.9941770953737966,0.9941770953737966,0.9941770953737966,0.9941770953737966,0.9941770953737966,0.01938629150390625,0.1652226448059082,0.5129845142364502,1.0,1.0,1.0,1.0,1.0,0.020148104667742917,0.16374927339685555,0.5120085650279634,0.9954033348322271
HUL,2,15.0,1.0,image_color_derived_proxy,18.0,0.0,0.034482758620689655,0.028735632183908046,91.9390037059784,697,5216.3515625,1.0,nearest_physical_car_same_track_location_crossing_headway_le_2s,0.9969980097460213,0.9969980097460213,0.9969980097460213,0.9969980097460213,0.9969980097460213,0.25425696741268206,0.671625011723216,0.892671080143046,1.0,1.0,1.0,1.0,1.0,0.07402920722961426,0.3039381504058838,0.8417060375213623,1.0,1.0,1.0,1.0,1.0,0.07091794388007541,0.29620407114624264,0.874831256392752,0.9984099572835692
HUL,3,15.0,1.0,image_color_derived_proxy,18.0,0.0,0.05172413793103448,0.014492753623188406,90.64800262451172,691,5216.3515625,1.0,nearest_physical_car_same_track_location_crossing_headway_le_2s,0.9962161329006267,0.9962161329006267,0.9962161329006267,0.9962161329006267,0.9962161329006267,0.376670866374728,0.8222741677064428,1.1199925095287722,1.0,1.0,1.0,1.0,1.0,0.11992931365966797,0.7741429805755615,1.0594615936279297,1.0,1.0,1.0,1.0,1.0,0.1154937750621001,0.80155040654904,1.0576980003530658,0.998246292277541
HUL,4,15.0,1.0,image_color_derived_proxy,18.0,0.0,0.06896551724137931,0.02074074074074074,90.70699691772461,676,5216.3515625,1.0,nearest_physical_car_same_track_location_crossing_headway_le_2s,0.9887329652946101,0.9926356420845145,0.9957224908261926,0.9957224908261926,0.9957224908261926,0.2199274201546946,0.47785592806541316,0.8180065757349918,1.0,1.0,1.0,1.0,1.0,0.06811404228210449,0.7437434196472168,1.066960096359253,1.0,1.0,1.0,1.0,1.0,0.06629324124738879,0.7397753140823802,0.9872384909616753,0.9986125506135648
HUL,5,15.0,1.0,image_color_derived_proxy,18.0,0.0,0.08620689655172414,0.0029154518950437317,90.9020004272461,687,5216.3515625,1.0,nearest_physical_car_same_track_location_crossing_headway_le_2s,0.9657213861301834,0.9945545752300078,0.9945545752300078,0.9945545752300078,0.9945545752300078,0.3895942088838074,0.8111594009399414,1.2335563726904049,1.0,1.0,1.0,1.0,1.0,0.18736886978149414,0.7495532035827637,1.0126216411590576,1.0,1.0,1.0,1.0,1.0,0.17995169999679128,0.7530701632797718,1.0521752817486936,0.9974034633668389
HUL,6,15.0,1.0,image_color_derived_proxy,18.0,0.0,0.10344827586206896,0.005970149253731343,90.38799667358398,671,5216.3515625,1.0,nearest_physical_car_same_track_location_crossing_headway_le_2s,0.7523787386491883,0.9030069537444727,0.9828185704577835,0.9969022435334721,0.9969022435334721,0.5538087870070553,1.1711458683013916,1.7319135929550067,0.9666659224768304,0.9967584272429864,1.0,1.0,1.0,0.23275351524353027,1.0070855617523193,1.2604427337646484,0.9697526502900167,0.9960172057252873,1.0,1.0,1.0,0.2156664748286785,0.9819585518850275,1.2955955060244035,1.0
HUL,7,15.0,1.0,image_color_derived_proxy,18.0,0.0,0.1206896551724138,0.014450867052023121,92.10499954223633,693,5216.3515625,0.9965366002819741,nearest_physical_car_same_track_location_crossing_headway_le_2s,0.9004396514465056,0.9320015551347284,0.9376472491323484,0.941838135499348,0.965865033577868,0.5864226145724373,1.0590251222694234,1.491495464919904,0.9875576796683904,0.9921828629326935,0.9965366002819741,1.0,1.0,0.060736894607543945,0.46857738494873047,1.035792589187622,0.9747353599058479,0.9948103260279151,1.0,1.0,1.0,0.05899327673144093,0.4478254492047971,1.0204331143008063,0.9767816736237753
HUL,8,239.0,0.00881783750000011,image_color_derived_proxy,20.0,0.0,0.13793103448275862,0.004819277108433735,108.6500015258789,831,5216.3515625,0.047924526141050895,nearest_physical_car_same_track_location_crossing_headway_le_2s,0.012287159140214646,0.016760237235018984,0.016760237235018984,0.021546248213692984,0.021546248213692984,7.174762344360352,14.217547342051631,44.82306870680654,0.03946617457687056,0.047924526141050895,0.047924526141050895,0.054670959642732976,0.062089274904179655,5.56213903427124,16.894601345062256,23.444324254989624,0.0421629070087065,0.047924526141050895,0.05093419337683247,0.05681546039726359,0.05681546039726359,5.384665967408883,15.91974506956526,37.16127159721853,0.04858201278701135
HUL,9,68.0,0.8272257869,image_color_derived_proxy,19.0,0.0,0.15517241379310345,0.0045662100456621,88.56900133192539,658,5216.3515625,0.9229414388033185,nearest_physical_car_same_track_location_crossing_headway_le_2s,0.8009348868838577,0.9037700377210316,0.9322110218701923,0.962842531361054,0.9651796896854637,0.13062778503634617,0.9945608666902098,1.725780527952967,0.919926837821609,0.9229414388033185,0.9229414388033185,0.9256624777110029,0.9279206073398192,0.13744688034057617,0.6667776107788086,1.1532669067382812,0.9229414388033185,0.9256624777110029,0.9299529191603403,0.9307658449653073,0.9337917357606731,0.13725816464594032,0.663101657349413,1.1194089856575582,0.9268829824806551
HUL,10,19.0,1.0,image_color_derived_proxy,19.0,0.0,0.1724137931034483,0.0,89.1349983215332,691,5216.3515625,1.0,nearest_physical_car_same_track_location_crossing_headway_le_2s,0.9940651820920428,0.9940651820920428,0.9940651820920428,0.9940651820920428,0.9940651820920428,0.7959425891655223,0.9766444068696805,1.156146713721169,1.0,1.0,1.0,1.0,1.0,0.8458108901977539,0.9353270530700684,1.0797114372253418,1.0,1.0,1.0,1.0,1.0,0.8315479769833254,0.9543355857499294,1.0848309939510346,0.9976208151645222
HUL,11,20.0,1.0,image_color_derived_proxy,19.0,0.0,0.1896551724137931,0.0,89.54499816894531,689,5216.3515625,1.0,nearest_physical_car_same_track_location_crossing_headway_le_2s,0.22556256042404763,0.4865374674731499,0.8261208760680684,0.9535764556865041,0.995454799111422,1.324900720474568,1.753178795584797,2.0758697966350077,0.23599306994164188,0.9985817309289842,1.0,1.0,1.0,1.4170536994934082,1.5744576454162598,1.6644346714019775,0.41398169807943225,0.8668937521694506,0.9494221273490774,0.9760232778118679,0.9947624326884523,1.336272587937236,1.5332914547790013,1.8123302248665538,1.0
HUL,12,39.0,0.9660201175,image_color_derived_proxy,19.0,0.0,0.20689655172413793,0.0,89.29200172424316,676,5216.3515625,1.0,nearest_physical_car_same_track_location_crossing_headway_le_2s,0.5149285641430127,0.6336066376551395,0.9024436645601357,0.9700085012648264,0.996976212812849,1.164261770783924,1.4825212513316761,1.9862992431294848,0.4983985060256148,0.5565000328422307,1.0,1.0,1.0,1.2399492263793945,1.5060393810272217,1.8337345123291016,0.5146486281826925,0.7466738376653926,0.9064641974293345,0.9432535916850948,0.9736594842755137,1.214740222759625,1.4793989316009937,1.9477930668955916,0.91985913013657
HUL,13,39.0,0.9660201175,image_color_derived_proxy,19.0,0.0,0.22413793103448276,0.0,89.56499576568604,655,5216.3515625,1.0,nearest_physical_car_same_track_location_crossing_headway_le_2s,0.9279182752235102,0.9939038683679157,0.9939038683679157,0.9939038683679157,0.9939038683679157,0.6917058187295667,1.0500795541156431,1.4299227458674735,1.0,1.0,1.0,1.0,1.0,0.9184439182281494,1.1293749809265137,1.3742115497589111,0.9697426617837773,1.0,1.0,1.0,1.0,0.8965746751572033,1.1483682626775469,1.3971564698413264,0.9956242972036208
HUL,14,48.0,0.9229460149000001,image_color_derived_proxy,18.0,0.0,0.2413793103448276,0.0029542097488921715,89.60999298095703,678,5216.3515625,0.9869545796101967,nearest_physical_car_same_track_location_crossing_headway_le_2s,0.6734405336445172,0.9484543454805263,0.996540564371542,0.996540564371542,0.996540564371542,1.0637665982143958,1.3899424730148993,1.6732929982956808,0.927675590654472,0.9869545796101967,0.9869545796101967,0.9896328524406359,0.9912956139662289,1.261244297027588,1.3447527885437012,1.4886810779571533,0.8230222061182283,0.9491686188381098,0.9869545796101967,0.9896328524406359,0.9912956139662289,1.213298860776661,1.3203671173261724,1.6205372901239616,0.9948408393140571
HUL,15,32.0,0.9995221973000001,image_color_derived_proxy,16.0,0.0,0.25862068965517243,0.005891016200294551,89.61599731445312,680,5216.3515625,0.8851879529463617,nearest_physical_car_same_track_location_crossing_headway_le_2s,0.27730537704786284,0.662906226989797,0.9413721015045741,0.9771245669085517,0.9956257810938318,1.1798443469345952,1.6427812300572342,1.952710570205881,0.010054008769513206,0.40930185820279125,0.8851879529463617,0.9471188514843334,0.9635221864329481,1.6104042530059814,1.7918312549591064,2.03957200050354,0.055068304360289005,0.5226522305972137,0.7461725284855086,0.8677803233345093,0.9232392065360491,1.5392985289151537,1.730762798176748,2.39222052602081,0.8441930362225617
HUL,16,32.0,0.9995221973000001,image_color_derived_proxy,14.0,0.0,0.27586206896551724,0.0045045045045045045,89.33300113677979,667,5216.3515625,0.9923880333170777,nearest_physical_car_same_track_location_crossing_headway_le_2s,0.8295814227260289,0.9664737678822739,0.9930037053267353,0.9930037053267353,0.9930037053267353,0.9337226227791078,1.3189448705212823,1.5451149776064117,0.7904357856970974,0.966317035551577,0.9923880333170777,0.9961940139896642,1.0,1.2698001861572266,1.4133062362670898,1.6314303874969482,0.7505960798011018,0.9041675448598591,0.9729103515088285,0.9894775721708801,0.9923880333170777,1.238331381349926,1.39444865286968,1.7208947017271117,0.9961161740075044
HUL,17,39.0,0.9660201175,image_color_derived_proxy,13.0,0.0,0.29310344827586204,0.0029806259314456036,89.27399826049805,672,5216.3515625,0.9976476909039719,nearest_physical_car_same_track_location_crossing_headway_le_2s,0.9511279866444999,0.9933575331106833,0.9943768624231887,0.9943768624231887,0.9943768624231887,0.8631596797654609,1.1849725822783812,1.3855753063842209,0.9647153849246857,0.9928422614488458,0.9976476909039719,1.0,1.0,1.1503195762634277,1.280083417892456,1.4233207702636719,0.9154289645831883,0.9709882234241662,0.9922709851618041,0.9949593407035265,0.9976476909039719,1.1195388607095509,1.2745024716824656,1.4786680872860856,0.9944493854557762
HUL,18,25.0,1.0,image_color_derived_proxy,13.0,0.0,0.3103448275862069,0.0015105740181268882,89.73099899291992,663,5216.3515625,0.9985512134092535,nearest_physical_car_same_track_location_crossing_headway_le_2s,0.9942160457408696,0.9942160457408696,0.9942160457408696,0.9942160457408696,0.9942160457408696,0.6618406274816493,0.9688952352481193,1.1293545041387894,0.9985512134092535,0.9985512134092535,0.9985512134092535,0.9985512134092535,0.9985512134092535,0.8662638664245605,1.0191471576690674,1.1031980514526367,0.9985512134092535,0.9985512134092535,0.9985512134092535,0.9985512134092535,0.9985512134092535,0.8517714557764285,1.0069525239626258,1.134396791540455,0.99716761316758
HUL,19,15.0,1.0,image_color_derived_proxy,12.0,0.0,0.3275862068965517,0.0015082956259426848,89.86600112915039,664,5216.3515625,0.9963501212367454,nearest_physical_car_same_track_location_crossing_headway_le_2s,0.9955711837969138,0.9955711837969138,0.9955711837969138,0.9955711837969138,0.9955711837969138,0.44799380095108693,0.6946558184956395,0.9034942037810689,0.9929005407670561,0.9955711837969138,0.9963501212367454,0.9986869338878708,1.0,0.7140302658081055,0.8690776824951172,1.041813611984253,0.9929005407670561,0.9955711837969138,0.9963501212367454,0.9986869338878708,1.0,0.7327579989192975,0.8547419899657219,1.0469098749470593,0.9960337896415752
HUL,20,14.0,1.0,image_color_derived_proxy,11.0,0.0,0.3448275862068966,0.014347202295552367,90.61400032043457,698,5216.3515625,0.993819940177023,nearest_physical_car_same_track_location_crossing_headway_le_2s,0.9949014499882577,0.9949014499882577,0.9949014499882577,0.9949014499882577,0.9949014499882577,0.33912976097514613,0.5554748849383332,0.9084545749050754,0.9923852820228614,0.993819940177023,0.993819940177023,0.9959167470341154,0.9959167470341154,0.7439100742340088,0.8658003807067871,1.0290992259979248,0.991171342734155,0.9923852820228614,0.9923852820228614,0.993819940177023,0.993819940177023,0.7312212818720606,0.8457417602497407,1.0400061857461,0.9932440996136618
HUL,21,14.0,1.0,image_color_derived_proxy,10.0,0.0,0.3620689655172414,0.011560693641618497,91.83600234985352,693,5216.3515625,1.0,nearest_physical_car_same_track_location_crossing_headway_le_2s,0.9937061719339874,0.9937061719339874,0.9937061719339874,0.9937061719339874,0.9937061719339874,0.13838929492730176,0.7084910705742281,0.8475081117099431,1.0,1.0,1.0,1.0,1.0,0.5099935531616211,0.7956051826477051,1.1259849071502686,1.0,1.0,1.0,1.0,1.0,0.5029572996414258,0.7973891909869294,1.099645039928028,0.9985744210584369
HUL,22,15.0,1.0,image_color_derived_proxy,10.0,0.0,0.3793103448275862,0.008746355685131196,90.86199951171875,687,5216.3515625,1.0,nearest_physical_car_same_track_location_crossing_headway_le_2s,0.993924853193435,0.993924853193435,0.993924853193435,0.993924853193435,0.993924853193435,0.2515271386434866,0.5572574821061003,0.6867819421811817,1.0,1.0,1.0,1.0,1.0,0.38921403884887695,0.57069993019104,0.7402627468109131,1.0,1.0,1.0,1.0,1.0,0.38450567028422133,0.5603653875956396,0.7440071049584925,0.9986058115013217
HUL,23,24.0,1.0,image_color_derived_proxy,11.0,0.0,0.39655172413793105,0.008683068017366137,91.03799724578857,692,5216.3515625,1.0,nearest_physical_car_same_track_location_crossing_headway_le_2s,0.9962543113752709,0.9962543113752709,0.9962543113752709,0.9962543113752709,0.9962543113752709,0.3170659701455242,0.6163445030862271,0.7572357263372029,1.0,1.0,1.0,1.0,1.0,0.33908891677856445,0.6762278079986572,0.8873069286346436,1.0,1.0,1.0,1.0,1.0,0.337292631868898,0.6715730621565787,0.8819323520386538,0.9989212195178201
HUL,24,14.0,1.0,image_color_derived_proxy,12.0,0.0,0.41379310344827586,0.0014903129657228018,91.40400314331055,672,5216.3515625,1.0,nearest_physical_car_same_track_location_crossing_headway_le_2s,0.9902301877777612,0.996138024888641,0.996138024888641,0.996138024888641,0.996138024888641,0.30357068845738916,0.6869844821801664,0.9353493413102065,1.0,1.0,1.0,1.0,1.0,0.46820902824401855,0.7475113868713379,0.9255709648132324,0.9970351417976479,1.0,1.0,1.0,1.0,0.4605984659027349,0.7545604217172852,0.9068906978400572,0.9985801954090083
HUL,25,15.0,1.0,image_color_derived_proxy,12.0,0.0,0.43103448275862066,0.0,90.24199914932251,688,5216.3515625,1.0,nearest_physical_car_same_track_location_crossing_headway_le_2s,0.9955674740172966,0.9955674740172966,0.9955674740172966,0.9955674740172966,0.9955674740172966,0.47566952574160626,0.7647272364978485,1.0268157457050524,1.0,1.0,1.0,1.0,1.0,0.5972743034362793,0.8726534843444824,0.9726300239562988,1.0,1.0,1.0,1.0,1.0,0.592237460814938,0.8544644085501726,0.9740683901890843,0.9986373700930395
HUL,26,14.0,1.0,image_color_derived_proxy,12.0,0.0,0.4482758620689655,0.005908419497784343,90.11000061035156,678,5216.3515625,1.0,nearest_physical_car_same_track_location_crossing_headway_le_2s,0.9941515924265454,0.9941515924265454,0.9941515924265454,0.9941515924265454,0.9941515924265454,0.19076871288066008,0.7377473094132123,0.9139587829688062,1.0,1.0,1.0,1.0,1.0,0.4748871326446533,0.752220869064331,0.9554347991943359,1.0,1.0,1.0,1.0,1.0,0.47310763626506,0.7625181366723159,0.9379802385682047,0.9983501079869332
HUL,27,19.0,1.0,image_color_derived_proxy,12.0,0.0,0.46551724137931033,0.01355421686746988,90.48399925231934,665,5216.3515625,1.0,nearest_physical_car_same_track_location_crossing_headway_le_2s,0.9965850317403102,0.9965850317403102,0.9965850317403102,0.9965850317403102,0.9965850317403102,0.3567279968261719,0.8022266845703125,1.1369407653808594,0.9939547646563768,1.0,1.0,1.0,1.0,0.15397930145263672,0.7377455234527588,1.0460708141326904,1.0,1.0,1.0,1.0,1.0,0.15152110063983432,0.729803961508136,1.0325021012736373,0.9992902579545594
HUL,28,14.0,1.0,image_color_derived_proxy,12.0,0.0,0.4827586206896552,0.011940298507462687,90.70699691772461,671,5216.3515625,1.0,nearest_physical_car_same_track_location_crossing_headway_le_2s,0.9965162553575645,0.9965162553575645,0.9965162553575645,0.9965162553575645,0.9965162553575645,0.25801602729254053,0.5897824739155016,0.80518036782861,1.0,1.0,1.0,1.0,1.0,0.3906130790710449,0.6311061382293701,0.8018615245819092,1.0,1.0,1.0,1.0,1.0,0.3758077008554863,0.6165915049511915,0.7904561827259305,0.9987886096282061
HUL,29,15.0,1.0,image_color_derived_proxy,12.0,0.0,0.5,0.011527377521613832,90.70099818706512,695,5216.3515625,1.0,nearest_physical_car_same_track_location_crossing_headway_le_2s,0.9695593105748691,0.9813783491479671,0.9864058713456589,0.9913893168207757,0.9952260945818779,0.2515263524840918,0.6349996058642348,1.0857896949861936,1.0,1.0,1.0,1.0,1.0,0.5700297355651855,0.7966928482055664,1.1237521171569824,1.0,1.0,1.0,1.0,1.0,0.5639122014090985,0.7943214736860262,1.114105537142028,0.9955388423569888
HUL,30,15.0,1.0,image_color_derived_proxy,12.0,0.0,0.5172413793103449,0.01775147928994083,90.6459971666336,677,5216.3515625,1.0,nearest_physical_car_same_track_location_crossing_headway_le_2s,0.9431304230679112,0.9981466363326977,0.9981466363326977,0.9981466363326977,0.9981466363326977,0.6215738827420264,0.901978235659392,1.3861653351586711,1.0,1.0,1.0,1.0,1.0,0.11097383499145508,0.8006665706634521,0.9268536567687988,1.0,1.0,1.0,1.0,1.0,0.11154470848046269,0.8059034024815673,0.9186665108484997,0.9981367297126278
HUL,31,20.0,1.0,image_color_derived_proxy,13.0,0.0,0.5344827586206896,0.008645533141210375,91.85700130462646,695,5216.3515625,1.0,nearest_physical_car_same_track_location_crossing_headway_le_2s,0.8519981761758918,0.9359766233463668,0.9676779752087871,0.9700730155168582,0.9739921572832837,0.23515523212899656,0.5742044855413074,1.6013635599174871,0.9531119114997058,0.9857713708483847,1.0,1.0,1.0,0.16025400161743164,0.4679262638092041,0.7992162704467773,0.9343762610109712,0.9509999304706576,0.9941212873503618,1.0,1.0,0.15790548972539006,0.46163655153617955,0.8178647124382064,0.9958807292800131
HUL,32,28.0,1.0,image_color_derived_proxy,11.0,0.0,0.5517241379310345,0.020172910662824207,90.27799987792969,695,5216.3515625,0.9915704818646592,nearest_physical_car_same_track_location_crossing_headway_le_2s,0.9804492730839933,0.991515098098584,0.991515098098584,0.991515098098584,0.991515098098584,0.37993965161968113,0.7297740681966146,1.0248337447626714,0.899510391530221,0.9690068166723542,0.9915704818646592,0.9915704818646592,0.9915704818646592,0.49642276763916016,0.8520498275756836,1.512826919555664,0.9022243036861237,0.979031478383016,0.9915704818646592,0.9915704818646592,0.9915704818646592,0.4973598114423228,0.8485599236398937,1.4751736194382268,0.9927376504234559
HUL,33,33.0,0.9947361859,image_color_derived_proxy,11.0,0.0,0.5689655172413793,0.004267425320056899,91.03299713134766,704,5216.3515625,0.9807432466081719,nearest_physical_car_same_track_location_crossing_headway_le_2s,0.6833016114103422,0.8301824311673679,0.9611020526412148,0.9816660007945522,0.9941230098636199,0.4128106698481994,1.240868919635641,1.8287943089261967,0.6461173501872337,0.8588753711682894,0.9807432466081719,0.9807432466081719,0.9807432466081719,0.3679347038269043,1.350024938583374,1.845041036605835,0.6535871671741169,0.830215407924451,0.9484252644918628,0.9690991230557753,0.9807432466081719,0.3713323303846988,1.3402801429346973,1.8715983806663883,0.9799129753221945
HUL,34,36.0,0.9803781517,image_color_derived_proxy,11.0,0.0,0.5862068965517241,0.0,90.19000482559204,667,5216.3515625,1.0,nearest_physical_car_same_track_location_crossing_headway_le_2s,0.9372215067462303,0.9948109549870875,0.9948109549870875,0.9948109549870875,0.9948109549870875,0.7760567268559989,1.1303108258237975,1.4129053186487268,0.9985918474469696,1.0,1.0,1.0,1.0,0.9194583892822266,1.1305201053619385,1.4070403575897217,0.9506818070466144,0.9845326913357636,1.0,1.0,1.0,0.9025494216270182,1.1295132875447242,1.347991318015909,0.9975146139256135
HUL,35,69.0,0.8224397755000001,image_color_derived_proxy,11.0,0.0,0.603448275862069,0.0,89.73699951171875,681,5216.3515625,0.9799525727239771,nearest_physical_car_same_track_location_crossing_headway_le_2s,0.2687632423179784,0.5934229057524659,0.9437801002893171,0.9907396202964451,0.9954868114223141,1.1203294571997597,1.7083733331491588,1.9201170901034743,0.0,0.09321684805009485,0.9799525727239771,1.0,1.0,1.753840684890747,1.8929266929626465,1.9538228511810303,0.03318584611573126,0.36648213840272853,0.7946110928720674,0.8624647891754537,0.9115081583008615,1.6008778821948053,1.801618325478735,2.3723900189398406,0.8542898312512052
HUL,36,70.0,0.8176537641000001,image_color_derived_proxy,11.0,0.0,0.6206896551724138,0.0,89.50900340080261,666,5216.3515625,0.9836999678428329,nearest_physical_car_same_track_location_crossing_headway_le_2s,0.29823816989917357,0.6326626419638829,0.9192706656705129,0.9865935257192118,0.9973745657925419,1.074896531008295,1.6863212432388555,1.9417104419909026,0.0,0.10481631375303146,0.9836999678428329,1.0,1.0,1.74589204788208,1.8479571342468262,1.9219229221343994,0.04296773081939598,0.39088821115036204,0.7852617379966076,0.8736327294057693,0.9269347141958157,1.6079997047906744,1.782659080725356,2.3541641813679015,0.831735126888913
HUL,37,56.0,0.8846579237000001,image_color_derived_proxy,11.0,0.0,0.6379310344827587,0.0,89.55799674987793,669,5216.3515625,0.3619218760552175,nearest_physical_car_same_track_location_crossing_headway_le_2s,0.3678620550164828,0.7308670427723127,0.9415685855267677,0.9963040709679689,0.9963040709679689,1.0378407796223958,1.6349618870537537,1.867989328169003,0.0,0.047343623716655875,0.3619218760552175,0.5522454942938737,0.7751736410790068,1.8632824420928955,2.1670944690704346,2.759225606918335,0.0,0.09007570475669867,0.3518725237962292,0.6209383996735711,0.7318830784469192,1.7652619122233344,2.156069948601793,3.0051199072892025,0.49864755252975757
HUL,38,49.0,0.9181600035000002,image_color_derived_proxy,11.0,0.0,0.6551724137931034,0.0,89.82900190353394,649,5216.3515625,1.0,nearest_physical_car_same_track_location_crossing_headway_le_2s,0.22089748024672295,0.5212682166306055,0.8728472604126895,0.9680726671010995,0.9912166454262186,1.2333617662321203,1.7372944042147949,2.048716994951356,0.06651532912605373,0.8249896617338642,1.0,1.0,1.0,1.5258219242095947,1.6675326824188232,1.7795145511627197,0.23397785592044074,0.7548787929166637,0.8607577720423504,0.9407207166644325,0.9801289137184337,1.3811690620183876,1.6315357328191527,2.1052287669864063,0.9774949741180636
HUL,39,20.0,1.0,image_color_derived_proxy,11.0,0.0,0.6724137931034483,0.0,89.9469985961914,669,5216.3515625,1.0,nearest_physical_car_same_track_location_crossing_headway_le_2s,0.9326603429181631,0.9962644668447639,0.9962644668447639,0.9962644668447639,0.9962644668447639,0.8236341336878334,1.2154900557158008,1.459403296298668,0.9948858873375221,1.0,1.0,1.0,1.0,0.9929096698760986,1.2384395599365234,1.4012267589569092,0.8898351057459188,0.9520050433719469,0.9940520544791723,1.0,1.0,0.9375293974335521,1.2145266990163681,1.535703953632721,0.9961134946135184
HUL,40,42.0,0.9516620833,image_color_derived_proxy,11.0,0.0,0.6896551724137931,0.0,90.09499910473824,678,5216.3515625,0.9709528340025965,nearest_physical_car_same_track_location_crossing_headway_le_2s,0.7720073110008088,0.9809756417487596,0.9974027415538862,0.9974027415538862,0.9974027415538862,0.9200299987792968,1.3207450366352325,1.6026580725962638,0.31624395079627293,0.7187302308110155,0.9709528340025965,1.0,1.0,1.2558143138885498,1.6627962589263916,1.8597664833068848,0.3736167553108547,0.7183750759080574,0.86887188135493,0.9276209719834214,0.9749597586856497,1.2337807203640114,1.5876687199894384,2.1044579678530635,0.9273825089961155
HUL,41,28.0,1.0,image_color_derived_proxy,11.0,0.0,0.7068965517241379,0.0042796005706134095,90.34700012207031,702,5216.3515625,0.9446025075912252,nearest_physical_car_same_track_location_crossing_headway_le_2s,0.8504765009590471,0.9681782593332084,0.9934142801885363,0.9934142801885363,0.9934142801885363,0.9003389584816109,1.257361057826451,1.5654071922073822,0.7159950563935267,0.8888728911644878,0.9446025075912252,1.0,1.0,1.102069616317749,1.389794111251831,1.8096706867218018,0.723289117968796,0.8614120278379546,0.9371202170721372,0.9539995568301942,0.962644028075753,1.077865437357383,1.3615658999923757,1.8347074437758162,0.9614356723187035
HUL,42,15.0,1.0,image_color_derived_proxy,13.0,0.0,0.7241379310344828,0.017595307917888565,92.29499530792236,683,5216.3515625,0.9813207745697831,nearest_physical_car_same_track_location_crossing_headway_le_2s,0.9424454449982841,0.9684490383445085,0.9727287263246167,0.9729887019139835,0.977062630994606,0.2649664005772787,0.6391240753396584,0.895247804518714,0.975036557000676,0.9771710847172513,0.9813207745697831,0.9889376460225073,1.0,0.17358112335205078,0.47542619705200195,0.8104016780853271,0.9719595041108227,0.9771710847172513,0.9882659253105218,1.0,1.0,0.17849955616705526,0.4783021685327867,0.8103055970508848,0.9829256843148761
HUL,43,241.0,0.0,image_color_derived_proxy,18.0,0.0,0.7413793103448276,0.012484394506866416,107.43299674987793,802,5216.3515625,0.07533998477536887,nearest_physical_car_same_track_location_crossing_headway_le_2s,0.01690356108549912,0.02376365073069228,0.02584867545052287,0.07594501690529874,0.0852531346807826,2.877208998256864,6.916107940673829,12.954386312654703,0.06699060063579,0.06907561204023781,0.07533998477536887,0.09811697673843463,0.11239562981325567,2.275691509246826,7.071106910705566,7.468753099441528,0.06512896809280985,0.06979233471051674,0.07221244991485345,0.11018961708705194,0.13122597339043254,2.165415415577898,6.106218234099317,12.909055908890398,0.061679781752698726
HUL,44,239.0,0.00881783750000011,image_color_derived_proxy,18.0,0.0,0.7586206896551724,0.0015151515151515152,87.29499816894531,661,5216.3515625,0.0,nearest_physical_car_same_track_location_crossing_headway_le_2s,0.0,0.002749273942420553,0.025201910866435993,0.053920667230091424,0.07380721609029246,2.663115516075721,4.686490252069237,7.06888790466042,0.0,0.0,0.0,0.0,0.0,3.7590625286102295,4.86106276512146,5.607227802276611,0.0,0.0,0.0,0.0,0.0,3.1948732983633055,4.54665452472197,8.648922461141836,0.0030199331193458967
HUL,45,202.0,0.1859002593000001,image_color_derived_proxy,18.0,0.0,0.7758620689655172,0.0,87.69699811935425,677,5216.3515625,0.21631299988225472,nearest_physical_car_same_track_location_crossing_headway_le_2s,0.2078976723541911,0.3088360596493137,0.37392387368580854,0.5615699348719824,0.6202492595245706,1.1680295817057291,2.1684511457992355,3.342253230923019,0.11776908041253101,0.1599826516680207,0.21631299988225472,0.5490609452731247,0.5632005590006,1.4482622146606445,2.1395063400268555,3.181663990020752,0.13014121523744246,0.19534310437107444,0.3703091176859437,0.49786193199552825,0.5750709591418399,1.4246256353603903,2.2514052716710635,3.7667549582227196,0.3133586615174237
HUL,46,144.0,0.4634889205,image_color_derived_proxy,17.0,0.0,0.7931034482758621,0.0015360983102918587,87.17300415039062,652,5216.3515625,0.43652277186822264,nearest_physical_car_same_track_location_crossing_headway_le_2s,0.41984326925454274,0.43842703566675917,0.4643409210888776,0.47979299767951256,0.5061888565760235,0.5234907242445255,2.453929512155615,5.029215842395572,0.43652277186822264,0.43652277186822264,0.43652277186822264,0.43652277186822264,0.43652277186822264,0.5534722805023193,3.511887788772583,4.4188232421875,0.43652277186822264,0.43652277186822264,0.43652277186822264,0.43652277186822264,0.44477075846713704,0.5502871210268278,2.9442308117001876,5.409794976507236,0.436140475543228
HUL,47,225.0,0.07582199710000012,image_color_derived_proxy,17.0,0.0,0.8103448275862069,0.0014947683109118087,87.66300201416016,670,5216.3515625,0.07184335472989291,nearest_physical_car_same_track_location_crossing_headway_le_2s,0.057720972675327116,0.09687093266284688,0.16382047168165123,0.2423370878486079,0.32716190596479683,1.7656249687535066,3.0438810239279324,3.9509547626474593,0.024833760002576116,0.05906712392728912,0.07184335472989291,0.1432531212563092,0.23567529273948634,2.1395087242126465,3.078070640563965,3.4461913108825684,0.03150703231850892,0.045640684881374634,0.10862063338516026,0.22130204396542608,0.33783914330211967,1.960957605415242,2.8585695995758225,4.750166614519459,0.09096353123463669
HUL,48,36.0,0.9803781517,image_color_derived_proxy,17.0,0.0,0.8275862068965517,0.0,87.96900177001953,646,5216.3515625,1.0,nearest_physical_car_same_track_location_crossing_headway_le_2s,0.7642237742332727,0.8947356504481724,0.9665450313383733,0.9947481498811866,0.9947481498811866,0.5886573791503906,1.2272785673205486,1.752012635325101,0.6571291937320131,0.7787629789858401,1.0,1.0,1.0,1.074206829071045,1.4679903984069824,1.8566057682037354,0.6193317582333047,0.7883345487569982,0.9213813931378728,0.962702745091118,0.9895417724497937,1.0931004386623022,1.432094587154397,1.8515110352014523,0.948879101004758
HUL,49,36.0,0.9803781517,image_color_derived_proxy,17.0,0.0,0.8448275862068966,0.002976190476190476,89.15900421142578,673,5216.3515625,1.0,nearest_physical_car_same_track_location_crossing_headway_le_2s,0.8657342358233382,0.9383909112030944,0.9933713844071138,0.995614576384283,0.995614576384283,0.22231692739633413,0.5486590017070923,1.7026339779260025,0.9177087960388316,0.9948294358608994,1.0,1.0,1.0,0.22487163543701172,0.5812745094299316,1.4638123512268066,0.9241691238993796,0.97982252474682,0.9856772262853547,0.9912852276209415,1.0,0.2252018154309998,0.5855849875952356,1.3721469588897486,1.0
HUL,50,29.0,1.0,image_color_derived_proxy,16.0,0.0,0.8620689655172413,0.0015748031496062992,88.11599731445312,636,5216.3515625,1.0,nearest_physical_car_same_track_location_crossing_headway_le_2s,0.9966975348693541,0.9966975348693541,0.9966975348693541,0.9966975348693541,0.9966975348693541,0.26155261071209035,0.40821402292849834,0.5984140638878065,1.0,1.0,1.0,1.0,1.0,0.35999226570129395,0.4867541790008545,0.6426517963409424,1.0,1.0,1.0,1.0,1.0,0.36161693492840175,0.48737780229590627,0.6379779192463403,0.9980667680261084
HUL,51,117.0,0.5927112283000001,image_color_derived_proxy,15.0,0.0,0.8793103448275862,0.004518072289156626,88.36500549316406,665,5216.3515625,0.6481524891086978,nearest_physical_car_same_track_location_crossing_headway_le_2s,0.5866688979840946,0.5866688979840946,0.5866688979840946,0.6025236016503653,0.6158886181438089,0.0856000019953801,0.4940507308135446,4.455432223445626,0.6481524891086978,0.6481524891086978,0.6481524891086978,0.6481524891086978,0.6481524891086978,0.31255578994750977,0.6355206966400146,3.2091963291168213,0.6481524891086978,0.6481524891086978,0.6481524891086978,0.6666778476379831,0.7440163240454429,0.31409182157666954,0.6220848794048978,3.173500514205301,0.6255829087084263
HUL,52,176.0,0.31033655570000007,image_color_derived_proxy,15.0,0.0,0.896551724137931,0.0,87.88099670410156,636,5216.3515625,0.4939520284253362,nearest_physical_car_same_track_location_crossing_headway_le_2s,0.03390948730668238,0.0944004239006044,0.21699802584710234,0.4122847594068031,0.6792480977516808,1.7516326203653192,2.2927071373228776,2.939511901374877,0.07497635591676796,0.2672818411183586,0.4939520284253362,0.7741149898539232,0.8977025738409885,1.552140235900879,2.0080761909484863,2.5004873275756836,0.08365855703984239,0.350838043195357,0.5938370809371651,0.7292816984377977,0.8705066895674682,1.525096782045417,1.9166964161234092,2.732611202076772,0.39459520034344997
HUL,53,38.0,0.9708061289000001,image_color_derived_proxy,15.0,0.0,0.9137931034482759,0.0060882800608828,88.54900360107422,658,5216.3515625,1.0,nearest_physical_car_same_track_location_crossing_headway_le_2s,0.9678144476230356,0.9940372000173182,0.9940372000173182,0.9940372000173182,0.9940372000173182,0.46158036694600474,0.9216666481711648,1.3245061134805485,1.0,1.0,1.0,1.0,1.0,0.09649848937988281,0.7456297874450684,1.3996329307556152,0.9310776770278543,0.9895989202411277,1.0,1.0,1.0,0.0939598508606564,0.7347339495687523,1.4282856452466344,0.9961691162975694
HUL,54,20.0,1.0,image_color_derived_proxy,14.0,0.0,0.9310344827586207,0.004665629860031105,88.51799774169922,644,5216.3515625,1.0,nearest_physical_car_same_track_location_crossing_headway_le_2s,0.9955037392161904,0.9955037392161904,0.9955037392161904,0.9955037392161904,0.9955037392161904,0.21124531511426442,0.441634185624716,0.7812363572554155,1.0,1.0,1.0,1.0,1.0,0.20720458030700684,0.41781020164489746,0.8105182647705078,1.0,1.0,1.0,1.0,1.0,0.20669958268259023,0.4171215246996353,0.9063909868519303,0.9980440212473163
HUL,55,43.0,0.9468760719000001,image_color_derived_proxy,13.0,0.0,0.9482758620689655,0.0014970059880239522,88.17399978637695,669,5216.3515625,0.9208269907548514,nearest_physical_car_same_track_location_crossing_headway_le_2s,0.6550003081157388,0.7479982528931785,0.8981672933804787,0.9673486675826226,0.9965976363480419,0.24003827039880948,1.01901266677901,1.993034521191765,0.6028194469350879,0.6924263285669446,0.9208269907548514,1.0,1.0,0.29514527320861816,1.0984559059143066,1.9808294773101807,0.6189465735150362,0.7885997555191518,0.8648127554021247,0.9292308630788276,0.9466962529881413,0.29111838988495525,1.1308737174137793,2.0680896679274805,0.881670817090793
HUL,56,14.0,1.0,image_color_derived_proxy,13.0,0.0,0.9655172413793104,0.015128593040847202,89.19400024414062,662,5216.3515625,1.0,nearest_physical_car_same_track_location_crossing_headway_le_2s,0.9140188299782411,0.9631253694934648,0.9949772404802787,0.9949772404802787,0.9949772404802787,0.14847742265270603,0.6793965675090922,1.4480091992928341,1.0,1.0,1.0,1.0,1.0,0.054558753967285156,0.42547059059143066,0.831068754196167,1.0,1.0,1.0,1.0,1.0,0.055630648899759265,0.42243844570902145,0.8399832399718195,1.0
HUL,57,15.0,1.0,image_color_derived_proxy,12.0,0.0,0.9827586206896551,0.01524390243902439,89.31099700927734,657,5216.3515625,0.7064191613124394,nearest_physical_car_same_track_location_crossing_headway_le_2s,0.9718623591645594,0.9718623591645594,0.9718623591645594,0.9718623591645594,0.9718623591645594,0.16631764916812672,0.3467327113271895,0.6290544003856425,0.7064191613124394,0.7064191613124394,0.7064191613124394,0.7064191613124394,0.7064191613124394,0.06894373893737793,0.36405181884765625,5.371022939682007,0.7064191613124394,0.7064191613124394,0.7064191613124394,0.7064191613124394,0.7064191613124394,0.069346734302212,0.3663801854049379,4.456612054789612,0.7590987455399673
HUL,58,157.0,0.40127077230000013,image_color_derived_proxy,11.0,0.0,1.0,0.007763975155279503,88.23800086975098,645,5216.3515625,0.4402071456942369,nearest_physical_car_same_track_location_crossing_headway_le_2s,0.41159136591217976,0.41159136591217976,0.41726918551082554,0.43676184824518977,0.45532532754926414,0.31612144547396837,2.834864044189453,6.598018798828125,0.4402071456942369,0.4402071456942369,0.4402071456942369,0.4402071456942369,0.4402071456942369,0.2955169677734375,3.6231324672698975,5.469827175140381,0.4402071456942369,0.4402071456942369,0.4402071456942369,0.4402071456942369,0.44313109265949197,0.29605387886730855,3.2409255105079735,8.08299221704513,0.43022072284123414
ALB,1,15.0,1.0,image_color_derived_proxy,15.0,0.02228904349623359,0.017241379310344827,0.12746386333771353,100.09400177001953,762,5216.3515625,0.9777109565037664,nearest_physical_car_same_track_location_crossing_headway_le_2s,0.938088193754368,0.938088193754368,0.938088193754368,0.9396866914005473,0.9396866914005473,0.010050046327050253,0.1089928491726312,0.4024395743569175,0.9777109565037664,0.9777109565037664,0.9777109565037664,0.9777109565037664,0.9777109565037664,0.014066219329833984,0.0896308422088623,0.409212589263916,0.9813175665388241,0.9813175665388241,0.9813175665388241,0.9813175665388241,0.9813175665388241,0.015267584213144537,0.09565681069179975,0.4425789939279252,0.9679183380614663
ALB,2,15.0,1.0,image_color_derived_proxy,15.0,0.0,0.034482758620689655,0.014367816091954023,91.83599972724915,697,5216.3515625,1.0,nearest_physical_car_same_track_location_crossing_headway_le_2s,0.9936190597694502,0.9936190597694502,0.9936190597694502,0.9936190597694502,0.9936190597694502,0.12658825914176675,0.43333942385485574,0.6394401550292969,1.0,1.0,1.0,1.0,1.0,0.07076740264892578,0.3098032474517822,0.6057837009429932,1.0,1.0,1.0,1.0,1.0,0.07089815282213795,0.3090343847769635,0.5933240817433142,0.9981336562488434
ALB,3,15.0,1.0,image_color_derived_proxy,15.0,0.0,0.05172413793103448,0.005822416302765648,90.35700225830078,688,5216.3515625,1.0,nearest_physical_car_same_track_location_crossing_headway_le_2s,0.9849818252310827,0.9947209404233104,0.9947209404233104,0.9947209404233104,0.9947209404233104,0.3568271137843622,0.569368401037054,0.9053083419799806,1.0,1.0,1.0,1.0,1.0,0.1473221778869629,0.48265624046325684,0.6295297145843506,1.0,1.0,1.0,1.0,1.0,0.14872756177563076,0.47965661902723594,0.6310360251450285,0.9981695412822242
ALB,4,15.0,1.0,image_color_derived_proxy,15.0,0.0,0.06896551724137931,0.011799410029498525,91.00799989700317,679,5216.3515625,1.0,nearest_physical_car_same_track_location_crossing_headway_le_2s,0.9954729254467397,0.9954729254467397,0.9954729254467397,0.9954729254467397,0.9954729254467397,0.45542666054645664,0.7428366576631502,0.9464091108500756,1.0,1.0,1.0,1.0,1.0,0.4740610122680664,0.5590009689331055,0.6513998508453369,1.0,1.0,1.0,1.0,1.0,0.4734004207451779,0.5600623104104466,0.6463228905550986,0.9984725796775693
ALB,5,15.0,1.0,image_color_derived_proxy,15.0,0.0,0.08620689655172414,0.0,90.44000244140625,684,5216.3515625,1.0,nearest_physical_car_same_track_location_crossing_headway_le_2s,0.9500442403666876,0.9701680754583921,0.9798872438982772,0.9887217855845993,0.9953670943338039,0.18733333881084738,0.7097083109624257,1.1173761422293527,1.0,1.0,1.0,1.0,1.0,0.4495363235473633,0.5867164134979248,0.6941068172454834,1.0,1.0,1.0,1.0,1.0,0.451321776349044,0.5837106977075758,0.6776958841915259,0.9933882272657032
ALB,6,20.0,1.0,image_color_derived_proxy,15.0,0.0,0.10344827586206896,0.005979073243647235,90.35599517822266,670,5216.3515625,1.0,nearest_physical_car_same_track_location_crossing_headway_le_2s,0.9935366768938241,0.9935366768938241,0.9935366768938241,0.9935366768938241,0.9935366768938241,0.449616483127453,0.6758505903376973,0.9435619938982666,1.0,1.0,1.0,1.0,1.0,0.218522310256958,0.451732873916626,0.6749355792999268,1.0,1.0,1.0,1.0,1.0,0.22029092640084522,0.4515176910921176,0.668728028650363,0.9980726330406533
ALB,7,15.0,1.0,image_color_derived_proxy,15.0,0.0,0.1206896551724138,0.0,90.55199813842773,679,5216.3515625,1.0,nearest_physical_car_same_track_location_crossing_headway_le_2s,0.9964440321194424,0.9964440321194424,0.9964440321194424,0.9964440321194424,0.9964440321194424,0.4473679872722224,0.6954935687805962,1.0286442639549067,1.0,1.0,1.0,1.0,1.0,0.5145058631896973,0.707310676574707,0.8719124794006348,1.0,1.0,1.0,1.0,1.0,0.513431870942398,0.7069075460109107,0.9086164306420558,0.9986281714614651
ALB,8,15.0,1.0,image_color_derived_proxy,17.0,0.0,0.13793103448275862,0.01272984441301273,92.10199928283691,708,5216.3515625,1.0,nearest_physical_car_same_track_location_crossing_headway_le_2s,0.9725413173793814,0.9725413173793814,0.9745825710058279,0.9745825710058279,0.9745825710058279,0.21287310176511498,0.6675838741179435,0.9146730863131008,1.0,1.0,1.0,1.0,1.0,0.10033988952636719,0.3531618118286133,0.6984593868255615,1.0,1.0,1.0,1.0,1.0,0.10074013908846578,0.3517918685956978,0.6931168251785196,0.9944578705404654
ALB,9,15.0,1.0,image_color_derived_proxy,20.0,0.0,0.15517241379310345,0.011042944785276074,109.48699951171875,816,5216.3515625,0.9269411013972857,nearest_physical_car_same_track_location_crossing_headway_le_2s,0.8140418570594303,0.8562752129004079,0.8911651623662171,0.9027373187030597,0.9027373187030597,0.10000000286324205,0.7610000159352872,2.160015003716768,0.9178624026875382,0.9234703686515203,0.9269411013972857,0.9298638200419771,0.9340561039616241,0.1397109031677246,0.6718204021453857,1.2305939197540283,0.9178624026875382,0.9234703686515203,0.9240731798075074,0.9255436763275329,0.9269411013972857,0.13879234471307453,0.6810681351188071,1.288839045159765,0.9215256953506458
ALB,10,28.0,1.0,image_color_derived_proxy,20.0,0.0,0.1724137931034483,0.0,89.50600051879883,694,5216.3515625,1.0,nearest_physical_car_same_track_location_crossing_headway_le_2s,0.7752106173056694,0.9278483931222892,0.9668290874026427,0.980995710135751,0.9945366792195534,1.0119453750738578,1.262441571089473,1.663800801920957,0.9696222138754381,1.0,1.0,1.0,1.0,0.9848885536193848,1.1260035037994385,1.2639868259429932,0.9747614386470947,1.0,1.0,1.0,1.0,0.970895682828533,1.1117622804926426,1.3721692491578676,0.9916356028483384
ALB,11,38.0,0.9708061289000001,image_color_derived_proxy,20.0,0.0,0.1896551724137931,0.0,89.93399810791016,694,5216.3515625,0.948840282633893,nearest_physical_car_same_track_location_crossing_headway_le_2s,0.45812480941677214,0.7118331152464547,0.8644784836175092,0.9592701114906316,0.9791624937096135,1.2314362641352756,1.5177362517109068,2.0627734422683717,0.5549069298511202,0.7516178339539876,0.948840282633893,1.0,1.0,1.355675458908081,1.484668254852295,1.8886606693267822,0.5602219750345886,0.7518736486591382,0.940645262159809,0.975548763050431,0.9893366284834977,1.3322761132183734,1.4404592555626707,1.908832680713173,0.9342940715863982
ALB,12,74.0,0.7985097185000001,image_color_derived_proxy,20.0,0.0,0.20689655172413793,0.0,89.58799934387207,675,5216.3515625,0.6212886108603182,nearest_physical_car_same_track_location_crossing_headway_le_2s,0.08896275792548307,0.22674910000365553,0.5275928636753063,0.7276309923386488,0.8364066249441424,1.5417246957843225,1.972684400435183,2.6513600991924724,0.0,0.20747198717400223,0.6212886108603182,0.8004197069728445,0.975208725636771,1.7288448810577393,1.9459173679351807,2.3381807804107666,0.0,0.2669107189957963,0.6236102938917515,0.8298989184842646,0.9127895765955538,1.679673036259655,1.8971476595093038,2.409486219295966,0.5929898657723146
ALB,13,204.0,0.17632823650000007,image_color_derived_proxy,20.0,0.0,0.22413793103448276,0.0,89.82099914550781,657,5216.3515625,0.046859878027876965,nearest_physical_car_same_track_location_crossing_headway_le_2s,0.006780151338424863,0.053539826724974,0.12124110296102494,0.30399349186100794,0.46235287558062854,1.939163651899858,2.532039797856854,3.681434664518937,0.0,0.0,0.046859878027876965,0.5526659137019921,0.9442335007047471,2.0084526538848877,2.2323975563049316,2.4331119060516357,0.0,0.012023913494398802,0.2660847960777772,0.7290055717871152,0.8218233209190711,1.9303659127495858,2.1407232395603852,2.8784622270451066,0.16635491504056776
ALB,14,240.0,0.00403182610000016,image_color_derived_proxy,19.0,0.0,0.2413793103448276,0.002936857562408223,89.92399978637695,682,5216.3515625,0.0687247017641384,nearest_physical_car_same_track_location_crossing_headway_le_2s,0.056191891237857894,0.11286192939416334,0.18640184983907673,0.2406809207485654,0.5148458895273019,1.6807300965478815,2.4909001563503703,3.2605246673682995,0.0005671469060180917,0.02925801944823656,0.0687247017641384,0.3952225878871696,0.9492126633651404,2.1049561500549316,2.271806478500366,2.3753907680511475,0.016691867068295018,0.06218581424192394,0.23935775649102828,0.59184419245068,0.782850070267781,1.8502995364646397,2.203928181136634,3.1770770280310123,0.11363738406428198
ALB,15,239.0,0.00881783750000011,image_color_derived_proxy,17.0,0.0,0.25862068965517243,0.005891016200294551,89.94700241088867,680,5216.3515625,0.038033507644725725,nearest_physical_car_same_track_location_crossing_headway_le_2s,0.12340605705475963,0.16719843866171635,0.2236761610414865,0.28466778127819903,0.39245343258280746,1.3479904174804689,2.6035991315634814,3.2054575514445687,0.020011783651151253,0.024903551103188263,0.038033507644725725,0.1091531791737137,0.41090864621573026,2.1979751586914062,2.552460193634033,2.765943765640259,0.016009427981183478,0.058701257136255645,0.12820881547179114,0.2837336847340058,0.5921041373265532,1.8865141143255144,2.429941759149464,4.130987061732373,0.07534212166172743
ALB,16,70.0,0.8176537641000001,image_color_derived_proxy,16.0,0.0,0.27586206896551724,0.0029717682020802376,90.03799438476562,674,5216.3515625,0.8386348582611812,nearest_physical_car_same_track_location_crossing_headway_le_2s,0.04408138610339314,0.2214954094530465,0.40776118186595134,0.530720314147042,0.6335881717044968,1.6678397545447716,2.1773717419854526,3.66331469979638,0.41037116779406957,0.5900953025621406,0.8386348582611812,0.9218441060470484,0.928607915620186,1.2949364185333252,1.5662989616394043,2.0527806282043457,0.43928115011829044,0.6662630818030142,0.8491859362633946,0.91438062801128,0.9316066759430612,1.2541261894289357,1.5510795522896565,2.152433140362933,0.7374231145241791
ALB,17,78.0,0.7793656729,image_color_derived_proxy,16.0,0.0,0.29310344827586204,0.0029498525073746312,90.26300430297852,679,5216.3515625,0.8169793070338166,nearest_physical_car_same_track_location_crossing_headway_le_2s,0.2048458482104463,0.41493185459919646,0.6208745528941985,0.8114399320738335,0.9263153246087963,1.2914822159852373,1.9159875262741333,2.364990321985272,0.18514781459903587,0.43466316427185386,0.8169793070338166,1.0,1.0,1.3117961883544922,1.792966604232788,2.1325201988220215,0.2974640672422613,0.5126241526200025,0.7338776056915113,0.8810143535569093,0.9266366048084463,1.2956737244801537,1.724845337993615,2.3163113502916404,0.7041110366463303
ALB,18,100.0,0.6740734221000001,image_color_derived_proxy,16.0,0.0,0.3103448275862069,0.0,90.11700057983398,666,5216.3515625,0.4197543023762943,nearest_physical_car_same_track_location_crossing_headway_le_2s,0.1694352838901014,0.33210165437734784,0.4828500088534231,0.7638070461098888,0.9086299037815143,1.3511378847319504,2.018037301055656,2.4027001352819317,0.0,0.28836956732011265,0.4197543023762943,0.8108126350263429,0.9746995709507992,1.597886085510254,2.0262911319732666,2.3341128826141357,0.0893393568499271,0.250851745123347,0.566208341871747,0.8145743344873614,0.8655192971817076,1.5157601565333259,1.9707916558450944,2.727490017038192,0.49691031732273017
ALB,19,43.0,0.9468760719000001,image_color_derived_proxy,15.0,0.0,0.3275862068965517,0.0029985007496251873,90.17699718475342,668,5216.3515625,0.9525378014959902,nearest_physical_car_same_track_location_crossing_headway_le_2s,0.17301540592762482,0.45691254573212564,0.8232919425505778,0.9524157602598886,0.9814919508312593,1.3142598309854823,1.7642195561870406,2.07885493616904,0.3353072130182042,0.6553444633941266,0.9525378014959902,0.9853732099437765,0.9875910709718384,1.330590009689331,1.579430341720581,1.882354736328125,0.3708040878805564,0.6984707442624686,0.8811448089724515,0.9188373949652928,0.958647942385493,1.273569932852265,1.6007106016631336,2.107684233212295,0.9188471548393704
ALB,20,39.0,0.9660201175,image_color_derived_proxy,14.0,0.0,0.3448275862068966,0.002881844380403458,90.23800468444824,695,5216.3515625,0.9826015663939722,nearest_physical_car_same_track_location_crossing_headway_le_2s,0.1580154732640519,0.3385603260059357,0.8051375717509418,0.8928942945796007,0.973824734357678,1.3568700256347657,1.8500495102712946,2.2588970945073705,0.15060169365904372,0.7598683721736285,0.9826015663939722,0.9826015663939722,0.9826015663939722,1.4736905097961426,1.6776621341705322,1.8039166927337646,0.24657019998202098,0.7123385563516146,0.8781000992523827,0.9404796204359931,0.9638511184245138,1.3983150433056706,1.6255163460838422,2.069182243954659,0.9579603304682769
ALB,21,106.0,0.6453573537,image_color_derived_proxy,14.0,0.0,0.3620689655172414,0.007363770250368188,90.39999580383301,680,5216.3515625,0.8203097108123865,nearest_physical_car_same_track_location_crossing_headway_le_2s,0.22592915891639215,0.3826991280372814,0.66544239259079,0.8821460443808188,0.9452101667652587,1.239181066442419,1.8493073385269918,2.2709281665856755,0.17245571970734097,0.4815928716470566,0.8203097108123865,0.970951353260753,0.9871570446163257,1.454179048538208,1.7704298496246338,2.1016483306884766,0.2117367226638792,0.5506747794675514,0.7689601698114255,0.8621128448690621,0.912334032968818,1.3319411352511021,1.7357147211718216,2.4279095639598234,0.7607343445736012
ALB,22,110.0,0.6262133081000001,image_color_derived_proxy,13.0,0.0,0.3793103448275862,0.0014619883040935672,90.42799377441406,685,5216.3515625,0.6643185518901458,nearest_physical_car_same_track_location_crossing_headway_le_2s,0.061043056940861304,0.1222076644422842,0.25079632596596285,0.5006413227675026,0.7176648576474249,1.649242778889184,2.2490532124450455,2.8537545242779854,0.00917857279656797,0.20045777171852402,0.6643185518901458,0.9452161050377738,1.0,1.6801011562347412,1.865098237991333,2.2054991722106934,0.0935660790420447,0.30977131225164684,0.7093377794581904,0.8358251565032018,0.8957181720297475,1.5178495120836943,1.853058786022252,2.5246570394523387,0.5144836574688412
ALB,23,196.0,0.21461632770000008,image_color_derived_proxy,13.0,0.0,0.39655172413793105,0.0,90.75100135803223,690,5216.3515625,0.16094588189688866,nearest_physical_car_same_track_location_crossing_headway_le_2s,0.08284204673084998,0.1565933839881709,0.2955449775850652,0.48596719391821647,0.6851605635389038,1.5380751257352048,2.261343991577199,2.92523664835807,0.0,0.03720068933446163,0.16094588189688866,0.3803484013894088,0.5143414535887508,1.8692567348480225,2.463125467300415,2.787609815597534,0.0,0.08769049447409892,0.24267500823513644,0.4586396117870617,0.665237862875904,1.8046598877796287,2.2973974333820837,3.5467618859544587,0.16597311900849532
ALB,24,122.0,0.5687811713,image_color_derived_proxy,13.0,0.0,0.41379310344827586,0.0015037593984962407,90.51900100708008,666,5216.3515625,0.4321522770458257,nearest_physical_car_same_track_location_crossing_headway_le_2s,0.06133516804934112,0.12619448710319303,0.3586318255209351,0.5061810488072134,0.7488483033407247,1.6636349491217852,2.239221669789907,2.81336877822876,0.0,0.04541587970810248,0.4321522770458257,0.9547387516707923,0.9775848155536432,1.7842144966125488,2.040980577468872,2.175474166870117,0.02252565245760538,0.1915509876032349,0.6194389279908102,0.7662701134840711,0.8157624506706199,1.6748017949109326,1.890311005643483,2.753347721541895,0.4493880284848838
ALB,25,53.0,0.8990159579,image_color_derived_proxy,14.0,0.0,0.43103448275862066,0.007246376811594203,91.0629997253418,691,5216.3515625,0.9496063505370121,nearest_physical_car_same_track_location_crossing_headway_le_2s,0.6047022302928008,0.6468708458776927,0.8378045808288076,0.9602802174571821,0.9948607008755879,0.1613042772196211,1.0659102516107408,2.0669256414024577,0.48558692227787315,0.7404324461612762,0.9496063505370121,0.9704710015688505,1.0,0.060251712799072266,1.5146868228912354,1.9101612567901611,0.540263335302059,0.7908261165696386,0.8671798585382918,0.9086896059500614,0.9372961334335974,0.06053383705520342,1.326319734617083,2.219324366421682,0.8871832299769575
ALB,26,38.0,0.9708061289000001,image_color_derived_proxy,14.0,0.0,0.4482758620689655,0.0,90.42599868774414,680,5216.3515625,1.0,nearest_physical_car_same_track_location_crossing_headway_le_2s,0.5737288429676385,0.7126600805868836,0.8632031410932411,0.9237608810084721,0.965994228388286,1.064334204206688,1.4272386489577444,2.1229422289087316,0.7148718142989179,0.9479021252933972,1.0,1.0,1.0,1.066495656967163,1.243006706237793,1.7024924755096436,0.7458696576319068,0.9096720459667104,0.9696989191944039,0.9930440602054459,1.0,1.0213246563012932,1.2628879966435,1.7281540805020397,0.9723836628343547
ALB,27,172.0,0.3294806013000002,image_color_derived_proxy,14.0,0.0,0.46551724137931033,0.0,90.24399948120117,668,5216.3515625,0.2890053791019229,nearest_physical_car_same_track_location_crossing_headway_le_2s,0.13165423077210844,0.2027170466125286,0.4057222455293531,0.7008111873583475,0.927385756037461,1.398480459232675,2.068815356773018,2.448385169857838,0.0,0.0,0.2890053791019229,0.46600329214412206,0.945126549213522,1.8862783908843994,2.2693939208984375,2.4726474285125732,0.0,0.060103714803696154,0.35760824907364325,0.6238311111931167,0.7677407581704518,1.7986343944169783,2.1217394868550548,3.0155153205099228,0.263925550957963
ALB,28,135.0,0.5065630231000001,image_color_derived_proxy,15.0,0.0,0.4827586206896552,0.001488095238095238,91.14599990844727,673,5216.3515625,0.5985780913263119,nearest_physical_car_same_track_location_crossing_headway_le_2s,0.45762843088275046,0.48605533554340186,0.5541549050391663,0.7204923643694233,0.8255545805904707,0.287419419439478,1.820293278691218,2.858996261403822,0.3389945674066918,0.4158383095030895,0.5985780913263119,0.762534841244919,0.8736093688221636,0.17447662353515625,1.9270968437194824,2.5532755851745605,0.3914708247394246,0.44065562603394237,0.6393149396588017,0.771279023000809,0.8456761705346214,0.17433192483664597,1.865912637207688,2.850912909286312,0.5711566059511078
ALB,29,25.0,1.0,image_color_derived_proxy,15.0,0.0,0.5,0.0,90.54999542236328,695,5216.3515625,1.0,nearest_physical_car_same_track_location_crossing_headway_le_2s,0.8661403082139684,0.9547100844018137,0.974080658899885,0.9960905574815928,0.9960905574815928,0.9352722146107083,1.1217848278192928,1.555588228562299,1.0,1.0,1.0,1.0,1.0,0.7915916442871094,0.9310848712921143,1.0481376647949219,1.0,1.0,1.0,1.0,1.0,0.7820740078259218,0.9292521119744789,1.0655867340286982,0.993445965401615
ALB,30,81.0,0.7650076387000001,image_color_derived_proxy,15.0,0.0,0.5172413793103449,0.0,90.3429946899414,676,5216.3515625,0.8002501723397253,nearest_physical_car_same_track_location_crossing_headway_le_2s,0.2196849231841013,0.5280320910573923,0.8103448606139926,0.9547060137409316,0.9933697333553668,1.2325299861679317,1.7144651775118671,2.127590619595376,0.06110047602330697,0.393312188377137,0.8002501723397253,1.0,1.0,1.5487518310546875,1.8727574348449707,2.0485265254974365,0.14270062567152955,0.48939028683765323,0.7877865034454855,0.8768581887485446,0.9310184650731157,1.4581861240842464,1.7567478841854494,2.364212000326298,0.8057263696133627
ALB,31,32.0,0.9995221973000001,image_color_derived_proxy,15.0,0.0,0.5344827586206896,0.0,90.67300033569336,680,5216.3515625,1.0,nearest_physical_car_same_track_location_crossing_headway_le_2s,0.4331498949720319,0.7510724878723187,0.9438531738891792,0.996492892177197,0.996492892177197,1.0112344886516702,1.5838359073515003,1.888930837371748,0.518059408609807,0.9126641823222756,1.0,1.0,1.0,0.9620637893676758,1.4737977981567383,1.7422666549682617,0.5474506847737697,0.8475511103138437,0.918101339651938,0.9604402305057729,0.9902948259111312,0.9386579162619196,1.4510398873476804,1.938589389173837,0.9869946328945118
ALB,32,32.0,0.9995221973000001,image_color_derived_proxy,14.0,0.0,0.5517241379310345,0.012838801711840228,90.6050009727478,702,5216.3515625,0.9752772823438909,nearest_physical_car_same_track_location_crossing_headway_le_2s,0.5063298112467457,0.7965454333707664,0.9631367409439189,0.9927266743071832,0.9962584848186192,1.10711291553821,1.4893333435058593,1.8697727758348819,0.5633354948845749,0.9576734261672809,0.9752772823438909,0.9823409875717676,0.9871971743968642,1.1817278861999512,1.448706865310669,1.6791374683380127,0.6532752458879552,0.8502400143929509,0.9096959893298365,0.9446608965520519,0.9720876875500043,1.1646038877058196,1.4020986467782002,1.9739410519846514,0.9854598340462777
ALB,33,32.0,0.9995221973000001,image_color_derived_proxy,13.0,0.0,0.5689655172413793,0.007062146892655367,91.74199676513672,709,5216.3515625,0.9765974895168795,nearest_physical_car_same_track_location_crossing_headway_le_2s,0.18952056030140443,0.573782859428118,0.8537202993803767,0.9077848261540705,0.9483878894714277,1.2856486838638168,1.6943933620907985,2.1784736552991366,0.9484096774380661,0.9732619682066415,0.9765974895168795,0.9805214610201228,0.9841512074268635,0.4721376895904541,1.1248977184295654,1.4197006225585938,0.8820496128856787,0.9461533418478151,0.970209944169998,0.9841512074268635,0.9841512074268635,0.47156782909927525,1.1010065334330064,1.5976008778975042,0.9732579789909328
ALB,34,113.0,0.6118552739000002,image_color_derived_proxy,20.0,0.0,0.5862068965517241,0.013546798029556651,109.00350189208984,813,5216.3515625,0.8534679768552604,nearest_physical_car_same_track_location_crossing_headway_le_2s,0.49469965281070816,0.5523674987350661,0.621044419171769,0.7166558922611344,0.7398799248106204,0.6531663574814286,1.5170118462632436,7.512079759077593,0.6282274889172607,0.7303068205925721,0.8534679768552604,0.8896594849890186,0.8986913305285593,0.48586606979370117,1.2605507373809814,2.529085397720337,0.646602986483037,0.7351139633942212,0.7966258223120705,0.8600503579855882,0.890810839124546,0.4851485988222218,1.2406076170765856,2.550667736706689,0.7701139376449686
ALB,35,203.0,0.18111424790000016,image_color_derived_proxy,20.0,0.0,0.603448275862069,0.0,88.71399688720703,666,5216.3515625,0.09224022075829376,nearest_physical_car_same_track_location_crossing_headway_le_2s,0.04055729846289805,0.09535136106875855,0.15441761902235146,0.32244073338647555,0.5827603742534887,1.755539769181809,2.360901134186371,3.2987600918988154,0.0,0.0,0.09224022075829376,0.8025227381575778,0.9395022549602805,2.0041005611419678,2.129582166671753,2.315289258956909,0.0,0.06746408063831875,0.37006564307583445,0.7184885549403027,0.8374665170153804,1.8211723818341377,2.0737600756812653,2.904161583596204,0.1870944228585053
ALB,36,240.0,0.00403182610000016,image_color_derived_proxy,20.0,0.0,0.6206896551724138,0.0,88.5730037689209,656,5216.3515625,0.0,nearest_physical_car_same_track_location_crossing_headway_le_2s,0.019814175803429635,0.05205877111263951,0.09726440741773026,0.16033089815286752,0.33691972307107043,2.0000697220203487,2.7156527201334635,3.7973410866477275,0.0,0.0,0.0,0.20133670090869796,0.536043693577574,2.2170932292938232,2.4818313121795654,2.838244676589966,0.0,0.010906253171583653,0.0703487590476742,0.38221573033136846,0.6389869571236668,2.045695429321135,2.382449996252439,3.428917047367678,0.008251051470071769
ALB,37,238.0,0.013603848900000059,image_color_derived_proxy,20.0,0.0,0.6379310344827587,0.0,88.5460033416748,659,5216.3515625,0.0,nearest_physical_car_same_track_location_crossing_headway_le_2s,0.006098513629068073,0.03258191462804689,0.07113824923168939,0.14515614868099327,0.21280462707260123,2.0937365532802965,2.795513495083513,3.7393753016403544,0.0,0.0,0.0,0.14176817411021078,0.6832041077721513,2.235222339630127,2.3724594116210938,2.6642837524414062,0.0,0.01174531742007897,0.09627771922160207,0.40914326196152745,0.7136292210124905,2.005347523424752,2.3077777719245436,3.2430788571553277,0.04583185345594748
ALB,38,231.0,0.04710592870000013,image_color_derived_proxy,20.0,0.0,0.6551724137931034,0.0,88.7040023803711,647,5216.3515625,0.426125162353845,nearest_physical_car_same_track_location_crossing_headway_le_2s,0.10603803636330483,0.18270886825920296,0.34164187816638913,0.5570660326125988,0.6963495236273064,1.4759238364400962,2.1150315637349024,2.8012790800378626,0.014148189872354033,0.08809071706277952,0.426125162353845,0.5257936298032161,0.8632530526307279,1.7779695987701416,2.061420440673828,2.5269815921783447,0.04082113867919035,0.16971037390001265,0.3843567786004021,0.5636160442625973,0.8413261074099753,1.613982726010306,2.1686937180855934,2.896703650273515,0.30726575774734155
ALB,39,157.0,0.40127077230000013,image_color_derived_proxy,20.0,0.0,0.6724137931034483,0.004491017964071856,89.00500106811523,669,5216.3515625,0.40767369815876625,nearest_physical_car_same_track_location_crossing_headway_le_2s,0.18660750475085275,0.31054441586058573,0.42981858769241227,0.7829110640020089,0.9201505493503657,1.2582771467125935,2.102319285107627,2.410971926571278,0.21688674161597013,0.22632437239862443,0.40767369815876625,0.9993708246144897,1.0,0.5465638637542725,2.038980722427368,2.192638635635376,0.22254932008556272,0.26699625370631663,0.6176169236520956,0.7925847319877867,0.842975149672381,0.5488988973552744,1.9068536174445414,2.755681427627743,0.47116787542194655
ALB,40,140.0,0.4826329661000001,image_color_derived_proxy,19.0,0.0,0.6896551724137931,0.01037037037037037,89.84700012207031,676,5216.3515625,0.827417715697445,nearest_physical_car_same_track_location_crossing_headway_le_2s,0.44701558578102346,0.5338632422771454,0.6967511379765707,0.8928177969102744,0.93406571032645,0.3442110856051904,1.6487587070335785,2.266274279336068,0.48929845099013913,0.5941434183851705,0.827417715697445,0.9635714604753598,0.9830823884937586,0.16751503944396973,1.5610620975494385,2.155163049697876,0.5384042662858833,0.5978830504263348,0.7792803606119547,0.86788653025969,0.8991507270542013,0.16528381646226437,1.355853430238209,2.5040588254355938,0.7652630677208451
ALB,41,174.0,0.3199085785000001,image_color_derived_proxy,18.0,0.0,0.7068965517241379,0.0029239766081871343,88.9020004272461,685,5216.3515625,0.36550358532174426,nearest_physical_car_same_track_location_crossing_headway_le_2s,0.039380441386049576,0.086252280868917,0.16566564683827498,0.286922650554968,0.6031472254617932,1.7877594937983248,2.382976811475093,3.1125335920918564,0.007705112815094842,0.2550110837203798,0.36550358532174426,0.9433871269082604,0.9922948865144517,1.6585443019866943,2.0398061275482178,2.170710563659668,0.0603473512651251,0.3052687394824641,0.5935973960996821,0.8041551506469006,0.861274199263072,1.5576982659922476,1.916788721944456,2.707756815568833,0.3719475116136919
ALB,42,36.0,0.9803781517,image_color_derived_proxy,18.0,0.0,0.7241379310344828,0.0,88.98100280761719,658,5216.3515625,1.0,nearest_physical_car_same_track_location_crossing_headway_le_2s,0.8391453633215976,0.9670940997436276,0.9951899844956253,0.9951899844956253,0.9951899844956253,0.6972272699529475,1.2398864079771084,1.5653658766811296,0.96974635228508,1.0,1.0,1.0,1.0,0.3567681312561035,0.8528523445129395,1.268873929977417,0.9696789324078245,0.9959092382583844,1.0,1.0,1.0,0.3548266730695141,0.861659290612015,1.251569050718368,1.0
ALB,43,117.0,0.5927112283000001,image_color_derived_proxy,15.0,0.0,0.7413793103448276,0.007587253414264037,88.5270004272461,660,5216.3515625,0.4035717896875324,nearest_physical_car_same_track_location_crossing_headway_le_2s,0.58490628686416,0.5878432249765824,0.5878432249765824,0.5878432249765824,0.5953437780467097,0.14304960759491825,0.7197781760475852,4.778713507401316,0.3999909568617366,0.40315383607889094,0.4035717896875324,0.4035717896875324,0.4035717896875324,0.39554858207702637,3.049879312515259,3.2513957023620605,0.39769787306508403,0.4008607522822384,0.4008607522822384,0.41943132605576067,0.4767019855196028,0.392480579642375,2.5608906419729207,4.063917841494868,0.43494357869666816
ALB,44,239.0,0.00881783750000011,image_color_derived_proxy,15.0,0.0,0.7586206896551724,0.0,88.6310043334961,673,5216.3515625,0.0,nearest_physical_car_same_track_location_crossing_headway_le_2s,0.0,0.012185351298088508,0.035010350740717754,0.0498809862802436,0.0914804331016077,2.5565206240301266,3.579802453121144,5.292292031189186,0.0,0.0,0.0,0.0,0.0,2.934644937515259,3.088313341140747,3.438992738723755,0.0,0.0,0.0,0.03750379937476344,0.11734038085251126,2.468936654557121,2.9522396127557715,4.651445573299504,0.0
ALB,45,239.0,0.00881783750000011,image_color_derived_proxy,15.0,0.0,0.7758620689655172,0.0,88.48999786376953,680,5216.3515625,0.04588082090528299,nearest_physical_car_same_track_location_crossing_headway_le_2s,0.002972092831171039,0.023923592762929814,0.03591365773736932,0.06687764434743242,0.11408066860621761,2.3903062687363734,3.5163440498191254,4.7427170087706365,0.0,0.0,0.04588082090528299,0.2409425186452009,0.31411456990224906,2.100098133087158,2.665430784225464,3.297163486480713,0.0,0.08498127483228307,0.17310429716238074,0.2902928001154626,0.4213245505196722,1.7896867668254466,2.6398248665180306,3.948409904460448,0.09633763976621568
ALB,46,241.0,0.0,image_color_derived_proxy,15.0,0.0,0.7931034482758621,0.009104704097116844,88.65399742126465,660,5216.3515625,0.0,nearest_physical_car_same_track_location_crossing_headway_le_2s,0.0,0.011922747279181748,0.041317956558172574,0.07580025641871327,0.12627738995336663,2.3859284439012,3.3068743024553573,4.528815645384557,0.0,0.0,0.0,0.0,0.0,2.698399066925049,2.872553586959839,3.4367778301239014,0.0,0.0,0.0,0.027071468476261958,0.16750521140957422,2.414848687545044,2.7280593635721124,4.012839182993291,0.0
ALB,47,128.0,0.5400651029000001,image_color_derived_proxy,16.0,0.0,0.8103448275862069,0.0014577259475218659,89.68500518798828,687,5216.3515625,0.61080451847962,nearest_physical_car_same_track_location_crossing_headway_le_2s,0.5635837284849343,0.588994856890057,0.6090874183222683,0.6283994257899467,0.6831577355854557,0.15497419664936682,0.8645714103401482,2.771002073109927,0.5679879522182238,0.61080451847962,0.61080451847962,0.61080451847962,0.9834977985899508,0.355618953704834,1.093167781829834,2.4357924461364746,0.5949043116518802,0.61080451847962,0.6387133116402257,0.7738417980461911,0.9232313088139004,0.35697425380295517,1.0809491793747736,2.357020674785756,0.606087125688442
ALB,48,65.0,0.8415838211000001,image_color_derived_proxy,16.0,0.0,0.8275862068965517,0.0,89.08499908447266,657,5216.3515625,1.0,nearest_physical_car_same_track_location_crossing_headway_le_2s,0.15828705139838406,0.3616770309634079,0.5956558964227144,0.7804793189938868,0.91465451493577,1.3658666714754972,1.9435023408544303,2.4685588612275966,0.30515800301955653,0.6840882524451359,1.0,1.0,1.0,1.3816819190979004,1.6155221462249756,1.8238699436187744,0.36649264371690643,0.712656389315028,0.8911263935945458,0.9640904174683804,0.9802660015386395,1.3022984766885242,1.612383398294458,2.040028223072391,0.8350242871841425
ALB,49,61.0,0.8607278667,image_color_derived_proxy,16.0,0.0,0.8448275862068966,0.004457652303120356,89.42800089716911,674,5216.3515625,0.9677729576802644,nearest_physical_car_same_track_location_crossing_headway_le_2s,0.5796619123712654,0.6729100306410415,0.8375005660126741,0.9627186220881653,0.9931341439165258,0.3465038551941469,1.4053290120753692,2.0646805492876026,0.5492240064756099,0.8120051766821423,0.9677729576802644,1.0,1.0,0.3279688358306885,1.402066707611084,1.8133342266082764,0.5398420696544299,0.7868900558902681,0.8845888021127296,0.9479246298314602,0.9812251102825967,0.3297188259277936,1.4313369642778146,2.0118884620825104,0.9069947800418094
ALB,50,36.0,0.9803781517,image_color_derived_proxy,17.0,0.0,0.8620689655172413,0.0015384615384615385,89.66500091552734,651,5216.3515625,1.0,nearest_physical_car_same_track_location_crossing_headway_le_2s,0.7574526006905212,0.974527418032616,0.9963865499621317,0.9963865499621317,0.9963865499621317,0.5955866915709565,1.1527999562230604,1.5838094858022835,0.950426586446489,1.0,1.0,1.0,1.0,0.43904757499694824,0.9612758159637451,1.4835927486419678,0.9079016266419493,0.9674231919126461,0.9982155819352209,1.0,1.0,0.4275750881778872,0.977450337615307,1.4957512863809244,1.0
ALB,51,29.0,1.0,image_color_derived_proxy,17.0,0.0,0.8793103448275862,0.004470938897168405,89.54100036621094,672,5216.3515625,1.0,nearest_physical_car_same_track_location_crossing_headway_le_2s,0.9517985878056048,0.9634022270389657,0.9772394458327986,0.9826001560657696,0.9937793862127372,0.31452232297584726,0.9643015834263392,1.1968596332776604,1.0,1.0,1.0,1.0,1.0,0.3945121765136719,0.7991600036621094,1.0908162593841553,1.0,1.0,1.0,1.0,1.0,0.3934689143439755,0.7910191363275104,1.097164203709343,0.9917098500821934
ALB,52,48.0,0.9229460149000001,image_color_derived_proxy,17.0,0.0,0.896551724137931,0.0,89.53199768066406,646,5216.3515625,1.0,nearest_physical_car_same_track_location_crossing_headway_le_2s,0.9305834344204132,0.9694187680994889,0.9948845103856043,0.9948845103856043,0.9948845103856043,0.47937145753229204,0.8302471028331624,1.3871583995252554,1.0,1.0,1.0,1.0,1.0,0.3044459819793701,0.6955890655517578,0.8899102210998535,1.0,1.0,1.0,1.0,1.0,0.3040431194511993,0.6931713007303718,0.8917308538580176,1.0
ALB,53,133.0,0.5161350459,image_color_derived_proxy,16.0,0.0,0.9137931034482759,0.010558069381598794,88.76599884033203,664,5216.3515625,0.46533583010943863,nearest_physical_car_same_track_location_crossing_headway_le_2s,0.7356645670471537,0.7356645670471537,0.7356645670471537,0.7356645670471537,0.7397201378778481,0.051209681736344104,0.8642147827148438,5.2125769981971155,0.46533583010943863,0.46533583010943863,0.46533583010943863,0.46533583010943863,0.46533583010943863,0.43707776069641113,4.358517408370972,4.754150629043579,0.46533583010943863,0.46533583010943863,0.46533583010943863,0.46533583010943863,0.46533583010943863,0.4345939269277075,3.1232856144086787,5.798824558675392,0.5185024074434662
ALB,54,238.0,0.013603848900000059,image_color_derived_proxy,16.0,0.0,0.9310344827586207,0.004651162790697674,88.89199829101562,646,5216.3515625,0.0,nearest_physical_car_same_track_location_crossing_headway_le_2s,0.0,0.0,0.013724512181180185,0.02744904581928191,0.04974576981083235,2.821650633093429,4.523726385992927,6.247250358112029,0.0,0.0,0.0,0.0,0.0,3.2673137187957764,4.100629091262817,4.4500274658203125,0.0,0.0,0.0,0.0,0.012588346728746404,2.837275021613723,3.77178599508616,6.187670120649739,0.0
ALB,55,238.0,0.013603848900000059,image_color_derived_proxy,16.0,0.0,0.9482758620689655,0.0,88.906005859375,672,5216.3515625,0.0,nearest_physical_car_same_track_location_crossing_headway_le_2s,0.0,0.01913254666917473,0.04904056332536062,0.10754061498548712,0.1603829039778984,2.223474463637994,3.110382914543152,4.392724639665401,0.0,0.0,0.0,0.0,0.10078062570195986,2.492769479751587,2.695502281188965,3.0786492824554443,0.0,0.0,0.01281128229701861,0.1302385899771803,0.3795018539291903,2.181134028340199,2.579302322588151,3.881783737468735,0.0
ALB,56,232.0,0.042319917300000044,image_color_derived_proxy,16.0,0.0,0.9655172413793104,0.0,89.20099639892578,662,5216.3515625,0.08428154443563766,nearest_physical_car_same_track_location_crossing_headway_le_2s,0.018172424614170346,0.05582887677322639,0.11414662593795814,0.17217284482489495,0.24529984137109295,1.917783520604679,2.7652403024526744,3.6447477921195652,0.0,0.0,0.08428154443563766,0.3508705024815355,0.8430398760562253,2.018911600112915,2.327145576477051,2.5500357151031494,0.006277972174061494,0.08836226269918634,0.23877528245764343,0.5196689495578636,0.7620991346421704,1.7605345946316648,2.2387544346135395,3.269206610366998,0.15131099529598807
ALB,57,58.0,0.8750859009000002,image_color_derived_proxy,16.0,0.0,0.9827586206896551,0.0,89.24299621582031,658,5216.3515625,1.0,nearest_physical_car_same_track_location_crossing_headway_le_2s,0.10687669548282171,0.19138745219178718,0.4822451739330705,0.7821454362156925,0.8908597765764849,1.4680293812471277,2.007931497652237,2.5083529304055605,0.6599845023508928,0.9435137758353282,1.0,1.0,1.0,0.8490414619445801,1.3950436115264893,1.6729581356048584,0.6987550201936215,0.881648935374427,0.9547303201314359,0.9834160680007229,0.9905874976212374,0.8311975073677078,1.3296628591421502,1.788922652100321,0.8686437548534263
ALB,58,20.0,1.0,image_color_derived_proxy,16.0,0.010448107672152974,1.0,0.003129890453834116,89.39399719238281,647,5216.3515625,0.989551892327847,nearest_physical_car_same_track_location_crossing_headway_le_2s,0.909434710328645,0.9803790606557324,0.9862071487837168,0.9862071487837168,0.9862071487837168,0.9237727286598899,1.178942339309249,1.4424583911895752,0.9745508895157058,0.989551892327847,0.989551892327847,0.989551892327847,0.989551892327847,0.4444563388824463,0.794609785079956,1.1591567993164062,0.9714298900960566,0.9873258200656309,0.989551892327847,0.989551892327847,0.989551892327847,0.43880175597532595,0.7911246262987959,1.1418129984376375,0.9866822700219181
GAS,1,14.0,1.0,image_color_derived_proxy,19.0,0.00724281002038146,0.017241379310344827,0.12015503875968993,101.61799621582031,775,5216.3515625,0.9927571899796186,nearest_physical_car_same_track_location_crossing_headway_le_2s,0.9428349385118513,0.9444094612673709,0.9461315896656605,0.947706114180848,0.947706114180848,0.012377508703619616,0.15471087076577797,0.40599055740068546,0.9927571899796186,0.9927571899796186,0.9927571899796186,0.9927571899796186,0.9927571899796186,0.01866292953491211,0.15834307670593262,0.43909335136413574,0.9963097106420623,0.9963097106420623,0.9963097106420623,0.9963097106420623,0.9963097106420623,0.018857670059855988,0.16021612338727056,0.4370450494069178,0.9835186102260527
GAS,2,14.0,1.0,image_color_derived_proxy,19.0,0.0,0.034482758620689655,0.02586206896551724,92.13600587844849,697,5216.3515625,1.0,nearest_physical_car_same_track_location_crossing_headway_le_2s,0.996288096012317,0.996288096012317,0.996288096012317,0.996288096012317,0.996288096012317,0.13373913142992103,0.47358647970328654,0.7116144353693181,1.0,1.0,1.0,1.0,1.0,0.22714567184448242,0.5101573467254639,0.7395567893981934,1.0,1.0,1.0,1.0,1.0,0.23453446418434462,0.5088611985582165,0.7161683678353612,0.9981440906680434
GAS,3,15.0,1.0,image_color_derived_proxy,19.0,0.0,0.05172413793103448,0.011527377521613832,90.99699974060059,695,5216.3515625,1.0,nearest_physical_car_same_track_location_crossing_headway_le_2s,0.9967911030414096,0.9967911030414096,0.9967911030414096,0.9967911030414096,0.9967911030414096,0.4961716324535768,0.8582449440512755,1.1227864811929424,1.0,1.0,1.0,1.0,1.0,0.461836576461792,0.7883610725402832,1.0870757102966309,0.9989559961210376,1.0,1.0,1.0,1.0,0.4420094505615353,0.7378881483331363,1.058597783933616,0.998203470095943
GAS,4,15.0,1.0,image_color_derived_proxy,19.0,0.0,0.06896551724137931,0.008902077151335312,90.8029990196228,675,5216.3515625,1.0,nearest_physical_car_same_track_location_crossing_headway_le_2s,0.8064490470427433,0.9842736471425262,0.9952864992597111,0.9952864992597111,0.9952864992597111,0.8788202622357537,1.1970468539473857,1.5887670424378033,0.8944418645500459,1.0,1.0,1.0,1.0,0.8734433650970459,1.0810410976409912,1.50156569480896,0.9081858740806766,0.9483938079152574,0.9811239217304798,1.0,1.0,0.8500657660015982,1.027144987293323,1.4743455577790012,0.9980971364121083
GAS,5,32.0,0.9995221973000001,image_color_derived_proxy,19.0,0.0,0.08620689655172414,0.00872093023255814,91.03399658203125,689,5216.3515625,1.0,nearest_physical_car_same_track_location_crossing_headway_le_2s,0.6029395700570683,0.893050882419581,0.9863896565806443,0.9956170221673921,0.9956170221673921,0.9238268153873954,1.2940450856733432,1.756346430740957,0.9784695920418424,1.0,1.0,1.0,1.0,0.46106529235839844,0.9514529705047607,1.3742499351501465,0.9562910953462318,0.9831600850418472,0.9929806450012437,1.0,1.0,0.4499189754585436,0.9400400952850526,1.3558824537982115,1.0
GAS,6,78.0,0.7793656729,image_color_derived_proxy,19.0,0.0,0.10344827586206896,0.002967359050445104,91.02399444580078,675,5216.3515625,0.7702474130388192,nearest_physical_car_same_track_location_crossing_headway_le_2s,0.2977346332165254,0.452562113119837,0.5382536909044375,0.6400069246006751,0.8579716420015109,1.1339737340023643,1.8299118568157329,2.580951299899962,0.5107664288180314,0.6844788280181786,0.7702474130388192,0.9507822133107563,1.0,0.7808496952056885,1.2422659397125244,2.1170291900634766,0.5563918017530745,0.7154047663770189,0.8344610545385571,0.9238442230156377,0.9550448309935287,0.7920881075451399,1.281307339742219,2.166959602374917,0.6954498607670976
GAS,7,151.0,0.4299868407000001,image_color_derived_proxy,19.0,0.0,0.1206896551724138,0.011730205278592375,90.66900253295898,683,5216.3515625,0.43729390384307526,nearest_physical_car_same_track_location_crossing_headway_le_2s,0.1118133274796068,0.27988619627752637,0.4002029285365382,0.5498571638878996,0.661119038142028,1.455526366269678,2.168983246735992,2.8162827925248584,0.003827150702815321,0.17792192585218947,0.43729390384307526,0.4441209701899607,0.48522649987893557,1.706132411956787,2.542775869369507,3.160892963409424,0.02867578334788701,0.29036389433672993,0.3733911131133081,0.4712857752762236,0.6083116465667452,1.6544900523926571,2.3291649176045146,3.5165023765666232,0.3423309010329769
GAS,8,229.0,0.05667795150000003,image_color_derived_proxy,18.0,0.0,0.13793103448275862,0.008595988538681949,90.73999786376953,699,5216.3515625,0.275170812011502,nearest_physical_car_same_track_location_crossing_headway_le_2s,0.019638502563548932,0.0446660139767417,0.10508050560588988,0.14608765086951472,0.21291597815877666,1.9660954236141783,2.8586473547894022,4.891442074983017,0.0314965715268261,0.1803394074251377,0.275170812011502,0.36907647774933994,0.4308794411859345,1.6252174377441406,2.8264918327331543,3.4228224754333496,0.0821137251538617,0.16203440938125263,0.3248732622545891,0.3901036005736087,0.46718095005764926,1.5509154610071123,2.5380785267404544,3.5159388679530585,0.2608453139877632
GAS,9,235.0,0.02796188310000005,image_color_derived_proxy,16.0,0.0,0.15517241379310345,0.006006006006006006,90.52700090408325,667,5216.3515625,0.16146562216239768,nearest_physical_car_same_track_location_crossing_headway_le_2s,0.014150473844510045,0.02276667948861916,0.05386237501710637,0.08769755996086172,0.11030961317596599,2.4160633785623897,3.627809517114543,5.859012305779808,0.012670252452001547,0.01487953825495553,0.16146562216239768,0.3196063039838249,0.4084969257732944,1.9801557064056396,2.7879397869110107,3.61676287651062,0.026875942581931784,0.051840893850198674,0.24433598156156633,0.3666640850519419,0.430600837989664,1.8297275622997249,2.619735097635842,3.583058293552007,0.18424092853930418
GAS,10,238.0,0.013603848900000059,image_color_derived_proxy,16.0,0.0,0.1724137931034483,0.002844950213371266,90.7179946899414,704,5216.3515625,0.0,nearest_physical_car_same_track_location_crossing_headway_le_2s,0.0,0.0,0.016898490057977784,0.0438832235308108,0.06967744617192638,2.708608926402806,3.903087925266575,6.379073807565789,0.0,0.0,0.0,0.0,0.11095924264138639,2.491288900375366,3.4843080043792725,4.231828212738037,0.0,0.015796189742997593,0.02688552686498541,0.07182697173369629,0.1745298372099145,2.3314548217852122,3.152813723281008,4.317162987938738,0.007044565034814654
GAS,11,240.0,0.00403182610000016,image_color_derived_proxy,16.0,0.0,0.1896551724137931,0.002857142857142857,91.26300048828125,701,5216.3515625,0.0,nearest_physical_car_same_track_location_crossing_headway_le_2s,0.0,0.0,0.004689716389132809,0.021761273426637497,0.04525384615095238,2.976520296422447,4.482010574802781,7.190967146915823,0.0,0.0,0.0,0.0,0.0,3.1015524864196777,3.9234890937805176,4.4568610191345215,0.0,0.0,0.0010190374137353344,0.019273953973006575,0.03496488136121446,2.79023201027738,3.484745542311078,5.291956409963427,0.0
GAS,12,239.0,0.00881783750000011,image_color_derived_proxy,16.0,0.0,0.20689655172413793,0.0028694404591104736,91.91799926757812,698,5216.3515625,0.0,nearest_physical_car_same_track_location_crossing_headway_le_2s,0.0,0.0,0.0,0.009236482845606978,0.025152877569457055,3.234162000568817,4.892355002126386,8.336269627260359,0.0,0.0,0.0,0.0,0.0,3.4740140438079834,4.169828414916992,5.295878648757935,0.0,0.0,0.0,0.0,0.023510077626960967,2.9783553097685322,3.9129425169850123,5.786937131746161,0.0
GAS,13,239.0,0.00881783750000011,image_color_derived_proxy,17.0,0.0,0.22413793103448276,0.010248901903367497,93.66900062561035,684,5216.3515625,0.007750694758184729,nearest_physical_car_same_track_location_crossing_headway_le_2s,0.012725675888630422,0.014647339448330734,0.014647339448330734,0.025750255047222705,0.038689412908894896,3.342671638791742,5.667104360219595,9.685106642702793,0.007750694758184729,0.007750694758184729,0.007750694758184729,0.007750694758184729,0.007750694758184729,3.827709674835205,4.4895179271698,5.228390455245972,0.007750694758184729,0.007750694758184729,0.007750694758184729,0.021543943413186193,0.04983502897492428,2.9692649745615527,4.079673849173347,7.961541533951515,0.007349497375966019
GAS,14,239.0,0.00881783750000011,image_color_derived_proxy,20.0,0.0,0.2413793103448276,0.004733727810650888,111.67099952697754,846,5216.3515625,0.07675224878353597,nearest_physical_car_same_track_location_crossing_headway_le_2s,0.009053381457003525,0.009053381457003525,0.012536825701203111,0.014685998261419543,0.016503838788722337,7.78620768773516,12.861419962354274,31.77294757255858,0.06088420497349472,0.07030474177793124,0.07675224878353597,0.0841758391631175,0.08929802657710333,2.9141595363616943,13.431896686553955,14.07645034790039,0.05984544414291476,0.06876450364928532,0.07209571748810566,0.07944766337365738,0.08392509944658007,3.7288862442706097,11.482801301300018,29.544080965007975,0.0660696593368334
GAS,15,239.0,0.00881783750000011,image_color_derived_proxy,20.0,0.0,0.25862068965517243,0.0014814814814814814,89.9469985961914,676,5216.3515625,0.0,nearest_physical_car_same_track_location_crossing_headway_le_2s,0.0,0.0,0.0,0.0,0.0,4.906663438062264,8.249046808978388,12.249575589476937,0.0,0.0,0.0,0.0,0.0,7.309554815292358,7.498486042022705,13.246013879776001,0.0,0.0,0.0,0.0,0.0,5.226221335644682,7.275220153532256,16.35843556281035,0.00469311418022611
GAS,16,239.0,0.00881783750000011,image_color_derived_proxy,19.0,0.0,0.27586206896551724,0.0014792899408284023,89.70100021362305,677,5216.3515625,0.021047703001614446,nearest_physical_car_same_track_location_crossing_headway_le_2s,0.03869522020785488,0.04137077576426097,0.04538411042783288,0.04861707283808909,0.05251892347296543,4.001088794909025,8.176813288979313,13.755861732219827,0.017480293821122633,0.019174817035848273,0.021047703001614446,0.024169186699026166,0.02585255725820139,7.679758787155151,8.105311155319214,8.381688833236694,0.011683257225230356,0.019174817035848273,0.021047703001614446,0.026175851372886583,0.028528110156681948,5.096897689379311,7.291189473110422,14.071195594930332,0.02960915552159904
GAS,17,239.0,0.00881783750000011,image_color_derived_proxy,19.0,0.0,0.29310344827586204,0.0,89.62299728393555,669,5216.3515625,0.0,nearest_physical_car_same_track_location_crossing_headway_le_2s,0.0,0.0,0.0,0.0,0.0,4.790911345786237,8.286957380836578,13.239524147727273,0.0,0.0,0.0,0.0,0.0,7.550713539123535,7.707953929901123,7.987743854522705,0.0,0.0,0.0,0.0,0.0,5.285733638072165,7.154033436317368,14.567819500842429,0.0047981040214665205
GAS,18,240.0,0.00403182610000016,image_color_derived_proxy,19.0,0.0,0.3103448275862069,0.0014970059880239522,89.61700439453125,669,5216.3515625,0.0,nearest_physical_car_same_track_location_crossing_headway_le_2s,0.0,0.0,0.0,0.0,0.0,4.851600967264907,8.136224113087241,12.934400757888566,0.0,0.0,0.0,0.0,0.0,7.597938776016235,7.709243059158325,7.815428018569946,0.0,0.0,0.0,0.0,0.0,5.299594919656492,7.062242858120786,16.320517502951645,0.0047868632857880344
GAS,19,158.0,0.3964847609,image_color_derived_proxy,19.0,0.0,0.3275862068965517,0.0029895366218236174,90.73199653625488,670,5216.3515625,0.868800415104599,nearest_physical_car_same_track_location_crossing_headway_le_2s,0.6395649419419258,0.7131883980677868,0.7720099467944898,0.8700016998216322,0.9088083375851648,0.22631295018916506,1.063799235768562,2.451523270717887,0.8433518191213201,0.8539324204650705,0.868800415104599,0.868800415104599,0.8790503805395271,0.06331944465637207,0.6914262771606445,4.380324125289917,0.844564187575128,0.8590023234749635,0.872889373249529,0.8803729609629425,0.8841202572721873,0.062386023827128455,0.6907385099611357,5.2153509235814335,0.8357094700005238
GAS,20,39.0,0.9660201175,image_color_derived_proxy,19.0,0.0,0.3448275862068966,0.0,90.04100036621094,690,5216.3515625,0.7973367150618877,nearest_physical_car_same_track_location_crossing_headway_le_2s,0.48047005011352456,0.6520140931088031,0.8812319134614358,0.9605290306770868,0.9949689585053755,1.1162512911283053,1.5304829193944995,2.029277189651338,0.28534779366021645,0.4427205250971585,0.7973367150618877,1.0,1.0,1.2146925926208496,1.8456792831420898,2.0589351654052734,0.325662751801539,0.5503380655276705,0.7979921205600409,0.9117068809697189,0.9634721798795342,1.1870147665395554,1.7143315813168276,2.1624664216343485,0.8216310318279587
GAS,21,124.0,0.5592091485000001,image_color_derived_proxy,19.0,0.0,0.3620689655172414,0.0,89.5719985961914,680,5216.3515625,0.7557272630249393,nearest_physical_car_same_track_location_crossing_headway_le_2s,0.14132760576509398,0.23085354140125436,0.49132543590365596,0.7956615518376278,0.9120037780822445,1.3984359238173936,2.003616101594898,2.4214129441784276,0.0,0.1888871408858026,0.7557272630249393,1.0,1.0,1.6816487312316895,1.909299612045288,2.04319167137146,0.08361985867409244,0.3119500908389254,0.7130799460426369,0.8450409105121887,0.9198521804786404,1.518222364779009,1.8785291500671717,2.4229721971999827,0.6293317620042791
GAS,22,208.0,0.15718419090000013,image_color_derived_proxy,18.0,0.0,0.3793103448275862,0.0029411764705882353,89.82000064849854,681,5216.3515625,0.21531957055946035,nearest_physical_car_same_track_location_crossing_headway_le_2s,0.10263862421088149,0.1919505391715883,0.2852705671804358,0.6210420936784442,0.8268425822204594,1.4680756518715308,2.160646665185914,2.7087227094291464,0.0,0.0,0.21531957055946035,0.8206413513881371,0.9761857055942852,1.9473764896392822,2.102423667907715,2.3038101196289062,0.012380268191860371,0.11779115736659201,0.4183589253812709,0.706434926959346,0.8148964643836251,1.7222529337681052,2.063311185908324,2.92256834620436,0.2564872032665929
GAS,23,241.0,0.0,image_color_derived_proxy,18.0,0.0,0.39655172413793105,0.0,89.85899353027344,676,5216.3515625,0.05643287169856881,nearest_physical_car_same_track_location_crossing_headway_le_2s,0.07310336187864865,0.134989383382473,0.21899869464233226,0.28976507722280137,0.5712506276533584,1.5601281240494835,2.431329113924051,3.0298662644656584,0.0,0.0,0.05643287169856881,0.1519268809520939,0.6658432475111644,2.081112861633301,2.419512987136841,2.636650323867798,0.006654866132597408,0.0753290796958872,0.12706571078548323,0.34095635883959224,0.6831591943724222,1.925767249456669,2.3337281484057995,3.3001852267887446,0.011179827380385032
GAS,24,241.0,0.0,image_color_derived_proxy,18.0,0.0,0.41379310344827586,0.0,89.87800216674805,671,5216.3515625,0.0,nearest_physical_car_same_track_location_crossing_headway_le_2s,0.04059948018289053,0.07018407426957937,0.12207658582438362,0.18967938206218002,0.2336723624684696,1.9145004150642926,2.930941969022596,3.8055676663306452,0.0,0.0,0.0,0.0,0.009446148226692958,2.724198818206787,2.845287322998047,3.1328418254852295,0.0,0.0,0.021328931195940544,0.07490149284543736,0.2001378900681504,2.3137515604404375,2.7796188953751364,4.142415787307921,0.02136090151418446
GAS,25,241.0,0.0,image_color_derived_proxy,18.0,0.0,0.43103448275862066,0.0,89.84399652481079,679,5216.3515625,0.0,nearest_physical_car_same_track_location_crossing_headway_le_2s,0.01046256470179841,0.02559996372292563,0.06635953258811168,0.11906195569892633,0.16864784736467664,2.1299358122939367,3.4644052870798956,4.462072823351768,0.0,0.0,0.0,0.0,0.0,3.06207537651062,3.1856513023376465,3.305614709854126,0.0,0.0,0.0,0.04152756947523873,0.1091559504838952,2.4565316660748606,3.0831272672187993,4.704986029691994,9.931808772067896e-07
GAS,26,240.0,0.00403182610000016,image_color_derived_proxy,18.0,0.0,0.4482758620689655,0.0,89.98700332641602,672,5216.3515625,0.0,nearest_physical_car_same_track_location_crossing_headway_le_2s,0.02074744697366669,0.056985988670493246,0.08543455655984664,0.13553069180666544,0.19353898153559757,2.0632298962823277,3.3356380789620537,4.293958282470704,0.0,0.0,0.0,0.0,0.0,3.197697401046753,3.314694404602051,3.405900001525879,0.0,0.0,0.0,0.01759143125772667,0.09271341428131342,2.5596685129758456,3.170867668475158,5.034332103611347,0.0
GAS,27,240.0,0.00403182610000016,image_color_derived_proxy,18.0,0.0,0.46551724137931033,0.0,90.10299968719482,667,5216.3515625,0.0,nearest_physical_car_same_track_location_crossing_headway_le_2s,0.012996253603003976,0.06116333195007532,0.09700005534513854,0.1430474117108768,0.20366695835851464,2.033626248719262,3.4430456821456152,4.2759708570397414,0.0,0.0,0.0,0.0,0.0,3.493175983428955,3.995692729949951,4.695250749588013,0.0,0.0,0.0,0.0,0.0,3.120741776211649,3.7045869375832177,6.273547288860863,0.0020734598070207833
GAS,28,240.0,0.00403182610000016,image_color_derived_proxy,18.0,0.0,0.4827586206896552,0.0,90.10300064086914,666,5216.3515625,0.0,nearest_physical_car_same_track_location_crossing_headway_le_2s,0.003196321958363945,0.033139872669561136,0.06030886333808934,0.10138395232744034,0.14910715771291916,2.24008416791204,3.6418816764987247,4.7541602958025315,0.0,0.0,0.0,0.0,0.0,3.395622968673706,3.4863531589508057,3.5887763500213623,0.0,0.0,0.0,0.0,0.04563665452284193,2.737039061849407,3.3327734619484737,5.3112960544091905,0.0
GAS,29,240.0,0.00403182610000016,image_color_derived_proxy,18.0,0.0,0.5,0.0,90.10800170898438,690,5216.3515625,0.0,nearest_physical_car_same_track_location_crossing_headway_le_2s,0.0032405536839845033,0.034625188685859086,0.07412221492559758,0.10127839432186378,0.15368224825064458,2.2189275187830773,3.687941331129808,4.825423769919288,0.0,0.0,0.0,0.0,0.0,3.6179497241973877,3.8103387355804443,4.0490593910217285,0.0,0.0,0.0,0.0,0.0,2.9891918916391953,3.582029012076492,5.727504754384977,0.003599365149590028
GAS,30,240.0,0.00403182610000016,image_color_derived_proxy,18.0,0.0,0.5172413793103449,0.0,90.08300185203552,675,5216.3515625,0.0,nearest_physical_car_same_track_location_crossing_headway_le_2s,0.005317319379959259,0.042083372818109636,0.08475519220342176,0.11598192488506143,0.17590445280954878,2.1521904355003723,3.6445783138275147,4.78692606271749,0.0,0.0,0.0,0.0,0.0,3.3512754440307617,3.547067642211914,3.750903367996216,0.0,0.0,0.0,0.0,0.03480115598985744,2.682957911746624,3.397357821549576,5.4643095211788575,0.0
GAS,31,242.0,0.0,image_color_derived_proxy,18.0,0.0,0.5344827586206896,0.0014684287812041115,90.27000045776367,682,5216.3515625,0.0,nearest_physical_car_same_track_location_crossing_headway_le_2s,0.0,0.016616816133747925,0.053938179422955944,0.08183224975562822,0.12506916964812703,2.3849260956598823,3.8507207826126457,5.124964868965048,0.0,0.0,0.0,0.0,0.0,3.4998667240142822,3.745115280151367,3.960519552230835,0.0,0.0,0.0,0.0,0.0,2.826238066704159,3.5023062722897054,6.132827027280017,0.0027577793307105303
GAS,32,241.0,0.0,image_color_derived_proxy,17.0,0.0,0.5517241379310345,0.004335260115606936,90.13199806213379,693,5216.3515625,0.00975236283895133,nearest_physical_car_same_track_location_crossing_headway_le_2s,0.08083688409458234,0.1170283791969654,0.17226940728651124,0.24156785507392056,0.3166688474266019,1.6208030007102272,3.337683045756054,4.952946363176618,0.007688724238905304,0.007688724238905304,0.00975236283895133,0.00975236283895133,0.00975236283895133,2.9031152725219727,3.8283748626708984,4.415824890136719,0.007688724238905304,0.007688724238905304,0.01002975074132171,0.05221234998320288,0.1143212535148304,2.4464024134544426,3.6293010130670593,7.245579563942816,0.02024757663661425
GAS,33,240.0,0.00403182610000016,image_color_derived_proxy,15.0,0.0,0.5689655172413793,0.004322766570605188,90.46499633789062,695,5216.3515625,0.013485879378732048,nearest_physical_car_same_track_location_crossing_headway_le_2s,0.0580555944552225,0.10050297130994597,0.13941299568454052,0.18912275883891094,0.23709724369346794,1.7309106883466112,3.282627735323119,4.128671579559035,0.009130603091159399,0.011053999231536552,0.013485879378732048,0.015696679752135116,0.017697453549791742,2.98075270652771,3.1928255558013916,3.3724162578582764,0.009130603091159399,0.009130603091159399,0.011562483238354895,0.044868146152774444,0.12381585829574508,2.4437031843449573,3.0515040052543574,4.9912302342748225,0.022104814545797824
GAS,34,239.0,0.00881783750000011,image_color_derived_proxy,14.0,0.0,0.5862068965517241,0.0014858841010401188,90.26399993896484,674,5216.3515625,0.008419746421354663,nearest_physical_car_same_track_location_crossing_headway_le_2s,0.026267398964553795,0.06564069640486421,0.11634765355747652,0.17340249745891817,0.24433884738985856,1.9239586896968608,3.058329203687911,3.8098654109466676,0.005760878991382276,0.008419746421354663,0.008419746421354663,0.010646548191108118,0.07046000736471039,2.6129062175750732,2.875608205795288,3.044309616088867,0.005760878991382276,0.008419746421354663,0.029845772572130547,0.11206015081734276,0.3127381392567781,2.2281583535948277,2.7480062433024806,4.005183303862505,0.013829768865912584
GAS,35,235.0,0.02796188310000005,image_color_derived_proxy,14.0,0.0,0.603448275862069,0.0,90.24099731445312,685,5216.3515625,0.28485941237402423,nearest_physical_car_same_track_location_crossing_headway_le_2s,0.09113381830405438,0.16714123610466222,0.2619430139605217,0.42813135247447004,0.6053789516808662,1.523338834904442,2.3386287563711425,2.9852935548452293,0.0,0.03810909778334044,0.28485941237402423,0.5341917631856699,0.7644086401092722,1.8246495723724365,2.2153518199920654,2.5465896129608154,0.03278997043304113,0.14901207872663566,0.31631979119497794,0.4978225733906839,0.7691514780245599,1.6643967327656666,2.250814486509777,3.020635494445394,0.20721470766715272
GAS,36,132.0,0.5209210573,image_color_derived_proxy,15.0,0.0,0.6206896551724138,0.0014858841010401188,90.72600555419922,674,5216.3515625,0.5166544746270888,nearest_physical_car_same_track_location_crossing_headway_le_2s,0.522992309975101,0.5542071539717948,0.6184114922047331,0.6595242779401561,0.7744417290795659,0.4183056885714358,1.3937276060876365,2.69066655085637,0.3928311732301998,0.5045962545617135,0.5166544746270888,0.5671582781818385,0.6441924185135455,0.6462554931640625,1.6938796043395996,2.642418384552002,0.4207613012806729,0.48866918176712226,0.5454555507445189,0.6152040732148024,0.7605317168642607,0.6327224845339104,1.7998815694564034,2.858649181258184,0.5202054527535416
GAS,37,179.0,0.2959785215000001,image_color_derived_proxy,15.0,0.0,0.6379310344827587,0.0,90.04299736022949,668,5216.3515625,0.2989460597350945,nearest_physical_car_same_track_location_crossing_headway_le_2s,0.115722473849657,0.21527495769137833,0.3856935593306649,0.5554235397369324,0.7101607316679639,1.4330400238037109,2.109006031450019,2.966293574138185,0.0,0.13609054588369038,0.2989460597350945,0.4437102305152362,0.5978588203560027,1.7037317752838135,2.4345943927764893,2.9051952362060547,0.04190220419271011,0.12449607287574688,0.32759902604751184,0.489310761928428,0.6875270647976826,1.6639012776692959,2.2630765500149996,3.1823676945781956,0.28769012723721543
GAS,38,239.0,0.00881783750000011,image_color_derived_proxy,15.0,0.0,0.6551724137931034,0.0015220700152207,90.32899856567383,658,5216.3515625,0.0,nearest_physical_car_same_track_location_crossing_headway_le_2s,0.002668037208174852,0.024366548623570766,0.0652613970781536,0.11431542201269004,0.15709237546192958,2.1833425425802417,3.516390713778409,4.830554336376404,0.0,0.0,0.0,0.0,0.0,3.043543815612793,3.2962565422058105,3.7201037406921387,0.0,0.0,0.0,0.01865402575804382,0.10017821016372805,2.4956113580498425,3.086431125832617,5.301973097571107,0.0
GAS,39,137.0,0.4969910003000001,image_color_derived_proxy,16.0,0.0,0.6724137931034483,0.004424778761061947,91.09199905395508,679,5216.3515625,0.5398497714812388,nearest_physical_car_same_track_location_crossing_headway_le_2s,0.4428379803512016,0.4590084408532422,0.4725991270820769,0.4952684778745504,0.5041167041211269,0.11037418980752269,2.331659098474397,4.316337308364126,0.5398497714812388,0.5398497714812388,0.5398497714812388,0.5398497714812388,0.5398497714812388,0.19600367546081543,0.9675652980804443,3.4522440433502197,0.5398497714812388,0.5398497714812388,0.5398497714812388,0.5433627001483843,0.5740459875135793,0.19579599059453998,0.9835830304374668,4.717668814638516,0.5222612966729421
GAS,40,116.0,0.5974972397,image_color_derived_proxy,16.0,0.0,0.6896551724137931,0.0,92.03199768066406,696,5216.3515625,0.9448778884005379,nearest_physical_car_same_track_location_crossing_headway_le_2s,0.22959408361555733,0.4819628190967691,0.7496849425674208,0.8502478458624884,0.8866916104952632,1.2315555826822917,1.7721384437851428,2.636205781632633,0.5753216723488658,0.8755106808375953,0.9448778884005379,0.9564064549427836,0.9674896031756427,1.031581163406372,1.4530370235443115,1.8532791137695312,0.5654554557649796,0.8226270387234559,0.8942216279811235,0.9361744080031714,0.9581124410564762,0.9913774145909983,1.4563452992870376,2.0313490711972064,0.913413615117216
GAS,41,40.0,0.9612341061,image_color_derived_proxy,19.0,0.0,0.7068965517241379,0.009535160905840286,110.48199462890625,840,5216.3515625,0.6638909563112488,nearest_physical_car_same_track_location_crossing_headway_le_2s,0.0170797101182811,0.020989848808750388,0.023750478080181225,0.025660289067554003,0.027877846098458295,10.14969003411788,17.480503443667764,43.639481033054935,0.650531366677978,0.6587770046462643,0.6638909563112488,0.6695389360981379,0.6722181100363536,0.17864727973937988,0.8873310089111328,16.466888904571533,0.6457161061479739,0.6593472265065434,0.6634836537493433,0.6660904143149801,0.6667873574192865,0.17825229370091764,0.8775032055551572,18.285436539132114,0.5389121518328158
GAS,42,123.0,0.5639951599000002,image_color_derived_proxy,19.0,0.0,0.7241379310344828,0.0,88.9010009765625,662,5216.3515625,0.9705965029446213,nearest_physical_car_same_track_location_crossing_headway_le_2s,0.0985028517008295,0.20582453704728765,0.41833049717646925,0.7103181912475438,0.8850857687369469,1.5069330206325406,2.0477047344014525,2.539387544349933,0.05957189881048008,0.2830901630663882,0.9705965029446213,0.9975815349104805,1.0,1.540956735610962,1.8083510398864746,1.9738552570343018,0.14185440269035682,0.4245396797853015,0.7911273425581887,0.8781001897286335,0.9259400526859972,1.4721277214564306,1.7892017658489752,2.2890613959151462,0.6688702607852328
GAS,43,239.0,0.00881783750000011,image_color_derived_proxy,19.0,0.0,0.7413793103448276,0.0,88.17500305175781,658,5216.3515625,0.0,nearest_physical_car_same_track_location_crossing_headway_le_2s,0.0639070035027291,0.12402613821390754,0.19102915185709018,0.2887100041930303,0.4918741800077596,1.6506037394205728,2.5081149007756456,2.9711349132328904,0.0,0.0,0.0,0.0,0.641032100216712,2.4157333374023438,2.4855809211730957,2.5712685585021973,0.0,0.0,0.06560816157858679,0.28517152514727956,0.6740346436798158,2.0631004772299835,2.402448602098497,3.507083872017334,0.0
GAS,44,239.0,0.00881783750000011,image_color_derived_proxy,19.0,0.0,0.7586206896551724,0.0,88.29000091552734,673,5216.3515625,0.0,nearest_physical_car_same_track_location_crossing_headway_le_2s,0.011586802573410562,0.048691743342988245,0.10329603785213147,0.16462794345001927,0.2285762748688749,1.9780755383614899,2.808065261054285,3.59558337478312,0.0,0.0,0.0,0.015675558294268224,0.2752859899551923,2.36746883392334,2.55363392829895,2.664743185043335,0.0,0.0,0.08793741235032099,0.259768983119846,0.5223354324753656,2.0214044179857713,2.4885355883444618,3.5599826815265176,0.04657305571039738
GAS,45,240.0,0.00403182610000016,image_color_derived_proxy,19.0,0.0,0.7758620689655172,0.0,88.16999816894531,679,5216.3515625,0.0,nearest_physical_car_same_track_location_crossing_headway_le_2s,0.010695257038001948,0.03763187898051143,0.069604208601513,0.11660419650887482,0.1822502564115211,2.1889078292121207,3.3028873599859456,4.132630709134616,0.0,0.0,0.0,0.0,0.0,2.7153513431549072,2.983311891555786,3.1684834957122803,0.0,0.0,0.007292747757172557,0.0957241339983722,0.20187138659424408,2.255800453013265,2.867912936744046,4.226555184636832,0.00041388810416642663
GAS,46,239.0,0.00881783750000011,image_color_derived_proxy,19.0,0.0,0.7931034482758621,0.0,87.88999843597412,656,5216.3515625,0.0,nearest_physical_car_same_track_location_crossing_headway_le_2s,0.020741857936205123,0.052827394830711846,0.09179650944343212,0.1408351674121635,0.20426665530807875,2.071246609622485,3.1283323684458977,3.954363597523083,0.0,0.0,0.0,0.0,0.040505149868527164,2.5481576919555664,2.942866086959839,3.192856788635254,0.0,0.0,0.008226187115938966,0.09514160707504175,0.2459324389931903,2.264888358160594,2.847978700664088,4.233283708331955,0.00133263355121227
GAS,47,240.0,0.00403182610000016,image_color_derived_proxy,19.0,0.0,0.8103448275862069,0.0,88.26549530029297,675,5216.3515625,0.0,nearest_physical_car_same_track_location_crossing_headway_le_2s,0.0040445979755617,0.02176387863051127,0.055944848080690564,0.10470678555484053,0.14659171796335682,2.2123394132140315,3.292636251761365,4.218629974365235,0.0,0.0,0.0,0.0,0.0,3.0595767498016357,3.1491165161132812,3.278784990310669,0.0,0.0,0.0,0.004078589280875363,0.08968386573412791,2.533779647886934,2.984218021347398,4.648229890260676,0.0
GAS,48,241.0,0.0,image_color_derived_proxy,19.0,0.0,0.8275862068965517,0.0,88.18599700927734,651,5216.3515625,0.0,nearest_physical_car_same_track_location_crossing_headway_le_2s,0.0036400239992075245,0.013607611226680475,0.040811521868996684,0.08434453191812412,0.12240036792584642,2.355820884043082,3.6170897263746995,4.823067453745249,0.0,0.0,0.0,0.0,0.0,3.3891303539276123,3.502408266067505,3.6495473384857178,0.0,0.0,0.0,0.0,0.019697020819355784,2.769214861678451,3.291407600947836,5.361956241483375,0.0
GAS,49,240.0,0.00403182610000016,image_color_derived_proxy,19.0,0.0,0.8448275862068966,0.0,88.52200317382812,668,5216.3515625,0.0,nearest_physical_car_same_track_location_crossing_headway_le_2s,0.0063487071519904405,0.01649306423404922,0.04361627530562567,0.0617248177932898,0.10032539359614216,2.4889971176180046,4.0180687824278385,5.325151121738761,0.0,0.0,0.0,0.0,0.0,3.7365994453430176,3.8557467460632324,3.9960343837738037,0.0,0.0,0.0,0.0,0.0,2.960814790610969,3.643374318458444,6.2899043918954165,0.001508533051450378
GAS,50,239.0,0.00881783750000011,image_color_derived_proxy,19.0,0.0,0.8620689655172413,0.0,88.13099670410156,631,5216.3515625,0.0,nearest_physical_car_same_track_location_crossing_headway_le_2s,0.0,0.008612210390575912,0.01835901310184144,0.039498031685219225,0.057686850528407295,2.80731102484425,4.448019588694853,5.937471900795991,0.0,0.0,0.0,0.0,0.0,4.007187604904175,4.140836715698242,4.2359299659729,0.0,0.0,0.0,0.0,0.0,3.161324021176324,3.9054647515654817,6.664140029791902,0.0006211967093503468
GAS,51,240.0,0.00403182610000016,image_color_derived_proxy,19.0,0.0,0.8793103448275862,0.0,88.48599815368652,665,5216.3515625,0.0,nearest_physical_car_same_track_location_crossing_headway_le_2s,0.0,0.009504324083125534,0.03870661558302098,0.06373893409158235,0.10060349222466466,2.489227170682545,4.06630662716718,5.402527251827045,0.0,0.0,0.0,0.0,0.0,3.846072196960449,3.9936821460723877,4.169548273086548,0.0,0.0,0.0,0.0,0.0,3.0547855520343985,3.7517662508063445,6.2065061427264885,0.0007648459722696677
GAS,52,238.0,0.013603848900000059,image_color_derived_proxy,19.0,0.0,0.896551724137931,0.0,88.56650161743164,645,5216.3515625,0.0,nearest_physical_car_same_track_location_crossing_headway_le_2s,0.0,0.0,0.019646230030464083,0.02957099392402444,0.040884557153524737,3.06604443359375,4.564062383186304,6.86217041015625,0.0,0.0,0.0,0.0,0.0,3.7261900901794434,3.9145967960357666,4.012646198272705,0.0,0.0,0.0,0.0,0.016925141243485372,2.9542611482397616,3.606660430408075,6.251502093457351,0.004826904350232697
GAS,53,221.0,0.09496604270000006,image_color_derived_proxy,19.0,0.0,0.9137931034482759,0.0015313935681470138,88.84400177001953,654,5216.3515625,0.0,nearest_physical_car_same_track_location_crossing_headway_le_2s,0.04434742203086812,0.07247533933346792,0.13103860974716874,0.2290193372051654,0.34542570601996864,1.8699236724336268,2.8629665093133916,4.482088987829533,0.0,0.0,0.0,0.14912656212416683,0.32650491487262173,2.1481776237487793,2.9173061847686768,3.959691286087036,0.0,0.0,0.06504658967943301,0.20337904094311693,0.33101849804391786,2.0640170118723367,2.8763164161218047,5.523648268814326,0.025979955635562546
GAS,54,38.0,0.9708061289000001,image_color_derived_proxy,19.0,0.0,0.9310344827586207,0.0,89.6510009765625,660,5216.3515625,0.9429008106385847,nearest_physical_car_same_track_location_crossing_headway_le_2s,0.11173335493623548,0.20256331177893877,0.5853587097916675,0.8004594536674128,0.8893932234329832,1.4661718263216545,1.9712455955500925,2.517822056289621,0.0,0.2842132611948732,0.9429008106385847,1.0,1.0,1.6343371868133545,1.7935335636138916,1.9191491603851318,0.10751696744782625,0.406241952631733,0.8286355611044278,0.8904530799177175,0.9567433478209365,1.4855343912861676,1.7984829927567374,2.276634990020854,0.7889400488163871
GAS,55,185.0,0.2672624531000001,image_color_derived_proxy,19.0,0.0,0.9482758620689655,0.0,89.35400390625,667,5216.3515625,0.047004047112111126,nearest_physical_car_same_track_location_crossing_headway_le_2s,0.07810510821642568,0.15108447602624633,0.2603017639334593,0.6437315746184321,0.8206236159667876,1.5899521292072454,2.1636525732118175,2.7253798320983655,0.0,0.0,0.047004047112111126,0.6818273489456111,0.9597107893162183,2.039576768875122,2.177879810333252,2.38562273979187,0.0,0.027307104291668716,0.26575191918489444,0.7090560361175662,0.8139981941729236,1.9022005792680827,2.109406951153146,2.802974963303523,0.16799249846296932
GAS,56,219.0,0.1045380655000001,image_color_derived_proxy,19.0,0.0,0.9655172413793104,0.0,89.62250137329102,675,5216.3515625,0.37200478858411556,nearest_physical_car_same_track_location_crossing_headway_le_2s,0.06829756508906253,0.14682707460087363,0.22561307512075104,0.5317637641306817,0.7301625543154612,1.6392006846813045,2.2337295114177547,2.9972161040434964,0.0017964160297771333,0.06650114639903182,0.37200478858411556,0.8950095813820728,1.0,1.8415987491607666,2.0769920349121094,2.2574965953826904,0.04887166728221387,0.15711462896421943,0.4450891314765842,0.8013277995944582,0.8768054954752066,1.651619851162729,2.03122813384851,2.5944742910209855,0.3125355041185859
GAS,57,203.0,0.18111424790000016,image_color_derived_proxy,19.0,0.0,0.9827586206896551,0.0015384615384615385,89.04699802398682,651,5216.3515625,0.09365843032338896,nearest_physical_car_same_track_location_crossing_headway_le_2s,0.055251739148804394,0.12397946580549989,0.21047318834460388,0.41820614667834105,0.6701855240210064,1.6574359033475023,2.3290854209740766,2.98272550768304,0.0,0.0,0.09365843032338896,0.5235325544569873,0.9735421049088895,2.0033280849456787,2.211376190185547,2.401158332824707,0.0,0.04786235611335216,0.2549440737638671,0.5987177028991766,0.7835188826115856,1.8460541502779813,2.144580285917511,3.1015862204499243,0.12094666803695153
ALO,1,15.0,1.0,image_color_derived_proxy,5.0,0.03561836327094475,0.017241379310344827,0.09379310344827586,95.31600189208984,726,5216.3515625,0.9643816367290552,nearest_physical_car_same_track_location_crossing_headway_le_2s,0.8968169604504317,0.8968169604504317,0.8968169604504317,0.8968169604504317,0.8968169604504317,0.019785388528484188,0.1925307428424034,0.8736536904182258,0.9643816367290552,0.9643816367290552,0.9643816367290552,0.9643816367290552,0.9643816367290552,0.03343510627746582,0.32026028633117676,0.6464593410491943,0.9649062076274618,0.9649062076274618,0.9649062076274618,0.9649062076274618,0.9649062076274618,0.03367447821377004,0.32911976680640254,0.6699252444711563,0.9469944174565398
ALO,2,15.0,1.0,image_color_derived_proxy,5.0,0.0,0.034482758620689655,0.002911208151382824,90.52899932861328,688,5216.3515625,1.0,nearest_physical_car_same_track_location_crossing_headway_le_2s,0.9542909338596323,0.9933391511041759,0.9933391511041759,0.9933391511041759,0.9933391511041759,0.36278962096301964,0.7883018642848966,1.3161373252375448,1.0,1.0,1.0,1.0,1.0,0.319260835647583,0.6557135581970215,0.9382383823394775,1.0,1.0,1.0,1.0,1.0,0.3186611324561115,0.6549459410503329,0.9247972031608865,0.9986814936267268
ALO,3,20.0,1.0,image_color_derived_proxy,5.0,0.0,0.05172413793103448,0.0,90.19299697875977,683,5216.3515625,1.0,nearest_physical_car_same_track_location_crossing_headway_le_2s,0.9013560436802793,0.9755302170796835,0.995343313698453,0.995487454471204,0.995487454471204,0.6398759845396411,1.0793840288495202,1.496615163358184,1.0,1.0,1.0,1.0,1.0,0.6467947959899902,0.832273006439209,1.0260250568389893,1.0,1.0,1.0,1.0,1.0,0.6317441005256098,0.8320206016249418,1.020347635328828,1.0
ALO,4,23.0,1.0,image_color_derived_proxy,6.0,0.0,0.06896551724137931,0.0014684287812041115,91.03000259399414,682,5216.3515625,1.0,nearest_physical_car_same_track_location_crossing_headway_le_2s,0.865670682804338,0.9880479108852193,0.9946940453205446,0.9974953312795549,0.9974953312795549,0.26991666555404664,1.045699525841683,1.5449464089529854,0.970130707541044,1.0,1.0,1.0,1.0,0.2424297332763672,0.8064162731170654,1.3189220428466797,0.9551796132325362,0.9880698835086279,0.9898934621253541,0.9982423394171949,1.0,0.24135501840853657,0.7785208575543145,1.354102445846307,0.9953159607700433
ALO,5,24.0,1.0,image_color_derived_proxy,6.0,0.0,0.08620689655172414,0.0,90.3219985961914,685,5216.3515625,1.0,nearest_physical_car_same_track_location_crossing_headway_le_2s,0.9146829147277548,0.9788201901092689,0.9967560503842909,0.9967560503842909,0.9967560503842909,0.7458635296737939,1.0230133666992187,1.4668709416543284,1.0,1.0,1.0,1.0,1.0,0.7921152114868164,0.9568545818328857,1.3354535102844238,0.9967560586332013,1.0,1.0,1.0,1.0,0.7873371673431399,0.9538558713683638,1.3374902935890487,1.0
ALO,6,32.0,0.9995221973000001,image_color_derived_proxy,6.0,0.0,0.10344827586206896,0.0,90.54500198364258,674,5216.3515625,1.0,nearest_physical_car_same_track_location_crossing_headway_le_2s,0.6554861932697822,0.8043957173483387,0.9649676527123826,0.9949527861576901,0.9949527861576901,0.9615990634338097,1.224127722819198,1.860311296471211,0.6016676729513007,0.9179081969287864,1.0,1.0,1.0,0.9854140281677246,1.4228219985961914,1.7436411380767822,0.6190954611275638,0.8848639329176158,0.9383069367410761,0.981313144782093,0.9985310814296817,0.9659158982284104,1.3711350039431343,1.8102386973974323,0.9989824481808722
ALO,7,78.0,0.7793656729,image_color_derived_proxy,6.0,0.0,0.1206896551724138,0.0,90.45199584960938,670,5216.3515625,0.6394441621616698,nearest_physical_car_same_track_location_crossing_headway_le_2s,0.22973517897346463,0.5374341736083558,0.6796532611984515,0.7354398162835732,0.794476573549515,1.1340138435363771,1.6822587742895414,2.675598456915908,0.258181148405614,0.436905793353489,0.6394441621616698,0.9427320507798596,1.0,1.4388563632965088,1.7889564037322998,2.188714027404785,0.2967872549369402,0.5182859667617093,0.688011335284121,0.8773051734335247,0.9428868283370969,1.3818199933094717,1.7415603728335074,2.2871802654832556,0.6804661367758638
ALO,8,199.0,0.2002582935000001,image_color_derived_proxy,6.0,0.0,0.13793103448275862,0.0,90.23099899291992,692,5216.3515625,0.22401393619510673,nearest_physical_car_same_track_location_crossing_headway_le_2s,0.11325381502495506,0.17877443637869467,0.24632339791781474,0.49361081349854347,0.6523035126861695,1.4739979278132613,2.258534419874431,3.001222112648789,0.0,0.03324799717927758,0.22401393619510673,0.5433165852939827,0.8121821640462316,1.9202077388763428,2.137307643890381,2.529766321182251,0.0243818519150325,0.07675857055494711,0.31785082801118564,0.554953330931999,0.7671532513243803,1.7885260018786144,2.1692742594658916,3.012594237845224,0.20641720190596524
ALO,9,181.0,0.28640649870000007,image_color_derived_proxy,6.0,0.0,0.15517241379310345,0.0,90.13899993896484,678,5216.3515625,0.06665262906824795,nearest_physical_car_same_track_location_crossing_headway_le_2s,0.08222856016052546,0.1543395117387248,0.24255866833763604,0.6189107274865826,0.7949722431036965,1.5692243486921362,2.1946598642880155,2.653245052025017,0.0,0.0,0.06665262906824795,0.7168817419724361,0.9791433535462901,2.02276873588562,2.154902458190918,2.3765060901641846,0.004881334683177286,0.03548962610050413,0.3490275373816125,0.7038796544880238,0.8063546493016877,1.8401455830985587,2.070889416916053,2.8961322875550164,0.20418476371121502
ALO,10,157.0,0.40127077230000013,image_color_derived_proxy,6.0,0.0,0.1724137931034483,0.0,90.15300369262695,690,5216.3515625,0.5535145689288175,nearest_physical_car_same_track_location_crossing_headway_le_2s,0.08909302575133175,0.1501447584949716,0.3246703538588238,0.5851053738249146,0.749902998077609,1.5542185799020236,2.1228564069944644,2.790335961914063,0.0,0.0626601014028267,0.5535145689288175,0.8601821033061766,1.0,1.802290439605713,1.9662611484527588,2.276244878768921,0.036083104568433326,0.1741927487284872,0.5493438135351781,0.7685267675137749,0.867358911362718,1.6465128865867726,1.953420201311989,2.6548759671108026,0.4350653787064206
ALO,11,116.0,0.5974972397,image_color_derived_proxy,6.0,0.0,0.1896551724137931,0.0,89.92800235748291,695,5216.3515625,0.3089917323942938,nearest_physical_car_same_track_location_crossing_headway_le_2s,0.07352555393318798,0.15791511325279892,0.2876411646708046,0.6692577185123135,0.8613111909984422,1.59,2.115496471240251,2.554161561746566,0.0,0.0,0.3089917323942938,0.9420425468240577,1.0,1.918046236038208,2.0656139850616455,2.1752700805664062,0.0,0.0924628467837221,0.5172360339099039,0.7822368486286505,0.852693312238136,1.7562890800165627,1.9882962583401806,2.6106404789348163,0.34249001418968905
ALO,12,94.0,0.7027894905000001,image_color_derived_proxy,6.0,0.0,0.20689655172413793,0.0,90.09700012207031,690,5216.3515625,1.0,nearest_physical_car_same_track_location_crossing_headway_le_2s,0.08151217549224782,0.17253624723456995,0.46661940469593016,0.7043298911186275,0.8472868321257785,1.5756035781488187,2.0362699584960935,2.596696888316761,0.23167254259689526,0.682742001697999,1.0,1.0,1.0,1.36844801902771,1.7039613723754883,1.7955989837646484,0.28437125979977973,0.752755326697148,0.881161428121174,0.9568798260067537,0.981575414884369,1.3408299389573295,1.6605078911063291,2.049274559942649,0.8089722724006936
ALO,13,41.0,0.9564480947000001,image_color_derived_proxy,6.0,0.0,0.22413793103448276,0.0,90.09700012207031,658,5216.3515625,0.9386105436154237,nearest_physical_car_same_track_location_crossing_headway_le_2s,0.13139178095050347,0.46011518123082745,0.6886798593113128,0.8622596565438759,0.9330388308042022,1.4164670284013998,1.7784469816074664,2.3824020673969266,0.2059891058187375,0.8827819239822803,0.9386105436154237,0.985349127129252,1.0,1.448533535003662,1.6068344116210938,1.842371940612793,0.3157263844594305,0.7490816292161853,0.8940807052538895,0.9621296339106632,0.9894669356774053,1.3902190034857014,1.5684818663593678,2.0021045986720685,0.9055608888654736
ALO,14,50.0,0.9133739921,image_color_derived_proxy,5.0,0.0,0.2413793103448276,0.0,90.3969955444336,677,5216.3515625,0.7107979354374788,nearest_physical_car_same_track_location_crossing_headway_le_2s,0.266900358926836,0.7330553379869755,0.892474471945957,0.9739261981749401,0.9862164303263954,1.1642208604927522,1.578535581438729,2.010568315075064,0.1332012914698593,0.40031189562573877,0.7107979354374788,0.8614887604058399,0.9640364636412242,1.4799349308013916,1.856818437576294,2.323876142501831,0.11068945665342872,0.3767492645702858,0.6684956511427803,0.7993850917182449,0.9273206389155096,1.4619145737407133,1.8193940358445198,2.4160563677934523,0.7305789759390222
ALO,15,240.0,0.00403182610000016,image_color_derived_proxy,5.0,0.0,0.25862068965517243,0.0,89.9640007019043,692,5216.3515625,0.0,nearest_physical_car_same_track_location_crossing_headway_le_2s,0.0,0.0,0.0,0.017240235905381904,0.035125201607919224,3.016451237460666,4.9288175884046055,6.932577933125256,0.0,0.0,0.0,0.0,0.0,4.658298969268799,4.860974311828613,5.11421537399292,0.0,0.0,0.0,0.0,0.0,3.6572027077450433,4.466353004642348,8.445993187884163,0.0
ALO,16,240.0,0.00403182610000016,image_color_derived_proxy,5.0,0.0,0.27586206896551724,0.001466275659824047,92.05800247192383,683,5216.3515625,0.0,nearest_physical_car_same_track_location_crossing_headway_le_2s,0.0,0.012035908657938752,0.03279459406799632,0.06697955653327078,0.0999369396886425,2.445890583542158,4.392960186429717,5.895581600983661,0.0,0.0,0.0,0.0,0.0,4.137611389160156,4.32135009765625,4.4702253341674805,0.0,0.0,0.0,0.0,0.0,3.2351961722869116,4.204662624676929,7.58743043949895,0.0006675622288820904
ALO,17,81.0,0.7650076387000001,image_color_derived_proxy,14.0,0.0,0.29310344827586204,0.019138755980861243,111.37800216674805,837,5216.3515625,0.6582000037675007,nearest_physical_car_same_track_location_crossing_headway_le_2s,0.5774120438434329,0.7562714458554496,0.8413780211716413,0.8495573743260241,0.8680349979407184,0.6077758895387505,1.4126212973276129,4.3364535658290855,0.472714527054508,0.5487618622755875,0.6582000037675007,0.7761945588727638,0.9190594348920226,0.14214682579040527,1.5790214538574219,2.416355609893799,0.4776706228278004,0.557578687248637,0.7022033328681041,0.8045664248901645,0.8588949321122065,0.13958442888785852,1.5686585939369921,3.2016312572392107,0.7274175520565511
ALO,18,220.0,0.09975205410000015,image_color_derived_proxy,14.0,0.0,0.3103448275862069,0.0015015015015015015,90.12300109863281,667,5216.3515625,0.15378980431237757,nearest_physical_car_same_track_location_crossing_headway_le_2s,0.09026554067004035,0.1457565112453632,0.2313948934578512,0.5308966300354486,0.6836767608572819,1.5557606784409,2.226979026473871,2.938524871176862,0.0,0.025287654658981994,0.15378980431237757,0.6735128721004906,0.738757049462938,1.9761836528778076,2.153733491897583,2.764431953430176,0.024965879659705797,0.08833485628314575,0.33345535873468013,0.5757352666669037,0.7167649562941341,1.781633468383026,2.122407027239429,3.2811819812612213,0.21002189234716123
ALO,19,240.0,0.00403182610000016,image_color_derived_proxy,13.0,0.0,0.3275862068965517,0.0015015015015015015,90.24200057983398,667,5216.3515625,0.01030562333261288,nearest_physical_car_same_track_location_crossing_headway_le_2s,0.020400701095716216,0.07138584891977853,0.1190354061283799,0.17975007259135256,0.22606988388215807,1.9211356239612234,2.9628997946191995,4.090540596483311,0.006537975993303123,0.008865052485376156,0.01030562333261288,0.01030562333261288,0.036889704240277654,2.5699851512908936,3.0203628540039062,3.397836923599243,0.006537975993303123,0.008865052485376156,0.01596817155053903,0.07632809388064515,0.22316658116478336,2.3305081701895873,2.7877114467781228,4.66727264852125,0.017666311483164776
ALO,20,240.0,0.00403182610000016,image_color_derived_proxy,12.0,0.0,0.3448275862068966,0.002890173410404624,90.23600387573242,693,5216.3515625,0.007513680505885754,nearest_physical_car_same_track_location_crossing_headway_le_2s,0.0003213720396264154,0.02170974580579262,0.08891132716802368,0.13343900961524682,0.1879516414345368,2.0363221793471165,3.1275371400135286,4.2937449488146555,0.0,0.0,0.007513680505885754,0.06935148215203603,0.1169266979843057,2.433401107788086,2.7124295234680176,3.1541941165924072,0.0,0.03368950869942951,0.05962146753387797,0.14705875887403447,0.34664661677720154,2.138455202082467,2.6021570154698566,4.603907599348338,0.03452621801487077
ALO,21,196.0,0.21461632770000008,image_color_derived_proxy,11.0,0.0,0.3620689655172414,0.008836524300441826,90.1609992980957,680,5216.3515625,0.39799916776548844,nearest_physical_car_same_track_location_crossing_headway_le_2s,0.31981663762448875,0.4023246955331177,0.45764783903560646,0.5087010736967565,0.5823804567262382,0.20695972570636928,2.200775706203049,2.931639876001597,0.33233878418026697,0.38069672879372746,0.39799916776548844,0.5299963423145131,0.8263662005321308,0.27886390686035156,2.195368528366089,2.5607869625091553,0.33978108466769746,0.4090016295634069,0.4622176320749189,0.6005368695331723,0.8178703017833808,0.2796024893083516,2.1136149122539947,3.3174333752286076,0.4155207437346832
ALO,22,15.0,1.0,image_color_derived_proxy,11.0,0.0,0.3793103448275862,0.0,90.45049858093262,685,5216.3515625,1.0,nearest_physical_car_same_track_location_crossing_headway_le_2s,0.9821338477266438,0.9868878748090738,0.9940630509626617,0.9940630509626617,0.9940630509626617,0.7961323457605699,0.983146026071194,1.2565274173266268,1.0,1.0,1.0,1.0,1.0,0.44598937034606934,0.7861528396606445,0.9332847595214844,1.0,1.0,1.0,1.0,1.0,0.44474645823725956,0.7820297228497207,0.935159820296083,0.9996807782082984
ALO,23,15.0,1.0,image_color_derived_proxy,10.0,0.0,0.39655172413793105,0.014727540500736377,89.54999828338623,680,5216.3515625,1.0,nearest_physical_car_same_track_location_crossing_headway_le_2s,0.9949078725965423,0.9949078725965423,0.9949078725965423,0.9949078725965423,0.9949078725965423,0.17644779770710667,0.4140845523161047,0.8574506123860677,1.0,1.0,1.0,1.0,1.0,0.10565567016601562,0.4327521324157715,0.8528542518615723,1.0,1.0,1.0,1.0,1.0,0.1058888863232312,0.4306802357090274,0.8386736123260959,0.9987862071034381
ALO,24,20.0,1.0,image_color_derived_proxy,10.0,0.0,0.41379310344827586,0.007473841554559043,90.93400192260742,670,5216.3515625,1.0,nearest_physical_car_same_track_location_crossing_headway_le_2s,0.8148107866998062,0.9581565052628801,0.9944575016256741,0.9974047111482967,0.9974047111482967,0.5855543223361284,1.0423545675074801,1.607294588310774,1.0,1.0,1.0,1.0,1.0,0.35486793518066406,0.6722126007080078,1.0082225799560547,1.0,1.0,1.0,1.0,1.0,0.35389764161037324,0.6690310787147761,0.9792914165288501,1.0
ALO,25,14.0,1.0,image_color_derived_proxy,10.0,0.0,0.43103448275862066,0.011594202898550725,90.38900375366211,691,5216.3515625,1.0,nearest_physical_car_same_track_location_crossing_headway_le_2s,0.8103640668617575,0.9072452779729085,0.9464203590609133,0.9791787523631105,0.990784270588841,0.14282463909697532,0.48096283629961656,1.7054779950310204,0.9920344157939239,1.0,1.0,1.0,1.0,0.10172510147094727,0.4988820552825928,1.1488535404205322,0.9996791719411765,1.0,1.0,1.0,1.0,0.10082907405267395,0.502792786638635,1.116078636009947,0.9872804967476383
ALO,26,39.0,0.9660201175,image_color_derived_proxy,10.0,0.0,0.4482758620689655,0.008928571428571428,89.95499801635742,673,5216.3515625,0.9764326297222915,nearest_physical_car_same_track_location_crossing_headway_le_2s,0.5087320243307126,0.5664832047962393,0.6236451437557384,0.7263077011537769,0.8440109925478442,0.522323651549013,1.4665636392329582,2.6823194614697035,0.5152131915631133,0.5809349712734694,0.9764326297222915,1.0,1.0,0.17170238494873047,1.3448827266693115,1.9636623859405518,0.5269523920427504,0.6180757603007112,0.8895002761314189,0.9220499005922651,0.9711855814745015,0.16412218081801297,1.4019192868345036,2.1397678139347196,0.7906210994988374
ALO,27,42.0,0.9516620833,image_color_derived_proxy,9.0,0.0,0.46551724137931033,0.010606060606060607,89.8809986114502,661,5216.3515625,1.0,nearest_physical_car_same_track_location_crossing_headway_le_2s,0.6691960009245063,0.7460533814487875,0.8276721838097058,0.9162114143923729,0.9774034571190541,0.38463369305214185,0.992727303390868,2.1857112797521046,0.6644007073409124,0.8936260058112371,1.0,1.0,1.0,0.19860029220581055,1.4376206398010254,1.7726845741271973,0.6494253433353856,0.8132530778838741,0.9137970757665455,0.967156576919356,0.9884180151278569,0.19423362622417897,1.404326554885741,1.9193432712389413,0.913744061104973
ALO,28,135.0,0.5065630231000001,image_color_derived_proxy,9.0,0.0,0.4827586206896552,0.005952380952380952,90.66499710083008,673,5216.3515625,0.4758176207337102,nearest_physical_car_same_track_location_crossing_headway_le_2s,0.35319036492809336,0.4573098667979956,0.7175095700416034,0.8172943792867485,0.8737770612590479,0.841334477555393,1.7810040065220425,2.5776583099365236,0.055501038507343184,0.21772462651918384,0.4758176207337102,0.5463961491604952,0.7620250272591085,1.6825857162475586,2.0988118648529053,2.6969985961914062,0.08329566250415224,0.25051569047537403,0.43788678955126764,0.5950147229689887,0.7613302487011032,1.5414550509739968,2.135197467462661,2.8818890016933723,0.5080999402347278
ALO,29,221.0,0.09496604270000006,image_color_derived_proxy,9.0,0.0,0.5,0.008620689655172414,90.52500224113464,697,5216.3515625,0.13918804929226108,nearest_physical_car_same_track_location_crossing_headway_le_2s,0.4380778504736631,0.5125325457154808,0.5851754283598225,0.6348412526967208,0.7154266961994742,0.2739148203531901,1.6824863017224858,2.7853066326057823,0.13918804929226108,0.13918804929226108,0.13918804929226108,0.16393259712434569,0.3630820128892781,0.2598700523376465,2.686387300491333,3.2021450996398926,0.13918804929226108,0.13918804929226108,0.19574701877557654,0.2836233061973535,0.4420435868973833,0.25243464258177484,2.5753607101239115,4.060691276052778,0.2324912632267951
ALO,30,227.0,0.06624997430000007,image_color_derived_proxy,9.0,0.0,0.5172413793103449,0.0029895366218236174,90.53800201416016,670,5216.3515625,0.01951664772477822,nearest_physical_car_same_track_location_crossing_headway_le_2s,0.27960645814606677,0.3099141678387548,0.3455677302985751,0.3934150684878407,0.4422453006645236,0.4049097594959635,2.786488875609399,3.8782081604003906,0.01951664772477822,0.01951664772477822,0.01951664772477822,0.01951664772477822,0.01951664772477822,2.934425115585327,3.503525972366333,3.8746073246002197,0.01951664772477822,0.01951664772477822,0.01951664772477822,0.03527798566056771,0.08299273185962716,2.5898736733146612,3.2737728417687735,5.335801136626286,0.06913634093152865
ALO,31,240.0,0.00403182610000016,image_color_derived_proxy,9.0,0.0,0.5344827586206896,0.014619883040935672,89.84099984169006,685,5216.3515625,0.001480389341380384,nearest_physical_car_same_track_location_crossing_headway_le_2s,0.04290909465333843,0.05227002997302708,0.0879442707550398,0.1280261596195419,0.17520953645657222,2.0935034051641717,3.6558903504248668,4.934307693479249,0.0,0.0,0.001480389341380384,0.0025934499072389817,0.004229709233016312,3.3883843421936035,3.8771822452545166,4.438355922698975,0.0,0.0,0.001480389341380384,0.0025934499072389817,0.004229709233016312,3.0016693004205304,3.6409509701367213,6.15605936634917,0.00863283375213797
ALO,32,240.0,0.00403182610000016,image_color_derived_proxy,8.0,0.0,0.5517241379310345,0.0029154518950437317,90.17399597167969,687,5216.3515625,0.012642225437729488,nearest_physical_car_same_track_location_crossing_headway_le_2s,0.008283984434423535,0.008283984434423535,0.008283984434423535,0.03003077184611659,0.04888326428939955,3.083912792020631,4.795293707596628,7.168770790100098,0.009315323832801745,0.0118326794245968,0.012642225437729488,0.012642225437729488,0.012642225437729488,3.9386367797851562,4.103455305099487,4.2762556076049805,0.009315323832801745,0.0118326794245968,0.012642225437729488,0.012642225437729488,0.012642225437729488,3.016686574402433,3.8652495783534175,7.386495471907022,0.008583679505085873
ALO,33,240.0,0.00403182610000016,image_color_derived_proxy,7.0,0.0,0.5689655172413793,0.001430615164520744,90.10200500488281,700,5216.3515625,0.0014761062799273487,nearest_physical_car_same_track_location_crossing_headway_le_2s,0.0055603638064835705,0.007169651088392317,0.022530030877297342,0.04022113194970724,0.05504871231694306,2.8645774914944666,4.45694029213181,6.520277074405462,0.0,0.0014761062799273487,0.0014761062799273487,0.0014761062799273487,0.002663649146686876,3.980839252471924,4.105228662490845,4.40141224861145,0.0,0.0,0.0,0.0,0.0,3.1924086107067846,3.8657095919976503,6.908445715498827,0.006325910190972062
ALO,34,240.0,0.00403182610000016,image_color_derived_proxy,7.0,0.0,0.5862068965517241,0.0,89.87800216674805,672,5216.3515625,0.0,nearest_physical_car_same_track_location_crossing_headway_le_2s,0.016310994547382773,0.019426315010085106,0.029718077504334604,0.048576928827957444,0.06097151141300198,2.8053631444430036,4.44810896189271,6.225545221690108,0.0,0.0,0.0,0.0,0.0,3.9306552410125732,4.062432050704956,4.286417722702026,0.0,0.0,0.0,0.0,0.0,3.112256620914325,3.88235009541013,6.6814064258966726,0.007089971037825049
ALO,35,240.0,0.00403182610000016,image_color_derived_proxy,7.0,0.0,0.603448275862069,0.002976190476190476,89.88999938964844,673,5216.3515625,0.0075536862732516604,nearest_physical_car_same_track_location_crossing_headway_le_2s,0.1246078148290172,0.12876850418882535,0.12876850418882535,0.14057178616103022,0.15874958899384506,0.3641369780449018,4.316110618642512,5.762832334377621,0.0075536862732516604,0.0075536862732516604,0.0075536862732516604,0.0075536862732516604,0.0075536862732516604,3.9018566608428955,4.149083614349365,4.509944200515747,0.0075536862732516604,0.0075536862732516604,0.0075536862732516604,0.0075536862732516604,0.0075536862732516604,3.1926910393432975,3.9125831958996615,6.361307447456667,0.029288079691071833
ALO,36,240.0,0.00403182610000016,image_color_derived_proxy,7.0,0.0,0.6206896551724138,0.005952380952380952,89.94499969482422,673,5216.3515625,0.048262823036301396,nearest_physical_car_same_track_location_crossing_headway_le_2s,0.005180981928399135,0.014520024181308582,0.03695588980862345,0.052320898382944965,0.08619706532320785,2.604791168668377,4.067965688330959,5.61087263391373,0.048262823036301396,0.048262823036301396,0.048262823036301396,0.048262823036301396,0.048262823036301396,3.6481988430023193,3.7984745502471924,4.1111900806427,0.048262823036301396,0.048262823036301396,0.048262823036301396,0.048262823036301396,0.048262823036301396,2.9371890762321313,3.5941788206994203,6.249140829611061,0.041656345304956266
ALO,37,240.0,0.00403182610000016,image_color_derived_proxy,7.0,0.0,0.6379310344827587,0.0,90.43500328063965,676,5216.3515625,0.0,nearest_physical_car_same_track_location_crossing_headway_le_2s,0.0,0.017692268739180277,0.03646818395592845,0.05411620942149412,0.09143580089563023,2.534690401447353,3.8507451858810597,5.611359924316407,0.0,0.0,0.0,0.0,0.0,3.3234667778015137,3.509887218475342,4.035143136978149,0.0,0.0,0.0,0.010736979364338206,0.05976666758692957,2.7237633485872266,3.390681409991493,5.8759279748096,0.0
ALO,38,240.0,0.00403182610000016,image_color_derived_proxy,7.0,0.0,0.6551724137931034,0.009174311926605505,90.64750099182129,655,5216.3515625,0.24418767085733128,nearest_physical_car_same_track_location_crossing_headway_le_2s,0.042130231968393654,0.042130231968393654,0.04681871463377781,0.05922944736263855,0.07264404335223124,2.711460360520178,4.669361879770992,7.256851029477584,0.24418767085733128,0.24418767085733128,0.24418767085733128,0.24418767085733128,0.24418767085733128,0.17623233795166016,4.138380527496338,4.856518268585205,0.24418767085733128,0.24418767085733128,0.24418767085733128,0.24418767085733128,0.24418767085733128,0.17860337986176114,3.825188399692701,6.585488440307204,0.20489154365488693
ALO,39,240.0,0.00403182610000016,image_color_derived_proxy,7.0,0.0,0.6724137931034483,0.003003003003003003,90.23099517822266,667,5216.3515625,0.01196929978353322,nearest_physical_car_same_track_location_crossing_headway_le_2s,0.0,0.008478232874827817,0.024969270950608014,0.04191461784494262,0.06522142967848245,2.8185447351256414,4.483745247148289,6.322450167033855,0.01196929978353322,0.01196929978353322,0.01196929978353322,0.01196929978353322,0.01196929978353322,3.657623052597046,4.111042499542236,4.342009782791138,0.01196929978353322,0.01196929978353322,0.01196929978353322,0.01196929978353322,0.04460779062256881,2.802889812884001,3.8402071933429243,6.873609779899485,0.009747820609860458
ALO,40,240.0,0.00403182610000016,image_color_derived_proxy,7.0,0.0,0.6896551724137931,0.0029455081001472753,90.11899948120117,680,5216.3515625,0.002219253979666151,nearest_physical_car_same_track_location_crossing_headway_le_2s,0.0,0.0,0.008921588941488066,0.029516547787635156,0.043276087546835006,2.955652249243952,4.650765911797166,6.576672742132833,0.002219253979666151,0.002219253979666151,0.002219253979666151,0.002219253979666151,0.002219253979666151,4.126531600952148,4.399932622909546,4.829364538192749,0.002219253979666151,0.002219253979666151,0.002219253979666151,0.002219253979666151,0.002219253979666151,3.413962286177533,4.102419895819201,7.217327500966758,0.0038670595829657373
ALO,41,240.0,0.00403182610000016,image_color_derived_proxy,7.0,0.0,0.7068965517241379,0.0,89.6520004272461,696,5216.3515625,0.0,nearest_physical_car_same_track_location_crossing_headway_le_2s,0.0,0.0026769939613817432,0.01378664229626631,0.039898758108657006,0.07271452821310972,2.6387110539254426,4.29253259102378,5.640233251653567,0.0,0.0,0.0,0.0,0.0,3.3575592041015625,3.53906512260437,4.106334924697876,0.0,0.0,0.0,0.0,0.03463391254449565,2.7077240379165244,3.514206864540596,6.158427292079407,0.0
ALO,42,239.0,0.00881783750000011,image_color_derived_proxy,7.0,0.0,0.7241379310344828,0.0,89.08399963378906,660,5216.3515625,0.011360076352182663,nearest_physical_car_same_track_location_crossing_headway_le_2s,0.033575065572335624,0.07157284879660869,0.12301876311725052,0.16115117667079065,0.20998159227855667,1.8926291008283573,3.247219748025412,4.325012167242874,0.007094384596371935,0.009563977582851178,0.011360076352182663,0.021058769907004015,0.02797356175498342,2.985753297805786,3.4028944969177246,3.7981619834899902,0.007094384596371935,0.008037396400163132,0.011180483603790136,0.015861371184210774,0.026480552511909047,2.6801088379600335,3.295298297798757,5.241969165499338,0.02492946707217003
ALO,43,240.0,0.00403182610000016,image_color_derived_proxy,6.0,0.0,0.7413793103448276,0.001483679525222552,89.77400064468384,675,5216.3515625,0.002495154558174449,nearest_physical_car_same_track_location_crossing_headway_le_2s,0.0,0.0,0.0,0.0,0.0,12.024604844555414,16.775900466720778,33.05235333617771,0.002495154558174449,0.002495154558174449,0.002495154558174449,0.002495154558174449,0.002495154558174449,17.432331800460815,17.668997526168823,18.095954418182373,0.002495154558174449,0.002495154558174449,0.002495154558174449,0.002495154558174449,0.002495154558174449,12.615844820353258,16.431423810358677,36.55791042820041,0.008156486547284847
ALO,44,240.0,0.00403182610000016,image_color_derived_proxy,6.0,0.0,0.7586206896551724,0.0,89.2659969329834,670,5216.3515625,0.0,nearest_physical_car_same_track_location_crossing_headway_le_2s,0.0,0.0,0.0,0.0,0.0,12.032666252719574,17.196605101419152,33.58476756284793,0.0,0.0,0.0,0.0,0.0,17.44993019104004,17.69098711013794,18.18161129951477,0.0,0.0,0.0,0.0,0.0,12.758661334157573,16.43739089033772,36.689144781725496,0.006151731221913592
ALO,45,240.0,0.00403182610000016,image_color_derived_proxy,6.0,0.0,0.7758620689655172,0.0,89.4780044555664,689,5216.3515625,0.0,nearest_physical_car_same_track_location_crossing_headway_le_2s,0.0,0.0,0.0,0.0,0.0,12.283906494140625,17.166722506009616,34.59195288681403,0.0,0.0,0.0,0.0,0.0,17.95365047454834,18.193227767944336,18.482662439346313,0.0,0.0,0.0,0.0,0.0,13.230810172499625,16.867618247573823,37.225280097998755,0.006140490486235106
ALO,46,240.0,0.00403182610000016,image_color_derived_proxy,6.0,0.0,0.7931034482758621,0.0,89.3720006942749,673,5216.3515625,0.0,nearest_physical_car_same_track_location_crossing_headway_le_2s,0.0,0.0,0.0,0.0,0.0,12.4849624430527,17.616235787527902,34.099695328213954,0.0,0.0,0.0,0.0,0.0,18.168432235717773,18.357028245925903,18.59702444076538,0.0,0.0,0.0,0.0,0.0,13.366001012198229,16.914232999612274,37.636732524913945,0.00612924975055662
ALO,47,240.0,0.00403182610000016,image_color_derived_proxy,6.0,0.0,0.8103448275862069,0.0,89.2430009841919,673,5216.3515625,0.0,nearest_physical_car_same_track_location_crossing_headway_le_2s,0.0,0.0,0.0,0.0,0.0,12.566977603721234,17.679330861095814,35.80361082914171,0.0,0.0,0.0,0.0,0.0,18.38231062889099,18.463385105133057,18.762471914291382,0.0,0.0,0.0,0.0,0.0,13.520634567696808,17.077802452097494,37.854442496909016,0.006118009014878134
ALO,48,240.0,0.00403182610000016,image_color_derived_proxy,6.0,0.0,0.8275862068965517,0.0,89.56899929046631,666,5216.3515625,0.0,nearest_physical_car_same_track_location_crossing_headway_le_2s,0.0,0.0,0.0,0.0,0.0,12.634630025957586,17.986699193445176,36.472115478515626,0.0,0.0,0.0,0.0,0.0,18.211376905441284,18.41883134841919,18.911719799041748,0.0,0.0,0.0,0.0,0.0,13.4094169613279,17.095758139869208,37.818155225616685,0.006106768279199648
ALO,49,240.0,0.00403182610000016,image_color_derived_proxy,6.0,0.0,0.8448275862068966,0.0,89.45800018310547,678,5216.3515625,0.0,nearest_physical_car_same_track_location_crossing_headway_le_2s,0.0,0.0,0.0,0.0,0.0,13.155243845904247,18.50861477017937,36.8391357421875,0.0,0.0,0.0,0.0,0.0,18.968113899230957,19.13780665397644,19.571540594100952,0.0,0.0,0.0,0.0,0.0,14.055401021847395,17.759788231203817,38.58841099068447,0.006095527543521162
ALO,50,240.0,0.00403182610000016,image_color_derived_proxy,6.0,0.0,0.8620689655172413,0.0,89.14399719238281,639,5216.3515625,0.0,nearest_physical_car_same_track_location_crossing_headway_le_2s,0.0,0.0,0.0,0.0,0.0,13.576209543636946,18.68268612132353,37.526008424920555,0.0,0.0,0.0,0.0,0.0,19.52692937850952,19.799822568893433,20.19199562072754,0.0,0.0,0.0,0.0,0.0,14.516706858799415,18.3390700707233,40.79480046254088,0.006084286807842676
ALO,51,240.0,0.00403182610000016,image_color_derived_proxy,6.0,0.0,0.8793103448275862,0.0,88.6440007686615,661,5216.3515625,0.0,nearest_physical_car_same_track_location_crossing_headway_le_2s,0.0,0.0,0.0,0.0,0.0,13.418002835405023,18.529186352888736,36.84099422610664,0.0,0.0,0.0,0.0,0.0,19.045107126235962,19.24976134300232,19.394500732421875,0.0,0.0,0.0,0.0,0.0,14.15328417490117,17.715322874857755,39.830069366700734,0.00607304607216419
ALO,52,240.0,0.00403182610000016,image_color_derived_proxy,6.0,0.0,0.896551724137931,0.0,89.20600128173828,650,5216.3515625,0.0,nearest_physical_car_same_track_location_crossing_headway_le_2s,0.0,0.0,0.0,0.0,0.0,13.274546091180099,18.47568245821221,37.57215195360525,0.0,0.0,0.0,0.0,0.0,19.183244466781616,19.410898447036743,19.679611682891846,0.0,0.0,0.0,0.0,0.0,14.196159598235546,17.901555097175148,41.145296678070665,0.006061805336485704
ALO,53,240.0,0.00403182610000016,image_color_derived_proxy,6.0,0.0,0.9137931034482759,0.0,88.6969985961914,659,5216.3515625,0.0,nearest_physical_car_same_track_location_crossing_headway_le_2s,0.0,0.0,0.0,0.0,0.0,13.136807528409092,18.243991821068352,36.15767625378024,0.0,0.0,0.0,0.0,0.0,19.185900926589966,19.297471046447754,19.408139944076538,0.0,0.0,0.0,0.0,0.0,14.085251535012928,17.891214725288794,40.37214364997551,0.006050564600807218
ALO,54,240.0,0.00403182610000016,image_color_derived_proxy,6.0,0.0,0.9310344827586207,0.0,88.40000057220459,653,5216.3515625,0.0,nearest_physical_car_same_track_location_crossing_headway_le_2s,0.0,0.0,0.0,0.0,0.0,12.849809265140617,17.89481379150343,35.20727263419859,0.0,0.0,0.0,0.0,0.0,18.340736389160156,18.771681308746338,18.984620809555054,0.0,0.0,0.0,0.0,0.0,13.663761424073927,17.38272505867053,38.737760617189736,0.006039323865128621
ALO,55,240.0,0.00403182610000016,image_color_derived_proxy,6.0,0.0,0.9482758620689655,0.0,88.53199768066406,658,5216.3515625,0.0,nearest_physical_car_same_track_location_crossing_headway_le_2s,0.0,0.0,0.0,0.0,0.0,12.645412601732053,17.5005519701087,34.86098273221369,0.0,0.0,0.0,0.0,0.0,18.63238835334778,18.73985528945923,19.03743624687195,0.0,0.0,0.0,0.0,0.0,13.755081118648102,17.383216915542533,38.49976307098057,0.006028083129450135
ALO,56,240.0,0.00403182610000016,image_color_derived_proxy,6.0,0.0,0.9655172413793104,0.0,88.91600036621094,663,5216.3515625,0.0,nearest_physical_car_same_track_location_crossing_headway_le_2s,0.0,0.0,0.0,0.0,0.0,12.192734227035984,17.273807046685103,34.618463695200674,0.0,0.0,0.0,0.0,0.0,18.05563473701477,18.368271589279175,18.603269577026367,0.0,0.0,0.0,0.0,0.0,13.288287339322528,17.078492257322594,37.36447832646218,0.006016842393771649
ALO,57,240.0,0.00403182610000016,image_color_derived_proxy,6.0,0.0,0.9827586206896551,0.0,89.25599670410156,661,5216.3515625,0.0,nearest_physical_car_same_track_location_crossing_headway_le_2s,0.0,0.0,0.0,0.0,0.0,12.73821343664128,17.64449584029103,35.074450483478486,0.0,0.0,0.0,0.0,0.0,18.15453791618347,18.747557163238525,18.990154266357422,0.0,0.0,0.0,0.0,0.0,13.506618898789267,17.414565907469548,38.39764960688444,0.006005601658093163
ALO,58,240.0,0.00403182610000016,image_color_derived_proxy,6.0,0.0,1.0,0.001524390243902439,89.38399982452393,657,5216.3515625,0.0,nearest_physical_car_same_track_location_crossing_headway_le_2s,0.0,0.0,0.0,0.0,0.0,13.132095607069672,17.179073633006453,41.76331618608189,0.0,0.0,0.0,0.0,0.0,18.873920440673828,19.563148260116577,71.93258619308472,0.0,0.0,0.0,0.0,0.0,14.206574291003882,23.882714984085336,73.41083943636659,0.0059943609224146766
OCO,1,14.0,1.0,image_color_derived_proxy,9.0,0.006057059429222868,0.017241379310344827,0.13611859838274934,97.40699768066406,743,5216.3515625,0.9939429405707771,nearest_physical_car_same_track_location_crossing_headway_le_2s,0.9934809612698975,0.9934809612698975,0.9934809612698975,0.9934809612698975,0.9934809612698975,0.015434412067071641,0.09110586775764569,0.2329529504215016,0.9939429405707771,0.9939429405707771,0.9939429405707771,0.9939429405707771,0.9939429405707771,0.014293432235717773,0.13796472549438477,0.5157034397125244,0.9960577782515143,0.9965094911757318,0.9965094911757318,1.0,1.0,0.014086277690264288,0.1388420598087067,0.524502443716191,0.9949891858733411
OCO,2,15.0,1.0,image_color_derived_proxy,9.0,0.0,0.034482758620689655,0.0,90.62999820709229,689,5216.3515625,1.0,nearest_physical_car_same_track_location_crossing_headway_le_2s,0.994780977608478,0.994780977608478,0.994780977608478,0.994780977608478,0.994780977608478,0.41210592560848947,0.5492213614844522,0.6412638497859874,1.0,1.0,1.0,1.0,1.0,0.4433014392852783,0.5535609722137451,0.6445672512054443,1.0,1.0,1.0,1.0,1.0,0.4451448765587376,0.5528123497041022,0.6440302411918698,0.9991249961126817
OCO,3,15.0,1.0,image_color_derived_proxy,9.0,0.0,0.05172413793103448,0.0,90.43999862670898,684,5216.3515625,1.0,nearest_physical_car_same_track_location_crossing_headway_le_2s,0.9932662534671924,0.9932662534671924,0.9932662534671924,0.9932662534671924,0.9932662534671924,0.3939044952392578,0.5375846415230883,0.6661379518180058,1.0,1.0,1.0,1.0,1.0,0.43455004692077637,0.5753846168518066,0.6887953281402588,1.0,1.0,1.0,1.0,1.0,0.4358270586123622,0.5771262626615008,0.683515188810839,0.9988184649826448
OCO,4,15.0,1.0,image_color_derived_proxy,9.0,0.0,0.06896551724137931,0.0,90.63399887084961,678,5216.3515625,1.0,nearest_physical_car_same_track_location_crossing_headway_le_2s,0.991868492759466,0.9966458504092043,0.9966458504092043,0.9966458504092043,0.9966458504092043,0.530777785357307,0.7870535523004465,1.210272746440793,1.0,1.0,1.0,1.0,1.0,0.5767068862915039,0.6810367107391357,0.8016464710235596,1.0,1.0,1.0,1.0,1.0,0.5733981573475033,0.6823482707115579,0.8061644936626425,0.9993838117003275
OCO,5,14.0,1.0,image_color_derived_proxy,9.0,0.0,0.08620689655172414,0.0,90.28900146484375,685,5216.3515625,1.0,nearest_physical_car_same_track_location_crossing_headway_le_2s,0.964680046993458,0.9937644672747407,0.9937644672747407,0.9937644672747407,0.9937644672747407,0.7618493946027556,0.8727530118709932,1.2947479248046876,0.9910620008179573,1.0,1.0,1.0,1.0,0.7560732364654541,0.8131678104400635,1.0733790397644043,0.9818250416583575,1.0,1.0,1.0,1.0,0.7467048925545784,0.8134381289353536,1.0662454789336722,0.9986199151643449
OCO,6,14.0,1.0,image_color_derived_proxy,9.0,0.0,0.10344827586206896,0.011976047904191617,90.61999702453613,669,5216.3515625,1.0,nearest_physical_car_same_track_location_crossing_headway_le_2s,0.9969101742398394,0.9969101742398394,0.9969101742398394,0.9969101742398394,0.9969101742398394,0.5284671421468694,0.6663781558766085,0.793985299503102,1.0,1.0,1.0,1.0,1.0,0.14166998863220215,0.5538778305053711,1.26228928565979,0.9696975711528727,1.0,1.0,1.0,1.0,0.1403138833115052,0.5475615848953443,1.2371190706971793,0.9986986794956865
OCO,7,15.0,1.0,image_color_derived_proxy,9.0,0.0,0.1206896551724138,0.0,90.52799606323242,675,5216.3515625,1.0,nearest_physical_car_same_track_location_crossing_headway_le_2s,0.9589850728335502,0.9969733121139525,0.9969733121139525,0.9969733121139525,0.9969733121139525,0.8013750277067486,0.9937110879389214,1.3716224670410158,1.0,1.0,1.0,1.0,1.0,0.6261658668518066,0.757457971572876,0.9106109142303467,1.0,1.0,1.0,1.0,1.0,0.6177846204425446,0.7492732109662177,0.8859351226511928,0.9988421222628824
OCO,8,15.0,1.0,image_color_derived_proxy,9.0,0.0,0.13793103448275862,0.0,90.55700016021729,699,5216.3515625,1.0,nearest_physical_car_same_track_location_crossing_headway_le_2s,0.9889683287982104,0.997349735589618,0.997349735589618,0.997349735589618,0.997349735589618,0.7936056431911722,0.9704026282244101,1.2994927447775135,1.0,1.0,1.0,1.0,1.0,0.7005391120910645,0.8573572635650635,0.9793717861175537,1.0,1.0,1.0,1.0,1.0,0.7063341539783478,0.8406377569017296,1.0058653122980943,0.9994140164847685
OCO,9,15.0,1.0,image_color_derived_proxy,9.0,0.0,0.15517241379310345,0.0,90.27199649810791,677,5216.3515625,1.0,nearest_physical_car_same_track_location_crossing_headway_le_2s,0.9967874866746586,0.9967874866746586,0.9967874866746586,0.9967874866746586,0.9967874866746586,0.6635947586243522,0.8494938320583768,1.0749621925777526,1.0,1.0,1.0,1.0,1.0,0.7312526702880859,0.7934949398040771,1.01212739944458,1.0,1.0,1.0,1.0,1.0,0.7248895838248528,0.7980316874011472,1.0440962400217995,0.9994374731800562
OCO,10,14.0,1.0,image_color_derived_proxy,9.0,0.0,0.1724137931034483,0.0,90.46349906921387,691,5216.3515625,1.0,nearest_physical_car_same_track_location_crossing_headway_le_2s,0.9939754705235057,0.9939754705235057,0.9939754705235057,0.9939754705235057,0.9939754705235057,0.6447462931766507,0.8107625198364259,0.9380915960455075,1.0,1.0,1.0,1.0,1.0,0.6137146949768066,0.7202990055084229,0.8144772052764893,1.0,1.0,1.0,1.0,1.0,0.6155773685378353,0.7048186353554491,0.8216654296437609,0.9988780393209014
OCO,11,32.0,0.9995221973000001,image_color_derived_proxy,9.0,0.0,0.1896551724137931,0.0,90.98600006103516,703,5216.3515625,1.0,nearest_physical_car_same_track_location_crossing_headway_le_2s,0.996768733656119,0.996768733656119,0.996768733656119,0.996768733656119,0.996768733656119,0.3882974063648897,0.6236630605614704,0.9290318440547695,1.0,1.0,1.0,1.0,1.0,0.40569353103637695,0.595644474029541,0.9139976501464844,1.0,1.0,1.0,1.0,1.0,0.40424327570270185,0.6009208534542748,0.9141732059900388,0.9994113358705905
OCO,12,32.0,0.9995221973000001,image_color_derived_proxy,9.0,0.0,0.20689655172413793,0.0,90.91400310397148,693,5216.3515625,1.0,nearest_physical_car_same_track_location_crossing_headway_le_2s,0.994324306980189,0.994324306980189,0.994324306980189,0.994324306980189,0.994324306980189,0.37034337147172675,0.61830030033832,0.922969756338718,1.0,1.0,1.0,1.0,1.0,0.6339941024780273,0.9035875797271729,1.0865395069122314,1.0,1.0,1.0,1.0,1.0,0.6312809516773634,0.8947542611591244,1.0812696750043809,0.9989235623475602
OCO,13,42.0,0.9516620833,image_color_derived_proxy,9.0,0.0,0.22413793103448276,0.0,91.20499610900879,670,5216.3515625,1.0,nearest_physical_car_same_track_location_crossing_headway_le_2s,0.995066059894995,0.995066059894995,0.995066059894995,0.995066059894995,0.995066059894995,0.3831830193014706,0.6515790950516598,0.8729200057983398,1.0,1.0,1.0,1.0,1.0,0.4429326057434082,0.7443351745605469,0.8820581436157227,1.0,1.0,1.0,1.0,1.0,0.4468703506264342,0.731253116899081,0.8783659782316687,0.9990569238564486
OCO,14,39.0,0.9660201175,image_color_derived_proxy,8.0,0.0,0.2413793103448276,0.00145985401459854,91.15100860595703,686,5216.3515625,0.9941085655432232,nearest_physical_car_same_track_location_crossing_headway_le_2s,0.9771806404084966,0.9771806404084966,0.9771806404084966,0.9771806404084966,0.9771806404084966,0.3476123871943073,0.7672307805976405,1.0554485855815567,0.944290091229474,0.9791992279456231,0.9941085655432232,0.9941085655432232,0.9941085655432232,0.6731677055358887,0.989398717880249,1.42698073387146,0.9261554345337814,0.9784093453399061,0.9916950167589536,0.9941085655432232,0.9941085655432232,0.7043723268096597,1.000405727003358,1.4559711769702433,0.9905157584650658
OCO,15,240.0,0.00403182610000016,image_color_derived_proxy,7.0,0.0,0.25862068965517243,0.001451378809869376,90.37400245666504,690,5216.3515625,0.0032310182948146666,nearest_physical_car_same_track_location_crossing_headway_le_2s,0.026036237280376802,0.03219955352775806,0.04328678847855848,0.06518469455730082,0.07933705049918213,2.68394771137304,5.103733663411655,7.457061991128669,0.0,0.0,0.0032310182948146666,0.0032310182948146666,0.0032310182948146666,4.93777871131897,5.381779432296753,6.178677797317505,0.0,0.0,0.0,0.0,0.0,4.083044108639472,5.101792084550554,10.086805175398203,0.009561500194275707
OCO,16,240.0,0.00403182610000016,image_color_derived_proxy,6.0,0.0,0.27586206896551724,0.002962962962962963,90.95700454711914,676,5216.3515625,0.016931075401132024,nearest_physical_car_same_track_location_crossing_headway_le_2s,0.01892105864438826,0.022417224718022474,0.024286219522674898,0.02604533266526401,0.02814524671851208,4.01858625877952,7.6262715197256785,12.230701254015772,0.014952118331813513,0.014952118331813513,0.016931075401132024,0.016931075401132024,0.01956968482689004,7.268089294433594,7.950075626373291,8.815442562103271,0.014952118331813513,0.014952118331813513,0.016931075401132024,0.016931075401132024,0.01956968482689004,5.176518790056452,7.549455361422749,16.274131125349037,0.023604292027792906
OCO,17,240.0,0.00403182610000016,image_color_derived_proxy,3.0,0.0,0.29310344827586204,0.00291970802919708,91.08000183105469,686,5216.3515625,0.01594203021468017,nearest_physical_car_same_track_location_crossing_headway_le_2s,0.02888669224268678,0.03481554644123683,0.03481554644123683,0.03481554644123683,0.03481554644123683,12.14020667904713,17.840411828185797,36.978313496284386,0.013844972892530581,0.01594203021468017,0.01594203021468017,0.018017127793528553,0.01856609519922788,18.308721780776978,18.895732641220093,19.543822288513184,0.013844972892530581,0.01594203021468017,0.01594203021468017,0.018017127793528553,0.01856609519922788,13.504404148294807,17.035666744351985,37.45008310059771,0.026575932672520453
OCO,18,240.0,0.00403182610000016,image_color_derived_proxy,3.0,0.0,0.3103448275862069,0.0,91.14400482177734,675,5216.3515625,0.0,nearest_physical_car_same_track_location_crossing_headway_le_2s,0.0,0.0,0.0,0.0,0.0,13.962633576470184,19.71059108375157,40.739621369735055,0.0,0.0,0.0,0.0,0.0,19.931326389312744,20.46145725250244,21.031457901000977,0.0,0.0,0.0,0.0,0.0,14.82006426554974,19.00207724737234,41.81293859498333,0.00682640428734671
OCO,19,238.0,0.013603848900000059,image_color_derived_proxy,4.0,0.0,0.3275862068965517,0.0014641288433382138,93.18999862670898,684,5216.3515625,0.019229488449457554,nearest_physical_car_same_track_location_crossing_headway_le_2s,0.013306207870344009,0.013306207870344009,0.014046633293216041,0.01642878262197627,0.01759844847962473,14.466174850356374,20.492298302283654,45.9005461456552,0.019229488449457554,0.019229488449457554,0.019229488449457554,0.019229488449457554,0.019229488449457554,21.00069260597229,21.309685468673706,21.662167072296143,0.019229488449457554,0.019229488449457554,0.019229488449457554,0.019229488449457554,0.019229488449457554,15.430571139912606,19.328181647363856,46.24388706546996,0.024230460690732758
OCO,20,240.0,0.00403182610000016,image_color_derived_proxy,17.0,0.0,0.3448275862068966,0.015457788347205707,109.93000793457031,842,5216.3515625,0.21149821413154204,nearest_physical_car_same_track_location_crossing_headway_le_2s,0.1420630350135952,0.18273440919147302,0.24887666317388063,0.33892476659662124,0.4032839672515568,1.2535807329895774,2.723307346653294,4.099586242473284,0.17210953094911938,0.19030291838460475,0.21149821413154204,0.23724187313906428,0.3153824615445369,0.6855447292327881,2.6921753883361816,2.958538293838501,0.16845265477127572,0.19684345004329315,0.2676975942684395,0.3456563421619064,0.4503593967337616,0.6844255809993306,2.568576059486581,3.8806416663984753,0.23081601158086784
OCO,21,198.0,0.20504430490000003,image_color_derived_proxy,17.0,0.0,0.3620689655172414,0.0,88.88499641418457,675,5216.3515625,0.20191251165175797,nearest_physical_car_same_track_location_crossing_headway_le_2s,0.08100351283912734,0.16524723850734155,0.3104799359082766,0.4884626083796694,0.6973955167852802,1.5562766625599176,2.27007207097234,2.8602733154296875,0.0,0.0,0.20191251165175797,0.4857737236165563,0.753760476872155,1.909637689590454,2.277017116546631,2.601492404937744,0.0,0.09832936767457981,0.2794396650036028,0.526354179494893,0.7402373401861839,1.7507062090207113,2.2127771252141253,3.107892030320872,0.1871517135184041
OCO,22,39.0,0.9660201175,image_color_derived_proxy,16.0,0.0,0.3793103448275862,0.0029895366218236174,88.8699951171875,670,5216.3515625,0.9842579033925611,nearest_physical_car_same_track_location_crossing_headway_le_2s,0.45819731195391494,0.7898953191876321,0.9782603941009161,0.9966017778466906,0.9966017778466906,1.035597859258237,1.5491507393973216,1.8351087284417744,0.6580397652057353,0.9691459406588117,0.9842579033925611,0.9854844137286013,0.9860582870385791,0.866161584854126,1.4137465953826904,1.7008914947509766,0.6672218106004206,0.8670755006731415,0.91953411547652,0.9549792149531162,0.9842579033925611,0.8429302797101035,1.3579772471522324,1.8940558460939037,0.9948434577764957
OCO,23,15.0,1.0,image_color_derived_proxy,15.0,0.0,0.39655172413793105,0.001483679525222552,89.0120038986206,675,5216.3515625,1.0,nearest_physical_car_same_track_location_crossing_headway_le_2s,0.995472520789466,0.995472520789466,0.995472520789466,0.995472520789466,0.995472520789466,0.5995035734108026,0.7514801146949707,0.9990294847101303,1.0,1.0,1.0,1.0,1.0,0.4632596969604492,0.7414846420288086,0.9314675331115723,1.0,1.0,1.0,1.0,1.0,0.45830464991714376,0.7425885264698097,0.9863588893747997,0.9982589268130987
OCO,24,19.0,1.0,image_color_derived_proxy,14.0,0.0,0.41379310344827586,0.0015220700152207,89.15200424194336,658,5216.3515625,1.0,nearest_physical_car_same_track_location_crossing_headway_le_2s,0.9938419770921775,0.996410624802343,0.996410624802343,0.996410624802343,0.996410624802343,0.34105421778667405,0.6537772150322942,1.249458978371542,1.0,1.0,1.0,1.0,1.0,0.33708906173706055,0.8166475296020508,1.2606291770935059,0.9649923923852738,1.0,1.0,1.0,1.0,0.33602202418481125,0.8260757480048605,1.2690901799122691,0.9975937133975306
OCO,25,113.0,0.6118552739000002,image_color_derived_proxy,13.0,0.0,0.43103448275862066,0.007374631268436578,89.24699783325195,679,5216.3515625,0.7895727673172245,nearest_physical_car_same_track_location_crossing_headway_le_2s,0.4596233329906758,0.48805008823253465,0.5306397841855924,0.6245811358904989,0.7136711407696288,0.5107759748186383,1.8221565090880103,2.773927074710265,0.540163872939166,0.7633421975489799,0.7895727673172245,0.986341300156675,1.0,0.2907123565673828,0.7927021980285645,2.0937154293060303,0.6231918314432672,0.7206068329617173,0.8787635177863838,0.953264603782811,0.967954097282968,0.2918408984263015,0.8276999021805121,2.043461001158559,0.7797056348616326
OCO,26,27.0,1.0,image_color_derived_proxy,13.0,0.0,0.4482758620689655,0.0,89.59800338745117,674,5216.3515625,0.982008533105945,nearest_physical_car_same_track_location_crossing_headway_le_2s,0.18777205070816366,0.5887965879752869,0.8830442614610259,0.9565615447876726,0.9934819953798771,1.390798568725586,1.6665239200903958,2.030722584443934,0.24547419297663672,0.7673608937422307,0.982008533105945,1.0,1.0,1.4419994354248047,1.6469459533691406,1.8524603843688965,0.32604517796406346,0.7775172704049234,0.8545057155528886,0.9343846379399086,0.9745530180015574,1.3619470856540896,1.572406574909434,2.137690640182533,0.9344177280659982
OCO,27,24.0,1.0,image_color_derived_proxy,13.0,0.0,0.46551724137931033,0.0060790273556231,89.81999969482422,659,5216.3515625,1.0,nearest_physical_car_same_track_location_crossing_headway_le_2s,0.9727342977767476,0.993809841948708,0.993809841948708,0.993809841948708,0.993809841948708,0.8789946450891752,1.0701192593355793,1.3128162195164894,1.0,1.0,1.0,1.0,1.0,0.682802677154541,0.8721251487731934,1.064941167831421,1.0,1.0,1.0,1.0,1.0,0.6695686374175457,0.8476872257914803,1.0824816347788169,0.9977819069073113
OCO,28,14.0,1.0,image_color_derived_proxy,13.0,0.0,0.4827586206896552,0.0,90.60000228881836,673,5216.3515625,1.0,nearest_physical_car_same_track_location_crossing_headway_le_2s,0.9966004416054073,0.9966004416054073,0.9966004416054073,0.9966004416054073,0.9966004416054073,0.637229805703489,0.7844230598503059,1.0746123557867007,1.0,1.0,1.0,1.0,1.0,0.5649220943450928,0.6743748188018799,0.8503861427307129,1.0,1.0,1.0,1.0,1.0,0.559709946278018,0.6654841658027281,0.8525987518110839,0.998677550142454
OCO,29,20.0,1.0,image_color_derived_proxy,13.0,0.0,0.5,0.002881844380403458,90.89799666404724,695,5216.3515625,1.0,nearest_physical_car_same_track_location_crossing_headway_le_2s,0.8340887494583629,0.8882154186799502,0.957545901027287,0.9941802240539322,0.9955884617065002,0.28206741550464415,0.544727256081321,1.7606084143113798,1.0,1.0,1.0,1.0,1.0,0.06272315979003906,0.339951753616333,0.7720785140991211,1.0,1.0,1.0,1.0,1.0,0.06139742424098093,0.336648174919214,0.7718870684093968,0.9976901739245841
OCO,30,15.0,1.0,image_color_derived_proxy,13.0,0.0,0.5172413793103449,0.010385756676557863,90.40799832344055,675,5216.3515625,1.0,nearest_physical_car_same_track_location_crossing_headway_le_2s,0.9808756000275518,0.9965710998127053,0.9965710998127053,0.9965710998127053,0.9965710998127053,0.5912518340109599,0.7192821325676705,1.001884228260168,1.0,1.0,1.0,1.0,1.0,0.12338876724243164,0.5059168338775635,0.880683422088623,1.0,1.0,1.0,1.0,1.0,0.12301339920725915,0.5031418500726482,0.8351784231033974,0.9983791130029509
OCO,31,28.0,1.0,image_color_derived_proxy,12.0,0.0,0.5344827586206896,0.008746355685131196,90.73199987411499,687,5216.3515625,1.0,nearest_physical_car_same_track_location_crossing_headway_le_2s,0.7920469281009479,0.8472093543713055,0.8682273558779895,0.8841643077595693,0.9108362445878428,0.13924867539178756,0.42167241861975524,2.3948066332063624,0.9845809828677967,1.0,1.0,1.0,1.0,0.1672968864440918,0.35508275032043457,0.8180642127990723,0.9845809828677967,0.9916237014219057,1.0,1.0,1.0,0.16732127251887624,0.3557091247762667,0.829590245924296,0.966482955591814
OCO,32,90.0,0.7219335361,image_color_derived_proxy,10.0,0.0,0.5517241379310345,0.01023391812865497,89.26100158691406,685,5216.3515625,0.8610815501091574,nearest_physical_car_same_track_location_crossing_headway_le_2s,0.7800718852797159,0.8121351757221903,0.843582249464256,0.8869606742982976,0.9684296590121575,0.1318392808176618,0.6397546004948566,2.277708647266919,0.6200916092410026,0.7377802594174442,0.8610815501091574,0.997602536574271,0.997602536574271,0.3170034885406494,1.0602149963378906,2.0290112495422363,0.6248866375915009,0.7299940863988038,0.8748277681480712,0.9299245242985711,0.9504039108905095,0.31398279361553383,0.9837937833150411,2.0513357600226048,0.8420314004078523
OCO,33,144.0,0.4634889205,image_color_derived_proxy,9.0,0.0,0.5689655172413793,0.0028776978417266188,89.94300079345703,696,5216.3515625,0.31950231043858307,nearest_physical_car_same_track_location_crossing_headway_le_2s,0.0947600271150866,0.22764413181379367,0.3969514843099831,0.6902594184204753,0.8881291831733906,1.5148658179707328,2.1182687915282394,2.5368998637952305,0.051588220858937335,0.18811920493062648,0.31950231043858307,0.9249969707616009,0.9812547953166589,1.5617790222167969,2.056840181350708,2.2235145568847656,0.08273019386107856,0.2425646266286038,0.5735187925491659,0.8040648990963745,0.8480593333401688,1.54776075631421,1.9715943025953626,2.9066444730401004,0.43076323630984914
OCO,34,35.0,0.9851641631000001,image_color_derived_proxy,9.0,0.0,0.5862068965517241,0.0,89.47500133514404,671,5216.3515625,0.9982006225683904,nearest_physical_car_same_track_location_crossing_headway_le_2s,0.3367197866361724,0.8167086341093469,0.9322380457472473,0.9845208052162845,0.9959877061523286,1.227464114040669,1.5771999442249012,1.8705552502957288,0.4572674133333356,0.960581163737175,0.9982006225683904,1.0,1.0,1.2620728015899658,1.5110664367675781,1.6920478343963623,0.5574964987442782,0.8495221486873045,0.9252752244348165,0.9644593433056844,0.9848002169314595,1.2332194573753297,1.4774849623495687,1.8733954919648126,0.9830704840951092
OCO,35,25.0,1.0,image_color_derived_proxy,9.0,0.0,0.603448275862069,0.0029850746268656717,89.60199737548828,671,5216.3515625,1.0,nearest_physical_car_same_track_location_crossing_headway_le_2s,0.9958594673917921,0.9958594673917921,0.9958594673917921,0.9958594673917921,0.9958594673917921,0.8935205119929901,1.103406182650862,1.2514950591738863,0.9951005648435971,1.0,1.0,1.0,1.0,1.034452199935913,1.115748405456543,1.218003511428833,0.9710497327515027,0.9988281562318716,1.0,1.0,1.0,1.0109924921330318,1.0959900132884137,1.3273682689082882,0.9986790218659423
OCO,36,15.0,1.0,image_color_derived_proxy,9.0,0.0,0.6206896551724138,0.005979073243647235,89.65799713134766,670,5216.3515625,1.0,nearest_physical_car_same_track_location_crossing_headway_le_2s,0.9761761600687154,0.9958174394700048,0.9958174394700048,0.9958174394700048,0.9958174394700048,0.8082137563954229,0.9762937588657307,1.2718285473982522,1.0,1.0,1.0,1.0,1.0,0.6533710956573486,0.8122997283935547,0.9516265392303467,1.0,1.0,1.0,1.0,1.0,0.6469645103595175,0.799250324241272,0.9482741932412605,0.9986066942442406
OCO,37,15.0,1.0,image_color_derived_proxy,9.0,0.0,0.6379310344827587,0.0,90.38500022888184,677,5216.3515625,1.0,nearest_physical_car_same_track_location_crossing_headway_le_2s,0.9880068623084213,0.9955412956118995,0.9955412956118995,0.9955412956118995,0.9955412956118995,0.6540152742116133,0.8038936961145166,1.0960824553499517,1.0,1.0,1.0,1.0,1.0,0.4917304515838623,0.6721851825714111,0.7925999164581299,1.0,1.0,1.0,1.0,1.0,0.49045475147968515,0.6691677444871942,0.8075286624294035,0.9987500685130642
OCO,38,20.0,1.0,image_color_derived_proxy,8.0,0.0,0.6551724137931034,0.007751937984496124,89.86600112915039,646,5216.3515625,0.7536888049083292,nearest_physical_car_same_track_location_crossing_headway_le_2s,0.9500478785814043,0.9500478785814043,0.9508935845510493,0.9508935845510493,0.9508935845510493,0.154454233436557,0.45942707649724257,0.7884729355914544,0.7536888049083292,0.7536888049083292,0.7536888049083292,0.7536888049083292,0.7536888049083292,0.13732457160949707,0.46697187423706055,4.630110025405884,0.7536888049083292,0.7536888049083292,0.7536888049083292,0.7546346898715175,0.7813299720734076,0.13741319427247264,0.46963939226105683,4.260553673322145,0.791185616708755
OCO,39,35.0,0.9851641631000001,image_color_derived_proxy,8.0,0.0,0.6724137931034483,0.0029895366218236174,90.24199676513672,670,5216.3515625,0.9880321594183527,nearest_physical_car_same_track_location_crossing_headway_le_2s,0.9966312803226637,0.9966312803226637,0.9966312803226637,0.9966312803226637,0.9966312803226637,0.33139078863735855,0.6647094865603553,0.8948103608799481,0.9880321594183527,0.9880321594183527,0.9880321594183527,0.9880321594183527,0.9880321594183527,0.14802169799804688,0.5337374210357666,0.8915979862213135,0.9880321594183527,0.9880321594183527,0.9880321594183527,0.9880321594183527,0.9880321594183527,0.1469833081376253,0.5318768416469292,0.8687125731353016,0.9896355122174528
OCO,40,23.0,1.0,image_color_derived_proxy,8.0,0.0,0.6896551724137931,0.0029455081001472753,90.24399948120117,680,5216.3515625,0.9977838199836894,nearest_physical_car_same_track_location_crossing_headway_le_2s,0.9961548689679549,0.9961548689679549,0.9961548689679549,0.9961548689679549,0.9961548689679549,0.3207839526496255,0.6196036594669994,0.9868727250532671,0.9977838199836894,0.9977838199836894,0.9977838199836894,0.9977838199836894,0.9977838199836894,0.1227881908416748,0.4968862533569336,0.8594987392425537,0.9977838199836894,0.9977838199836894,0.9977838199836894,0.9977838199836894,0.9977838199836894,0.12110299642739741,0.4951377620475547,0.8479614010184569,0.9973225283193164
OCO,41,14.0,1.0,image_color_derived_proxy,8.0,0.0,0.7068965517241379,0.0,89.55999755859375,697,5216.3515625,1.0,nearest_physical_car_same_track_location_crossing_headway_le_2s,0.996449307754991,0.996449307754991,0.996449307754991,0.996449307754991,0.996449307754991,0.4337142769844988,0.6923488173373911,0.9583129471734034,1.0,1.0,1.0,1.0,1.0,0.3936913013458252,0.6455767154693604,0.9398705959320068,1.0,1.0,1.0,1.0,1.0,0.39533454472172336,0.6340823393145674,0.9251631309367601,0.9991393141040457
OCO,42,39.0,0.9660201175,image_color_derived_proxy,8.0,0.0,0.7241379310344828,0.001519756838905775,89.3800048828125,659,5216.3515625,0.9919445787427222,nearest_physical_car_same_track_location_crossing_headway_le_2s,0.906813640642648,0.9663795078020755,0.9963750281578249,0.9963750281578249,0.9963750281578249,0.621330112777947,0.8864644893523186,1.482409078424627,0.9897516187494964,0.9897516187494964,0.9919445787427222,0.9946744473170619,0.9964197843215182,0.4765028953552246,0.726212739944458,0.956798791885376,0.9882300078803498,0.9897516187494964,0.9919445787427222,0.9919445787427222,0.9946744473170619,0.47857888555621214,0.7337599709996123,0.9472741619984286,0.9964209563536277
OCO,43,38.0,0.9708061289000001,image_color_derived_proxy,7.0,0.0,0.7413793103448276,0.001483679525222552,89.65800321102142,675,5216.3515625,1.0,nearest_physical_car_same_track_location_crossing_headway_le_2s,0.9870173439139204,0.9950924626708425,0.9950924626708425,0.9950924626708425,0.9950924626708425,0.6644480971039319,0.9681555636768165,1.2477041244506837,1.0,1.0,1.0,1.0,1.0,0.5671446323394775,0.87886643409729,1.1320617198944092,1.0,1.0,1.0,1.0,1.0,0.573433121962169,0.8706002631633871,1.1486707704479346,0.9988407590529083
OCO,44,20.0,1.0,image_color_derived_proxy,7.0,0.0,0.7586206896551724,0.0,89.38000106811523,672,5216.3515625,1.0,nearest_physical_car_same_track_location_crossing_headway_le_2s,0.9968449400669369,0.9973260238335991,0.9973260238335991,0.9973260238335991,0.9973260238335991,0.6519926295560949,0.9021500942315549,1.1607899696631383,1.0,1.0,1.0,1.0,1.0,0.9925298690795898,1.1149687767028809,1.293703556060791,0.9952785759681502,1.0,1.0,1.0,1.0,0.9826202838654651,1.10238882502959,1.3620062402003497,0.9992716007029593
OCO,45,28.0,1.0,image_color_derived_proxy,7.0,0.0,0.7758620689655172,0.0,89.28300476074219,688,5216.3515625,1.0,nearest_physical_car_same_track_location_crossing_headway_le_2s,0.9904013087863603,0.9942318251152616,0.9942318251152616,0.9942318251152616,0.9942318251152616,0.630150738884421,0.9162469655572959,1.2291655820289582,1.0,1.0,1.0,1.0,1.0,0.49608874320983887,0.7651491165161133,1.181603193283081,1.0,1.0,1.0,1.0,1.0,0.5001684179250871,0.7516628806698414,1.192211604311714,0.9987235801617533
OCO,46,36.0,0.9803781517,image_color_derived_proxy,7.0,0.0,0.7931034482758621,0.0,89.32699966430664,672,5216.3515625,1.0,nearest_physical_car_same_track_location_crossing_headway_le_2s,0.9955668498959731,0.9955668498959731,0.9955668498959731,0.9955668498959731,0.9955668498959731,0.4293820133749075,0.754496898651123,1.1223085226700111,1.0,1.0,1.0,1.0,1.0,0.43709516525268555,0.7861402034759521,1.0066897869110107,1.0,1.0,1.0,1.0,1.0,0.4354716153373201,0.782807714672892,1.0161887006050119,0.9990385495364182
OCO,47,20.0,1.0,image_color_derived_proxy,7.0,0.0,0.8103448275862069,0.0,89.28099536895752,673,5216.3515625,1.0,nearest_physical_car_same_track_location_crossing_headway_le_2s,0.995463760237905,0.995463760237905,0.995463760237905,0.995463760237905,0.995463760237905,0.608722035953412,0.874586546126187,1.0773689344091324,1.0,1.0,1.0,1.0,1.0,0.44376373291015625,0.6391341686248779,0.9039444923400879,1.0,1.0,1.0,1.0,1.0,0.4444824851946108,0.6350582213730391,0.9223435561214632,0.9990072118174307
OCO,48,32.0,0.9995221973000001,image_color_derived_proxy,7.0,0.0,0.8275862068965517,0.0,89.78400325775146,671,5216.3515625,1.0,nearest_physical_car_same_track_location_crossing_headway_le_2s,0.9932505061375787,0.9950213848716757,0.9950213848716757,0.9950213848716757,0.9950213848716757,0.7608870344700608,1.000320125196561,1.2313536669871985,0.9592131957742661,1.0,1.0,1.0,1.0,0.9908123016357422,1.1290621757507324,1.3029062747955322,0.9843847414196799,1.0,1.0,1.0,1.0,0.9820859543712077,1.1206337378436586,1.3501742186520247,1.0
OCO,49,36.0,0.9803781517,image_color_derived_proxy,7.0,0.0,0.8448275862068966,0.0,89.47200012207031,677,5216.3515625,1.0,nearest_physical_car_same_track_location_crossing_headway_le_2s,0.9775684009930611,0.9943334224294154,0.9943334224294154,0.9943334224294154,0.9943334224294154,0.692703857484635,0.9849197156761875,1.302291874941656,0.914565439504526,1.0,1.0,1.0,1.0,0.9571201801300049,1.177720546722412,1.4515430927276611,0.9297656471572165,1.0,1.0,1.0,1.0,0.9586055256797344,1.171268306857176,1.455344133579162,1.0
OCO,50,39.0,0.9660201175,image_color_derived_proxy,7.0,0.0,0.8620689655172413,0.0,89.072998046875,638,5216.3515625,1.0,nearest_physical_car_same_track_location_crossing_headway_le_2s,0.9913104980633365,0.9913104980633365,0.9913104980633365,0.9913104980633365,0.9913104980633365,0.46524494098153363,0.8025272750397549,1.2095636857234688,1.0,1.0,1.0,1.0,1.0,0.5395333766937256,0.897956132888794,1.2289648056030273,1.0,1.0,1.0,1.0,1.0,0.5331759239181846,0.8724466314822023,1.2196370377025705,0.9981638250701828
OCO,51,25.0,1.0,image_color_derived_proxy,7.0,0.0,0.8793103448275862,0.0,89.13299942016602,664,5216.3515625,1.0,nearest_physical_car_same_track_location_crossing_headway_le_2s,0.7963157242239163,0.9535749755164422,0.9867950216173883,0.9955347626076039,0.9955347626076039,1.0264448287096313,1.2460674121356103,1.628844846528152,0.9497828888445409,1.0,1.0,1.0,1.0,1.0683825016021729,1.2171950340270996,1.3939425945281982,0.9136682983902759,1.0,1.0,1.0,1.0,1.0703962418247044,1.2017267025093077,1.464515495125842,1.0
OCO,52,51.0,0.9085879807,image_color_derived_proxy,7.0,0.0,0.896551724137931,0.0,89.5260009765625,654,5216.3515625,0.8666085694378352,nearest_physical_car_same_track_location_crossing_headway_le_2s,0.77726018658721,0.9510198071253743,0.9812009954432294,0.9968277371244062,0.9968277371244062,0.24558738998124252,1.3179145146426399,1.6419724718383182,0.07059404515903392,0.6175189413953153,0.8666085694378352,0.957766479137493,0.9926390055454276,1.5189058780670166,1.6836819648742676,2.010028600692749,0.0817974609265812,0.5855840425828371,0.8663739458088525,0.964032781699407,0.9912762971487475,1.5125132794875855,1.6926363131088868,2.08152608938292,0.9176197395209469
OCO,53,133.0,0.5161350459,image_color_derived_proxy,7.0,0.0,0.9137931034482759,0.0,89.3710024356842,666,5216.3515625,0.14590863434604054,nearest_physical_car_same_track_location_crossing_headway_le_2s,0.11972569669911992,0.2076624246767339,0.42005805732739643,0.6812053067384148,0.856418683837869,1.4587747445690773,2.0511393710068577,2.6354510139016543,0.0,0.0,0.14590863434604054,0.6633023817983656,0.9029997834889065,1.9760115146636963,2.1081902980804443,2.495551824569702,0.0,0.06758346870267572,0.32314731414105663,0.6552237187528072,0.8047130361262947,1.8056145234784842,2.0707763474606082,2.824458831407691,0.2609381506493351
OCO,54,238.0,0.013603848900000059,image_color_derived_proxy,7.0,0.0,0.9310344827586207,0.0,88.8010025024414,653,5216.3515625,0.0,nearest_physical_car_same_track_location_crossing_headway_le_2s,0.09596739931224534,0.15134961649408363,0.22139390063427217,0.31193349109591834,0.41935332375374,1.513635684580342,2.6205541045930456,3.242359165945453,0.0,0.0,0.0,0.0,0.0,2.6444716453552246,2.884535312652588,3.0620312690734863,0.0,0.0,0.0,0.06126061863553084,0.2422494847746755,2.3529050661380397,2.7117544314771527,4.0067312072749335,0.0022801173329096702
OCO,55,239.0,0.00881783750000011,image_color_derived_proxy,7.0,0.0,0.9482758620689655,0.0,88.85800170898438,659,5216.3515625,0.0,nearest_physical_car_same_track_location_crossing_headway_le_2s,0.0222827806033522,0.07540123051867656,0.12153098532420419,0.16925891839695656,0.23295604484271898,1.8974777898690804,3.0088769257958257,3.812410487926508,0.0,0.0,0.0,0.026097821237703486,0.0852934146008911,2.5213513374328613,2.8040857315063477,2.9732818603515625,0.0,0.010803743793572069,0.059420676725169735,0.15555147097965827,0.30971890788676987,2.0734474991531555,2.7531803050986396,3.990045657353305,0.03918910845208601
OCO,56,240.0,0.00403182610000016,image_color_derived_proxy,7.0,0.0,0.9655172413793104,0.0,88.79450225830078,661,5216.3515625,0.0,nearest_physical_car_same_track_location_crossing_headway_le_2s,0.03850462169736528,0.09189757969108146,0.1389838254554528,0.18198186576967615,0.25970081352167074,1.800177764892578,3.0131241626141008,3.871700862962373,0.0,0.0,0.0,0.0,0.0,2.7495129108428955,2.9995672702789307,3.3590147495269775,0.0,0.0,0.004730001951286909,0.06192945156980645,0.20248994434235487,2.321619942312244,2.93621323935413,4.427035770472453,0.004416008293211204
OCO,57,238.0,0.013603848900000059,image_color_derived_proxy,7.0,0.0,0.9827586206896551,0.0,88.88900089263916,660,5216.3515625,0.0,nearest_physical_car_same_track_location_crossing_headway_le_2s,0.051974815204883014,0.10667241245181565,0.1712472212215509,0.24989593846797115,0.3975744900271464,1.7102315266927084,2.6588179420739317,3.5258271594845647,0.0,0.0,0.0,0.0,0.09991112994424778,2.500501871109009,2.8568761348724365,3.2073259353637695,0.0,0.0,0.011486234496891661,0.08013363993017983,0.3071583358450401,2.264303483853961,2.7892303131673146,4.107219924252235,0.0
OCO,58,169.0,0.34383863550000016,image_color_derived_proxy,7.0,0.0,1.0,0.0015313935681470138,88.90699768066406,654,5216.3515625,0.25668403354335256,nearest_physical_car_same_track_location_crossing_headway_le_2s,0.1253107296199213,0.2631852635040381,0.4418437357818244,0.6152721183968239,0.7805909384858328,1.3878439664211755,2.0311999371069374,2.8717770133048868,0.0,0.0024857511461640895,0.25668403354335256,0.4703904320677773,0.6838944186919013,1.821988821029663,2.2806591987609863,2.735227584838867,0.0,0.053752834624736276,0.2710360348532054,0.5209375212924018,0.6809701245183948,1.7643534098586862,2.219265075516681,3.178869522697507,0.24983910072274818
STR,1,20.0,1.0,image_color_derived_proxy,16.0,0.00586207194619559,0.017241379310344827,0.10878112712975098,100.64700317382812,764,5216.3515625,0.9941379280538044,nearest_physical_car_same_track_location_crossing_headway_le_2s,0.993690820685773,0.993690820685773,0.993690820685773,0.993690820685773,0.993690820685773,0.018977648597332326,0.1470123502943251,0.6425933040789704,0.9941379280538044,0.9941379280538044,0.9941379280538044,0.9941379280538044,0.9941379280538044,0.023153066635131836,0.2914402484893799,0.5491821765899658,0.9966218568439379,0.9966218568439379,1.0,1.0,1.0,0.023567348072477002,0.2920209866743989,0.5517335605660552,0.9958018962367986
STR,2,20.0,1.0,image_color_derived_proxy,16.0,0.0,0.034482758620689655,0.011494252873563218,91.70800018310547,697,5216.3515625,1.0,nearest_physical_car_same_track_location_crossing_headway_le_2s,0.992661454188453,0.9978954943591601,0.9978954943591601,0.9978954943591601,0.9978954943591601,0.22613592055237408,0.49768031134293234,1.0309093034971104,1.0,1.0,1.0,1.0,1.0,0.46788525581359863,0.6878249645233154,0.8223254680633545,1.0,1.0,1.0,1.0,1.0,0.4699229314394343,0.6939061104164569,0.8562995590402013,0.9987497450007259
STR,3,15.0,1.0,image_color_derived_proxy,16.0,0.0,0.05172413793103448,0.005805515239477504,90.45200157165527,690,5216.3515625,1.0,nearest_physical_car_same_track_location_crossing_headway_le_2s,0.9954561534713431,0.9954561534713431,0.9954561534713431,0.9954561534713431,0.9954561534713431,0.3209774808389259,0.5532010104503168,0.7628823265034884,0.9691991415370874,0.9776677085894728,1.0,1.0,1.0,0.5885119438171387,0.8094124794006348,1.1267952919006348,0.9756113602418106,0.9818688435728065,0.9918852282733707,1.0,1.0,0.5850755702837638,0.8591700686412663,1.1494591128012255,0.9937916934695596
STR,4,15.0,1.0,image_color_derived_proxy,16.0,0.0,0.06896551724137931,0.014792899408284023,90.90700435638428,677,5216.3515625,1.0,nearest_physical_car_same_track_location_crossing_headway_le_2s,0.9867887006520353,0.993333822342255,0.9945878756310013,0.9945878756310013,0.9945878756310013,0.19507739182227166,0.75816839568469,1.1277280151367188,1.0,1.0,1.0,1.0,1.0,0.31496119499206543,0.6703689098358154,1.031036376953125,1.0,1.0,1.0,1.0,1.0,0.3023636401151915,0.6709905738607992,1.0409072851596837,0.9982796361532571
STR,5,19.0,1.0,image_color_derived_proxy,16.0,0.0,0.08620689655172414,0.0,90.58399963378906,684,5216.3515625,1.0,nearest_physical_car_same_track_location_crossing_headway_le_2s,0.9888060314786749,0.9973505255276225,0.9973505255276225,0.9973505255276225,0.9973505255276225,0.17227101631885816,0.4848144821139456,1.2351892032334946,0.9863221052493273,1.0,1.0,1.0,1.0,0.5394480228424072,0.6725516319274902,0.9243390560150146,0.9880663109808738,1.0,1.0,1.0,1.0,0.5439235371049993,0.6746751430589097,0.9410898617609992,0.999318390083543
STR,6,15.0,1.0,image_color_derived_proxy,16.0,0.0,0.10344827586206896,0.005970149253731343,90.32100296020508,671,5216.3515625,1.0,nearest_physical_car_same_track_location_crossing_headway_le_2s,0.9979849648438393,0.9979849648438393,0.9979849648438393,0.9979849648438393,0.9979849648438393,0.1834665823140842,0.5937333374023438,0.8475698901760963,1.0,1.0,1.0,1.0,1.0,0.4344215393066406,0.7105090618133545,0.967454195022583,1.0,1.0,1.0,1.0,1.0,0.43087322506715947,0.7085248552580672,1.0120705084826218,0.9988123405543374
STR,7,14.0,1.0,image_color_derived_proxy,16.0,0.0,0.1206896551724138,0.0029542097488921715,90.52400207519531,678,5216.3515625,1.0,nearest_physical_car_same_track_location_crossing_headway_le_2s,0.9930626645152422,0.9965313065784521,0.9965313065784521,0.9965313065784521,0.9965313065784521,0.14715503870054733,0.4590653812184054,0.6591223782211987,1.0,1.0,1.0,1.0,1.0,0.26271653175354004,0.5306553840637207,0.678713321685791,1.0,1.0,1.0,1.0,1.0,0.2617450807016434,0.5290949667669723,0.674223992319796,0.9984579930394624
STR,8,20.0,1.0,image_color_derived_proxy,15.0,0.0,0.13793103448275862,0.012949640287769784,90.56700325012207,696,5216.3515625,1.0,nearest_physical_car_same_track_location_crossing_headway_le_2s,0.9964446212710464,0.9964446212710464,0.9964446212710464,0.9964446212710464,0.9964446212710464,0.2128834390028695,0.5210301662171244,0.8720102271255182,0.9627679208514895,0.9944902610066682,1.0,1.0,1.0,0.5763344764709473,0.978294849395752,1.3266308307647705,0.9364889804272429,0.9752779894140648,0.9847737282537002,1.0,1.0,0.5790440507106145,1.0078954355204393,1.4201465658868238,0.9938783933132718
STR,9,26.0,1.0,image_color_derived_proxy,14.0,0.0,0.15517241379310345,0.0029806259314456036,89.84600067138672,672,5216.3515625,1.0,nearest_physical_car_same_track_location_crossing_headway_le_2s,0.9877902202050814,0.9908287395356519,0.9935779064001029,0.9950582106893552,0.9950582106893552,0.15671704528416086,0.5649200226918846,1.041359674769106,1.0,1.0,1.0,1.0,1.0,0.8140406608581543,0.9292230606079102,1.0918030738830566,1.0,1.0,1.0,1.0,1.0,0.7988104121112612,0.9424608088415419,1.078224381242595,0.998439433986424
STR,10,15.0,1.0,image_color_derived_proxy,14.0,0.0,0.1724137931034483,0.002881844380403458,90.40699768066406,695,5216.3515625,1.0,nearest_physical_car_same_track_location_crossing_headway_le_2s,0.9959737630720273,0.9959737630720273,0.9959737630720273,0.9959737630720273,0.9959737630720273,0.19496174723469026,0.612989801481723,0.85968017578125,1.0,1.0,1.0,1.0,1.0,0.304187536239624,0.7348668575286865,0.9048707485198975,1.0,1.0,1.0,1.0,1.0,0.3015767787342155,0.7294825042146841,0.8978814163461702,0.9986302431924603
STR,11,19.0,1.0,image_color_derived_proxy,14.0,0.0,0.1896551724137931,0.008595988538681949,90.82699584960938,699,5216.3515625,1.0,nearest_physical_car_same_track_location_crossing_headway_le_2s,0.9972475143798222,0.9972475143798222,0.9972475143798222,0.9972475143798222,0.9972475143798222,0.08630901274825548,0.46985106776577823,0.7515285546439034,1.0,1.0,1.0,1.0,1.0,0.1264493465423584,0.5414764881134033,0.7702186107635498,1.0,1.0,1.0,1.0,1.0,0.12498429555326114,0.5362460490451776,0.7687827385801779,0.9988673160049333
STR,12,14.0,1.0,image_color_derived_proxy,14.0,0.0,0.20689655172413793,0.0028735632183908046,91.29749870300293,697,5216.3515625,1.0,nearest_physical_car_same_track_location_crossing_headway_le_2s,0.9957172977553903,0.9957172977553903,0.9957172977553903,0.9957172977553903,0.9957172977553903,0.10429400663203275,0.40601946347719664,0.6457887792042114,1.0,1.0,1.0,1.0,1.0,0.3666369915008545,0.5353720188140869,0.7060835361480713,1.0,1.0,1.0,1.0,1.0,0.36848513207907596,0.5400379163713481,0.7052453990525692,0.9985577646672339
STR,13,20.0,1.0,image_color_derived_proxy,14.0,0.0,0.22413793103448276,0.009077155824508321,91.28200149536133,662,5216.3515625,1.0,nearest_physical_car_same_track_location_crossing_headway_le_2s,0.9945005590803538,0.9945005590803538,0.9945005590803538,0.9945005590803538,0.9945005590803538,0.26923592216369746,0.6179100695273859,0.7564479120740326,0.9268201814624405,1.0,1.0,1.0,1.0,0.33620715141296387,0.59194016456604,1.3307600021362305,0.9418286467035499,0.9731381494836251,1.0,1.0,1.0,0.3345429884044917,0.5867506034948747,1.3695093863712666,1.0
STR,14,15.0,1.0,image_color_derived_proxy,13.0,0.0,0.2413793103448276,0.001443001443001443,91.04500198364258,694,5216.3515625,1.0,nearest_physical_car_same_track_location_crossing_headway_le_2s,0.9961667307451227,0.9961667307451227,0.9961667307451227,0.9961667307451227,0.9961667307451227,0.38001686279227354,0.6871545258947317,0.9366432252581243,1.0,1.0,1.0,1.0,1.0,0.38680219650268555,0.5445413589477539,0.716742753982544,1.0,1.0,1.0,1.0,1.0,0.3831131807167064,0.5435060227637775,0.7125284916858072,0.9987503699634332
STR,15,23.0,1.0,image_color_derived_proxy,11.0,0.0,0.25862068965517243,0.008759124087591242,91.05900192260742,686,5216.3515625,0.9957060804075445,nearest_physical_car_same_track_location_crossing_headway_le_2s,0.9938940688725041,0.9938940688725041,0.9938940688725041,0.9938940688725041,0.9938940688725041,0.29660758730731435,0.5169364929199218,0.7214545510031961,0.9949373481419862,0.9957060804075445,0.9957060804075445,0.9957060804075445,0.9957060804075445,0.3171420097351074,0.44686102867126465,0.6084108352661133,0.9949373481419862,0.9957060804075445,0.9957060804075445,0.9957060804075445,0.9957060804075445,0.3180885358182885,0.44895848798561927,0.6011777031066194,0.9951608307354423
STR,16,25.0,1.0,image_color_derived_proxy,9.0,0.0,0.27586206896551724,0.004457652303120356,90.51400375366211,674,5216.3515625,1.0,nearest_physical_car_same_track_location_crossing_headway_le_2s,0.9957575625051022,0.9957575625051022,0.9957575625051022,0.9957575625051022,0.9957575625051022,0.2690665571762978,0.6192851422780968,1.0176106687451973,0.9961331934448101,0.9992266397425827,1.0,1.0,1.0,0.3925502300262451,0.5923922061920166,0.8305151462554932,0.9961331934448101,0.9992266397425827,1.0,1.0,1.0,0.3912020910405125,0.585696729893057,0.8320322528515407,0.9992796628928327
STR,17,38.0,0.9708061289000001,image_color_derived_proxy,6.0,0.0,0.29310344827586204,0.008708272859216255,91.04400253295898,690,5216.3515625,0.9818878757394369,nearest_physical_car_same_track_location_crossing_headway_le_2s,0.9955955364227238,0.9955955364227238,0.9955955364227238,0.9955955364227238,0.9955955364227238,0.3791502891937432,0.6977876372489509,1.07104377898562,0.9785927662981788,0.9818878757394369,0.9818878757394369,0.9844031440183094,0.9844031440183094,0.3806617259979248,0.6721093654632568,1.0546681880950928,0.9751878147253997,0.9775053776424071,0.9818878757394369,0.9844031440183094,0.9844031440183094,0.37913362120068045,0.674246713508419,1.056348740660935,0.9857761954797206
STR,18,83.0,0.7554356159000001,image_color_derived_proxy,6.0,0.0,0.3103448275862069,0.005917159763313609,91.55349731445312,677,5216.3515625,0.5662754893709219,nearest_physical_car_same_track_location_crossing_headway_le_2s,0.7909637383881176,0.7966543992992767,0.8015695666728819,0.8015695666728819,0.8093355019567545,0.25334802367088555,0.6429649777924251,3.4648230546416783,0.5662754893709219,0.5662754893709219,0.5662754893709219,0.578071849401255,0.6035323872301064,0.2605419158935547,0.6012258529663086,3.3170571327209473,0.5662754893709219,0.5662754893709219,0.5869409421588153,0.6248314180715161,0.6407674936042199,0.25764072270544586,0.599633253984528,3.447300140370458,0.6282186769427617
STR,19,23.0,1.0,image_color_derived_proxy,7.0,0.0,0.3275862068965517,0.005917159763313609,91.93000310659409,677,5216.3515625,1.0,nearest_physical_car_same_track_location_crossing_headway_le_2s,0.9949418036782061,0.9949418036782061,0.9949418036782061,0.9949418036782061,0.9949418036782061,0.2631789161755254,0.5198723164010556,0.7159523057793306,1.0,1.0,1.0,1.0,1.0,0.21746540069580078,0.4855954647064209,0.6614751815795898,1.0,1.0,1.0,1.0,1.0,0.20916094706276456,0.47873179810041055,0.656409017660468,0.9992201987345859
STR,20,19.0,1.0,image_color_derived_proxy,7.0,0.0,0.3448275862068966,0.0084985835694051,91.90800094604492,707,5216.3515625,1.0,nearest_physical_car_same_track_location_crossing_headway_le_2s,0.954748172700136,0.9638986645975984,0.9903708155189543,0.9953758105110955,0.9953758105110955,0.1284663833489939,0.43595936392368434,0.8669481241478111,0.9855398749336481,1.0,1.0,1.0,1.0,0.38350439071655273,0.6165828704833984,0.8135824203491211,0.9814052940026765,1.0,1.0,1.0,1.0,0.382288474764181,0.6138678686400646,0.8910088367028428,1.0
STR,21,63.0,0.8511558439000001,image_color_derived_proxy,7.0,0.0,0.3620689655172414,0.014347202295552367,92.1319990158081,698,5216.3515625,0.9618807680815102,nearest_physical_car_same_track_location_crossing_headway_le_2s,0.6780055364261267,0.7694285922762047,0.8004385139485636,0.8138974825122874,0.8266074401539394,0.17855767470139722,0.5846843962973737,2.9553652379785516,0.9618807680815102,0.9618807680815102,0.9618807680815102,0.9618807680815102,0.9618807680815102,0.14818620681762695,0.6344854831695557,1.2640399932861328,0.9508096496497271,0.9618807680815102,0.9618807680815102,0.9618807680815102,0.9618807680815102,0.14700364951668823,0.6322923344554784,1.2281514766560797,0.9282888539372194
STR,22,131.0,0.5257070687000001,image_color_derived_proxy,7.0,0.0,0.3793103448275862,0.002932551319648094,90.7979965209961,683,5216.3515625,0.4698782252863712,nearest_physical_car_same_track_location_crossing_headway_le_2s,0.4891516601441466,0.6351901535155438,0.8385537519719857,0.9031586721157543,0.9320249930153368,0.2122862877384309,1.549123232129594,2.2330243366520577,0.166038908249885,0.44136437254617755,0.4698782252863712,0.6589902592833,0.8356351842165519,1.3453924655914307,2.1570496559143066,2.607358694076538,0.22904690332596006,0.4022776093756236,0.4665852034375046,0.7103131019676794,0.8123196854065704,1.3060584355452027,2.0281468052420264,2.654582717153227,0.5940892894993545
STR,23,226.0,0.07103598570000016,image_color_derived_proxy,7.0,0.0,0.39655172413793105,0.008746355685131196,90.10299801826477,687,5216.3515625,0.08945319856790085,nearest_physical_car_same_track_location_crossing_headway_le_2s,0.3964462551422841,0.5018922832917017,0.552245783965053,0.5831658586746408,0.64293086965787,0.19365216960077702,1.730484140998847,2.90591834104437,0.08945319856790085,0.08945319856790085,0.08945319856790085,0.09202803354625662,0.12298147251596911,2.285275936126709,2.7802674770355225,3.0902819633483887,0.08945319856790085,0.08945319856790085,0.09846511040787762,0.1261889662626841,0.30245374168640443,2.016690740187329,2.6469957025089843,3.960038315128744,0.15845553426209913
STR,24,238.0,0.013603848900000059,image_color_derived_proxy,7.0,0.0,0.41379310344827586,0.0,90.10300064086914,662,5216.3515625,0.0,nearest_physical_car_same_track_location_crossing_headway_le_2s,0.0821060415806783,0.109985257808004,0.15314700085660599,0.1991498789942964,0.2470949597461232,1.6355838375491696,3.0626915484854367,4.258791990776283,0.0,0.0,0.0,0.0,0.023528616325827124,2.711899995803833,2.9927642345428467,3.2171266078948975,0.0,0.0,0.021308947123155706,0.05904357759100449,0.1736012762679837,2.3653148735598974,2.8025017369235314,4.253837383200438,0.02672883031271911
STR,25,240.0,0.00403182610000016,image_color_derived_proxy,7.0,0.0,0.43103448275862066,0.0,89.98299789428711,689,5216.3515625,0.0,nearest_physical_car_same_track_location_crossing_headway_le_2s,0.034239815896752755,0.04766457625564454,0.06746833404391962,0.10211928243178467,0.12877989226361672,2.2445451736450193,3.8271490431923905,6.006760597229004,0.0,0.0,0.0,0.0,0.0,3.022987127304077,3.3168721199035645,3.703188180923462,0.0,0.0,0.007556986554000481,0.0526766153833501,0.10329727155640187,2.4855364898427275,3.1690338317657893,5.206027236463899,0.014911239885991412
STR,26,240.0,0.00403182610000016,image_color_derived_proxy,7.0,0.0,0.4482758620689655,0.0,89.91900253295898,671,5216.3515625,0.0,nearest_physical_car_same_track_location_crossing_headway_le_2s,0.17169908679156176,0.19181721390206158,0.22186649709628828,0.24965820281220802,0.2916069986089691,0.6753104855937343,3.4993477199388585,5.067944605706146,0.0,0.0,0.0,0.0,0.0,3.7645139694213867,4.053727865219116,4.317764520645142,0.0,0.0,0.0,0.0,0.011488127280618854,3.054210851406309,3.770212488876533,6.636823996022224,0.03498067629058377
STR,27,240.0,0.00403182610000016,image_color_derived_proxy,7.0,0.0,0.46551724137931033,0.0,90.11800003051758,664,5216.3515625,0.0,nearest_physical_car_same_track_location_crossing_headway_le_2s,0.050677930178569634,0.05400689039693839,0.06844352452832393,0.08383444676116676,0.11269660339216742,2.364222590419179,4.530491620313442,6.466489955357143,0.0,0.0,0.0,0.0,0.0,4.200340747833252,4.63361930847168,4.7966508865356445,0.0,0.0,0.0,0.0,0.0,3.371817393157099,4.2308045899980415,7.52475919724881,0.009853452776747207
STR,28,240.0,0.00403182610000016,image_color_derived_proxy,7.0,0.0,0.4827586206896552,0.006006006006006006,89.99200057983398,667,5216.3515625,0.0,nearest_physical_car_same_track_location_crossing_headway_le_2s,0.03719219597858713,0.042525998307056424,0.05874965235481212,0.07930706053441114,0.11332126764502003,2.374260060380145,4.67477593734918,6.407873599403783,0.0,0.0,0.0,0.0,0.0,4.304100513458252,4.498373985290527,5.1003546714782715,0.0,0.0,0.0,0.0,0.0,3.2248569297697585,4.228375363412966,7.9236155911743475,0.0057886522820218556
STR,29,240.0,0.00403182610000016,image_color_derived_proxy,7.0,0.0,0.5,0.001445086705202312,90.05400133132935,693,5216.3515625,0.0,nearest_physical_car_same_track_location_crossing_headway_le_2s,0.0,0.0,0.004219702206425267,0.02021009247693528,0.053656744571971726,2.8808181104352166,5.169928416566985,6.966439916337305,0.0,0.0,0.0,0.0,0.0,4.509656190872192,4.791942358016968,5.196009874343872,0.0,0.0,0.0,0.0,0.0,3.3900615320781906,4.377846192539385,8.52402472359566,0.0
STR,30,240.0,0.00403182610000016,image_color_derived_proxy,7.0,0.0,0.5172413793103449,0.0,90.3030014038086,670,5216.3515625,0.0,nearest_physical_car_same_track_location_crossing_headway_le_2s,0.0,0.01380908307103761,0.03775066649375074,0.07687447275074465,0.10851236398183707,2.3954874801635744,4.2557986237281975,5.5718385757938504,0.0,0.0,0.0,0.0,0.0,4.108750820159912,4.303008079528809,4.405724763870239,0.0,0.0,0.0,0.0,0.0,3.2188212669448046,3.9698896806806823,7.047735793165362,0.0016786234141727974
STR,31,240.0,0.00403182610000016,image_color_derived_proxy,7.0,0.0,0.5344827586206896,0.01455604075691412,90.09099960327148,688,5216.3515625,0.2041493317367308,nearest_physical_car_same_track_location_crossing_headway_le_2s,0.0,0.014940456619573808,0.04676382060832504,0.07976390973973417,0.12688278986815116,2.3740374391387182,3.9657482997976614,5.172550048828125,0.2041493317367308,0.2041493317367308,0.2041493317367308,0.2041493317367308,0.2041493317367308,0.10822319984436035,3.8067636489868164,3.9008629322052,0.2041493317367308,0.2041493317367308,0.2041493317367308,0.2041493317367308,0.2041493317367308,0.10851415490620832,3.561746568902412,6.0215413754706075,0.16295770667821474
STR,32,240.0,0.00403182610000016,image_color_derived_proxy,7.0,0.0,0.5517241379310345,0.0,90.36549949645996,685,5216.3515625,0.0,nearest_physical_car_same_track_location_crossing_headway_le_2s,0.0410001809506938,0.07900149410436974,0.12758191132183352,0.1573056220069815,0.20294251937526442,1.8579465512876159,3.8305640555716853,4.973381545814886,0.0,0.0,0.0,0.0,0.0,3.8294408321380615,4.389458417892456,4.835024356842041,0.0,0.0,0.0,0.0,0.0,3.280700843098678,4.097813392307402,7.638063974624911,0.019036479960487185
STR,33,239.0,0.00881783750000011,image_color_derived_proxy,6.0,0.0,0.5689655172413793,0.0014285714285714286,90.09199714660645,701,5216.3515625,0.01036718071349771,nearest_physical_car_same_track_location_crossing_headway_le_2s,0.0062935667942431404,0.0062935667942431404,0.0062935667942431404,0.0062935667942431404,0.0062935667942431404,5.3012890625,9.405000307057637,16.180007471222318,0.008446921274845344,0.008446921274845344,0.01036718071349771,0.012520535194099913,0.012520535194099913,8.94007158279419,9.069520950317383,9.197826385498047,0.008446921274845344,0.008446921274845344,0.01036718071349771,0.012520535194099913,0.012520535194099913,5.971782497544256,8.123055814750513,17.44663306513654,0.015967738329880743
STR,34,240.0,0.00403182610000016,image_color_derived_proxy,6.0,0.0,0.5862068965517241,0.0,89.9589980840683,671,5216.3515625,0.0,nearest_physical_car_same_track_location_crossing_headway_le_2s,0.0,0.0,0.0,0.0,0.0,5.5072342452469405,9.579439330300998,16.089182739257815,0.0,0.0,0.0,0.0,0.0,9.1829514503479,9.411744594573975,9.51353120803833,0.0,0.0,0.0,0.0,0.0,6.229241860846247,8.54782539917343,18.28732469611163,0.006264138578698564
STR,35,241.0,0.0,image_color_derived_proxy,6.0,0.0,0.603448275862069,0.0,90.12999725341797,679,5216.3515625,0.0,nearest_physical_car_same_track_location_crossing_headway_le_2s,0.0,0.0,0.0,0.0,0.0,5.931571751644737,10.254307790104008,18.05454265880263,0.0,0.0,0.0,0.0,0.0,9.234562873840332,9.393532991409302,9.825345277786255,0.0,0.0,0.0,0.0,0.0,6.24110950716823,8.544690317561235,18.79051451077774,0.006252897843020078
STR,36,240.0,0.00403182610000016,image_color_derived_proxy,6.0,0.0,0.6206896551724138,0.0,90.12899780273438,675,5216.3515625,0.0,nearest_physical_car_same_track_location_crossing_headway_le_2s,0.0,0.0,0.0,0.0,0.0,6.266858163589425,10.440888739437712,18.796347745997743,0.0,0.0,0.0,0.0,0.0,10.0556058883667,10.296590089797974,10.52713918685913,0.0,0.0,0.0,0.0,0.0,6.703989123424711,9.347810786968,19.874761268458688,0.006241657107341592
STR,37,240.0,0.00403182610000016,image_color_derived_proxy,6.0,0.0,0.6379310344827587,0.0,89.97499561309814,672,5216.3515625,0.0,nearest_physical_car_same_track_location_crossing_headway_le_2s,0.0,0.0,0.0,0.0,0.0,6.82953369140625,11.34703150268095,20.691327248480583,0.0,0.0,0.0,0.0,0.0,10.658809900283813,10.894280195236206,11.427515029907227,0.0,0.0,0.0,0.0,0.0,7.196141350747693,10.127497846594403,21.702282147963988,0.006230416371663106
STR,38,240.0,0.00403182610000016,image_color_derived_proxy,6.0,0.0,0.6551724137931034,0.0,90.12000274658203,659,5216.3515625,0.0,nearest_physical_car_same_track_location_crossing_headway_le_2s,0.0,0.0,0.0,0.0,0.0,7.142168739720395,11.32384349681713,21.341232728005984,0.0,0.0,0.0,0.0,0.0,10.971543550491333,11.308690547943115,11.772184610366821,0.0,0.0,0.0,0.0,0.0,7.380455090391865,10.55833035191856,22.06655310768677,0.0062191756359846195
STR,39,240.0,0.00403182610000016,image_color_derived_proxy,6.0,0.0,0.6724137931034483,0.0014947683109118087,90.34300231933594,670,5216.3515625,0.0,nearest_physical_car_same_track_location_crossing_headway_le_2s,0.0,0.0,0.0,0.0,0.0,8.24225259270264,12.332108082490809,25.00470126295337,0.0,0.0,0.0,0.0,0.0,12.449829816818237,12.961015462875366,13.50682282447815,0.0,0.0,0.0,0.0,0.0,8.487149989698082,12.202735250572804,26.783990381554673,0.0062079349003061335
STR,40,240.0,0.00403182610000016,image_color_derived_proxy,6.0,0.0,0.6896551724137931,0.0,90.41300201416016,670,5216.3515625,0.0,nearest_physical_car_same_track_location_crossing_headway_le_2s,0.0,0.0,0.0,0.0,0.0,7.3098753541380495,12.232868569584216,23.461786715718368,0.0,0.0,0.0,0.0,0.0,10.789426326751709,11.22266411781311,12.391154527664185,0.0,0.0,0.0,0.0,0.0,7.3456709068028285,10.338240980829356,20.356236457073294,0.006196694164627536
STR,41,240.0,0.00403182610000016,image_color_derived_proxy,6.0,0.0,0.7068965517241379,0.0,90.15899658203125,699,5216.3515625,0.0,nearest_physical_car_same_track_location_crossing_headway_le_2s,0.0,0.0,0.0,0.0,0.0,8.774176075194472,13.341504267493834,26.486244234125667,0.0,0.0,0.0,0.0,0.0,12.686245441436768,13.815524816513062,14.571386098861694,0.0,0.0,0.0,0.0,0.0,8.943543250078307,12.780864210240482,27.030939274709873,0.00618545342894905
STR,42,240.0,0.00403182610000016,image_color_derived_proxy,6.0,0.0,0.7241379310344828,0.001455604075691412,92.4589958190918,688,5216.3515625,0.0,nearest_physical_car_same_track_location_crossing_headway_le_2s,0.0,0.0,0.0,0.0,0.0,10.017987092482578,14.687506280796164,36.2655,0.0,0.0,0.0,0.0,0.0,14.339067220687866,14.789502382278442,15.112255096435547,0.0,0.0,0.0,0.0,0.0,9.772235381669232,13.7980811797035,29.619344769386345,0.006174212693270564
STR,43,26.0,1.0,image_color_derived_proxy,17.0,0.0,0.7413793103448276,0.014723926380368098,108.91399765014648,816,5216.3515625,0.9441485936066115,nearest_physical_car_same_track_location_crossing_headway_le_2s,0.7920285787033594,0.7978405017936054,0.8062416188799184,0.809583701743758,0.8190406978907786,0.13705184936523437,0.8506251762314241,5.453500077531144,0.891510741983747,0.9313495036504833,0.9441485936066115,0.951851908264574,0.9625392532336087,0.45096397399902344,0.9257614612579346,1.5963687896728516,0.8548579289325323,0.9082211803825352,0.9236737010182181,0.9488036423645407,0.957039492470899,0.44610407763509624,0.9191478604152686,1.7069680679655177,0.906291973404134
STR,44,19.0,1.0,image_color_derived_proxy,16.0,0.0,0.7586206896551724,0.0015060240963855422,88.04199981689453,665,5216.3515625,1.0,nearest_physical_car_same_track_location_crossing_headway_le_2s,0.8592830461496394,0.9945934893351217,0.9945934893351217,0.9945934893351217,0.9945934893351217,0.35716482309194714,1.0862218899151224,1.5465636215885155,0.9622907499332096,1.0,1.0,1.0,1.0,0.37538981437683105,1.1069421768188477,1.462193489074707,0.8641557323016842,0.9597919503396971,0.9995002097515902,1.0,1.0,0.3738198568801858,1.070336985508842,1.588425912401935,0.9976281241812894
STR,45,27.0,1.0,image_color_derived_proxy,16.0,0.0,0.7758620689655172,0.0,88.23600006103516,679,5216.3515625,1.0,nearest_physical_car_same_track_location_crossing_headway_le_2s,0.9959426990116919,0.9959426990116919,0.9959426990116919,0.9959426990116919,0.9959426990116919,0.670784959324007,1.031698439197998,1.2502397862876333,1.0,1.0,1.0,1.0,1.0,0.5713882446289062,0.9969415664672852,1.1417267322540283,0.9958860446739285,1.0,1.0,1.0,1.0,0.5628913023395412,0.9793877602241138,1.1730421018509876,0.9978676926180073
STR,46,28.0,1.0,image_color_derived_proxy,16.0,0.0,0.7931034482758621,0.0,88.42500114440918,660,5216.3515625,1.0,nearest_physical_car_same_track_location_crossing_headway_le_2s,0.9954198473740399,0.9954198473740399,0.9954198473740399,0.9954198473740399,0.9954198473740399,0.27946368595741317,0.4775962534182089,0.6573258067687712,1.0,1.0,1.0,1.0,1.0,0.25676512718200684,0.43701887130737305,0.6184580326080322,1.0,1.0,1.0,1.0,1.0,0.2559920641859232,0.43821157498931673,0.61699501099085,0.997862650074107
STR,47,127.0,0.5448511143000001,image_color_derived_proxy,15.0,0.0,0.8103448275862069,0.005961251862891207,87.86499786376953,672,5216.3515625,0.5247254386066215,nearest_physical_car_same_track_location_crossing_headway_le_2s,0.4613783132110743,0.5154156405880412,0.6071132545016815,0.686849090671273,0.7844420867540718,0.34109407484739085,1.6473920825644506,3.062756676364049,0.3912821021337732,0.420246971317418,0.5247254386066215,0.6317077609695396,0.7332270754988368,0.2864868640899658,1.8913710117340088,2.920372486114502,0.39788315881340747,0.46577126959154147,0.546440711315044,0.6408353789963585,0.7849655554948705,0.2852131207859178,1.8307863265501056,2.914816565678206,0.5145553770458529
STR,48,43.0,0.9468760719000001,image_color_derived_proxy,15.0,0.0,0.8275862068965517,0.0,88.56500244140625,653,5216.3515625,1.0,nearest_physical_car_same_track_location_crossing_headway_le_2s,0.9519223194306325,0.9948738216714252,0.9971207588979594,0.9971207588979594,0.9971207588979594,0.45454181817984357,0.9189068178186538,1.3838829246727196,0.950149609437724,1.0,1.0,1.0,1.0,0.5388689041137695,1.0263400077819824,1.3518202304840088,0.9158019420346936,0.9749336514480214,0.9957093648284793,1.0,1.0,0.5380071437271831,0.9627957658725311,1.4605996198503197,0.999638462439705
STR,49,39.0,0.9660201175,image_color_derived_proxy,14.0,0.0,0.8448275862068966,0.0015060240963855422,88.0869972705841,665,5216.3515625,1.0,nearest_physical_car_same_track_location_crossing_headway_le_2s,0.3923734306118265,0.5299079368823961,0.7018061949640539,0.8179980654794872,0.9152088208164568,0.27885046272634345,1.6901256716403419,2.448095750991507,0.6349289955172721,1.0,1.0,1.0,1.0,0.4384293556213379,1.4197719097137451,1.5874810218811035,0.7181423357635093,0.9422389068889309,0.98163179492261,1.0,1.0,0.4334846514306311,1.3150432555243696,1.636881723308523,0.9379192536952254
STR,50,67.0,0.8320117983,image_color_derived_proxy,14.0,0.0,0.8620689655172413,0.009404388714733543,88.2040023803711,639,5216.3515625,0.915854148511276,nearest_physical_car_same_track_location_crossing_headway_le_2s,0.8127068525202025,0.8905038999401007,0.954401201877853,0.9816448189290355,0.9895809753850745,0.7846029618207145,1.0867722690695585,1.7648875718706112,0.9024873984469437,0.9024873984469437,0.915854148511276,0.9507957953737001,1.0,0.09398984909057617,0.48200106620788574,1.2642021179199219,0.898405952193027,0.918824547025255,0.9215454877682222,0.9478368144830822,0.9609995610269806,0.09276096144794882,0.4746836003860319,1.5692252122127563,0.9288922720261523
STR,51,82.0,0.7602216273000001,image_color_derived_proxy,13.0,0.0,0.8793103448275862,0.0015313935681470138,87.96099472045898,654,5216.3515625,0.906322117009875,nearest_physical_car_same_track_location_crossing_headway_le_2s,0.8279351051780504,0.9666215700557588,0.9952819997889494,0.9952819997889494,0.9952819997889494,0.09743837033078226,0.5970567743828956,1.5751072324555495,0.6561998949885914,0.8481258733513146,0.906322117009875,1.0,1.0,0.24320292472839355,1.3629987239837646,1.9853973388671875,0.6475255900798523,0.8124281960532728,0.9659053361225932,0.9904503108990818,0.9922692972341112,0.23996809668003646,1.3298923010602426,1.906904338497775,0.9732617829346285
STR,52,72.0,0.8080817413,image_color_derived_proxy,12.0,0.0,0.896551724137931,0.0015625,87.76499938964844,641,5216.3515625,0.9409673583787382,nearest_physical_car_same_track_location_crossing_headway_le_2s,0.8448242989393521,0.8982054164289861,0.961066490252039,0.9952600693730292,0.9952600693730292,0.3358013065148502,0.9615708248809685,1.7363886419332253,0.7803224643835538,0.8432062703513546,0.9409673583787382,0.9863157269757277,1.0,0.33440566062927246,0.9677166938781738,1.9366533756256104,0.7711844029843351,0.8415883327679998,0.9309520013588868,0.948043053552065,0.9655671465829544,0.3325803384062372,0.9508257374572863,1.858898976874607,0.9428167944370993
STR,53,20.0,1.0,image_color_derived_proxy,12.0,0.0,0.9137931034482759,0.00303951367781155,88.79699802398682,659,5216.3515625,1.0,nearest_physical_car_same_track_location_crossing_headway_le_2s,0.9667668941464445,0.9852472355639409,0.9911033375046897,0.9933556315314334,0.9933556315314334,0.19398507644881063,0.5953414550712276,1.1586743556031394,1.0,1.0,1.0,1.0,1.0,0.3887350559234619,0.6518480777740479,1.1132948398590088,0.992803811466777,1.0,1.0,1.0,1.0,0.39283171227512487,0.6460564926295916,1.1291366805332956,0.9977210700397035
STR,54,16.0,1.0,image_color_derived_proxy,11.0,0.0,0.9310344827586207,0.004622496147919877,89.08999633789062,650,5216.3515625,1.0,nearest_physical_car_same_track_location_crossing_headway_le_2s,0.995813222457298,0.995813222457298,0.995813222457298,0.995813222457298,0.995813222457298,0.07229245203845906,0.4057581708929159,0.9897028715714163,1.0,1.0,1.0,1.0,1.0,0.15326213836669922,0.28515100479125977,0.40889763832092285,1.0,1.0,1.0,1.0,1.0,0.15224272857949112,0.28313668781192775,0.40668407515940846,0.9984867679056502
STR,55,160.0,0.38691273810000015,image_color_derived_proxy,10.0,0.0,0.9482758620689655,0.004524886877828055,88.16699981689453,664,5216.3515625,0.4366940328697304,nearest_physical_car_same_track_location_crossing_headway_le_2s,0.3969625995675491,0.4357639382399962,0.45527234171950615,0.4752458624842888,0.5240056002014066,0.3440343640514256,2.399440776975684,3.7203767195991846,0.4366940328697304,0.4366940328697304,0.4366940328697304,0.4366940328697304,0.4366940328697304,0.29049181938171387,3.072129964828491,3.611171245574951,0.4366940328697304,0.4366940328697304,0.4366940328697304,0.4366940328697304,0.46503797736717656,0.2894756948473369,2.5992517747742165,4.820008506012931,0.42326380561704957
STR,56,179.0,0.2959785215000001,image_color_derived_proxy,10.0,0.0,0.9655172413793104,0.0,88.09100341796875,657,5216.3515625,0.23695950482337838,nearest_physical_car_same_track_location_crossing_headway_le_2s,0.09308558595230457,0.16637340441895318,0.31348259326566585,0.46581388523162126,0.7518702180419571,1.5334894744443224,2.261632930871212,2.805697147313307,0.0,0.04489677353644434,0.23695950482337838,0.5570944203250506,0.8899433671792019,1.8671681880950928,2.2407665252685547,2.5168707370758057,0.026801829578814412,0.11390509085882672,0.3316570407536152,0.6093017836765208,0.7829857670844872,1.7231305112900073,2.1689761868622894,3.1024891254372515,0.21374529234540263
STR,57,28.0,1.0,image_color_derived_proxy,10.0,0.0,0.9827586206896551,0.0,88.2490005493164,654,5216.3515625,1.0,nearest_physical_car_same_track_location_crossing_headway_le_2s,0.9571213256268516,0.9960906072968485,0.9960906072968485,0.9960906072968485,0.9960906072968485,0.6752037188288205,0.9969501862015556,1.3493045160102184,0.9947874766209361,1.0,1.0,1.0,1.0,0.49570727348327637,0.8146581649780273,1.3048479557037354,0.957166648634003,0.9846003790274258,1.0,1.0,1.0,0.48893169344956644,0.8045497756552096,1.373029137396427,0.9984190848396655
STR,58,49.0,0.9181600035000002,image_color_derived_proxy,9.0,0.0,1.0,0.003067484662576687,89.16699981689453,653,5216.3515625,0.8087633094290322,nearest_physical_car_same_track_location_crossing_headway_le_2s,0.8368454606232947,0.8857985247920241,0.942512408250278,0.975708535635421,0.975708535635421,0.24164951974555995,0.6138806072633658,1.7290590021634822,0.782969064617764,0.7950811038685849,0.8087633094290322,0.9785570607130117,0.9785570607130117,0.24620294570922852,0.6678743362426758,2.1841492652893066,0.7894849424978247,0.7950811038685849,0.8897685238939337,0.9426581698060723,0.9659963291768833,0.24452678614465895,0.6436983561657107,2.052272960045577,0.892829883284111
COL,1,14.0,1.0,image_color_derived_proxy,20.0,0.019899234507480604,0.017241379310344827,0.11196911196911197,102.01399993896484,778,5216.3515625,0.9801007654925193,nearest_physical_car_same_track_location_crossing_headway_le_2s,0.9855412081649644,0.9855412081649644,0.9855412081649644,0.9855412081649644,0.9855412081649644,0.014113861381417453,0.12407471398597462,0.735951597209776,0.9801007654925193,0.9801007654925193,0.9801007654925193,0.9801007654925193,0.9801007654925193,0.00931692123413086,0.1001744270324707,0.4839627742767334,0.985884285147929,0.985884285147929,0.985884285147929,0.985884285147929,0.985884285147929,0.009823424316763658,0.1013565966070575,0.477805869767674,0.9801574859685045
COL,2,14.0,1.0,image_color_derived_proxy,20.0,0.0,0.034482758620689655,0.00860832137733142,92.19599962234497,698,5216.3515625,1.0,nearest_physical_car_same_track_location_crossing_headway_le_2s,0.9962471258259513,0.9962471258259513,0.9962471258259513,0.9962471258259513,0.9962471258259513,0.1250539455176389,0.34563819846915245,0.8438734455874299,1.0,1.0,1.0,1.0,1.0,0.21700644493103027,0.40508437156677246,0.6064925193786621,1.0,1.0,1.0,1.0,1.0,0.2160786040239036,0.4068314986732347,0.6096630510609582,0.998008632354936
COL,3,14.0,1.0,image_color_derived_proxy,20.0,0.0,0.05172413793103448,0.0,91.43600273132324,698,5216.3515625,1.0,nearest_physical_car_same_track_location_crossing_headway_le_2s,0.9729209107715652,0.9965440307416754,0.9965440307416754,0.9965440307416754,0.9965440307416754,0.4339789158974164,0.7152294057660399,1.3331260617039786,1.0,1.0,1.0,1.0,1.0,0.36455774307250977,0.5116832256317139,0.8921356201171875,1.0,1.0,1.0,1.0,1.0,0.3652965720740703,0.5061121327786153,0.8920946069913167,0.9976485437032254
COL,4,36.0,0.9803781517,image_color_derived_proxy,20.0,0.0,0.06896551724137931,0.0,90.97900009155273,676,5216.3515625,1.0,nearest_physical_car_same_track_location_crossing_headway_le_2s,0.7646379727914923,0.9621890720783188,0.9954604910233501,0.9954604910233501,0.9954604910233501,0.9555206148983872,1.2783043376601482,1.6315283164566334,1.0,1.0,1.0,1.0,1.0,0.9404032230377197,1.169909954071045,1.3715341091156006,0.9195638467548238,1.0,1.0,1.0,1.0,0.9108914897033826,1.145932623325446,1.43360616363344,0.9981477434641377
COL,5,38.0,0.9708061289000001,image_color_derived_proxy,20.0,0.0,0.08620689655172414,0.005805515239477504,91.11599731445312,690,5216.3515625,1.0,nearest_physical_car_same_track_location_crossing_headway_le_2s,0.9848873863107895,0.9938320134973452,0.9950831903613789,0.9950831903613789,0.9950831903613789,0.6600250053405762,1.0609512320926229,1.3443261784028242,0.6864655444689651,0.9898371029266612,1.0,1.0,1.0,0.9322936534881592,1.2893047332763672,1.6136517524719238,0.7220464857525348,0.8980200633756563,0.9823851379028425,0.9918894767673392,0.9922626318414276,0.9276294154703025,1.2894478570548789,1.757220998491048,1.0
COL,6,35.0,0.9851641631000001,image_color_derived_proxy,20.0,0.0,0.10344827586206896,0.0,91.35099792480469,680,5216.3515625,1.0,nearest_physical_car_same_track_location_crossing_headway_le_2s,0.952863109773845,0.9903887141096657,0.9958511672919194,0.9958511672919194,0.9958511672919194,0.8904883801813429,1.2680496619008574,1.4111846621147583,0.5035960280143964,0.9498527505358056,1.0,1.0,1.0,1.259242296218872,1.4987471103668213,1.607332706451416,0.5940931467488612,0.8606583147632475,0.9890532120861651,1.0,1.0,1.2522980414917602,1.4459796381623449,1.8156157832627087,1.0
COL,7,49.0,0.9181600035000002,image_color_derived_proxy,20.0,0.0,0.1206896551724138,0.0014727540500736377,90.74299621582031,680,5216.3515625,0.9852109482316347,nearest_physical_car_same_track_location_crossing_headway_le_2s,0.6341866261146712,0.9767034389170645,0.9960988724539818,0.9960988724539818,0.9960988724539818,0.8746666664300963,1.3829958822960091,1.6179863808371804,0.7772280161051083,0.9837453188055086,0.9852109482316347,0.9858942416200082,0.9880210521961489,1.0852470397949219,1.398224115371704,1.5531764030456543,0.7192071027410264,0.9251843187488408,0.960151140091876,0.9819269865660165,0.9880210521961489,1.0655627372920136,1.3987618703569689,1.6437694412839619,0.9848827949148569
COL,8,52.0,0.9038019693000001,image_color_derived_proxy,19.0,0.0,0.13793103448275862,0.002849002849002849,90.82899475097656,703,5216.3515625,0.9942419819073076,nearest_physical_car_same_track_location_crossing_headway_le_2s,0.4753878184386649,0.8067577304254054,0.9574585192360853,0.9739730695084131,0.9975228175247738,1.0117032254126765,1.5132008479191708,1.8378330911758598,0.27913986492901216,0.7895386488012571,0.9942419819073076,0.9942419819073076,0.9942419819073076,1.3860266208648682,1.5530648231506348,1.81919264793396,0.35857490411256676,0.7350075584224643,0.9184292319837032,0.9500710113566092,0.9745566578060666,1.2835616966080445,1.5680215615639888,1.9401959882677768,0.9756581479604413
COL,9,77.0,0.7841516843,image_color_derived_proxy,17.0,0.0,0.15517241379310345,0.004511278195488722,90.67900085449219,666,5216.3515625,0.9885640563846065,nearest_physical_car_same_track_location_crossing_headway_le_2s,0.19576743904147145,0.3663913245511666,0.7279745419026269,0.8858500970548892,0.9291567061790658,1.304111680706728,1.8502529974991564,2.2552973718194154,0.14739909913593716,0.4530266367915535,0.9885640563846065,0.9885640563846065,0.9905490798834511,1.3762502670288086,1.7863857746124268,1.950899600982666,0.16290427328627421,0.5221936987936034,0.8403159182470407,0.9059319740337747,0.9454669807979116,1.3036560293141435,1.7285360036338495,2.2259986979277877,0.8644381489545355
COL,10,125.0,0.5544231371000001,image_color_derived_proxy,17.0,0.0,0.1724137931034483,0.0,90.96649837493896,707,5216.3515625,0.9980267921194177,nearest_physical_car_same_track_location_crossing_headway_le_2s,0.07413716750676654,0.1664129683857847,0.30427691281413244,0.6005727975243184,0.8009155768043137,1.5867971372447374,2.1478382559383618,2.728680982863251,0.0,0.06701371040588262,0.9980267921194177,1.0,1.0,1.777261734008789,1.9029960632324219,1.9764747619628906,0.030538672070043675,0.2933388825469488,0.7916046266129073,0.8719638831720452,0.9346132700738218,1.6096648441235342,1.8691061579456905,2.3163566441415755,0.5995463003284882
COL,11,97.0,0.6884314563000001,image_color_derived_proxy,17.0,0.0,0.1896551724137931,0.0,91.01200103759766,698,5216.3515625,0.810475537811868,nearest_physical_car_same_track_location_crossing_headway_le_2s,0.1510461004055201,0.267283554954785,0.6171494923139794,0.8807081412810558,0.9497758379897415,1.393820135541957,1.9265839514071055,2.3001261169760174,0.0,0.1345097817316861,0.810475537811868,1.0,1.0,1.723806381225586,1.85929536819458,2.0565319061279297,0.01576718745088177,0.321957666635231,0.7448138170234615,0.8820485366697054,0.946138971844121,1.6093264533901515,1.8308109344971846,2.307165960306662,0.7080395274403808
COL,12,44.0,0.9420900605,image_color_derived_proxy,17.0,0.0,0.20689655172413793,0.0,91.59099578857422,695,5216.3515625,1.0,nearest_physical_car_same_track_location_crossing_headway_le_2s,0.3085563616538588,0.5233483647250753,0.8771276596436989,0.9602035293947988,0.9935255410707525,1.1972137977337016,1.726601906193113,2.056645647321429,0.0,0.30881852292562734,1.0,1.0,1.0,1.5801010131835938,1.790550708770752,1.9047503471374512,0.11481478781992359,0.4984114444827849,0.831457340432311,0.9036804800951935,0.9743424518836503,1.4900229935005402,1.7512467323458498,2.2419492496125004,0.8837280106526975
COL,13,52.0,0.9038019693000001,image_color_derived_proxy,16.0,0.0,0.22413793103448276,0.0014970059880239522,91.69200229644775,669,5216.3515625,0.7216987933345103,nearest_physical_car_same_track_location_crossing_headway_le_2s,0.7241852921794496,0.9491994153570538,0.9749268834887863,0.9749268834887863,0.9749268834887863,0.9241358794722013,1.3691427799147005,1.6534065744400142,0.06634169711401405,0.521888448585289,0.7216987933345103,0.8732495494639909,0.9778606674286812,1.5578436851501465,1.7276616096496582,2.3408138751983643,0.0791999395336467,0.5255638212343092,0.6651615881021321,0.8422871903617698,0.9170046568640019,1.532982138416439,1.727861334934718,2.464901075151901,0.7659727651455779
COL,14,240.0,0.00403182610000016,image_color_derived_proxy,16.0,0.0,0.2413793103448276,0.0014388489208633094,91.3290023803711,696,5216.3515625,0.0,nearest_physical_car_same_track_location_crossing_headway_le_2s,0.0,0.0,0.0,0.004171778116104564,0.00810259237678744,3.9608135404530285,7.084088993532325,11.078919903787606,0.0,0.0,0.0,0.0,0.0,6.27973484992981,6.77607274055481,7.3809850215911865,0.0,0.0,0.0,0.0,0.0,4.481123457657329,6.364705326717847,12.853528902553458,0.0033252395058622763
COL,15,240.0,0.00403182610000016,image_color_derived_proxy,15.0,0.0,0.25862068965517243,0.011428571428571429,92.92700242996216,701,5216.3515625,0.05336449433575075,nearest_physical_car_same_track_location_crossing_headway_le_2s,0.349241917607301,0.36804163399369844,0.386314078240218,0.4005080305010545,0.41517536397105514,0.42216091813712286,4.171745596841873,8.707630522354789,0.04699390245019437,0.05220228878032784,0.05336449433575075,0.05809939169923239,0.06111251170188589,6.194334268569946,6.7379889488220215,7.10856032371521,0.04118288750135216,0.04475558444071983,0.048758728927362625,0.05336449433575075,0.05788417177407654,4.028767471686533,6.147506309522736,13.681193923270243,0.11724957950713394
COL,16,240.0,0.00403182610000016,image_color_derived_proxy,20.0,0.0,0.27586206896551724,0.005988023952095809,111.52400207519531,836,5216.3515625,0.15433446781615187,nearest_physical_car_same_track_location_crossing_headway_le_2s,0.08005455095831251,0.12007282566809192,0.16002824410538913,0.20790145567105958,0.32315914550170566,1.6630000523158484,2.9577670998769263,10.862924880981446,0.11013774104895212,0.12700403805694394,0.15433446781615187,0.24058498893189162,0.3570621469941114,1.330688714981079,2.9467060565948486,3.7173376083374023,0.1152218497621441,0.14834470672283429,0.21761231899822092,0.28893332738847505,0.3464097853393091,1.2924518708949329,2.821192780138058,4.744484776185373,0.15425127946380007
COL,17,240.0,0.00403182610000016,image_color_derived_proxy,20.0,0.0,0.29310344827586204,0.0,89.9769995212555,673,5216.3515625,0.0,nearest_physical_car_same_track_location_crossing_headway_le_2s,0.0,0.00876892393658184,0.015103894042338684,0.035431295216032624,0.058770555004045155,2.739268149032902,4.304100336466294,6.231899512374161,0.0,0.0,0.0,0.0,0.0,3.922619104385376,4.1436848640441895,4.356229066848755,0.0,0.0,0.0,0.0,0.0,3.1822382704854806,3.8523712883405548,6.568499403771389,0.0
COL,18,239.0,0.00881783750000011,image_color_derived_proxy,20.0,0.0,0.3103448275862069,0.0,89.95300102233887,671,5216.3515625,0.0,nearest_physical_car_same_track_location_crossing_headway_le_2s,0.0,0.001778704941399066,0.013562651682962203,0.0259135465770553,0.05168250420010874,2.884668957347601,4.598891458296728,6.701065461531929,0.0,0.0,0.0,0.0,0.0,4.205780744552612,4.307839393615723,4.433194637298584,0.0,0.0,0.0,0.0,0.0,3.316182360645345,4.094890278102763,6.994403543023158,0.0
COL,19,240.0,0.00403182610000016,image_color_derived_proxy,20.0,0.0,0.3275862068965517,0.00303951367781155,89.84200096130371,659,5216.3515625,0.0,nearest_physical_car_same_track_location_crossing_headway_le_2s,0.0,0.0,0.0061218498160725485,0.018476858510514057,0.03439373596840784,2.988185516117126,4.737940587607458,6.321198362462661,0.0,0.0,0.0,0.0,0.0,3.8200504779815674,4.2143940925598145,4.554147243499756,0.0,0.0,0.0,0.0,0.0,2.958586468249867,3.898879009945586,6.843514748449693,0.0
COL,20,239.0,0.00881783750000011,image_color_derived_proxy,20.0,0.0,0.3448275862068966,0.0,89.82799911499023,691,5216.3515625,0.0,nearest_physical_car_same_track_location_crossing_headway_le_2s,0.0,0.0027831390786878353,0.023255541870430666,0.03693726706758331,0.05498293242730946,2.7790711135007022,4.11976318359375,5.755251614138377,0.0,0.0,0.0,0.0,0.0,3.197324275970459,3.442471742630005,3.729964256286621,0.0,0.0,0.0,0.010141596240271573,0.09629507482863313,2.5452126478808874,3.3208688632105337,5.4610208943290255,0.0
COL,21,239.0,0.00881783750000011,image_color_derived_proxy,20.0,0.0,0.3620689655172414,0.0014727540500736377,89.55999755859375,680,5216.3515625,0.0,nearest_physical_car_same_track_location_crossing_headway_le_2s,0.0,0.0,0.030147396567010893,0.04322242513890678,0.085194326693988,2.574591064453125,3.892588806152344,5.531296223987768,0.0,0.0,0.0,0.0,0.0,3.5059194564819336,3.7211833000183105,4.078130722045898,0.0,0.0,0.0,0.0,0.002233127077297797,2.961564536168954,3.508134200267269,5.7248664564708145,0.0
COL,22,239.0,0.00881783750000011,image_color_derived_proxy,19.0,0.0,0.3793103448275862,0.0014792899408284023,89.75799560546875,677,5216.3515625,0.0,nearest_physical_car_same_track_location_crossing_headway_le_2s,0.0,0.0037879650753606534,0.020934107453105717,0.04264802256909618,0.07329715502058691,2.643035734788426,4.05970603541324,5.644427616514008,0.0,0.0,0.0,0.0,0.0,3.6301615238189697,3.7704851627349854,3.93468976020813,0.0,0.0,0.0,0.0,0.0035651386003624384,2.987368456219056,3.564682948099811,6.498252127505017,0.0
COL,23,239.0,0.00881783750000011,image_color_derived_proxy,19.0,0.0,0.39655172413793105,0.0,89.84700012207031,680,5216.3515625,0.0,nearest_physical_car_same_track_location_crossing_headway_le_2s,0.0,0.013578652810283868,0.03548253943938509,0.0705643630758602,0.11077720279904955,2.4482059093003863,3.768453462245101,4.9457502365112305,0.0,0.0,0.0,0.0,0.0,3.4702651500701904,3.6022231578826904,3.696068525314331,0.0,0.0,0.0,0.0,0.021814874054318346,2.8612069743578123,3.4090815332170537,5.687231505420751,0.0
COL,24,238.0,0.013603848900000059,image_color_derived_proxy,19.0,0.0,0.41379310344827586,0.0,89.98399353027344,672,5216.3515625,0.0,nearest_physical_car_same_track_location_crossing_headway_le_2s,0.0027560579265619852,0.022126169900211812,0.051975932270126576,0.08345926899773129,0.12917856251391552,2.3545593002136016,3.6869998416385137,4.869032374004604,0.0,0.0,0.0,0.0,0.0,3.523937463760376,3.582747459411621,3.68876314163208,0.0,0.0,0.0,0.0,0.016447343319895863,2.8255816045055817,3.418456571288187,5.555679728514496,0.0
COL,25,240.0,0.00403182610000016,image_color_derived_proxy,19.0,0.0,0.43103448275862066,0.0,90.26700210571289,682,5216.3515625,0.0,nearest_physical_car_same_track_location_crossing_headway_le_2s,0.0,0.004287292460919819,0.032558954074751366,0.05492592154495679,0.08960089427553695,2.5751828094026936,4.151294435773577,5.850684738774245,0.0,0.0,0.0,0.0,0.0,3.560417890548706,3.9996206760406494,4.129948377609253,0.0,0.0,0.0,0.0,0.0,3.0170145951983747,3.6971832013694685,6.304951082578959,0.0008755512254932096
COL,26,240.0,0.00403182610000016,image_color_derived_proxy,19.0,0.0,0.4482758620689655,0.0,89.78400039672852,671,5216.3515625,0.0,nearest_physical_car_same_track_location_crossing_headway_le_2s,0.0,0.0,0.012474413499432813,0.04015197861927283,0.06263922886556221,2.723431937099809,4.252376433341734,5.844338863152117,0.0,0.0,0.0,0.0,0.0,3.9411983489990234,3.9872920513153076,4.124699354171753,0.0,0.0,0.0,0.0,0.0,3.0889211913436334,3.785461111534638,6.298020717760894,0.0
COL,27,240.0,0.00403182610000016,image_color_derived_proxy,19.0,0.0,0.46551724137931033,0.0,89.67399978637695,657,5216.3515625,0.0,nearest_physical_car_same_track_location_crossing_headway_le_2s,0.0,0.0,0.016058150970619973,0.03865108843343237,0.06462295800816939,2.7394066881777634,4.070011749875499,5.6455543593519435,0.0,0.0,0.0,0.022169179105852213,0.03969932831226935,2.691446542739868,3.3262252807617188,3.6827430725097656,0.0,0.0038807187544094967,0.028860064708707233,0.08408237438764758,0.181669140416074,2.329691424310081,3.192498221619097,4.817421294130502,0.013002145692380895
COL,28,239.0,0.00881783750000011,image_color_derived_proxy,19.0,0.0,0.4827586206896552,0.0,89.97099685668945,670,5216.3515625,0.0,nearest_physical_car_same_track_location_crossing_headway_le_2s,0.0,0.012114974558154875,0.04901573039577056,0.09006230009577552,0.13782213737532148,2.304479230951738,3.4735606939722805,4.607288511839207,0.0,0.0,0.0,0.0,0.0,3.3351104259490967,3.4443016052246094,3.612516403198242,0.0,0.0,0.0,0.0,0.008402734798544708,2.8100825229348207,3.2708351457855858,5.153847805069631,0.0
COL,29,239.0,0.00881783750000011,image_color_derived_proxy,19.0,0.0,0.5,0.0,90.0430006980896,688,5216.3515625,0.0,nearest_physical_car_same_track_location_crossing_headway_le_2s,0.01066160491906274,0.034561344213168886,0.07139927167404866,0.11937626874426159,0.17437227187101018,2.1807788811107676,3.3611648033405173,4.267858588177225,0.0,0.0,0.0,0.0,0.0,2.799229860305786,3.0434482097625732,3.392239809036255,0.0,0.0,0.0,0.06984438103338236,0.15417076235252916,2.343691334062044,3.013425114693409,4.531380337187117,0.0008384941776481414
COL,30,240.0,0.00403182610000016,image_color_derived_proxy,19.0,0.0,0.5172413793103449,0.0,89.80200386047363,677,5216.3515625,0.0,nearest_physical_car_same_track_location_crossing_headway_le_2s,0.011581043527082143,0.03825078963639546,0.07180240614944364,0.11550966287345685,0.18880426522063698,2.160713148764822,3.1577052123896894,4.040532823851984,0.0,0.0,0.0,0.0,0.014843726321288936,2.7399094104766846,2.9319233894348145,3.1387364864349365,0.0,0.0,0.014565404063322306,0.10088863258962061,0.1907862121651167,2.244862289961681,2.8297285225027977,4.396005802806752,0.004059448495959406
COL,31,240.0,0.00403182610000016,image_color_derived_proxy,19.0,0.0,0.5344827586206896,0.0,89.98199844360352,681,5216.3515625,0.0,nearest_physical_car_same_track_location_crossing_headway_le_2s,0.008446115163907305,0.03458473228249618,0.07742649186940222,0.12919240671655,0.19143834474558744,2.095584721719065,3.0163636352452388,3.9193046293759424,0.0,0.0,0.0,0.0,0.04905427242328073,2.5709962844848633,2.710038661956787,2.8871498107910156,0.0,0.0,0.05571112742149786,0.15856502398801164,0.3208974494961282,2.152119862031912,2.6437027431717643,3.896805494319555,0.028511865145984694
COL,32,236.0,0.0231758717000001,image_color_derived_proxy,18.0,0.0,0.5517241379310345,0.0043541364296081275,89.95500564575195,690,5216.3515625,0.0821188117720223,nearest_physical_car_same_track_location_crossing_headway_le_2s,0.3160802381900979,0.4204546960466118,0.6491134661921919,0.689744896774608,0.7325885099930389,0.8288558006286622,1.8569061533957176,2.7608461129719317,0.01948751789828874,0.03283863413872894,0.0821188117720223,0.4022010574965232,0.5793896023584925,2.0440499782562256,2.3735239505767822,2.767157793045044,0.03558446963922266,0.0884219354726537,0.23463964778669757,0.453282291184511,0.5769105767251109,1.8011534918480947,2.30704193619199,3.5215974630493587,0.310878149814078
COL,33,222.0,0.09018003130000012,image_color_derived_proxy,16.0,0.0,0.5689655172413793,0.004335260115606936,90.17900085449219,693,5216.3515625,0.11666798735137618,nearest_physical_car_same_track_location_crossing_headway_le_2s,0.16677942983984184,0.28702915007958585,0.3921311777455211,0.6236263815978327,0.84378845295677,1.3350165190364338,2.1517188962826057,2.65783447265625,0.007762337158676413,0.01581304026280332,0.11666798735137618,0.5447720761870066,0.9328003312114391,1.936938762664795,2.218482732772827,2.4422049522399902,0.014471168724854995,0.07904283445299477,0.2721143772321387,0.6536998738022572,0.7986338152082303,1.8086519395200393,2.1565608341511298,3.174224345647375,0.19310126847352227
COL,34,201.0,0.19068627070000005,image_color_derived_proxy,15.0,0.0,0.5862068965517241,0.001488095238095238,90.19650077819824,673,5216.3515625,0.11555880647406308,nearest_physical_car_same_track_location_crossing_headway_le_2s,0.09956029916972346,0.17943047820396407,0.25760423332469073,0.566718162980509,0.767263610782123,1.4981736860994945,2.1928434511030055,2.7360789867478847,0.006652144350107381,0.009024741787948189,0.11555880647406308,0.8855720075515328,0.980542482467836,1.9924228191375732,2.141710042953491,2.25730037689209,0.012140150288408856,0.09035825774325301,0.3019908705191402,0.7355219974466336,0.8213566951052385,1.7656654313183662,2.0709800627953614,2.823734367861362,0.19566920941441623
COL,35,99.0,0.6788594335,image_color_derived_proxy,16.0,0.0,0.603448275862069,0.004373177842565598,90.75599670410156,687,5216.3515625,0.5819559718449809,nearest_physical_car_same_track_location_crossing_headway_le_2s,0.6187580203176477,0.6474613947671276,0.7117436049722712,0.8515580284693167,0.9345497711083307,0.28553846132505195,1.0706470545122861,2.324786952284516,0.5787606646844161,0.5819559718449809,0.5819559718449809,0.9612256758188132,1.0,0.21239137649536133,0.9984257221221924,2.201793670654297,0.5690642819133509,0.5987151939755724,0.6748534466244577,0.9260875135659745,0.9469786651669487,0.2132222548064418,0.9798487891630081,2.1929975976094265,0.6566385128514909
COL,36,183.0,0.27683447590000015,image_color_derived_proxy,16.0,0.0,0.6206896551724138,0.0014947683109118087,90.36700248718262,670,5216.3515625,0.6273971848103147,nearest_physical_car_same_track_location_crossing_headway_le_2s,0.054522119656589874,0.12712615375783046,0.3056977946446936,0.3913154086870613,0.5384155758837347,1.6526402668144464,2.469106780652007,3.070249922903848,0.05156753609007155,0.23743173963373765,0.6273971848103147,0.8253234099509829,0.94495779558315,1.5752334594726562,1.8694498538970947,2.336236000061035,0.10303530083950818,0.3017693714859334,0.615866305242681,0.8070092163432928,0.8816160593233173,1.4946970440159824,1.8624311640439077,2.580138858629852,0.5263869681791362
COL,37,120.0,0.5783531941000001,image_color_derived_proxy,17.0,0.0,0.6379310344827587,0.004437869822485207,90.99699974060059,677,5216.3515625,0.5788432429475293,nearest_physical_car_same_track_location_crossing_headway_le_2s,0.5714254033887157,0.6019758608687924,0.6351857452010522,0.7498488900384594,0.8930513974304651,0.12920459054300712,1.064424401260004,2.5222729204880454,0.5476334210777567,0.5476334210777567,0.5788432429475293,0.9507126330485037,1.0,0.145003080368042,1.0083727836608887,2.226572036743164,0.5551611149637796,0.6007560685817148,0.6797586956742736,0.9207006918139662,0.9474817871020623,0.14484553830084965,1.003120162186718,2.2013983185931894,0.6129147584540026
COL,38,132.0,0.5209210573,image_color_derived_proxy,17.0,0.0,0.6551724137931034,0.0,90.875,661,5216.3515625,0.46482532191637294,nearest_physical_car_same_track_location_crossing_headway_le_2s,0.2224264135059005,0.39522411898700865,0.5557742850160664,0.639174649279252,0.8129848919019739,1.150712169300426,1.8058678164724578,2.809910733934859,0.16500688681412268,0.3288583243893462,0.46482532191637294,0.5974359945221157,0.8573975281013583,1.4031476974487305,2.1695661544799805,2.563157320022583,0.2011664284308642,0.35958186468363135,0.5117138806202717,0.7253589236588721,0.8279395018187973,1.3159792716330787,1.9810756500205542,2.7946515675184873,0.47675375920029495
COL,39,168.0,0.3486246469000001,image_color_derived_proxy,19.0,0.0,0.6724137931034483,0.010057471264367816,92.73099899291992,697,5216.3515625,0.40066428413490957,nearest_physical_car_same_track_location_crossing_headway_le_2s,0.3642795481074299,0.40819147327879224,0.44068326125746254,0.4734338693172761,0.4958967121061752,0.27889696746999487,2.515935516357422,4.353444857836093,0.40066428413490957,0.40066428413490957,0.40066428413490957,0.40066428413490957,0.40066428413490957,0.2807891368865967,2.919390916824341,3.8256285190582275,0.40066428413490957,0.40066428413490957,0.40066428413490957,0.4090325858354202,0.47013397145332725,0.27702522575281097,2.576785348096958,4.4332252567625545,0.3989480455582783
COL,40,49.0,0.9181600035000002,image_color_derived_proxy,20.0,0.0,0.6896551724137931,0.01282051282051282,93.15899658203125,703,5216.3515625,0.9459205148733848,nearest_physical_car_same_track_location_crossing_headway_le_2s,0.6970985705628524,0.7920437167054951,0.8553977537436727,0.9205766901965852,0.9458667757423793,0.27756208531996784,0.7734056482580524,2.144779516913937,0.6126408015585885,0.8223790298804246,0.9459205148733848,0.9868075815836422,0.988256698968825,0.17066717147827148,1.215047836303711,1.8878657817840576,0.6630277327711085,0.8401336763594981,0.959220320058022,0.9695789562391036,0.9859380865835865,0.16971606245532586,1.1751300773221474,1.8514093000591594,0.931813731178986
COL,41,240.0,0.00403182610000016,image_color_derived_proxy,20.0,0.0,0.7068965517241379,0.007220216606498195,110.37699699401855,832,5216.3515625,0.02536759753676105,nearest_physical_car_same_track_location_crossing_headway_le_2s,0.0,0.011560384269147036,0.015582959437843895,0.016706378257154673,0.018853568992973566,4.354664182662964,7.9078573315169045,15.913999786376955,0.019931678841652492,0.023918021522106658,0.02536759753676105,0.029172738895306125,0.03149206743087682,5.484050035476685,7.025664329528809,7.410361289978027,0.01481285381973026,0.027686926072331745,0.03584078683468542,0.043088675548111965,0.048162200239556925,3.5515108838569267,6.228472033010142,14.737776702018799,0.03363076786189445
COL,42,239.0,0.00881783750000011,image_color_derived_proxy,20.0,0.0,0.7241379310344828,0.0,87.84600067138672,660,5216.3515625,0.0,nearest_physical_car_same_track_location_crossing_headway_le_2s,0.0,0.0,0.0,0.009516637396886666,0.015663768870149437,3.3049350490817777,5.966697134505874,8.508994342871672,0.0,0.0,0.0,0.0,0.0,5.654299259185791,5.890885353088379,6.184160232543945,0.0,0.0,0.0,0.0,0.0,4.163880238846032,5.560214718320617,10.556443227861601,0.0011031268621917167
COL,43,240.0,0.00403182610000016,image_color_derived_proxy,20.0,0.0,0.7413793103448276,0.0,88.20499420166016,655,5216.3515625,0.0,nearest_physical_car_same_track_location_crossing_headway_le_2s,0.0,0.0,0.0,0.01134855752492928,0.014069467672271187,3.5463359619140626,5.76258354328822,8.265462151913592,0.0,0.0,0.0,0.0,0.0,5.367767095565796,5.451292991638184,5.542062759399414,0.0,0.0,0.0,0.0,0.0,3.99199125728148,5.127022227704588,9.4779378358967,0.0021310271255552404
COL,44,240.0,0.00403182610000016,image_color_derived_proxy,20.0,0.0,0.7586206896551724,0.0,88.5719985961914,680,5216.3515625,0.0,nearest_physical_car_same_track_location_crossing_headway_le_2s,0.0,0.0,0.0022580155287450785,0.009066043465636069,0.01622409223494697,3.556061464780337,5.827682193870708,8.663043743631114,0.0,0.0,0.0,0.0,0.0,5.383930444717407,5.566832065582275,5.717733144760132,0.0,0.0,0.0,0.0,0.0,4.092373303911416,5.184898622286533,9.837229913649805,0.0018507405137405675
COL,45,241.0,0.0,image_color_derived_proxy,20.0,0.0,0.7758620689655172,0.0,88.58699798583984,677,5216.3515625,0.0,nearest_physical_car_same_track_location_crossing_headway_le_2s,0.0,0.0,0.0,0.007472908875209656,0.016063309154248778,3.6973507553783813,6.038113014225031,9.182839965820312,0.0,0.0,0.0,0.0,0.0,5.671875476837158,5.8399200439453125,6.134299993515015,0.0,0.0,0.0,0.0,0.0,4.323252515233598,5.398678098475799,10.392280118932536,0.0004102865699109337
COL,46,240.0,0.00403182610000016,image_color_derived_proxy,20.0,0.0,0.7931034482758621,0.0,88.43000030517578,665,5216.3515625,0.0,nearest_physical_car_same_track_location_crossing_headway_le_2s,0.0,0.0,0.0,0.0,0.004512023737657882,4.1565953907217175,6.895849506582435,10.633113033670774,0.0,0.0,0.0,0.0,0.0,6.1106767654418945,6.461927175521851,6.737294912338257,0.0,0.0,0.0,0.0,0.0,4.655161395121967,5.922129737401678,11.747041650728297,0.0027082337866598527
COL,47,240.0,0.00403182610000016,image_color_derived_proxy,20.0,0.0,0.8103448275862069,0.0,88.2249984741211,666,5216.3515625,0.0,nearest_physical_car_same_track_location_crossing_headway_le_2s,0.0,0.0,0.0,0.0,0.0031963466765803396,4.205622977641092,7.168188957154282,11.258414812785823,0.0,0.0,0.0,0.0,0.0,6.534941673278809,6.664301633834839,6.7436699867248535,0.0,0.0,0.0,0.0,0.0,4.737732111979613,6.193390438728809,12.306466180648542,0.0031741618797470617
COL,48,240.0,0.00403182610000016,image_color_derived_proxy,20.0,0.0,0.8275862068965517,0.0,88.16000366210938,657,5216.3515625,0.0,nearest_physical_car_same_track_location_crossing_headway_le_2s,0.0,0.0,0.0,0.0,0.0020757992776999105,4.142378149139748,7.057090673812871,10.796849331790455,0.0,0.0,0.0,0.0,0.0,6.233193874359131,6.433902978897095,6.505057334899902,0.0,0.0,0.0,0.0,0.0,4.486628673253689,6.022719380476275,11.796201313337974,0.0035693204845436144
COL,49,241.0,0.0,image_color_derived_proxy,20.0,0.0,0.8448275862068966,0.0,88.5050048828125,662,5216.3515625,0.0,nearest_physical_car_same_track_location_crossing_headway_le_2s,0.0,0.0,0.0,0.0,0.003197569972677106,4.253015045621503,6.953357556700559,11.122604645367126,0.0,0.0,0.0,0.0,0.0,6.34939980506897,6.521823167800903,6.702420711517334,0.0,0.0,0.0,0.0,0.0,4.691159124655045,6.012207403386015,11.714749655665514,0.0031512367442242395
COL,50,239.0,0.00881783750000011,image_color_derived_proxy,20.0,0.0,0.8620689655172413,0.0,88.63300323486328,640,5216.3515625,0.0,nearest_physical_car_same_track_location_crossing_headway_le_2s,0.0,0.0,0.0,0.0,0.00584434169542764,4.108557277988074,7.058789080154771,11.038035143822025,0.0,0.0,0.0,0.0,0.0,6.556180953979492,6.784655809402466,6.99099326133728,0.0,0.0,0.0,0.0,0.0,4.857214045869493,6.19477210036013,12.079352653521509,0.0021800667065021706
COL,51,238.0,0.013603848900000059,image_color_derived_proxy,20.0,0.0,0.8793103448275862,0.0,88.65299904346466,667,5216.3515625,0.0,nearest_physical_car_same_track_location_crossing_headway_le_2s,0.0,0.0,0.0,0.0,0.0,4.507840968993296,7.778889450416723,12.256796077806122,0.0,0.0,0.0,0.0,0.0,6.875113010406494,7.067676544189453,7.300391674041748,0.0,0.0,0.0,0.0,0.0,4.993712738805565,6.511694180562382,12.845002495148911,0.004288447695800279
COL,52,241.0,0.0,image_color_derived_proxy,20.0,0.0,0.896551724137931,0.0,88.71800231933594,636,5216.3515625,0.0,nearest_physical_car_same_track_location_crossing_headway_le_2s,0.0,0.0,0.0,0.0,0.009468204091931115,4.122680893793627,7.586321347029327,11.546845170141946,0.0,0.0,0.0,0.0,0.0,7.118002653121948,7.330276727676392,7.4951441287994385,0.0,0.0,0.0,0.0,0.0,5.143962574621193,6.77033514462207,13.59347807537142,0.0008432853765377724
COL,53,240.0,0.00403182610000016,image_color_derived_proxy,20.0,0.0,0.9137931034482759,0.0,88.84400177001953,662,5216.3515625,0.0,nearest_physical_car_same_track_location_crossing_headway_le_2s,0.0,0.0,0.0,0.0,0.0,4.428735747956278,7.778902667334365,12.485795571770467,0.0,0.0,0.0,0.0,0.0,7.278979539871216,7.408806800842285,7.473482608795166,0.0,0.0,0.0,0.0,0.0,5.090506810039105,6.838954356418849,13.863053987948849,0.004265966224443307
COL,54,240.0,0.00403182610000016,image_color_derived_proxy,20.0,0.0,0.9310344827586207,0.0,88.81900024414062,657,5216.3515625,0.0,nearest_physical_car_same_track_location_crossing_headway_le_2s,0.0,0.0,0.0,0.0,0.0,4.363845389229911,7.738293809040437,11.551401807441087,0.0,0.0,0.0,0.0,0.0,6.758112668991089,7.209537744522095,7.424736738204956,0.0,0.0,0.0,0.0,0.0,4.778490679489335,6.659582207903783,13.578420531941033,0.004254725488764821
COL,55,240.0,0.00403182610000016,image_color_derived_proxy,20.0,0.0,0.9482758620689655,0.0,88.69100189208984,658,5216.3515625,0.0,nearest_physical_car_same_track_location_crossing_headway_le_2s,0.0,0.0,0.0,0.004284507394338725,0.013755636926815844,3.7757983887411894,6.628193477361176,9.924618703311628,0.0,0.0,0.0,0.0,0.0,5.712585926055908,6.013033390045166,6.433445692062378,0.0,0.0,0.0,0.0,0.0,4.151717198975326,5.72475658288373,11.082400500356066,0.00033260517466526807
COL,56,240.0,0.00403182610000016,image_color_derived_proxy,20.0,0.0,0.9655172413793104,0.0,89.0790023803711,676,5216.3515625,0.0,nearest_physical_car_same_track_location_crossing_headway_le_2s,0.0,0.0,0.0,0.010552458113444064,0.019319936521493285,3.5368211112609793,6.080165346093843,8.819372870883285,0.0,0.0,0.0,0.0,0.0,5.327735185623169,5.579237461090088,5.779050827026367,0.0,0.0,0.0,0.0,0.0,3.847795494248232,5.2706314819504305,10.056194660214631,0.0
COL,57,169.0,0.34383863550000016,image_color_derived_proxy,20.0,0.0,0.9827586206896551,0.0030165912518853697,90.85299682617188,664,5216.3515625,0.36411564420196896,nearest_physical_car_same_track_location_crossing_headway_le_2s,0.0,0.0,0.0019811838548694336,0.012118454682471462,0.018051173452027176,3.771659698798792,6.121303042336618,10.379854202270508,0.36411564420196896,0.36411564420196896,0.36411564420196896,0.36411564420196896,0.36411564420196896,0.8713376522064209,5.288259267807007,5.505749225616455,0.34430346975265286,0.36411564420196896,0.36411564420196896,0.36411564420196896,0.36411564420196896,0.8598632454128006,4.346645728113468,8.150997636054436,0.2920678006250083
BEA,1,15.0,1.0,image_color_derived_proxy,12.0,0.005976014836123493,0.017241379310344827,0.14361702127659576,98.72799682617188,753,5216.3515625,0.9940239851638765,nearest_physical_car_same_track_location_crossing_headway_le_2s,0.9935681872328344,0.9935681872328344,0.9935681872328344,0.9935681872328344,0.9935681872328344,0.012933305738819744,0.06411551196929179,0.29985321114916325,0.9940239851638765,0.9940239851638765,0.9940239851638765,0.9940239851638765,0.9940239851638765,0.009763002395629883,0.07754087448120117,0.43937063217163086,0.9961105259191321,0.9961105259191321,0.9961105259191321,0.9965561948395605,0.9965561948395605,0.009885353053334404,0.07879571954393388,0.4470274014929397,0.9940308230204402
BEA,2,15.0,1.0,image_color_derived_proxy,12.0,0.0,0.034482758620689655,0.008695652173913044,91.14700317382812,691,5216.3515625,1.0,nearest_physical_car_same_track_location_crossing_headway_le_2s,0.996138106730494,0.996138106730494,0.996138106730494,0.996138106730494,0.996138106730494,0.06483333110809326,0.3933244362574605,0.7640555381774903,1.0,1.0,1.0,1.0,1.0,0.24297332763671875,0.5146677494049072,0.9200761318206787,1.0,1.0,1.0,1.0,1.0,0.240853798021156,0.5240728737412587,0.917272588750542,0.9990071499484614
BEA,3,15.0,1.0,image_color_derived_proxy,12.0,0.0,0.05172413793103448,0.0029069767441860465,90.60099983215332,689,5216.3515625,1.0,nearest_physical_car_same_track_location_crossing_headway_le_2s,0.9950110926703948,0.9950110926703948,0.9950110926703948,0.9950110926703948,0.9950110926703948,0.3079968746577468,0.4499904054516895,0.742592897668349,1.0,1.0,1.0,1.0,1.0,0.17386603355407715,0.276317834854126,0.49906063079833984,1.0,1.0,1.0,1.0,1.0,0.1759294486868622,0.27583101757761325,0.49549569520434966,0.9987762015992422
BEA,4,15.0,1.0,image_color_derived_proxy,12.0,0.0,0.06896551724137931,0.0029542097488921715,90.87499809265137,678,5216.3515625,1.0,nearest_physical_car_same_track_location_crossing_headway_le_2s,0.9975350755255504,0.9975350755255504,0.9975350755255504,0.9975350755255504,0.9975350755255504,0.08225423521914724,0.31032173488451087,0.76431341598283,1.0,1.0,1.0,1.0,1.0,0.12144041061401367,0.34915637969970703,0.7430825233459473,1.0,1.0,1.0,1.0,1.0,0.1213108787025295,0.3485937293821132,0.7368912425572838,0.9992570028614026
BEA,5,20.0,1.0,image_color_derived_proxy,12.0,0.0,0.08620689655172414,0.00881057268722467,90.31600189208984,682,5216.3515625,1.0,nearest_physical_car_same_track_location_crossing_headway_le_2s,0.9946521103665651,0.9946521103665651,0.9946521103665651,0.9946521103665651,0.9946521103665651,0.07125604941041186,0.3929091067897115,0.6056889697966239,1.0,1.0,1.0,1.0,1.0,0.1176605224609375,0.3202698230743408,0.804318904876709,1.0,1.0,1.0,1.0,1.0,0.11605133229842021,0.3209204491785806,0.7734517752743492,0.9986837377309745
BEA,6,15.0,1.0,image_color_derived_proxy,12.0,0.0,0.10344827586206896,0.0,90.41800308227539,671,5216.3515625,1.0,nearest_physical_car_same_track_location_crossing_headway_le_2s,0.9945475460206011,0.9945475460206011,0.9945475460206011,0.9945475460206011,0.9945475460206011,0.31127500534057617,0.5158419521569652,0.7416708734233987,1.0,1.0,1.0,1.0,1.0,0.5127058029174805,0.5795023441314697,0.8878850936889648,1.0,1.0,1.0,1.0,1.0,0.5097640059755215,0.5810743478545506,0.8694269570274855,0.9986521125265244
BEA,7,15.0,1.0,image_color_derived_proxy,12.0,0.0,0.1206896551724138,0.0029542097488921715,90.67799758911133,678,5216.3515625,1.0,nearest_physical_car_same_track_location_crossing_headway_le_2s,0.9893579482385095,0.9964048610062609,0.9964048610062609,0.9964048610062609,0.9964048610062609,0.0833900285276277,0.3843680819613126,0.6038392369887408,1.0,1.0,1.0,1.0,1.0,0.24415159225463867,0.48053646087646484,0.6169447898864746,1.0,1.0,1.0,1.0,1.0,0.2400145942080625,0.4826306490437225,0.6195411032282335,0.9988816196573285
BEA,8,14.0,1.0,image_color_derived_proxy,12.0,0.0,0.13793103448275862,0.00860832137733142,90.47100830078125,698,5216.3515625,1.0,nearest_physical_car_same_track_location_crossing_headway_le_2s,0.9962418899715817,0.9962418899715817,0.9962418899715817,0.9962418899715817,0.9962418899715817,0.2333026283665707,0.5015899044272348,0.6659789235968339,1.0,1.0,1.0,1.0,1.0,0.2883164882659912,0.5509858131408691,0.7523396015167236,1.0,1.0,1.0,1.0,1.0,0.2893094110700185,0.5526833925938998,0.7525431397470397,0.9989599377293844
BEA,9,15.0,1.0,image_color_derived_proxy,12.0,0.0,0.15517241379310345,0.0029585798816568047,90.41200351715088,677,5216.3515625,1.0,nearest_physical_car_same_track_location_crossing_headway_le_2s,0.9955979296285382,0.9955979296285382,0.9955979296285382,0.9955979296285382,0.9955979296285382,0.2411025837056124,0.4739801206697677,0.6547526697958669,1.0,1.0,1.0,1.0,1.0,0.2498166561126709,0.47193145751953125,0.6169710159301758,1.0,1.0,1.0,1.0,1.0,0.2512845595367253,0.4734977870490657,0.613932344304319,0.9988231590832273
BEA,10,16.0,1.0,image_color_derived_proxy,12.0,0.0,0.1724137931034483,0.0,90.88599395751953,697,5216.3515625,1.0,nearest_physical_car_same_track_location_crossing_headway_le_2s,0.9947846748847167,0.9947846748847167,0.9947846748847167,0.9947846748847167,0.9947846748847167,0.17579631129040685,0.44163200906284206,0.6059271097183228,1.0,1.0,1.0,1.0,1.0,0.45652008056640625,0.5612878799438477,0.7720060348510742,1.0,1.0,1.0,1.0,1.0,0.4534354818189293,0.5612014909098907,0.762588565715114,0.9986533770610719
BEA,11,15.0,1.0,image_color_derived_proxy,12.0,0.0,0.1896551724137931,0.0,91.03099822998047,699,5216.3515625,1.0,nearest_physical_car_same_track_location_crossing_headway_le_2s,0.9947380561406608,0.9947380561406608,0.9947380561406608,0.9947380561406608,0.9947380561406608,0.34841821082222657,0.680501705838233,0.871551378196645,1.0,1.0,1.0,1.0,1.0,0.7428586483001709,0.8473799228668213,1.0101430416107178,1.0,1.0,1.0,1.0,1.0,0.7354302108786859,0.8470756566716874,1.01709444266453,0.9986330481574943
BEA,12,23.0,1.0,image_color_derived_proxy,12.0,0.0,0.20689655172413793,0.0,91.1449966430664,696,5216.3515625,1.0,nearest_physical_car_same_track_location_crossing_headway_le_2s,0.9963135662093898,0.9963135662093898,0.9963135662093898,0.9963135662093898,0.9963135662093898,0.48754184403608547,0.7443534156032111,1.0382385947487571,1.0,1.0,1.0,1.0,1.0,0.6128048896789551,0.7715837955474854,0.9636881351470947,1.0,1.0,1.0,1.0,1.0,0.6008554873600725,0.7626609462539252,0.9729802146142049,0.9989289478289898
BEA,13,33.0,0.9947361859,image_color_derived_proxy,12.0,0.0,0.22413793103448276,0.0,91.18899536132812,667,5216.3515625,1.0,nearest_physical_car_same_track_location_crossing_headway_le_2s,0.9960521550557866,0.9960521550557866,0.9960521550557866,0.9960521550557866,0.9960521550557866,0.5553691172759805,0.9715084828961648,1.20580003437243,1.0,1.0,1.0,1.0,1.0,0.9458558559417725,1.102018117904663,1.2589926719665527,0.9942975525094534,1.0,1.0,1.0,1.0,0.9426289587153476,1.0910699884059192,1.291733178522308,0.9987168694381672
BEA,14,30.0,1.0,image_color_derived_proxy,14.0,0.0,0.2413793103448276,0.015691868758915834,92.79899597167969,702,5216.3515625,0.9890946984177879,nearest_physical_car_same_track_location_crossing_headway_le_2s,0.9618962072473353,0.9740514934143862,0.9962176318548652,0.9976400607087583,0.9976400607087583,0.21858461820162262,0.6183830876504222,1.0976120917754675,0.8559790271594585,0.9042446365516079,0.9890946984177879,0.9890946984177879,0.9890946984177879,0.057028770446777344,0.9491326808929443,1.7443299293518066,0.8720566702429841,0.9307858032532156,0.9617021626443373,0.9757325079028393,0.9844394841881554,0.057063825867423215,0.9281633394607411,1.578154691318245,0.9747876945480398
BEA,15,240.0,0.00403182610000016,image_color_derived_proxy,19.0,0.0,0.25862068965517243,0.013237063778580024,110.37799835205078,832,5216.3515625,0.06914422291673075,nearest_physical_car_same_track_location_crossing_headway_le_2s,0.012221631325010982,0.016026751663128266,0.03089384849902868,0.06465958920584912,0.09079705523738955,2.524443479530154,4.243524375658357,6.924471157584196,0.062349390511744804,0.06813858716782795,0.06914422291673075,0.06995960418774125,0.06995960418774125,3.7660863399505615,4.058746099472046,4.341531276702881,0.060084446376749485,0.062349390511744804,0.06813858716782795,0.06995960418774125,0.08554243089580656,2.7259482738689735,3.748022451317821,6.849991083045664,0.05416618962870362
BEA,16,240.0,0.00403182610000016,image_color_derived_proxy,18.0,0.0,0.27586206896551724,0.001488095238095238,89.39300346374512,673,5216.3515625,0.0,nearest_physical_car_same_track_location_crossing_headway_le_2s,0.017350379138681052,0.04219571018227721,0.08312724425717774,0.13684518066277615,0.18159137718341034,2.029165716636929,3.5235363023305375,4.446359417395677,0.0,0.0,0.0,0.0,0.0,3.014194965362549,3.3512704372406006,3.9007880687713623,0.0,0.0,0.0,0.026422644057112366,0.11980808778689467,2.446182739685535,3.2767171499145626,5.82517994763658,0.00027916669531369287
BEA,17,240.0,0.00403182610000016,image_color_derived_proxy,18.0,0.0,0.29310344827586204,0.0,89.99299812316895,668,5216.3515625,0.0,nearest_physical_car_same_track_location_crossing_headway_le_2s,0.0,0.045470236062719264,0.09101808606028933,0.14480007883897184,0.20699376263306143,2.051640026396607,3.1514788990289393,3.9535292681525736,0.0,0.0,0.0,0.0,0.0,2.757855176925659,2.918895959854126,3.190749406814575,0.0,0.0,0.0,0.061638074946363836,0.2186502809562978,2.3165379579069514,2.8363760058974297,4.284071314360066,0.0
BEA,18,240.0,0.00403182610000016,image_color_derived_proxy,18.0,0.0,0.3103448275862069,0.0,89.66300201416016,668,5216.3515625,0.0,nearest_physical_car_same_track_location_crossing_headway_le_2s,0.04909486297543742,0.10073271558806018,0.16863144989210205,0.2376565639143763,0.3585648493627933,1.7414387612618623,2.690994085267533,3.3486243327083205,0.0,0.0,0.0,0.0,0.0855424665910333,2.5191609859466553,2.7163331508636475,2.8632471561431885,0.0,0.0,0.010271789994629991,0.15790234816834717,0.38052487175073424,2.201416140712608,2.608214824897951,3.793914222421176,0.0
BEA,19,220.0,0.09975205410000015,image_color_derived_proxy,17.0,0.0,0.3275862068965517,0.0029940119760479044,90.05199658870697,669,5216.3515625,0.0,nearest_physical_car_same_track_location_crossing_headway_le_2s,0.07731097350767771,0.1488250912832011,0.2528872144324198,0.4066095728915344,0.5864833716146847,1.607576198648786,2.341955103499166,2.887448425658376,0.0,0.0,0.0,0.11315678938860531,0.5474170303174299,2.2380313873291016,2.4558286666870117,2.6197662353515625,0.0,0.0,0.07515649042813188,0.341002952619565,0.6666369364893159,2.0264204649737683,2.362508288132766,3.2428833910998174,0.025967477496431135
BEA,20,113.0,0.6118552739000002,image_color_derived_proxy,16.0,0.0,0.3448275862068966,0.0029239766081871343,89.91699981689453,685,5216.3515625,0.594248025620416,nearest_physical_car_same_track_location_crossing_headway_le_2s,0.2961398139560299,0.4485470130034098,0.6139217624540318,0.8311109168165247,0.9490196471392295,1.1418911992287148,1.8171564218949299,2.3037239585650444,0.028682075695588203,0.32941492016402046,0.594248025620416,0.9416128311996986,0.980437516508492,1.5467629432678223,1.9082002639770508,2.2173051834106445,0.12547131134848363,0.3500338198705352,0.6305704560060196,0.8721265148039544,0.9001412507516587,1.4744336270426839,1.853216845236112,2.4834339756006623,0.6107123799353278
BEA,21,25.0,1.0,image_color_derived_proxy,16.0,0.0,0.3620689655172414,0.0,89.77499485015869,685,5216.3515625,1.0,nearest_physical_car_same_track_location_crossing_headway_le_2s,0.7660038961754285,0.8967752633811722,0.9822110813814877,0.9980284042191446,0.9980284042191446,0.7365497456047236,1.075064224292228,1.7591677262479026,0.6972876396099873,0.8475410631044552,1.0,1.0,1.0,0.8443813323974609,1.1356348991394043,1.8227932453155518,0.7165580550800462,0.8591367502123658,0.9494179824372008,0.9751601262026429,1.0,0.8672182112683128,1.1221728819066403,1.8031279303858425,0.9772298416941385
BEA,22,36.0,0.9803781517,image_color_derived_proxy,15.0,0.0,0.3793103448275862,0.0029717682020802376,89.60299682617188,674,5216.3515625,0.9901788999653793,nearest_physical_car_same_track_location_crossing_headway_le_2s,0.9967411804732944,0.9967411804732944,0.9967411804732944,0.9967411804732944,0.9967411804732944,0.2694104379682399,0.5606112262704037,1.0416736427211362,0.985937971765628,0.9901788999653793,0.9901788999653793,0.9925225720029829,0.9925225720029829,0.656958818435669,0.9195945262908936,1.1132190227508545,0.985937971765628,0.9901788999653793,0.9901788999653793,0.9925225720029829,0.9925225720029829,0.6474877180416218,0.9190610382322759,1.1081222966579733,0.9912038735887834
BEA,23,28.0,1.0,image_color_derived_proxy,16.0,0.0,0.39655172413793105,0.001443001443001443,91.06399536132812,694,5216.3515625,1.0,nearest_physical_car_same_track_location_crossing_headway_le_2s,0.9945203369246578,0.9945203369246578,0.9945203369246578,0.9945203369246578,0.9945203369246578,0.1777261187316506,0.6170640315915563,0.8944345788110661,1.0,1.0,1.0,1.0,1.0,0.4235363006591797,0.8207111358642578,1.0220105648040771,1.0,1.0,1.0,1.0,1.0,0.4349074888922976,0.8110884653620648,1.0373341551898891,0.9979458304475446
BEA,24,28.0,1.0,image_color_derived_proxy,16.0,0.0,0.41379310344827586,0.0015037593984962407,90.24100112915039,666,5216.3515625,1.0,nearest_physical_car_same_track_location_crossing_headway_le_2s,0.6518877730861129,0.9024168218483855,0.992841391168389,0.992841391168389,0.992841391168389,1.0036399841308594,1.3857905446379826,1.740322230715983,0.7623142358365611,0.9809399142387449,1.0,1.0,1.0,1.0383760929107666,1.2868525981903076,1.6465294361114502,0.767045988954156,0.9064947079060288,0.9527820201582363,0.9815161706241387,1.0,1.0292373268215136,1.2564100945600545,1.7341474182516812,0.9997042792056852
BEA,25,149.0,0.4395588635000001,image_color_derived_proxy,15.0,0.0,0.43103448275862066,0.008836524300441826,89.79600143432617,680,5216.3515625,0.37137516996443803,nearest_physical_car_same_track_location_crossing_headway_le_2s,0.38196578462449665,0.5237204697210215,0.5938015118577583,0.6550848883873108,0.8895607900033319,1.050721196000354,1.685299757252235,2.533568730785071,0.21533253300422953,0.23859634045488595,0.37137516996443803,0.6169094282996784,0.8799612124021585,1.0876951217651367,2.174804449081421,2.515310049057007,0.21533253300422953,0.31724131324379556,0.4443293210815208,0.7035503498526284,0.8446923834308511,1.077222991584242,2.0878071482669176,2.815252508743215,0.3803786855929697
BEA,26,25.0,1.0,image_color_derived_proxy,15.0,0.0,0.4482758620689655,0.0,90.01400375366211,676,5216.3515625,0.9731152722606884,nearest_physical_car_same_track_location_crossing_headway_le_2s,0.6158709054695138,0.9396649588186975,0.9952340750068305,0.9952340750068305,0.9952340750068305,0.9924240234374999,1.399323430953469,1.6842953222403254,0.18950390100179978,0.8225942932277069,0.9731152722606884,1.0,1.0,1.4360995292663574,1.641408920288086,1.8127999305725098,0.25590469885298456,0.7559713741550648,0.9002377341494215,0.9653609449586257,0.9831248791405858,1.395913696355869,1.6074539369849512,1.998034984397652,0.9770556386977955
BEA,27,36.0,0.9803781517,image_color_derived_proxy,15.0,0.0,0.46551724137931033,0.0,89.60000228881836,664,5216.3515625,1.0,nearest_physical_car_same_track_location_crossing_headway_le_2s,0.992555803809486,0.992555803809486,0.992555803809486,0.992555803809486,0.992555803809486,0.5730768983663335,0.8591818115927956,1.2027872600809106,0.9921093670272138,1.0,1.0,1.0,1.0,0.8300738334655762,1.0503261089324951,1.2476632595062256,0.9773102525563686,1.0,1.0,1.0,1.0,0.8373189595874156,1.0418461925020521,1.3081874032978824,0.9976716201594635
BEA,28,114.0,0.6070692625,image_color_derived_proxy,14.0,0.0,0.4827586206896552,0.0015151515151515152,89.62299728393555,661,5216.3515625,0.7456902321690468,nearest_physical_car_same_track_location_crossing_headway_le_2s,0.6632114054622833,0.6981132709537118,0.7462927928947446,0.8330004902341355,0.8951161735083967,0.3329856021798772,0.6701834652401986,2.4923885323660713,0.6760987669643963,0.6838200144538226,0.7456902321690468,0.858295290853703,0.9623757524804812,0.30240678787231445,0.6595044136047363,2.344865083694458,0.6800263436004507,0.7133659465847023,0.786739973485293,0.8645436172974433,0.9267263811545104,0.3028806422455019,0.650763460581098,2.3515677500540266,0.7426366399397244
BEA,29,59.0,0.8702998895,image_color_derived_proxy,14.0,0.0,0.5,0.002898550724637681,90.12300288677216,691,5216.3515625,0.8160292112709929,nearest_physical_car_same_track_location_crossing_headway_le_2s,0.43664772488615883,0.5379869536393682,0.8460881654036161,0.960099007370628,0.9961386108003565,0.7912957957093145,1.627935990395944,2.041695295061384,0.23243788116262376,0.3422988880137245,0.8160292112709929,0.985353354276459,1.0,1.286726951599121,1.8541479110717773,2.0758767127990723,0.2228954240677782,0.5079281106168945,0.7893212678187098,0.8641967070911978,0.8932792225847178,1.2559464379387448,1.7446158406362864,2.5269722277184345,0.8067616251966881
BEA,30,16.0,1.0,image_color_derived_proxy,14.0,0.0,0.5172413793103449,0.008982035928143712,89.89050006866455,669,5216.3515625,1.0,nearest_physical_car_same_track_location_crossing_headway_le_2s,0.9969629715965668,0.9969629715965668,0.9969629715965668,0.9969629715965668,0.9969629715965668,0.5544206377158597,0.805786190392836,1.0233009526412704,1.0,1.0,1.0,1.0,1.0,0.5951170921325684,0.8142399787902832,1.0192170143127441,1.0,1.0,1.0,1.0,1.0,0.5809432573673319,0.81431006418703,1.0333244389939038,0.9985982713651642
BEA,31,16.0,1.0,image_color_derived_proxy,14.0,0.0,0.5344827586206896,0.002898550724637681,91.32500314712524,691,5216.3515625,1.0,nearest_physical_car_same_track_location_crossing_headway_le_2s,0.9970435258535512,0.9970435258535512,0.9970435258535512,0.9970435258535512,0.9970435258535512,0.4992458535637988,0.7314848466352983,0.967116342775797,1.0,1.0,1.0,1.0,1.0,0.3216278553009033,0.49924778938293457,0.8608911037445068,1.0,1.0,1.0,1.0,1.0,0.3189162984317509,0.5029695345998451,0.8535194543381966,0.9986027344118866
BEA,32,16.0,1.0,image_color_derived_proxy,12.0,0.0,0.5517241379310345,0.014388489208633094,90.33899688720703,696,5216.3515625,0.9944652916544526,nearest_physical_car_same_track_location_crossing_headway_le_2s,0.9933804889295699,0.9933804889295699,0.9933804889295699,0.9933804889295699,0.9933804889295699,0.3868429579116451,0.6845772968857823,1.01404474742377,0.9870930560844421,0.9944652916544526,0.9944652916544526,0.9944652916544526,0.9944652916544526,0.10978198051452637,0.29929256439208984,0.45041942596435547,0.9772080919773669,0.9857757590145287,0.9944652916544526,0.9944652916544526,0.9944652916544526,0.1105407905162818,0.2979009337730715,0.5348274522720199,0.9944986540737872
BEA,33,47.0,0.9277320263000002,image_color_derived_proxy,10.0,0.0,0.5689655172413793,0.004341534008683068,89.55599975585938,692,5216.3515625,0.8116710085136806,nearest_physical_car_same_track_location_crossing_headway_le_2s,0.7190919932643051,0.7727900465743119,0.9256330430463686,0.9965943096165079,0.9965943096165079,0.2947727342085405,0.6356926511808206,1.9605842863655194,0.619042852643538,0.619042852643538,0.8116710085136806,0.9934566085213137,0.9934566085213137,0.3171851634979248,0.6726875305175781,2.059265613555908,0.619042852643538,0.6729421278697977,0.8303854986384722,0.9216357188580545,0.9517731733616259,0.32105436687743044,0.6592193344397256,2.164816340642286,0.857947469570165
BEA,34,169.0,0.34383863550000016,image_color_derived_proxy,10.0,0.0,0.5862068965517241,0.0,89.61799669265747,665,5216.3515625,0.21883992524716103,nearest_physical_car_same_track_location_crossing_headway_le_2s,0.05521213739340287,0.13819778426877988,0.22403979918630565,0.44024634174001703,0.739304541761033,1.6258399514590993,2.2728340727445118,2.8204497253104917,0.0,0.0,0.21883992524716103,0.5652100962910684,0.9172152602517745,1.9157073497772217,2.191210985183716,2.4714956283569336,0.0,0.03290640783861618,0.32678698573230575,0.6859112769033726,0.7991363967845474,1.8405905298383354,2.1178685180233856,2.939488205909887,0.18192055417531344
BEA,35,112.0,0.6166412853000001,image_color_derived_proxy,10.0,0.0,0.603448275862069,0.0,89.4489974975586,675,5216.3515625,1.0,nearest_physical_car_same_track_location_crossing_headway_le_2s,0.11179557541760209,0.20333376985701185,0.3584724309655732,0.8082594987986021,0.9263379009842968,1.4499392122835726,2.053883687671555,2.38887505531311,0.05957579067470277,0.32335740791806117,1.0,1.0,1.0,1.5510423183441162,1.826812744140625,1.9186913967132568,0.1741996871614658,0.46192796704678735,0.8169571473557519,0.8883273507946217,0.9372267524540356,1.4186487936556373,1.7745751382543005,2.3208608820077954,0.6747988725493392
BEA,36,133.0,0.5161350459,image_color_derived_proxy,10.0,0.0,0.6206896551724138,0.0,89.58100128173828,671,5216.3515625,0.4525736612022882,nearest_physical_car_same_track_location_crossing_headway_le_2s,0.1265782079571873,0.2313660956153956,0.4663601339666421,0.7372992473394828,0.9137540432563119,1.448521768450139,2.0304074605305993,2.4582533063931704,0.0,0.0,0.4525736612022882,0.7863161891336254,0.9783436376134315,1.850295066833496,2.020254135131836,2.3176963329315186,0.0,0.14441676984005788,0.5083778362178589,0.7524920690911541,0.8342839886238295,1.7027311512001098,1.9910763286689828,2.863312312539496,0.4199113372689161
BEA,37,51.0,0.9085879807,image_color_derived_proxy,10.0,0.0,0.6379310344827587,0.0,89.57099723815918,670,5216.3515625,0.9857096736804939,nearest_physical_car_same_track_location_crossing_headway_le_2s,0.44949812769102293,0.6950687234102494,0.964664892390279,0.9959026914413597,0.9959026914413597,0.6938855695858875,1.568897943524508,1.9026720517641538,0.29181314903458505,0.7865380483068514,0.9857096736804939,1.0,1.0,0.832756519317627,1.6422772407531738,1.829000473022461,0.41458733128739444,0.7580465747225692,0.8685511646589972,0.9167699243365756,0.9589152266543564,0.8251636005876848,1.5728540468974375,2.1358068789256275,0.9749807088112701
BEA,38,20.0,1.0,image_color_derived_proxy,10.0,0.0,0.6551724137931034,0.00463678516228748,90.10799980163574,648,5216.3515625,0.9956052746779529,nearest_physical_car_same_track_location_crossing_headway_le_2s,0.9719003735150329,0.9967705419138847,0.9967705419138847,0.9967705419138847,0.9967705419138847,0.31707388591296565,1.013345392162058,1.383959976196289,0.882185808668259,0.9611133126343346,0.9956052746779529,1.0,1.0,0.5666210651397705,1.152470350265503,1.5174119472503662,0.8839170871898238,0.940304906956427,0.953666719422788,0.9615572345459896,0.974486174463555,0.5661386408449606,1.1483036517041456,1.5196334893594041,0.9740212229148767
BEA,39,14.0,1.0,image_color_derived_proxy,10.0,0.0,0.6724137931034483,0.0,90.16699981689453,671,5216.3515625,1.0,nearest_physical_car_same_track_location_crossing_headway_le_2s,0.995574877839531,0.995574877839531,0.995574877839531,0.995574877839531,0.995574877839531,0.47805633544921877,0.7426708339904406,0.9013365158667931,1.0,1.0,1.0,1.0,1.0,0.5626914501190186,0.7931368350982666,0.9414982795715332,1.0,1.0,1.0,1.0,1.0,0.5585099971725932,0.7903419769126887,0.9384807450711441,0.9987363857690643
BEA,40,14.0,1.0,image_color_derived_proxy,10.0,0.0,0.6896551724137931,0.0,90.19100189208984,678,5216.3515625,1.0,nearest_physical_car_same_track_location_crossing_headway_le_2s,0.9951436397825278,0.9951436397825278,0.9951436397825278,0.9951436397825278,0.9951436397825278,0.39375763948175396,0.598784784835766,0.9204449026210244,1.0,1.0,1.0,1.0,1.0,0.10877871513366699,0.5405330657958984,0.7079634666442871,1.0,1.0,1.0,1.0,1.0,0.10900714520515839,0.5363686785448765,0.7040245927848431,0.9986410766195776
BEA,41,34.0,0.9899501745000001,image_color_derived_proxy,9.0,0.0,0.7068965517241379,0.004297994269340974,89.94000244140625,699,5216.3515625,1.0,nearest_physical_car_same_track_location_crossing_headway_le_2s,0.9274182354585772,0.9962085837064122,0.9962085837064122,0.9962085837064122,0.9962085837064122,0.13670281992683622,0.4676264365178485,1.4594690373513552,0.7991326547577765,1.0,1.0,1.0,1.0,0.11969995498657227,0.4805290699005127,1.5971112251281738,0.8240270104650114,0.9530909311152387,0.9897820914685829,1.0,1.0,0.11726812832034558,0.4798923028020848,1.577919861436815,1.0
BEA,42,45.0,0.9373040491000001,image_color_derived_proxy,9.0,0.0,0.7241379310344828,0.0045385779122541605,89.47599792480469,662,5216.3515625,0.8523738642156012,nearest_physical_car_same_track_location_crossing_headway_le_2s,0.20498226468003627,0.5522374356848575,0.8433546226026404,0.9538200100521854,0.971746563698488,1.2447720808141374,1.7127254710477942,2.046449416942811,0.10892306360494954,0.5998256663356583,0.8523738642156012,0.9594304915551922,0.9799499445675991,1.4926652908325195,1.7206106185913086,2.0914907455444336,0.17799188251281273,0.557713754107975,0.8071661235979678,0.8699092745287734,0.9241025894204522,1.4355826505723028,1.7084838327748577,2.34856563365221,0.8703616399235115
BEA,43,15.0,1.0,image_color_derived_proxy,8.0,0.0,0.7413793103448276,0.0014947683109118087,89.4599974155426,670,5216.3515625,0.9936396152228908,nearest_physical_car_same_track_location_crossing_headway_le_2s,0.4238430548893766,0.8329644526842979,0.9327185278838278,0.9849541691837848,0.9961323496989819,1.0243428684582343,1.5857152253678704,1.8108185949990918,0.25194498769629775,0.8552536871963343,0.9936396152228908,0.9936396152228908,0.9965459423833744,1.2062129974365234,1.614478349685669,1.7875187397003174,0.3253857315430974,0.7951039213607769,0.9043259474696909,0.9482897244214549,0.9965459423833744,1.15638553318073,1.5800536623054813,1.9906733232914933,0.9616436116261222
BEA,44,32.0,0.9995221973000001,image_color_derived_proxy,8.0,0.0,0.7586206896551724,0.0,89.4429988861084,674,5216.3515625,1.0,nearest_physical_car_same_track_location_crossing_headway_le_2s,0.2886419036703523,0.7535637524459209,0.9177240691916565,0.9796295101370454,0.9907985982385211,1.2353878667847267,1.5935456772604353,1.9427383892352763,1.0,1.0,1.0,1.0,1.0,1.1152145862579346,1.3660304546356201,1.4396755695343018,0.8600561824780119,0.9600415115904969,1.0,1.0,1.0,1.0781577705003513,1.3467876397015095,1.5499510085635502,0.9929511187498932
BEA,45,28.0,1.0,image_color_derived_proxy,9.0,0.0,0.7758620689655172,0.004310344827586207,90.31900024414062,697,5216.3515625,0.9508409236737867,nearest_physical_car_same_track_location_crossing_headway_le_2s,0.6757493144386876,0.7848072514388055,0.8884066769302531,0.9779005414167855,0.9947187192417623,0.10314195753230064,1.433879289298222,2.0099031670148984,0.7517355544195058,0.9508409236737867,0.9508409236737867,1.0,1.0,0.1337430477142334,1.0044403076171875,1.557753086090088,0.7933768285577008,0.9031986914793114,0.9694084670322374,0.9962355633735002,1.0,0.1339511424426993,0.9833706069923246,1.7131668720855524,0.9680617808274636
BEA,46,36.0,0.9803781517,image_color_derived_proxy,9.0,0.0,0.7931034482758621,0.0,89.60599899291992,674,5216.3515625,1.0,nearest_physical_car_same_track_location_crossing_headway_le_2s,0.9937504184019149,0.9937504184019149,0.9937504184019149,0.9937504184019149,0.9937504184019149,0.5031257629394531,0.7712007657749447,1.2222280719839775,1.0,1.0,1.0,1.0,1.0,0.40320587158203125,0.6491541862487793,0.8960094451904297,1.0,1.0,1.0,1.0,1.0,0.3993547716674878,0.6407035085390047,0.8833929018216297,0.9984294996796911
BEA,47,28.0,1.0,image_color_derived_proxy,9.0,0.0,0.8103448275862069,0.0,89.10400009155273,672,5216.3515625,1.0,nearest_physical_car_same_track_location_crossing_headway_le_2s,0.9341443691776301,0.9892934462913774,0.9976207577967456,0.9976207577967456,0.9976207577967456,0.8594085321193788,1.1111629276273796,1.391801058861517,1.0,1.0,1.0,1.0,1.0,0.7692275047302246,0.9561295509338379,1.1539268493652344,1.0,1.0,1.0,1.0,1.0,0.7738070052338881,0.9550549577423744,1.1274861384143862,0.9996824896238536
BEA,48,28.0,1.0,image_color_derived_proxy,9.0,0.0,0.8275862068965517,0.0,89.44399905204773,665,5216.3515625,1.0,nearest_physical_car_same_track_location_crossing_headway_le_2s,0.9804235407983268,0.9956285496314282,0.9956285496314282,0.9956285496314282,0.9956285496314282,0.7908976517324373,1.1466626676104772,1.369008735988451,0.5305331093489509,0.9224207835643585,1.0,1.0,1.0,1.0975379943847656,1.486985683441162,1.7380621433258057,0.5618039971140167,0.8541657477694912,0.9684608073653802,1.0,1.0,1.0918879537573738,1.463619215201123,1.824659950658237,1.0
BEA,49,27.0,1.0,image_color_derived_proxy,9.0,0.0,0.8448275862068966,0.0,89.37899780273438,677,5216.3515625,1.0,nearest_physical_car_same_track_location_crossing_headway_le_2s,0.6293427142066373,0.9341680679983814,0.9950100133058158,0.9950100133058158,0.9950100133058158,1.0414749557907517,1.4248350219726564,1.713305800128135,0.4681300620635755,0.902907909153703,1.0,1.0,1.0,1.3245570659637451,1.5414867401123047,1.7455987930297852,0.5238030890346156,0.8276889275825935,0.9216706427371755,0.9767282931987513,1.0,1.2743738064772776,1.4829293085642021,1.9276518545145045,0.9880471248054045
BEA,50,29.0,1.0,image_color_derived_proxy,9.0,0.0,0.8620689655172413,0.0,89.11399841308594,639,5216.3515625,1.0,nearest_physical_car_same_track_location_crossing_headway_le_2s,0.24328391004978447,0.5173485694590702,0.8270080991392595,0.9734384715167996,0.9968130707368572,1.3004535713065644,1.738558066043639,2.0860168200581017,0.7082164918003313,1.0,1.0,1.0,1.0,1.3368823528289795,1.4520318508148193,1.5675532817840576,0.6965347383640045,0.8960882379380755,0.957167250981349,0.9827075387295757,0.9981933332477194,1.228242953026074,1.4241005163424645,1.7889857075665216,0.9903559297865023
BEA,51,86.0,0.7410775817000002,image_color_derived_proxy,9.0,0.0,0.8793103448275862,0.0,89.36800193786621,669,5216.3515625,1.0,nearest_physical_car_same_track_location_crossing_headway_le_2s,0.24816489355969132,0.4961731221752089,0.6986729753912377,0.8918405747701755,0.9710299029576005,1.2688539647417763,1.7511118092256435,2.2796222227109912,0.41120980490889564,0.7095268677201206,1.0,1.0,1.0,1.3348512649536133,1.5995910167694092,1.8452973365783691,0.4117022515263239,0.7390564359238291,0.8787036594572598,0.9302100108866647,0.9782920219246058,1.2390427857040776,1.5626207577518607,2.115889049308581,0.8507212303640721
BEA,52,78.0,0.7793656729,image_color_derived_proxy,9.0,0.0,0.896551724137931,0.0,89.19200050830841,651,5216.3515625,0.7345053348930105,nearest_physical_car_same_track_location_crossing_headway_le_2s,0.16673011009648506,0.3678694337087913,0.640281643760033,0.8156113116340555,0.9032872896989101,1.3849057736604111,1.8449519830770769,2.4386812817919385,0.2857655596620498,0.3986232042187931,0.7345053348930105,0.9174925877014894,0.9596264473912182,1.3251819610595703,1.768280029296875,2.2026638984680176,0.2736568299004151,0.550183895551353,0.7688021621917569,0.8789577306478709,0.9405776605580429,1.3063799844236725,1.7210654980983906,2.305230991222874,0.7137878938205366
BEA,53,32.0,0.9995221973000001,image_color_derived_proxy,9.0,0.0,0.9137931034482759,0.0,89.33599856495857,665,5216.3515625,0.9764932130098553,nearest_physical_car_same_track_location_crossing_headway_le_2s,0.5713151109860858,0.8151249816950951,0.962030967308264,0.9875302478807036,0.9960486255161588,1.1223694583019577,1.4380274020216761,1.8329755978467988,0.46828825732611384,0.8282663282394555,0.9764932130098553,1.0,1.0,1.211700677871704,1.5341038703918457,1.8364841938018799,0.5323385038449765,0.8262962097511796,0.8938836826820972,0.947165699032643,0.9888287219041955,1.1985703382536035,1.4788754327530993,2.0148074750541936,0.9562890007416527
BEA,54,108.0,0.6357853309000001,image_color_derived_proxy,9.0,0.0,0.9310344827586207,0.0,89.41500091552734,652,5216.3515625,0.7886371895500291,nearest_physical_car_same_track_location_crossing_headway_le_2s,0.24852654973168065,0.3842644435341618,0.4988202300094123,0.5956494173259568,0.7213667608683354,1.3021709044884409,1.992739143499164,2.9154320068359376,0.363663791959643,0.5211317971812325,0.7886371895500291,1.0,1.0,1.2198565006256104,1.6994175910949707,2.0324745178222656,0.39833357000540026,0.5857630456757678,0.8192920136968173,0.9055976026218188,0.9597270534325534,1.1919004266964508,1.639725083346201,2.2063220853279666,0.7078862242242525
BEA,55,145.0,0.4587029091000001,image_color_derived_proxy,9.0,0.0,0.9482758620689655,0.0,89.2509994506836,669,5216.3515625,0.7997669662798215,nearest_physical_car_same_track_location_crossing_headway_le_2s,0.06789843073019028,0.13534862886569826,0.41255573349203434,0.5230305434100422,0.6630849974434335,1.6101571655273437,2.1829727484255423,3.097694890860826,0.0555735971025551,0.29489862293749003,0.7997669662798215,1.0,1.0,1.5922489166259766,1.8435029983520508,2.0892844200134277,0.10622844827033519,0.4576194818190359,0.7406079411747358,0.8527858534358861,0.9123707815156501,1.4933285026940886,1.7828345963834231,2.4315213751260236,0.6576370410721387
BEA,56,104.0,0.6549293765000002,image_color_derived_proxy,9.0,0.0,0.9655172413793104,0.0,89.31400299072266,665,5216.3515625,0.8283583826681866,nearest_physical_car_same_track_location_crossing_headway_le_2s,0.10526905202337321,0.198636208614568,0.4373222471749826,0.746165188614252,0.8827618346521802,1.495407443576389,2.0311026337482176,2.5984811782836914,0.3959065703731197,0.6212463690245601,0.8283583826681866,1.0,1.0,1.1868817806243896,1.6626105308532715,2.116392135620117,0.40731576683681336,0.5966029958403682,0.8167027806619619,0.9265512529721571,0.9574759066814219,1.14686539681859,1.6381700265845351,2.110873320972431,0.7163317514437743
BEA,57,43.0,0.9468760719000001,image_color_derived_proxy,9.0,0.0,0.9827586206896551,0.0,89.12000274658203,660,5216.3515625,0.8848519198088337,nearest_physical_car_same_track_location_crossing_headway_le_2s,0.1685592924301804,0.3278612668441437,0.6760210938129353,0.9004039546166396,0.9565192754111822,1.2885635123068457,1.8643809258435144,2.2436843068976153,0.0,0.15550945511554226,0.8848519198088337,0.9735188449549046,1.0,1.7191054821014404,1.842512607574463,2.0028958320617676,0.031171457239136908,0.32467461482987486,0.7726436085588244,0.8680318159525053,0.9530969459565451,1.624319174152151,1.8263479268414051,2.3183394063763645,0.7520959967474409
BEA,58,36.0,0.9803781517,image_color_derived_proxy,10.0,0.0,1.0,0.002976190476190476,91.42900085449219,673,5216.3515625,0.9810344513943928,nearest_physical_car_same_track_location_crossing_headway_le_2s,0.42829956039754397,0.754946453360884,0.8872567798817602,0.9605267313044413,0.979568799993608,0.22867479556944312,1.5302041974447178,1.9856164707196275,0.31391573628425484,0.8662021800588495,0.9810344513943928,0.9810344513943928,0.9810344513943928,0.8769857883453369,1.5385651588439941,1.774968147277832,0.468779086184979,0.8340242175842317,0.9289722377501527,0.9720657442491861,0.9810344513943928,0.8234301647342412,1.5166789901226037,1.8846462337559515,0.9685888841241775
TSU,1,15.0,1.0,image_color_derived_proxy,10.0,0.007670779764644742,0.017241379310344827,0.1554959785522788,97.90399932861328,747,5216.3515625,0.9923292202353553,nearest_physical_car_same_track_location_crossing_headway_le_2s,0.9918798003948655,0.9918798003948655,0.9918798003948655,0.9935140546370135,0.9935140546370135,0.009588582380185994,0.0726319706572919,0.4453843074058419,0.9923292202353553,0.9923292202353553,0.9923292202353553,0.9923292202353553,0.9923292202353553,0.007977962493896484,0.0890510082244873,0.39681196212768555,0.9960165060838234,0.9960165060838234,0.9960165060838234,0.9960165060838234,0.9960165060838234,0.008160201292388843,0.0904973531707323,0.3972236173879355,0.9929693473409225
TSU,2,14.0,1.0,image_color_derived_proxy,10.0,0.0,0.034482758620689655,0.0,90.81400299072266,689,5216.3515625,1.0,nearest_physical_car_same_track_location_crossing_headway_le_2s,0.994549298693298,0.994549298693298,0.994549298693298,0.994549298693298,0.994549298693298,0.11284891718583141,0.5926779716275594,0.7840297599707394,1.0,1.0,1.0,1.0,1.0,0.49228811264038086,0.6165125370025635,0.7318229675292969,1.0,1.0,1.0,1.0,1.0,0.49190163533686687,0.6170195620809155,0.740465278046908,0.9989523597721011
TSU,3,14.5,1.0,image_color_derived_proxy,10.0,0.0,0.05172413793103448,0.0,90.51600646972656,687,5216.3515625,1.0,nearest_physical_car_same_track_location_crossing_headway_le_2s,0.9950505989901564,0.9950505989901564,0.9950505989901564,0.9950505989901564,0.9950505989901564,0.2987506301351207,0.6648814468427747,0.813206093528054,0.9687790424131123,1.0,1.0,1.0,1.0,0.7008504867553711,1.0110251903533936,1.3464863300323486,0.9519532600580204,1.0,1.0,1.0,1.0,0.7040953369287609,0.9998802500880719,1.3983272302421483,1.0
TSU,4,14.0,1.0,image_color_derived_proxy,10.0,0.0,0.06896551724137931,0.0,90.6550030708313,675,5216.3515625,1.0,nearest_physical_car_same_track_location_crossing_headway_le_2s,0.9874248537038874,0.9930947000615478,0.9930947000615478,0.9930947000615478,0.9930947000615478,0.2313846676166241,0.6554900180352806,0.8159741503726072,1.0,1.0,1.0,1.0,1.0,0.6670727729797363,0.7907841205596924,0.9449162483215332,1.0,1.0,1.0,1.0,1.0,0.6564641658325843,0.7923409142318864,0.9834527034704882,0.9985486892014449
TSU,5,14.0,1.0,image_color_derived_proxy,10.0,0.0,0.08620689655172414,0.0,90.4489974975586,688,5216.3515625,1.0,nearest_physical_car_same_track_location_crossing_headway_le_2s,0.9975124103056464,0.9975124103056464,0.9975124103056464,0.9975124103056464,0.9975124103056464,0.538962448172195,0.7656749213845009,0.8921881496316136,1.0,1.0,1.0,1.0,1.0,0.752385139465332,0.8128392696380615,0.9741237163543701,1.0,1.0,1.0,1.0,1.0,0.7369466144819508,0.8335761630292096,0.9824301645125896,0.9994962862422669
TSU,6,20.0,1.0,image_color_derived_proxy,10.0,0.0,0.10344827586206896,0.01195814648729447,90.48800659179688,670,5216.3515625,1.0,nearest_physical_car_same_track_location_crossing_headway_le_2s,0.993568208218006,0.993568208218006,0.993568208218006,0.993568208218006,0.993568208218006,0.7028114318847656,0.8993773009879458,1.145149070338199,1.0,1.0,1.0,1.0,1.0,0.6853194236755371,0.8432109355926514,1.1004106998443604,0.9898439299574282,1.0,1.0,1.0,1.0,0.6656024218096845,0.8371469266719831,1.1028683532338823,0.9984492063224941
TSU,7,15.0,1.0,image_color_derived_proxy,10.0,0.0,0.1206896551724138,0.0,90.60100173950195,676,5216.3515625,1.0,nearest_physical_car_same_track_location_crossing_headway_le_2s,0.9962362448079534,0.9962362448079534,0.9962362448079534,0.9962362448079534,0.9962362448079534,0.6717290789469332,0.9393664344373098,1.1407437409931747,0.972119502786235,1.0,1.0,1.0,1.0,0.9267368316650391,1.118114709854126,1.3128676414489746,0.9566671602701231,1.0,1.0,1.0,1.0,0.9117129836863233,1.1029173384634723,1.3594845011060828,1.0
TSU,8,15.0,1.0,image_color_derived_proxy,10.0,0.0,0.13793103448275862,0.0,90.52299880981445,698,5216.3515625,1.0,nearest_physical_car_same_track_location_crossing_headway_le_2s,0.9947637615506972,0.9947637615506972,0.9947637615506972,0.9947637615506972,0.9947637615506972,0.5482393118051382,0.8075957307123663,0.9380436736106773,1.0,1.0,1.0,1.0,1.0,0.7782595157623291,0.9038596153259277,1.0804288387298584,1.0,1.0,1.0,1.0,1.0,0.7568538520265218,0.9080217202225078,1.098261360075944,0.998926724173253
TSU,9,15.0,1.0,image_color_derived_proxy,10.0,0.0,0.15517241379310345,0.0,90.3109998703003,675,5216.3515625,1.0,nearest_physical_car_same_track_location_crossing_headway_le_2s,0.9942642645146257,0.9942642645146257,0.9942642645146257,0.9942642645146257,0.9942642645146257,0.5190138816833496,0.7953018002393769,0.8915269661805882,1.0,1.0,1.0,1.0,1.0,0.7945694923400879,0.8725152015686035,0.9753789901733398,1.0,1.0,1.0,1.0,1.0,0.7856106152320818,0.8778677008082444,1.0214596720694191,0.9988181081645844
TSU,10,29.0,1.0,image_color_derived_proxy,10.0,0.0,0.1724137931034483,0.0,90.71949577331543,695,5216.3515625,1.0,nearest_physical_car_same_track_location_crossing_headway_le_2s,0.9976410803463409,0.9976410803463409,0.9976410803463409,0.9976410803463409,0.9976410803463409,0.34244154721952336,0.8935875324887524,1.1114653328175463,0.9880951517438619,1.0,1.0,1.0,1.0,0.9344751834869385,1.1703431606292725,1.3559648990631104,0.9173385997641073,0.9955907875978676,1.0,1.0,1.0,0.9471140831844507,1.1538227404409127,1.4506391970406056,0.9985669179348666
TSU,11,15.0,1.0,image_color_derived_proxy,10.0,0.0,0.1896551724137931,0.0,90.78000020980835,701,5216.3515625,1.0,nearest_physical_car_same_track_location_crossing_headway_le_2s,0.9966181977253123,0.9966181977253123,0.9966181977253123,0.9966181977253123,0.9966181977253123,0.7118631131463642,0.9463518269856771,1.113139482431529,1.0,1.0,1.0,1.0,1.0,0.6803450584411621,0.822559118270874,1.0415782928466797,1.0,1.0,1.0,1.0,1.0,0.6707918342611588,0.8373185220976129,1.0133967063675449,0.9992545180828418
TSU,12,15.0,1.0,image_color_derived_proxy,10.0,0.0,0.20689655172413793,0.0,90.98799896240234,693,5216.3515625,1.0,nearest_physical_car_same_track_location_crossing_headway_le_2s,0.9949993403712392,0.9949993403712392,0.9949993403712392,0.9949993403712392,0.9949993403712392,0.6894362002229076,0.9071943376347451,1.0655776648310844,1.0,1.0,1.0,1.0,1.0,0.49538183212280273,0.7053117752075195,0.8536128997802734,1.0,1.0,1.0,1.0,1.0,0.487162551523633,0.7065596538527528,0.8472724683568581,0.998927686532001
TSU,13,14.0,1.0,image_color_derived_proxy,10.0,0.0,0.22413793103448276,0.0,91.03000068664551,670,5216.3515625,1.0,nearest_physical_car_same_track_location_crossing_headway_le_2s,0.9974184335094878,0.9974184335094878,0.9974184335094878,0.9974184335094878,0.9974184335094878,0.6395453878879621,0.873235117753845,1.004895013088782,1.0,1.0,1.0,1.0,1.0,0.6189639568328857,0.8394198417663574,0.962608814239502,1.0,1.0,1.0,1.0,1.0,0.6206595289522934,0.8416921008682745,0.9467039635937556,0.9993880398954151
TSU,14,15.0,1.0,image_color_derived_proxy,10.0,0.0,0.2413793103448276,0.00145985401459854,91.25999450683594,686,5216.3515625,1.0,nearest_physical_car_same_track_location_crossing_headway_le_2s,0.995452552962577,0.995452552962577,0.995452552962577,0.995452552962577,0.995452552962577,0.21933846253615158,0.5404607997221106,0.8487752890285057,0.9951677154367757,1.0,1.0,1.0,1.0,0.5962977409362793,0.7370133399963379,0.9466893672943115,0.9929761244913946,0.9951677154367757,0.9977975409705868,1.0,1.0,0.5775757716899246,0.7446792153264402,0.9408371290894765,0.9985616203755572
TSU,15,28.0,1.0,image_color_derived_proxy,8.0,0.0,0.25862068965517243,0.0043541364296081275,90.68400573730469,690,5216.3515625,0.9895461160352895,nearest_physical_car_same_track_location_crossing_headway_le_2s,0.9418199693335949,0.9792135407000291,0.9972983107354334,0.9972983107354334,0.9972983107354334,0.7379412010358214,0.9495519095154569,1.4155361181218509,0.9895461160352895,0.9895461160352895,0.9895461160352895,0.9913104854467398,0.9913104854467398,0.502565860748291,0.7718691825866699,0.9390149116516113,0.9895461160352895,0.9895461160352895,0.9895461160352895,0.9895461160352895,0.9895461160352895,0.49782942045129797,0.751093871242185,0.9274374109634034,0.9937588376040825
TSU,16,30.0,1.0,image_color_derived_proxy,7.0,0.0,0.27586206896551724,0.0029585798816568047,91.0680046081543,677,5216.3515625,0.9358611210642716,nearest_physical_car_same_track_location_crossing_headway_le_2s,0.6469231158189164,0.8442152759227596,0.9392431130995185,0.9744147474497371,0.9880309221875605,1.1299704099956314,1.3500288462248922,1.8438549478545445,0.6314950968944701,0.8043330317818955,0.9358611210642716,0.990106240777473,1.0,1.26182222366333,1.3637216091156006,1.9122495651245117,0.6262243574113292,0.7865441603609544,0.9130319594502242,0.9949268496293983,1.0,1.2417510889818424,1.4223471200635318,1.9451260781430029,0.9416285313312045
TSU,17,39.0,0.9660201175,image_color_derived_proxy,4.0,0.0,0.29310344827586204,0.007267441860465116,91.04499959945679,689,5216.3515625,0.9813279154708836,nearest_physical_car_same_track_location_crossing_headway_le_2s,0.8002636148243444,0.9444999869929696,0.9917403484259526,0.9917403484259526,0.9917403484259526,1.0582842364359062,1.3327576974722055,1.6104832999895493,0.9788126747376177,0.9813279154708836,0.9813279154708836,0.9866110166704042,0.9880278978727668,1.1082170009613037,1.258544683456421,1.3529016971588135,0.9176671037975118,0.9690263180540888,0.9832061076238519,0.9832061076238519,0.9846229888262145,1.0741109294659783,1.244442357949158,1.4748187769472194,0.9902364063167564
TSU,18,34.0,0.9899501745000001,image_color_derived_proxy,4.0,0.0,0.3103448275862069,0.0,90.85999298095703,672,5216.3515625,1.0,nearest_physical_car_same_track_location_crossing_headway_le_2s,0.9229804153239374,0.9680937430358468,0.9960598719138463,0.9960598719138463,0.9960598719138463,0.9291956296174422,1.2198963096059021,1.4679335511943383,0.9537750475451712,1.0,1.0,1.0,1.0,0.8903963565826416,1.1887238025665283,1.3638396263122559,0.9056900679147157,1.0,1.0,1.0,1.0,0.9222445138801657,1.1999924462155562,1.4886381662636843,1.0
TSU,19,53.0,0.8990159579,image_color_derived_proxy,3.0,0.0,0.3275862068965517,0.0015060240963855422,90.81499862670898,665,5216.3515625,0.9611848509113458,nearest_physical_car_same_track_location_crossing_headway_le_2s,0.979023299275176,0.979023299275176,0.979023299275176,0.979023299275176,0.979023299275176,0.6787444730366745,0.9752561479131977,1.187661425898373,0.7788140493939351,0.8663546636444244,0.9611848509113458,0.9948686933841517,0.9948686933841517,1.03481125831604,1.2322704792022705,1.8628041744232178,0.7497438841242685,0.8380773875084341,0.969641620916412,0.9948686933841517,0.9948686933841517,1.0317027039780815,1.2095740779889463,1.8908259539235877,0.9748390656735219
TSU,20,239.0,0.00881783750000011,image_color_derived_proxy,3.0,0.0,0.3448275862068966,0.0,90.22200012207031,695,5216.3515625,0.0,nearest_physical_car_same_track_location_crossing_headway_le_2s,0.0,0.0,0.0,0.0,0.0,16.00896099475774,21.977247134927925,45.427480797006304,0.0,0.0,0.0,0.0,0.0,23.226520538330078,23.372127056121826,23.7058527469635,0.0,0.0,0.0,0.0,0.0,17.345017381963682,20.99202638922352,51.065194572543795,0.006803922815989738
TSU,21,239.0,0.00881783750000011,image_color_derived_proxy,3.0,0.0,0.3620689655172414,0.0,90.44400119781494,683,5216.3515625,0.0,nearest_physical_car_same_track_location_crossing_headway_le_2s,0.0,0.0,0.0,0.0,0.0,16.128778435202207,22.8135324667999,45.417000732421876,0.0,0.0,0.0,0.0,0.0,23.631653547286987,23.93404746055603,24.21469759941101,0.0,0.0,0.0,0.0,0.0,17.85648106945761,21.490869452632378,50.01267611782273,0.006792682080311252
TSU,22,239.0,0.00881783750000011,image_color_derived_proxy,3.0,0.0,0.3793103448275862,0.0,90.13399696350098,676,5216.3515625,0.0,nearest_physical_car_same_track_location_crossing_headway_le_2s,0.0,0.0,0.0,0.0,0.0,16.73980502424569,23.407019981971153,46.83720984825721,0.0,0.0,0.0,0.0,0.0,24.169487953186035,24.22655725479126,24.467472791671753,0.0,0.0,0.0,0.0,0.0,18.150500516075937,21.787391590237903,49.426426244228296,0.006781441344632766
TSU,23,116.0,0.5974972397,image_color_derived_proxy,4.0,0.0,0.39655172413793105,0.0014245014245014246,91.5570068359375,703,5216.3515625,0.6182486900611305,nearest_physical_car_same_track_location_crossing_headway_le_2s,0.5028779906937676,0.5644680331584526,0.5711196394168272,0.5961750534975034,0.6120122310958822,0.3654177055249739,1.4695659725767964,27.484087859419656,0.4958659012579413,0.5818233065790264,0.6182486900611305,0.6196577076403101,0.6196577076403101,0.44319581985473633,1.5246644020080566,24.79180407524109,0.5195559623884218,0.5671548244415261,0.6071081266207577,0.6196577076403101,0.6196577076403101,0.4430363929617156,1.4270931400093736,30.692593034210393,0.6029841426063729
TSU,24,127.0,0.5448511143000001,image_color_derived_proxy,5.0,0.0,0.41379310344827586,0.001483679525222552,91.59349632263184,675,5216.3515625,0.5543734476052339,nearest_physical_car_same_track_location_crossing_headway_le_2s,0.43691974142096024,0.5194910798152764,0.5982411638143359,0.6811838027151494,0.8287105570012776,0.5110266770067426,1.7066758363867345,2.663962095464796,0.38385913638325736,0.39521366434956634,0.5543734476052339,0.6389755198784308,0.9095023130430824,0.6057446002960205,1.9824037551879883,2.479393720626831,0.3719696799160524,0.43889579912243654,0.6105782855512393,0.7568713911770657,0.8858871032649193,0.6117505521783614,1.8573231758066866,2.5246984243927133,0.5371771309557044
TSU,25,241.0,0.0,image_color_derived_proxy,5.0,0.0,0.43103448275862066,0.0,90.20099925994873,690,5216.3515625,0.0,nearest_physical_car_same_track_location_crossing_headway_le_2s,0.031052840658233945,0.06905685129008345,0.1257302915420926,0.25255812768231806,0.3407057291365728,1.9144734078379393,2.791057120713612,4.408464987439203,0.0,0.0,0.0,0.16275871578624243,0.23152737718584462,2.1966309547424316,2.907674789428711,3.995767831802368,0.0,0.0,0.05178434214799523,0.1938005211169754,0.2786554758912693,2.1493899961941034,2.7893682983655146,4.048176552435718,0.03331895875890878
TSU,26,241.0,0.0,image_color_derived_proxy,5.0,0.0,0.4482758620689655,0.0,90.24399948120117,673,5216.3515625,0.0,nearest_physical_car_same_track_location_crossing_headway_le_2s,0.0,0.0,0.007191636883630217,0.021840773628928833,0.03910506450902343,3.0683823339383336,4.917024884529667,8.102209188771804,0.0,0.0,0.0,0.0,0.0,4.042257785797119,4.735037803649902,5.627854108810425,0.0,0.0,0.0,0.0,0.0,3.3561325481484574,4.337954591144907,8.187509747772559,0.0012552168020807386
TSU,27,241.0,0.0,image_color_derived_proxy,5.0,0.0,0.46551724137931033,0.0,90.26899909973145,670,5216.3515625,0.0,nearest_physical_car_same_track_location_crossing_headway_le_2s,0.0,0.0,0.0,0.0,0.0,4.346007106615149,7.218953332235646,12.458693683681204,0.0,0.0,0.0,0.0,0.0,6.2153356075286865,6.980269432067871,7.841629266738892,0.0,0.0,0.0,0.0,0.0,4.831635791661502,6.281167587177623,12.589311977598383,0.00647029504104546
TSU,28,231.0,0.04710592870000013,image_color_derived_proxy,5.0,0.0,0.4827586206896552,0.006042296072507553,90.08099746704102,663,5216.3515625,0.07283437549612642,nearest_physical_car_same_track_location_crossing_headway_le_2s,0.0,0.0,0.0,0.0,0.0,5.501494618095595,9.526914876302083,16.76694616267272,0.07283437549612642,0.07283437549612642,0.07283437549612642,0.07283437549612642,0.07283437549612642,8.08979082107544,8.987913370132446,9.986250162124634,0.07283437549612642,0.07283437549612642,0.07283437549612642,0.07283437549612642,0.07283437549612642,5.28948854030468,7.981407938370035,16.364618354303776,0.06465039548181356
TSU,29,165.0,0.3629826811000001,image_color_derived_proxy,6.0,0.0,0.5,0.0014347202295552368,90.96199989318848,698,5216.3515625,0.38687583854866875,nearest_physical_car_same_track_location_crossing_headway_le_2s,0.345836704477652,0.345836704477652,0.345836704477652,0.345836704477652,0.345836704477652,0.20594006956231148,7.864884080412637,18.0787060546875,0.38687583854866875,0.38687583854866875,0.38687583854866875,0.38687583854866875,0.38687583854866875,0.2543807029724121,10.025974988937378,10.65724778175354,0.38687583854866875,0.38687583854866875,0.38687583854866875,0.38687583854866875,0.38687583854866875,0.2543433415244512,7.281426841897656,17.732466329894883,0.38283618298847644
TSU,30,147.0,0.44913088630000003,image_color_derived_proxy,6.0,0.0,0.5172413793103449,0.0,90.90000343322754,673,5216.3515625,0.5742903976162885,nearest_physical_car_same_track_location_crossing_headway_le_2s,0.12050602338944401,0.29474130198959536,0.42784378529657097,0.5480198169922137,0.6567547159166937,1.4088607594936708,2.1433225324076988,3.17982997959293,0.07464245974859803,0.28365233790469596,0.5742903976162885,0.7796039853387216,0.9264135902592695,1.5726017951965332,1.9182844161987305,2.385791540145874,0.12484049561602543,0.33948288528162907,0.612959319276741,0.7755995815247881,0.8640373751350278,1.4649170902805115,1.8726471928310875,2.634320454136174,0.5401475373832886
TSU,31,239.0,0.00881783750000011,image_color_derived_proxy,6.0,0.0,0.5344827586206896,0.0,90.18999671936035,689,5216.3515625,0.0,nearest_physical_car_same_track_location_crossing_headway_le_2s,0.012118844044752546,0.03171081945930482,0.05625899892045205,0.09689542623956465,0.1455704776553962,2.256326195501512,3.5486663597798245,5.097535289417614,0.0,0.0,0.0,0.0,0.0,3.058159351348877,3.312068462371826,3.870915651321411,0.0,0.0,0.0,0.035480661706826906,0.08825813066334687,2.538227640602495,3.231731568122423,5.273286351410021,0.0
TSU,32,239.0,0.00881783750000011,image_color_derived_proxy,6.0,0.0,0.5517241379310345,0.0,91.90799713134766,697,5216.3515625,0.0,nearest_physical_car_same_track_location_crossing_headway_le_2s,0.0,0.0,0.010434343732009913,0.027407833685370062,0.04019230793176312,2.9584417198666646,4.804943888008657,7.8251549334346855,0.0,0.0,0.0,0.0,0.0,3.93475079536438,4.133371591567993,4.364058017730713,0.0,0.0,0.0,0.0,0.006528292504958883,3.095397436336532,3.9378076901849117,7.131093939992912,0.0029927970146399474
TSU,33,238.0,0.013603848900000059,image_color_derived_proxy,18.0,0.0,0.5689655172413793,0.01348314606741573,115.17400360107422,891,5216.3515625,0.22097870047383802,nearest_physical_car_same_track_location_crossing_headway_le_2s,0.13941517593267713,0.1927866183137392,0.25422399609249735,0.32128792712972576,0.4947731985116408,1.286763058971445,2.508471943809569,19.754574279785157,0.18412140510318997,0.2030840342931251,0.22097870047383802,0.2786740323833587,0.3927969835825668,0.8189303874969482,2.768517017364502,3.0261430740356445,0.18293191225646752,0.21489229294982204,0.2557782233568209,0.3232239544923131,0.4639674961796391,0.814836128196883,2.544646639613894,3.9209487773887832,0.18217604080011335
TSU,34,239.0,0.00881783750000011,image_color_derived_proxy,17.0,0.0,0.5862068965517241,0.0030211480362537764,88.697998046875,663,5216.3515625,0.0,nearest_physical_car_same_track_location_crossing_headway_le_2s,0.011285485011643046,0.03327014981905799,0.08997943930683967,0.14470455492015016,0.202101494590835,2.056779085652212,3.136466787954904,4.016605763154871,0.0,0.0,0.0,0.0,0.0020857285040613033,2.615586757659912,2.9849021434783936,3.1655385494232178,0.0,0.0,0.003991114952368108,0.043462102127126645,0.16971063728472063,2.3283477774815706,2.829931536286526,4.616636375827682,0.0005696192290535196
TSU,35,152.0,0.42520082930000014,image_color_derived_proxy,17.0,0.0,0.603448275862069,0.004477611940298508,89.08100128173828,671,5216.3515625,0.3421380135791076,nearest_physical_car_same_track_location_crossing_headway_le_2s,0.13595483051809157,0.2926774175072424,0.41859657396245725,0.5953121487192773,0.7440868280300873,1.4315597534179687,2.1304111387671494,2.728073084857955,0.03337411490640008,0.1644907406416139,0.3421380135791076,0.6057857661318814,0.8727787282058749,1.5267188549041748,2.127185344696045,2.525388240814209,0.11435655542018795,0.20257966645326642,0.47782368143267934,0.6276086093083905,0.82490095355654,1.4917627491438665,2.0345142041153568,2.9312858320958917,0.3749874954341055
TSU,36,25.0,1.0,image_color_derived_proxy,17.0,0.0,0.6206896551724138,0.0,89.5620002746582,664,5216.3515625,1.0,nearest_physical_car_same_track_location_crossing_headway_le_2s,0.9904088784914871,0.9956119782332852,0.9956119782332852,0.9956119782332852,0.9956119782332852,0.4910720031738281,0.6889342057077508,1.1479543598855682,1.0,1.0,1.0,1.0,1.0,0.5274488925933838,0.6999459266662598,1.163280725479126,0.9848708129191319,1.0,1.0,1.0,1.0,0.5279357812303034,0.7161923563635284,1.1269329558540826,0.9973978198038985
TSU,37,142.0,0.4730609433000001,image_color_derived_proxy,16.0,0.0,0.6379310344827587,0.004511278195488722,89.30000114440918,666,5216.3515625,0.4541097157753685,nearest_physical_car_same_track_location_crossing_headway_le_2s,0.48907056458175596,0.5447368220619853,0.5989025322954915,0.6882307374170151,0.8208174167463691,0.29970149709217586,1.526718311578455,2.7261776372006064,0.4541097157753685,0.4541097157753685,0.4541097157753685,0.7992049325188393,1.0,0.2936885356903076,2.08512282371521,2.283621072769165,0.4541097157753685,0.4548376266440496,0.5863493345499925,0.8047817379124025,0.8810749560450125,0.29327656025997073,1.9004473732280398,2.5995657039982505,0.5282398516680978
TSU,38,40.0,0.9612341061,image_color_derived_proxy,16.0,0.0,0.6551724137931034,0.0,89.30000305175781,651,5216.3515625,0.9464613664732121,nearest_physical_car_same_track_location_crossing_headway_le_2s,0.29377391928305907,0.6214780717923438,0.8666629431007806,0.9433257918219814,0.9955207167716599,1.2998721100563226,1.6715281269337872,2.097825210495329,0.33515121664489483,0.7776035841920318,0.9464613664732121,1.0,1.0,1.3503758907318115,1.6213443279266357,1.8501100540161133,0.3821389942356637,0.7433930876662682,0.8949159963002137,0.9404143479815426,0.9823068377057822,1.311639659264053,1.5684940747872422,2.0144829483140105,0.9295333419807084
TSU,39,146.0,0.45391689770000015,image_color_derived_proxy,15.0,0.0,0.6724137931034483,0.004552352048558422,88.82099533081055,660,5216.3515625,0.46002641912384834,nearest_physical_car_same_track_location_crossing_headway_le_2s,0.5758210881989183,0.5794125841391802,0.6010402837362965,0.6307630650360372,0.6597540528395791,0.293980963570731,0.9575829383886255,3.7037806068978663,0.46002641912384834,0.46002641912384834,0.46002641912384834,0.46002641912384834,0.46002641912384834,0.5481998920440674,3.238579511642456,3.334329128265381,0.46002641912384834,0.46002641912384834,0.46002641912384834,0.4631788131975021,0.49831688354837256,0.5462371270142679,2.51617796905126,4.078037853796692,0.47670593762740016
TSU,40,220.0,0.09975205410000015,image_color_derived_proxy,15.0,0.0,0.6896551724137931,0.0,88.9520034790039,672,5216.3515625,0.0,nearest_physical_car_same_track_location_crossing_headway_le_2s,0.06322511387440403,0.12278530612566972,0.22671770512295228,0.347254679535337,0.5060369628549057,1.7040984230930698,2.4886332448384643,3.4577789475246026,0.0,0.0,0.0,0.1392324993393582,0.3480753731178785,2.1972808837890625,2.7756564617156982,3.080784797668457,0.0,0.0,0.05283753478072139,0.27242789912821014,0.4410019643854676,2.071193719804125,2.567033580002948,3.8094448738791313,0.03409654430544656
TSU,41,95.0,0.6980034791,image_color_derived_proxy,15.0,0.0,0.7068965517241379,0.0,88.98200225830078,689,5216.3515625,0.7688970954336212,nearest_physical_car_same_track_location_crossing_headway_le_2s,0.2903284338426427,0.5490772958469093,0.6922973170437678,0.865444690159923,0.9425838630404451,1.260333363602801,1.6835110473632813,2.31304102774997,0.45295676970919013,0.5672495674158619,0.7688970954336212,1.0,1.0,1.1509389877319336,1.5483248233795166,2.1005043983459473,0.4682969693430937,0.590883567410203,0.7584679936610058,0.9056550976721439,0.9364477826510031,1.1102194611348208,1.5419904989844972,2.1626868131703567,0.7314087333256765
TSU,42,36.0,0.9803781517,image_color_derived_proxy,15.0,0.0,0.7241379310344828,0.0,89.1520004272461,658,5216.3515625,1.0,nearest_physical_car_same_track_location_crossing_headway_le_2s,0.8599358166448173,0.9927315438128154,0.9951992103256425,0.9951992103256425,0.9951992103256425,0.9435789162330781,1.2545946354748523,1.551525669642857,0.9502983644622476,1.0,1.0,1.0,1.0,0.8458523750305176,1.1637885570526123,1.335914134979248,0.9146177480980213,0.9943915982140343,1.0,1.0,1.0,0.8298316579753716,1.1828204604293486,1.3837552903193782,0.9982418024868172
TSU,43,48.0,0.9229460149000001,image_color_derived_proxy,13.0,0.0,0.7413793103448276,0.004491017964071856,89.58000040054321,669,5216.3515625,0.9837352099638078,nearest_physical_car_same_track_location_crossing_headway_le_2s,0.9976445635797433,0.9976445635797433,0.9976445635797433,0.9976445635797433,0.9976445635797433,0.31804839595671625,0.658337655005517,1.0057422280311585,0.9794485388137647,0.981949096707382,0.9837352099638078,0.9852534057327356,0.9868609073308294,0.22553634643554688,0.5584385395050049,0.9795916080474854,0.9814244267908236,0.9839249846844409,0.9857110979408668,0.9872292937097945,0.9892386708737565,0.2239564966501173,0.5543563184255437,0.963954047237567,0.9867845500872953
TSU,44,139.0,0.4874189775000001,image_color_derived_proxy,12.0,0.0,0.7586206896551724,0.007473841554559043,88.6929988861084,670,5216.3515625,0.6587554266685376,nearest_physical_car_same_track_location_crossing_headway_le_2s,0.5718715104673212,0.5718715104673212,0.5880734688259902,0.6178616385676122,0.6274903160007892,0.1503678190297094,0.9646514699350835,4.205638566731347,0.6587554266685376,0.6587554266685376,0.6587554266685376,0.6587554266685376,0.6587554266685376,0.13231325149536133,0.9139347076416016,3.6848807334899902,0.6587554266685376,0.6587554266685376,0.6587554266685376,0.6587554266685376,0.6587554266685376,0.12991522406535919,0.9122286218878684,3.71967020393193,0.6423837241422826
TSU,45,239.0,0.00881783750000011,image_color_derived_proxy,12.0,0.0,0.7758620689655172,0.0,89.01499938964844,688,5216.3515625,0.0,nearest_physical_car_same_track_location_crossing_headway_le_2s,0.02970278487687118,0.08462621923322249,0.13587601203149913,0.1793293016277699,0.24557654586627634,1.8562282338501808,3.0721191899753575,3.8426923357743394,0.0,0.0,0.0,0.0,0.0,3.017157793045044,3.197896957397461,3.337085008621216,0.0,0.0,0.0,0.012166490934463916,0.0873784452268351,2.5279360309615853,3.029773383805667,4.813258488493819,0.005423476765183177
TSU,46,239.0,0.00881783750000011,image_color_derived_proxy,12.0,0.0,0.7931034482758621,0.0,88.97999954223633,662,5216.3515625,0.0,nearest_physical_car_same_track_location_crossing_headway_le_2s,0.0,0.03040013207821304,0.09694312761362818,0.16719485036873477,0.2261969700594279,2.003599144995629,2.9078255641206785,3.804008527681896,0.0,0.0,0.0,0.0,0.1301415832314173,2.459357976913452,2.7087438106536865,2.859931230545044,0.0,0.0,0.014576362175540125,0.12292645501141601,0.36028327685669287,2.185559041661311,2.5902680484848797,3.7915550521293446,0.003186130809033516
TSU,47,164.0,0.36776869250000005,image_color_derived_proxy,12.0,0.0,0.8103448275862069,0.0,88.82600021362305,678,5216.3515625,0.12370255049955974,nearest_physical_car_same_track_location_crossing_headway_le_2s,0.07700456809416692,0.17545527732783778,0.3051582962364554,0.6375836512999264,0.8283722660695721,1.5833460638729904,2.164138638016081,2.706170403112921,0.0,0.07073384758552459,0.12370255049955974,0.7120099940722011,1.0,1.8519785404205322,2.1517422199249268,2.407393455505371,0.023855579012989493,0.11375041480205261,0.30471922447916816,0.6879292237649807,0.8162699625702211,1.7289082494245713,2.089132192718685,2.918768950747287,0.2127404921838557
TSU,48,48.0,0.9229460149000001,image_color_derived_proxy,12.0,0.0,0.8275862068965517,0.0,89.0979995727539,661,5216.3515625,1.0,nearest_physical_car_same_track_location_crossing_headway_le_2s,0.27153252556268476,0.706390657275536,0.9012997488660119,0.9868122929939735,0.9953422075282793,1.2389540659827987,1.660545601129349,1.9894456448762314,0.12482885924803992,0.8141821490765785,1.0,1.0,1.0,1.4815728664398193,1.6306955814361572,1.7913181781768799,0.24282247096376486,0.7980426283580259,0.8978204482939357,0.9568789580513455,0.9905721343766059,1.4064640932350012,1.6085366747406156,2.002244753874992,0.9693501985374543
TSU,49,40.0,0.9612341061,image_color_derived_proxy,12.0,0.0,0.8448275862068966,0.0,89.28800201416016,674,5216.3515625,1.0,nearest_physical_car_same_track_location_crossing_headway_le_2s,0.5329048205753371,0.8970185392603893,0.9814532990435828,0.9953409192814383,0.9953409192814383,1.1244745547591648,1.4733020918454531,1.7489941944795497,0.9507100626779594,1.0,1.0,1.0,1.0,1.235802412033081,1.3514447212219238,1.4629011154174805,0.8472694456504343,0.9325329535013501,1.0,1.0,1.0,1.1718800977164834,1.3457957504600875,1.6390534913928037,1.0
TSU,50,41.0,0.9564480947000001,image_color_derived_proxy,12.0,0.0,0.8620689655172413,0.0,89.41600036621094,644,5216.3515625,1.0,nearest_physical_car_same_track_location_crossing_headway_le_2s,0.5826586192806206,0.9498411554488063,0.9961304466257019,0.9961304466257019,0.9961304466257019,1.0206754340747042,1.4841093926940396,1.676404681925348,0.8238792982963897,1.0,1.0,1.0,1.0,1.2896199226379395,1.4528412818908691,1.5147604942321777,0.7462869911426122,0.8852890537822141,0.9874630693312778,1.0,1.0,1.2003569031335468,1.4301425320213095,1.770864817776083,1.0
TSU,51,43.0,0.9468760719000001,image_color_derived_proxy,12.0,0.0,0.8793103448275862,0.0,89.40750122070312,665,5216.3515625,1.0,nearest_physical_car_same_track_location_crossing_headway_le_2s,0.2621592633686668,0.6510471710782314,0.941995945144221,0.9943181499395843,0.9943181499395843,1.160613470511289,1.6807013057278217,1.9260590501606758,0.600788528623189,0.99864107478398,1.0,1.0,1.0,1.093224048614502,1.4546244144439697,1.5668277740478516,0.6834773013622532,0.8772194827422898,0.941414301951903,0.9888152561435366,1.0,1.0280503997740915,1.4335301469135167,1.8031650626119535,1.0
TSU,52,81.0,0.7650076387000001,image_color_derived_proxy,13.0,0.0,0.896551724137931,0.001524390243902439,90.11699676513672,657,5216.3515625,0.8122440539409058,nearest_physical_car_same_track_location_crossing_headway_le_2s,0.4873220240708138,0.5418955353178152,0.7849351515304803,0.8612581025862663,0.9597966845061492,0.46951921052280265,1.5444690507711822,2.280221276570618,0.37922918704703723,0.5010707922533497,0.8122440539409058,0.9744998122642455,1.0,0.44513368606567383,1.74955153465271,2.1126768589019775,0.40540626059585255,0.6114273531417483,0.8206664920886417,0.8959463416502883,0.9307566618677994,0.44818907799892865,1.697658338175398,2.2782711437265615,0.7970208138075161
TSU,53,175.0,0.31512256710000003,image_color_derived_proxy,13.0,0.0,0.9137931034482759,0.0,89.7509994506836,670,5216.3515625,0.28306092235335,nearest_physical_car_same_track_location_crossing_headway_le_2s,0.09849473987794635,0.2714175594353499,0.3652326981191967,0.4866575377740612,0.5773640143905886,1.5037359732924582,2.264491867315574,3.144338937533104,0.058662297898739384,0.25185234961058217,0.28306092235335,0.44395050154953614,0.6563603407491923,1.601834774017334,2.351182460784912,2.6568803787231445,0.06755356221602074,0.2273735265550552,0.3527982734893691,0.5792470198726726,0.7392452024393729,1.5619312711565323,2.158610463056113,3.180281815872571,0.33035741444875655
TSU,54,226.0,0.07103598570000016,image_color_derived_proxy,13.0,0.0,0.9310344827586207,0.004608294930875576,89.61299896240234,652,5216.3515625,0.02209496111573926,nearest_physical_car_same_track_location_crossing_headway_le_2s,0.06229003584699323,0.1133876504745757,0.17029907826274257,0.2475532410432535,0.4048743460935461,1.7060205547626204,2.6868493276099636,3.370885534685086,0.0,0.0,0.02209496111573926,0.1417316937055132,0.4190574807664556,2.176203727722168,2.5407607555389404,2.9796206951141357,0.0,0.02053277971488423,0.11070935308117699,0.29182146416939564,0.5683550381605951,1.9810564234282284,2.416179554708284,3.669575901898443,0.03890926796811378
TSU,55,72.0,0.8080817413,image_color_derived_proxy,14.0,0.0,0.9482758620689655,0.001466275659824047,90.36100006103516,683,5216.3515625,0.8645433132634746,nearest_physical_car_same_track_location_crossing_headway_le_2s,0.5429222729416926,0.5894136821156256,0.770044606472063,0.8598953547952147,0.9327254404510226,0.2243915965256182,1.377165750554783,2.350802384019843,0.49269047755546636,0.6088910296250434,0.8645433132634746,1.0,1.0,0.6463615894317627,1.5920288562774658,2.134418249130249,0.49269039312308377,0.6693485047489416,0.8344088101560674,0.9391108959820909,0.9811865838928174,0.6836460077872105,1.509376678726808,2.093210847808734,0.8199935141573192
TSU,56,197.0,0.20983031630000012,image_color_derived_proxy,14.0,0.0,0.9655172413793104,0.014970059880239521,90.14199829101562,669,5216.3515625,0.21853297883757486,nearest_physical_car_same_track_location_crossing_headway_le_2s,0.530973312035996,0.5704776489467878,0.6911761305212435,0.7557298194334839,0.7759313072847845,0.08884476479210147,1.3311904907226562,2.9003542792528196,0.0,0.0,0.21853297883757486,0.2582592035677759,0.3824965137808491,1.892723798751831,2.7533717155456543,3.259451150894165,0.0,0.051685129044065,0.20920327471847025,0.34122821208247894,0.5182823375391407,1.8301755086621214,2.472619011660623,4.2506008952150225,0.2966772450352232
TSU,57,229.0,0.05667795150000003,image_color_derived_proxy,14.0,0.0,0.9827586206896551,0.004524886877828055,89.83499908447266,664,5216.3515625,0.0040073536374509305,nearest_physical_car_same_track_location_crossing_headway_le_2s,0.5019758633080175,0.567206613959427,0.6148940113095255,0.6400512202785037,0.660099089984393,0.12418992685717205,1.4930550951476491,3.477675332724426,0.0,0.0,0.0040073536374509305,0.23240383552983634,0.3575332532813785,2.1235928535461426,2.6503775119781494,3.0031683444976807,0.0,0.016708403918078638,0.1532030803272024,0.3234151628050049,0.47262200428319573,1.8988609743950178,2.530057633445462,3.924134821658046,0.21606784885756564
TSU,58,173.0,0.32469458990000005,image_color_derived_proxy,14.0,0.0,1.0,0.0015408320493066256,89.7040023803711,650,5216.3515625,0.7368456438228518,nearest_physical_car_same_track_location_crossing_headway_le_2s,0.23587575938643693,0.3076674630537326,0.4053776687975003,0.6499264140732489,0.819383733624431,0.5157131993493369,2.1186944298601875,2.770572234578215,0.07691966180751769,0.22361327482634122,0.7368456438228518,0.9823530707538212,0.9823530707538212,1.5105626583099365,1.9404633045196533,2.1056575775146484,0.12444263040600771,0.353317518000783,0.7602447958921839,0.84215859908368,0.8949545028344446,1.4632734452439071,1.8641780700351638,2.5125783354484947,0.5902599318543704
ANT,1,15.0,1.0,image_color_derived_proxy,17.0,0.005837942205430403,0.017241379310344827,0.11588541666666667,101.06300354003906,769,5216.3515625,0.9941620577945696,nearest_physical_car_same_track_location_crossing_headway_le_2s,0.9921831061606322,0.9937167908312592,0.9937167908312592,0.9937167908312592,0.9937167908312592,0.021717948179978592,0.123976568877697,0.4243962197933557,0.9941620577945696,0.9941620577945696,0.9941620577945696,0.9941620577945696,0.9941620577945696,0.02092266082763672,0.15191102027893066,0.3835177421569824,0.9962003901402032,0.9962003901402032,0.9962003901402032,0.9966357621182798,0.9966357621182798,0.02076985481479223,0.15088857701878147,0.3870985472551547,0.9934996899938082
ANT,2,15.0,1.0,image_color_derived_proxy,17.0,0.0,0.034482758620689655,0.025899280575539568,91.84099960327148,696,5216.3515625,1.0,nearest_physical_car_same_track_location_crossing_headway_le_2s,0.991169521962868,0.996766150279036,0.996766150279036,0.996766150279036,0.996766150279036,0.07000220791327469,0.2857756321246807,0.7083092443721811,1.0,1.0,1.0,1.0,1.0,0.04387307167053223,0.5193009376525879,0.780531644821167,1.0,1.0,1.0,1.0,1.0,0.04377891074499503,0.5205628269530945,0.7686959506693986,0.9983958690224913
ANT,3,15.0,1.0,image_color_derived_proxy,17.0,0.0,0.05172413793103448,0.01300578034682081,90.62499618530273,693,5216.3515625,1.0,nearest_physical_car_same_track_location_crossing_headway_le_2s,0.9841434643088911,0.9885020481399872,0.9917462141574713,0.992695163550864,0.994902068614126,0.10642553520782379,0.36968848683009636,0.7514104245313957,1.0,1.0,1.0,1.0,1.0,0.07825398445129395,0.44957661628723145,0.874913215637207,1.0,1.0,1.0,1.0,1.0,0.0754451855358171,0.4474592252766597,0.9012735137087288,0.9970900166700549
ANT,4,15.0,1.0,image_color_derived_proxy,17.0,0.0,0.06896551724137931,0.026785714285714284,90.65800476074219,673,5216.3515625,1.0,nearest_physical_car_same_track_location_crossing_headway_le_2s,0.9552052754982316,0.9800569804016351,0.9842816002405509,0.9906792483896372,0.9915065417228336,0.14603242836928176,0.570111835920865,1.047676599415898,1.0,1.0,1.0,1.0,1.0,0.04965662956237793,0.3840768337249756,1.0084640979766846,1.0,1.0,1.0,1.0,1.0,0.04995859476023622,0.387471755051099,0.9775281936611893,0.995337695431822
ANT,5,15.0,1.0,image_color_derived_proxy,17.0,0.0,0.08620689655172414,0.008759124087591242,90.83300018310547,686,5216.3515625,1.0,nearest_physical_car_same_track_location_crossing_headway_le_2s,0.9784989947509644,0.9867779750983838,0.9915779597779435,0.9936146796145456,0.9936146796145456,0.1052556382086044,0.4560462545467625,0.9035322373913179,1.0,1.0,1.0,1.0,1.0,0.11784744262695312,0.5463902950286865,1.031296730041504,1.0,1.0,1.0,1.0,1.0,0.11743750754128404,0.5422179056847635,1.019541761352838,0.9979194467729304
ANT,6,20.0,1.0,image_color_derived_proxy,17.0,0.0,0.10344827586206896,0.005961251862891207,90.39300155639648,672,5216.3515625,1.0,nearest_physical_car_same_track_location_crossing_headway_le_2s,0.9907072148183301,0.993074704700476,0.9975661832772458,0.9975661832772458,0.9975661832772458,0.13892282565690314,0.5216890149000215,0.7907546361287435,1.0,1.0,1.0,1.0,1.0,0.1963188648223877,0.6558022499084473,1.1534404754638672,0.9893132941562289,1.0,1.0,1.0,1.0,0.19638072854219488,0.6635299662870513,1.1360929457709266,0.999068658857219
ANT,7,15.0,1.0,image_color_derived_proxy,17.0,0.0,0.1206896551724138,0.014771048744460856,90.44099426269531,678,5216.3515625,1.0,nearest_physical_car_same_track_location_crossing_headway_le_2s,0.9828286251067336,0.9876162621816741,0.9899050553789339,0.991375621036137,0.9938081175804236,0.08777777808053154,0.489137077331543,0.8357142857142857,1.0,1.0,1.0,1.0,1.0,0.04988384246826172,0.3934605121612549,1.1169872283935547,1.0,1.0,1.0,1.0,1.0,0.04915681286555721,0.39244473029799404,1.1022560202868232,0.9963715678383521
ANT,8,15.0,1.0,image_color_derived_proxy,16.0,0.0,0.13793103448275862,0.008645533141210375,90.56900024414062,695,5216.3515625,1.0,nearest_physical_car_same_track_location_crossing_headway_le_2s,0.9857346317035927,0.9857346317035927,0.9888262258830509,0.9916196579775732,0.9950093300034917,0.10793750566594741,0.48999791988187974,0.7699874038084257,0.9091079903563793,0.982698259464614,1.0,1.0,1.0,0.3077046871185303,0.9890434741973877,1.4792745113372803,0.9058396849144053,0.9614989941925994,0.9779836425727778,0.996842194378598,1.0,0.30310351796267376,0.9943627852152609,1.4682019754481546,0.9897851786028125
ANT,9,36.0,0.9803781517,image_color_derived_proxy,15.0,0.0,0.15517241379310345,0.004464285714285714,90.15499925613403,673,5216.3515625,1.0,nearest_physical_car_same_track_location_crossing_headway_le_2s,0.9570739555953135,0.9864233662279132,0.9919693703777162,0.9981032665384547,0.9981032665384547,0.12459775501977852,0.626256798689459,0.9118306252264208,0.8735622166873628,0.9866784956626647,1.0,1.0,1.0,0.5721123218536377,1.070228099822998,1.5277750492095947,0.8628472776014788,0.9383949975822814,0.9690755008322713,0.9809217321846287,0.9946758834063614,0.5637105321153921,1.0624228583383863,1.5779849938645127,0.988186502692134
ANT,10,36.0,0.9803781517,image_color_derived_proxy,15.0,0.0,0.1724137931034483,0.0028735632183908046,90.21749782562256,697,5216.3515625,1.0,nearest_physical_car_same_track_location_crossing_headway_le_2s,0.9614487428438484,0.9729432155178849,0.9917532559467847,0.9953778262595048,0.9953778262595048,0.16672433195174324,0.673787397720489,1.116927014931428,0.7825255486784167,0.9920192730007344,1.0,1.0,1.0,0.6524813175201416,1.0861294269561768,1.595672845840454,0.8368387333335849,0.9298583847385129,0.9628564101170378,0.9800481825018362,0.9865657790367924,0.636692612795509,1.088845391895707,1.5891337851691394,0.9969331704504645
ANT,11,15.0,1.0,image_color_derived_proxy,15.0,0.0,0.1896551724137931,0.011477761836441894,90.78299713134766,698,5216.3515625,1.0,nearest_physical_car_same_track_location_crossing_headway_le_2s,0.9620083561771305,0.97914816891437,0.9862530286143694,0.9902074423440024,0.9921131312489447,0.10415464112456993,0.5661084841610444,1.0693450605365593,0.9839948100315746,1.0,1.0,1.0,1.0,0.5319342613220215,1.0388236045837402,1.3661623001098633,0.9279269565477549,0.9587367003697503,0.9925096072319365,0.9954507097968428,1.0,0.518289617967612,1.0444662372617104,1.3976103673078817,0.9944602512820182
ANT,12,14.0,1.0,image_color_derived_proxy,15.0,0.0,0.20689655172413793,0.004329004329004329,91.19400024414062,694,5216.3515625,1.0,nearest_physical_car_same_track_location_crossing_headway_le_2s,0.9512138719146815,0.976687017523559,0.9929271936135382,0.9964800314832577,0.9964800314832577,0.1042200050354004,0.5749812876067547,0.9378409183424244,0.9869180321559979,1.0,1.0,1.0,1.0,0.37491798400878906,0.9676623344421387,1.3061091899871826,0.9426278007660015,0.9704037612377834,0.9859640022822761,0.9937276311011982,1.0,0.37510955913308247,0.9909160510015581,1.3159249193902942,0.993846979258542
ANT,13,15.0,1.0,image_color_derived_proxy,15.0,0.0,0.22413793103448276,0.01818181818181818,91.1049976348877,661,5216.3515625,1.0,nearest_physical_car_same_track_location_crossing_headway_le_2s,0.9817024468616383,0.9924592611712526,0.9949947861031083,0.9949947861031083,0.9949947861031083,0.11639830621622377,0.6869523963149713,0.988308268440764,0.9581801475495044,0.9957082613415018,1.0,1.0,1.0,0.19277739524841309,0.8347127437591553,1.300299882888794,0.946621997658256,0.9837550125606986,0.9889029383846925,0.9916579952663083,0.9938532728924708,0.19196431548483686,0.8207710049796035,1.3222130421311054,0.9945013827828104
ANT,14,14.0,1.0,image_color_derived_proxy,15.0,0.0,0.2413793103448276,0.001440922190201729,91.2400016784668,695,5216.3515625,1.0,nearest_physical_car_same_track_location_crossing_headway_le_2s,0.9978189390914858,0.9978189390914858,0.9978189390914858,0.9978189390914858,0.9978189390914858,0.14066834801171085,0.6719100952148438,0.88319091796875,0.9720516987631793,1.0,1.0,1.0,1.0,0.43982410430908203,0.8895480632781982,1.1802473068237305,0.9792854082104375,0.991231882540105,1.0,1.0,1.0,0.43685695694199367,0.8742184532709241,1.242016281865077,1.0
ANT,15,15.0,1.0,image_color_derived_proxy,12.0,0.0,0.25862068965517243,0.008746355685131196,91.05800151824951,687,5216.3515625,0.9956071957489867,nearest_physical_car_same_track_location_crossing_headway_le_2s,0.9960025735030553,0.9963539723931095,0.9963539723931095,0.9963539723931095,0.9963539723931095,0.14265262804533305,0.5983762080126469,1.0322171161049292,0.9913132289815899,0.9943881931355413,0.9956071957489867,0.9974631559803347,0.9974631559803347,0.265852689743042,0.7402172088623047,1.1704530715942383,0.9822091573805052,0.9943881931355413,0.9956071957489867,1.0,1.0,0.2664127075264304,0.7324367229229851,1.1610300485405316,0.9958421451682115
ANT,16,15.0,1.0,image_color_derived_proxy,11.0,0.0,0.27586206896551724,0.004411764705882353,91.25000381469727,681,5216.3515625,0.9879342541447781,nearest_physical_car_same_track_location_crossing_headway_le_2s,0.9972492816846965,0.997797260311189,0.997797260311189,0.997797260311189,0.997797260311189,0.1494783476010799,0.78657623561,1.2332952008928573,0.7470356328452904,0.9455123375456368,0.9879342541447781,0.9979178076791504,1.0,0.7199358940124512,1.1509993076324463,1.6030445098876953,0.7933369579226577,0.9003069226907423,0.9488109531638387,0.9729315207314051,0.9796054639589299,0.715372348339317,1.172233655558501,1.7451196211825628,0.9819530810751453
ANT,17,20.0,1.0,image_color_derived_proxy,8.0,0.0,0.29310344827586204,0.020348837209302327,91.25000381469727,689,5216.3515625,0.9950684928342848,nearest_physical_car_same_track_location_crossing_headway_le_2s,0.9585643416573787,0.970389024783554,0.9730410858215505,0.976208225029902,0.976208225029902,0.23977048351283067,0.6938900562042886,1.1929916381835939,0.9690739553133212,0.9800438118485203,0.9950684928342848,0.9950684928342848,0.9950684928342848,0.07316923141479492,0.5664513111114502,1.0704505443572998,0.9693041095763278,0.9786191609581031,0.9870684746700559,0.9961643847671139,0.9961643847671139,0.07414597971552384,0.5640532970045674,1.0641206872856486,0.9872426423971344
ANT,18,20.0,1.0,image_color_derived_proxy,8.0,0.0,0.3103448275862069,0.007363770250368188,91.93500137329102,680,5216.3515625,1.0,nearest_physical_car_same_track_location_crossing_headway_le_2s,0.9931146603334435,0.9960624355996249,0.9960624355996249,0.9960624355996249,0.9960624355996249,0.41469798760126103,0.5985251059079303,1.080047607421875,0.9956381706067362,1.0,1.0,1.0,1.0,0.5119647979736328,0.9035120010375977,1.3226101398468018,0.9611572663125038,0.9981617586801841,1.0,1.0,1.0,0.5159542437287533,0.9228230339503516,1.3781016907776578,0.9987346059299402
ANT,19,23.0,1.0,image_color_derived_proxy,9.0,0.0,0.3275862068965517,0.01188707280832095,91.24900436401367,674,5216.3515625,0.9649311367516376,nearest_physical_car_same_track_location_crossing_headway_le_2s,0.5652554433815618,0.8816973215077403,0.92244297608119,0.9580708187671274,0.9960876286178408,0.5454755752016744,1.4653469163544324,1.7809313825068585,0.5126303744497527,0.8051268334837003,0.9649311367516376,0.9909149432791178,1.0,0.1624436378479004,1.4971928596496582,1.8723697662353516,0.560225422745183,0.7471863661733787,0.9237252469954594,0.9658955236453403,0.9855231390773532,0.1625759392714104,1.4761605410268932,1.9742584285364937,0.9324858883492146
ANT,20,21.0,1.0,image_color_derived_proxy,9.0,0.0,0.3448275862068966,0.024079320113314446,91.87300491333008,707,5216.3515625,0.9141205777563878,nearest_physical_car_same_track_location_crossing_headway_le_2s,0.8650419862483562,0.8847430885215415,0.9073830351050701,0.9852949205979732,0.9892242582894497,0.2505431866652211,0.7800743244837651,1.853434625073014,0.8077890125675776,0.8876710269724365,0.9141205777563878,0.9914011508781552,0.9969523150826087,0.1240994930267334,0.6142151355743408,1.767338514328003,0.8262601674529646,0.8826641047295509,0.92489629870623,0.9799614609634123,0.9935780772030112,0.12285415669201648,0.6129562670000545,1.9367676855306202,0.9225090991416203
ANT,21,38.0,0.9708061289000001,image_color_derived_proxy,8.0,0.0,0.3620689655172414,0.024531024531024532,91.93699836730957,694,5216.3515625,0.9942460670023203,nearest_physical_car_same_track_location_crossing_headway_le_2s,0.8520835404717471,0.8769157525217335,0.886802920888919,0.8950694746129604,0.9015956248036237,0.06663975581967257,0.7215706175270942,2.264412335268001,0.9942460670023203,0.9942460670023203,0.9942460670023203,0.9942460670023203,0.9942460670023203,0.0959932804107666,0.4727358818054199,0.9406161308288574,0.9942460670023203,0.9942460670023203,0.9942460670023203,0.9942460670023203,0.9942460670023203,0.09718981510304876,0.4766394301956797,0.9333803760507606,0.9714117467445879
ANT,22,37.0,0.9755921403000001,image_color_derived_proxy,8.0,0.0,0.3793103448275862,0.01171303074670571,90.64799499511719,684,5216.3515625,0.9745057701044674,nearest_physical_car_same_track_location_crossing_headway_le_2s,0.6430258851266566,0.6741682222255911,0.7016151447888483,0.7468780655152871,0.8368633989107904,0.6187835367714486,1.1650950490578134,2.69399253315835,0.9397559709643987,0.9745057701044674,0.9745057701044674,1.0,1.0,0.14281535148620605,0.7771952152252197,1.3518989086151123,0.9463860740817549,0.9719794504256817,1.0,1.0,1.0,0.14310521015119762,0.7677659540344951,1.3952514216093097,0.9052084572962149
ANT,23,49.0,0.9181600035000002,image_color_derived_proxy,8.0,0.0,0.39655172413793105,0.01749271137026239,90.25899600982666,687,5216.3515625,0.9204622757861753,nearest_physical_car_same_track_location_crossing_headway_le_2s,0.6016131839100864,0.6451213129540748,0.660621049190352,0.7094914951929514,0.7303537597073445,0.1583432852332272,0.9348140621973463,3.7167865195970857,0.9107014701297186,0.9107014701297186,0.9204622757861753,0.9328488530797657,0.9376129033887269,0.19376134872436523,0.8050129413604736,1.1564922332763672,0.9062586888636956,0.9289711190372596,0.9353970704586881,0.9677484171984196,0.9893639512191323,0.19315128746195406,0.7825220207432194,1.233904574698829,0.8682707565859915
ANT,24,32.0,0.9995221973000001,image_color_derived_proxy,9.0,0.0,0.41379310344827586,0.007429420505200594,91.41800308227539,674,5216.3515625,0.9992452225840185,nearest_physical_car_same_track_location_crossing_headway_le_2s,0.824235871713669,0.8989040469336937,0.9117352212773039,0.9220176030874352,0.9281432844599518,0.1991575554625629,1.18565017061995,1.719490687052409,0.8817410713708228,0.9361395213230671,0.9992452225840185,1.0,1.0,0.23684906959533691,0.9102106094360352,1.5327534675598145,0.886543221668588,0.9448904619260319,0.9996937159313741,1.0,1.0,0.2365590871635312,0.8907224858621713,1.5437094559737912,0.9789547103269082
ANT,25,20.0,1.0,image_color_derived_proxy,9.0,0.0,0.43103448275862066,0.011577424023154847,90.32899856567383,692,5216.3515625,1.0,nearest_physical_car_same_track_location_crossing_headway_le_2s,0.9072169573471744,0.9361666623731667,0.9530383858959792,0.9582415588910185,0.965415237230304,0.19856693237785278,0.8094003493744762,1.4651370009330855,0.9744046305608656,0.9977968854951,1.0,1.0,1.0,0.1302351951599121,1.0422477722167969,1.4169347286224365,0.9216529651227733,0.9731980022133344,0.9955606617705282,1.0,1.0,0.13118593992674893,1.0334964784100302,1.4364100499872097,0.9895963920029691
ANT,26,26.0,1.0,image_color_derived_proxy,9.0,0.0,0.4482758620689655,0.013452914798206279,89.95299530029297,670,5216.3515625,0.9945749559447883,nearest_physical_car_same_track_location_crossing_headway_le_2s,0.5972896730995998,0.6662590220205238,0.6906162934395583,0.7480129592973693,0.7655887984243683,0.3192889862640729,1.4003307502079374,5.343286975596296,0.6987872158081558,0.7962046181702124,0.9945749559447883,1.0,1.0,0.06809091567993164,0.9526083469390869,1.8418877124786377,0.7140062617262518,0.8299223286494624,0.9455382844179194,0.9603348306352016,0.987337747180547,0.0676916556347683,0.9412741520953394,1.9098124452075675,0.8883955034888045
ANT,27,29.0,1.0,image_color_derived_proxy,10.0,0.0,0.46551724137931033,0.016320474777448073,91.40350151062012,675,5216.3515625,1.0,nearest_physical_car_same_track_location_crossing_headway_le_2s,0.6807672376967632,0.8970281084240876,0.929466661023962,0.9395865733585655,0.9506911949564497,0.2638589623856218,1.2365843649471506,1.7604521453197899,0.753040075177541,0.8382447105082266,1.0,1.0,1.0,0.08028125762939453,0.716588020324707,1.8131697177886963,0.774866388199565,0.8816456580819582,1.0,1.0,1.0,0.08038739394742828,0.7000449518126763,1.7641098816109027,0.9759507597919145
ANT,28,58.0,0.8750859009000002,image_color_derived_proxy,10.0,0.0,0.4827586206896552,0.01639344262295082,90.81599807739258,672,5216.3515625,0.9834831283357757,nearest_physical_car_same_track_location_crossing_headway_le_2s,0.8355907588845471,0.9051379345337264,0.9120199818957714,0.9201022500848389,0.9311025626416897,0.2689688673000146,0.7949541921834,1.5623374295521932,0.953840759152327,0.9639601914892715,0.9834831283357757,0.9887685356692641,0.9887685356692641,0.04974675178527832,0.5049009323120117,1.1992261409759521,0.9520789987125144,0.9887685356692641,0.9887685356692641,0.9887685356692641,0.9920718679974254,0.04949247809588964,0.500249196617686,1.189620452196994,0.9648267402427606
ANT,29,52.0,0.9038019693000001,image_color_derived_proxy,10.0,0.0,0.5,0.017241379310344827,90.46199798583984,697,5216.3515625,0.8607149679494073,nearest_physical_car_same_track_location_crossing_headway_le_2s,0.5602020656934892,0.5957308045392461,0.6639030330938552,0.6926554572875934,0.7271341022439421,0.6096012279299872,1.218044770653568,3.20343017578125,0.8607149679494073,0.8607149679494073,0.8607149679494073,0.8607149679494073,0.8737591227486466,0.08502197265625,1.019547700881958,2.6852169036865234,0.8607149679494073,0.8607149679494073,0.8629258495062214,0.8894673921431454,0.9111228059966088,0.08459171059749898,0.9908883368074101,2.4587675544931398,0.8210667791240703
ANT,30,45.0,0.9373040491000001,image_color_derived_proxy,11.0,0.0,0.5172413793103449,0.013313609467455622,91.31600284576416,677,5216.3515625,0.9806496316532805,nearest_physical_car_same_track_location_crossing_headway_le_2s,0.7093061852465619,0.7111021207347094,0.7134456387954566,0.7381181438016043,0.7476126942364898,0.2527692383986253,0.9072439985338185,4.9696872339730405,0.9739366695146906,0.9806496316532805,0.9806496316532805,0.9806496316532805,0.9806496316532805,0.13414764404296875,0.6145529747009277,1.2117223739624023,0.9521770715275245,0.9806496316532805,0.9806496316532805,0.9806496316532805,0.9806496316532805,0.13332710916205895,0.6444657682170525,1.203519226659444,0.9222270169521065
ANT,31,45.0,0.9373040491000001,image_color_derived_proxy,11.0,0.0,0.5344827586206896,0.011611030478955007,91.1500015258789,690,5216.3515625,0.9937356101376948,nearest_physical_car_same_track_location_crossing_headway_le_2s,0.9696434160654246,0.9739001410438778,0.9750740549935161,0.9750740549935161,0.976105299686316,0.2740565574555934,1.032637152939556,1.3870461225930713,0.7143170336044063,0.8710696377473139,0.9937356101376948,0.9937356101376948,0.9937356101376948,0.6745469570159912,1.3471181392669678,1.7760517597198486,0.7231376472487767,0.8679976869919369,0.9425233525174449,0.9628634728450894,0.982984064986537,0.6380506923906013,1.3133647032317008,1.8095434557631118,0.9622574884147561
ANT,32,97.0,0.6884314563000001,image_color_derived_proxy,13.0,0.0,0.5517241379310345,0.011157601115760111,92.94100189208984,718,5216.3515625,0.7313134436954044,nearest_physical_car_same_track_location_crossing_headway_le_2s,0.4261090800288098,0.48154200266205044,0.677397424321105,0.8245553038639996,0.9045415763965955,0.3840961603017954,1.8105792295585559,2.4597026570970333,0.5758492006789053,0.6285600609893496,0.7313134436954044,0.9738113430487353,0.9867980764881653,0.23046469688415527,1.1997642517089844,2.101304292678833,0.5929999130681977,0.6461303601582931,0.7704457581056517,0.8903928406796999,0.9078985810312344,0.23077764515360372,1.1574518032840178,2.355069071625156,0.7423003876061364
ANT,33,239.0,0.00881783750000011,image_color_derived_proxy,20.0,0.0,0.5689655172413793,0.016548463356973995,110.8499984741211,847,5216.3515625,0.1292557426594521,nearest_physical_car_same_track_location_crossing_headway_le_2s,0.02760487023628273,0.04564727765166889,0.07285519546632946,0.09239512322521938,0.11792510117121015,2.3651524613543256,5.601290671476223,9.835468010153058,0.10520522890902548,0.1216779333301719,0.1292557426594521,0.14084799611558166,0.15342352781074367,1.34291410446167,6.121495962142944,6.358476638793945,0.10479024937555624,0.1274515129946451,0.14891293644215278,0.15880018624050893,0.16839873984906806,1.4300956075260873,5.179669777267399,11.042849554043203,0.1266348508436741
ANT,34,240.0,0.00403182610000016,image_color_derived_proxy,19.0,0.0,0.5862068965517241,0.0075528700906344415,88.15499973297119,663,5216.3515625,0.06294593983719783,nearest_physical_car_same_track_location_crossing_headway_le_2s,0.06336566796466839,0.06797119119239603,0.0716011603854322,0.09612615500962128,0.13923199083330257,2.2912251479753105,4.758895691828942,6.5495298886628746,0.05931596793962328,0.059690308504203454,0.06294593983719783,0.06558900945708913,0.07110202701147958,4.422868728637695,5.085096597671509,5.822661876678467,0.059690308504203454,0.059690308504203454,0.06294593983719783,0.06520332605859391,0.06558900945708913,3.4233613725029084,4.96471602155603,9.488052827338986,0.05101883842211674
ANT,35,240.0,0.00403182610000016,image_color_derived_proxy,19.0,0.0,0.603448275862069,0.0,88.44499969482422,668,5216.3515625,0.0,nearest_physical_car_same_track_location_crossing_headway_le_2s,0.000961038891581684,0.025925708355362353,0.06183497268919143,0.0792470418574231,0.13368763932842695,2.3236071999289774,3.932946730929183,5.1872441243568375,0.0,0.0,0.0,0.0,0.0,3.427663803100586,3.704380512237549,4.329166889190674,0.0,0.0,0.0,0.0,0.04254622082950225,2.799913088752261,3.6583467433357626,6.214379821321995,0.0
ANT,36,240.0,0.00403182610000016,image_color_derived_proxy,19.0,0.0,0.6206896551724138,0.0,88.31949615478516,649,5216.3515625,0.026268262341060934,nearest_physical_car_same_track_location_crossing_headway_le_2s,0.07674409584550665,0.10794898988123318,0.2237105735701304,0.3369866590870434,0.4273743548516255,1.6994608724421143,2.687080853501047,3.7148304050251593,0.0,0.0,0.026268262341060934,0.11221191247949566,0.27632058947083993,2.237452745437622,2.882843494415283,3.3856089115142822,0.0,0.024739696824859735,0.09510934188926896,0.21109152880998303,0.3680557709157563,2.0228004039856424,2.8375694822478166,4.294591834113817,0.07671976838217676
ANT,37,110.0,0.6262133081000001,image_color_derived_proxy,19.0,0.0,0.6379310344827587,0.0,88.81200194358826,661,5216.3515625,0.5566928171760379,nearest_physical_car_same_track_location_crossing_headway_le_2s,0.553630186005655,0.6423794303604922,0.7190807891775063,0.8327253103106517,0.9514029594297423,0.6273037344199598,1.4408766004774307,2.3281895929453045,0.0060352312220843165,0.4193915518370803,0.5566928171760379,0.8193825371817285,0.9855875472764378,1.5936975479125977,1.7958602905273438,2.305327892303467,0.13006125415359038,0.4023105034144081,0.5298720322961974,0.8231207748920426,0.8912421965547346,1.4562491964735298,1.9407340158462403,2.6022628759778237,0.5767149541579102
ANT,38,38.0,0.9708061289000001,image_color_derived_proxy,19.0,0.0,0.6551724137931034,0.0,89.09400177001953,648,5216.3515625,1.0,nearest_physical_car_same_track_location_crossing_headway_le_2s,0.9636563702930809,0.9953532224806938,0.9953532224806938,0.9953532224806938,0.9953532224806938,0.9144130872643512,1.1528590976791895,1.3735724407693615,1.0,1.0,1.0,1.0,1.0,0.7860894203186035,0.9968953132629395,1.2617762088775635,0.9878667547431526,1.0,1.0,1.0,1.0,0.7771814872504018,0.9846176602563165,1.278259439844594,0.9966925406130689
ANT,39,27.0,1.0,image_color_derived_proxy,18.0,0.0,0.6724137931034483,0.005952380952380952,89.48199844360352,673,5216.3515625,1.0,nearest_physical_car_same_track_location_crossing_headway_le_2s,0.9009856723798916,0.9703068679598016,0.9976084575079691,0.9976084575079691,0.9976084575079691,0.4115522067511233,0.7488333384195963,1.4093849182128908,1.0,1.0,1.0,1.0,1.0,0.2826676368713379,0.6589100360870361,1.0808720588684082,0.9919536752282426,1.0,1.0,1.0,1.0,0.28091950342681976,0.6660464724244197,1.0694422176197318,1.0
ANT,40,33.0,0.9947361859,image_color_derived_proxy,18.0,0.0,0.6896551724137931,0.007407407407407408,89.38600158691406,676,5216.3515625,0.9729151207041447,nearest_physical_car_same_track_location_crossing_headway_le_2s,0.9681382525476694,0.9970017675931602,0.9970017675931602,0.9970017675931602,0.9970017675931602,0.4185074649639984,0.913611532358023,1.3063396012332127,0.9729151207041447,0.9729151207041447,0.9729151207041447,0.9729151207041447,0.9744142669146011,0.27859926223754883,0.8187663555145264,1.136878252029419,0.9729151207041447,0.9729151207041447,0.9729151207041447,0.9729151207041447,0.9729151207041447,0.2781652645030114,0.8018656004758015,1.1513117831258985,0.9758058110593139
ANT,41,150.0,0.43477285210000005,image_color_derived_proxy,16.0,0.0,0.7068965517241379,0.0029585798816568047,88.26499652862549,677,5216.3515625,0.4079533318566228,nearest_physical_car_same_track_location_crossing_headway_le_2s,0.43572200414733003,0.43572200414733003,0.4429728897171366,0.4464737330271707,0.4602050878507873,0.4025274864315666,3.2169682323528477,7.328751746407391,0.4079533318566228,0.4079533318566228,0.4079533318566228,0.4079533318566228,0.4079533318566228,0.36974477767944336,4.906267166137695,5.349244117736816,0.4079533318566228,0.4079533318566228,0.4079533318566228,0.4079533318566228,0.4079533318566228,0.3663207328283702,3.7847450556644575,7.619738241483991,0.41310459509129316
ANT,42,239.0,0.00881783750000011,image_color_derived_proxy,16.0,0.0,0.7241379310344828,0.0015337423312883436,88.31000518798828,653,5216.3515625,0.0,nearest_physical_car_same_track_location_crossing_headway_le_2s,0.0,0.011957872198189041,0.03217075570569563,0.06301682103857038,0.1001812618245457,2.4917112677064703,4.637228655133929,6.528142874581474,0.0,0.0,0.0,0.0,0.0,4.5051398277282715,4.829386234283447,5.119048595428467,0.0,0.0,0.0,0.0,0.0,3.3922558800790408,4.614519516992347,8.779559672801277,0.0
ANT,43,240.0,0.00403182610000016,image_color_derived_proxy,14.0,0.0,0.7413793103448276,0.0030165912518853697,88.53400421142578,664,5216.3515625,0.01581313156926178,nearest_physical_car_same_track_location_crossing_headway_le_2s,0.07301154191035086,0.1165992759577051,0.14509673165398015,0.18237071942074376,0.2553256287077219,1.6437747778481997,3.634661328443099,5.110850143432617,0.010255946293835689,0.01581313156926178,0.01581313156926178,0.020331170699314022,0.020331170699314022,3.702577829360962,4.2277772426605225,4.619866132736206,0.010255946293835689,0.01581313156926178,0.01581313156926178,0.020331170699314022,0.030869393116137952,2.951424896472393,3.8684537316987,7.249155012520189,0.019572739820470808
ANT,44,234.0,0.032747894500000145,image_color_derived_proxy,14.0,0.0,0.7586206896551724,0.0074962518740629685,88.63899612426758,668,5216.3515625,0.0,nearest_physical_car_same_track_location_crossing_headway_le_2s,0.09115633072405487,0.15712044074712622,0.2601337489581442,0.34147504972955756,0.40482177342309394,1.564249958711512,2.9323771623883927,3.9222407468927813,0.0,0.0,0.0,0.037139364683034616,0.057638258197420654,2.7086527347564697,3.339954376220703,3.6431519985198975,0.0,0.0,0.030020595897406722,0.05519009341509261,0.12495621591172835,2.426458868321155,3.0998443404432927,5.3175981589777415,0.054391572803359156
ANT,45,82.0,0.7602216273000001,image_color_derived_proxy,14.0,0.0,0.7758620689655172,0.0,89.1240005493164,689,5216.3515625,0.17530631988036632,nearest_physical_car_same_track_location_crossing_headway_le_2s,0.617768510188748,0.7034693953197237,0.793422725800723,0.9367174459394088,0.9849199246472741,0.4888058920467601,1.23808992234923,2.1037415236569523,0.0,0.0,0.17530631988036632,0.5694426075195984,0.7429087353245399,1.9372236728668213,2.200000762939453,2.715297222137451,0.0,0.03770028936809586,0.23670389210917867,0.6180041546531782,0.7517166437204436,1.8796803640312671,2.1559460210143646,3.0444958404798457,0.3373919471233282
ANT,46,33.0,0.9947361859,image_color_derived_proxy,14.0,0.0,0.7931034482758621,0.009104704097116844,89.02000331878662,660,5216.3515625,0.8995731059524734,nearest_physical_car_same_track_location_crossing_headway_le_2s,0.7841046690090858,0.8152437733730948,0.8258144096605683,0.8677937759501152,0.9051786219500917,0.1849117671742159,0.9770424023955112,2.345386142073006,0.8995731059524734,0.8995731059524734,0.8995731059524734,0.9119299049617835,0.9518535257435652,0.13339614868164062,0.9696848392486572,2.1605067253112793,0.8847562220738657,0.8995731059524734,0.9128397843599111,0.9543585758945445,1.0,0.1319860682130022,0.9641331933940996,1.8497031193094515,0.8755029919940076
ANT,47,97.0,0.6884314563000001,image_color_derived_proxy,13.0,0.0,0.8103448275862069,0.004457652303120356,88.22599792480469,674,5216.3515625,0.6134246596191373,nearest_physical_car_same_track_location_crossing_headway_le_2s,0.5898148853965053,0.6625597881365533,0.6943758410831309,0.7322784346414956,0.8213564994355739,0.4975224908728148,0.8584897059993291,2.7319903505576772,0.6134246596191373,0.6134246596191373,0.6134246596191373,0.6392900250934844,0.7496769704628813,0.32093334197998047,0.9232029914855957,2.7319178581237793,0.6134246596191373,0.6134246596191373,0.6503411288764626,0.7562850885484018,0.8576157488638405,0.31722752415547156,0.9040536778598255,2.7210910966590034,0.621943728846536
ANT,48,236.0,0.0231758717000001,image_color_derived_proxy,13.0,0.0,0.8275862068965517,0.0,89.02799987792969,661,5216.3515625,0.0,nearest_physical_car_same_track_location_crossing_headway_le_2s,0.08112048355491325,0.1259154964942389,0.20103794832805127,0.2902794328523642,0.3898212036332262,1.6286150882118628,2.6958829909600004,3.1595075904424466,0.0,0.0,0.0,0.0,0.0,2.695274829864502,2.864656925201416,3.0252163410186768,0.0,0.0,0.01190633912979243,0.05801547688686287,0.23816112851043159,2.323076588945232,2.7331242339917634,4.247228315725044,0.006702916321368768
ANT,49,240.0,0.00403182610000016,image_color_derived_proxy,13.0,0.0,0.8448275862068966,0.0,89.0,669,5216.3515625,0.0,nearest_physical_car_same_track_location_crossing_headway_le_2s,0.1087415459450711,0.17051683115155508,0.2866854024737069,0.38308982366926214,0.4871684567312176,1.4342222849527997,2.5300204841458065,3.0365728885451673,0.0,0.0,0.0,0.0,0.0,2.637061834335327,2.914224624633789,3.094411611557007,0.0,0.0,0.0,0.06243818797422259,0.21710109375835804,2.331717575628873,2.75725170556978,4.319544095603811,0.025554534426689313
ANT,50,185.0,0.2672624531000001,image_color_derived_proxy,13.0,0.0,0.8620689655172413,0.009302325581395349,89.00399780273438,646,5216.3515625,0.18875555763568655,nearest_physical_car_same_track_location_crossing_headway_le_2s,0.35729844066466354,0.5044605469584428,0.608938914503359,0.7378656394534101,0.9212394796232312,0.6397499925949995,1.742315209079578,2.4011003919043397,0.09663612817218548,0.09663612817218548,0.18875555763568655,0.432486191416168,0.8847017966502805,1.8937456607818604,2.294656276702881,2.5263640880584717,0.09663612817218548,0.14071280374341288,0.3581187298194435,0.5597726126275209,0.7954811791933983,1.675088629012259,2.1899511743693205,3.106372142581171,0.292512577133909
ANT,51,42.0,0.9516620833,image_color_derived_proxy,14.0,0.0,0.8793103448275862,0.0014992503748125937,89.81999588012695,668,5216.3515625,0.87440436761197,nearest_physical_car_same_track_location_crossing_headway_le_2s,0.6804498279797397,0.7307837642450727,0.8129258142215166,0.9621687726205677,0.9821977126345566,0.15999459805695906,0.6863158067710969,2.107965792142428,0.772411485492534,0.772411485492534,0.87440436761197,1.0,1.0,0.2716188430786133,0.939199686050415,2.0579681396484375,0.754831939473807,0.7889223311971962,0.8826653302059779,0.9485860742393125,0.9610331916051343,0.27045139283366465,0.933189737038033,2.00574193693455,0.8566865314410846
ANT,52,68.0,0.8272257869,image_color_derived_proxy,14.0,0.0,0.896551724137931,0.0015408320493066256,89.00499701499939,650,5216.3515625,0.7413740601193342,nearest_physical_car_same_track_location_crossing_headway_le_2s,0.5694061777321701,0.7020167003373822,0.8487275919710648,0.973698115780625,0.9970451095976132,0.6399012635655099,1.4104999743009867,2.093217512952733,0.36115941428022735,0.46788382964941727,0.7413740601193342,0.946733357974787,1.0,1.3879308700561523,1.849364995956421,2.155491828918457,0.36928259176125494,0.5126116012547774,0.7779899476851947,0.8710184400657982,0.9011067827174932,1.32504353738295,1.7380896799928427,2.49708781124441,0.7806046030600884
ANT,53,46.0,0.9325180377000001,image_color_derived_proxy,14.0,0.0,0.9137931034482759,0.006015037593984963,89.53399658203125,666,5216.3515625,1.0,nearest_physical_car_same_track_location_crossing_headway_le_2s,0.9756740582979703,0.9955547611287217,0.9955547611287217,0.9955547611287217,0.9955547611287217,0.3319999969482422,1.0357990453543942,1.2814901942453667,0.9365604282768376,0.9843523015832438,1.0,1.0,1.0,0.06081676483154297,1.288095235824585,1.4268014430999756,0.8820559509049543,0.9439430696865893,1.0,1.0,1.0,0.05971188170200225,1.2875512751749432,1.5424815380734755,1.0
ANT,54,23.0,1.0,image_color_derived_proxy,15.0,0.0,0.9310344827586207,0.004580152671755725,90.14399743080139,656,5216.3515625,1.0,nearest_physical_car_same_track_location_crossing_headway_le_2s,0.9655884127668001,0.9655884127668001,0.9658102427680906,0.9682507959604649,0.9693601152381889,0.2753954741914394,0.8835580739667338,1.1098727207874746,1.0,1.0,1.0,1.0,1.0,0.218858003616333,0.999753475189209,1.341291904449463,0.9820287230125819,0.9924565104215866,1.0,1.0,1.0,0.2171114546002028,0.9814350701412627,1.332302564665788,0.9915941185849563
ANT,55,46.0,0.9325180377000001,image_color_derived_proxy,15.0,0.0,0.9482758620689655,0.0014792899408284023,89.63300228118896,677,5216.3515625,1.0,nearest_physical_car_same_track_location_crossing_headway_le_2s,0.8369016267832317,0.9348677554021692,0.9518258000852564,0.9596354746450879,0.9672330347974133,0.1955935083028194,0.9935092602268796,1.5500934170377858,0.8866488737832561,1.0,1.0,1.0,1.0,0.8449652194976807,1.1518299579620361,1.5581457614898682,0.8349157274544787,0.9390849470003915,0.9732129805377903,0.9890665322225629,1.0,0.8084385799616575,1.1474255768635797,1.619187109456483,0.9815965694917679
ANT,56,43.0,0.9468760719000001,image_color_derived_proxy,15.0,0.0,0.9655172413793104,0.0,89.87300109863281,668,5216.3515625,1.0,nearest_physical_car_same_track_location_crossing_headway_le_2s,0.5489969254607069,0.5641182336217556,0.5997351192247277,0.6557919363241876,0.6965384358079664,0.4484672682625907,1.056796542080966,3.7171712963380923,1.0,1.0,1.0,1.0,1.0,0.2921309471130371,0.5589756965637207,0.9804770946502686,1.0,1.0,1.0,1.0,1.0,0.29192293983771817,0.5596743784761078,0.9549380849558582,0.9057169499658804
ANT,57,47.0,0.9277320263000002,image_color_derived_proxy,15.0,0.0,0.9827586206896551,0.0,89.85199737548828,664,5216.3515625,1.0,nearest_physical_car_same_track_location_crossing_headway_le_2s,0.5529204429985665,0.6243489234514054,0.6573031843586709,0.7287539538659876,0.77639899426267,0.3649285741212989,1.1643107268769861,2.9374478004699385,1.0,1.0,1.0,1.0,1.0,0.5320641994476318,0.8226091861724854,0.9833648204803467,1.0,1.0,1.0,1.0,1.0,0.5271722861236835,0.8141456623172004,1.0466861105996106,0.9112805358461447
ANT,58,53.0,0.8990159579,image_color_derived_proxy,15.0,0.0,1.0,0.004622496147919877,89.76799726486206,650,5216.3515625,0.9941293114866536,nearest_physical_car_same_track_location_crossing_headway_le_2s,0.85042561202262,0.8593596904042973,0.8965331871750837,0.9335397633136189,0.9569112015329458,0.22168831763329447,0.6120609841695646,1.8876186435505498,0.9919124712059386,0.9941293114866536,0.9941293114866536,0.9941293114866536,0.9941293114866536,0.5450239181518555,0.8367884159088135,1.1820080280303955,0.9861086221247338,0.9941293114866536,0.9941293114866536,0.9941293114866536,0.9941293114866536,0.5421272368078934,0.8285954328437698,1.2026245489033232,0.9676248204927415
SAI,1,20.0,1.0,image_color_derived_proxy,13.0,0.004137015022827918,0.017241379310344827,0.13095238095238096,99.34700012207031,757,5216.3515625,0.9958629849771721,nearest_physical_car_same_track_location_crossing_headway_le_2s,0.9919977451184991,0.9919977451184991,0.9919977451184991,0.993608262054385,0.993608262054385,0.014756636703963828,0.13123157902767785,0.4001542162539354,0.9958629849771721,0.9958629849771721,0.9958629849771721,0.9958629849771721,0.9958629849771721,0.017474889755249023,0.11425471305847168,0.34930920600891113,1.0,1.0,1.0,1.0,1.0,0.01803250021660502,0.11569576520546912,0.35365665396429335,0.9962129950378411
SAI,2,15.0,1.0,image_color_derived_proxy,14.0,0.0,0.034482758620689655,0.010043041606886656,92.11000061035156,698,5216.3515625,1.0,nearest_physical_car_same_track_location_crossing_headway_le_2s,0.995364240856302,0.9972532842307887,0.9972532842307887,0.9972532842307887,0.9972532842307887,0.08091304716856583,0.4336411088712507,0.8875514118705673,1.0,1.0,1.0,1.0,1.0,0.11293625831604004,0.3819248676300049,0.7635142803192139,1.0,1.0,1.0,1.0,1.0,0.11264802800622609,0.37999270424738585,0.7544646382820248,0.9989370830374706
SAI,3,15.0,1.0,image_color_derived_proxy,14.0,0.0,0.05172413793103448,0.010189228529839884,90.25200653076172,688,5216.3515625,1.0,nearest_physical_car_same_track_location_crossing_headway_le_2s,0.9939059525315543,0.9939059525315543,0.9939059525315543,0.9939059525315543,0.9939059525315543,0.3200000139383169,0.7161730228410873,1.0673881217224959,1.0,1.0,1.0,1.0,1.0,0.44527435302734375,0.5792477130889893,0.7886006832122803,1.0,1.0,1.0,1.0,1.0,0.4401989321482368,0.5783847492492137,0.8032649460775261,0.9983058156081401
SAI,4,15.0,1.0,image_color_derived_proxy,14.0,0.0,0.06896551724137931,0.005908419497784343,90.96300506591797,678,5216.3515625,1.0,nearest_physical_car_same_track_location_crossing_headway_le_2s,0.9957125428583602,0.9957125428583602,0.9957125428583602,0.9957125428583602,0.9957125428583602,0.11513767657072649,0.5141845038878926,0.9081788416323207,1.0,1.0,1.0,1.0,1.0,0.1412041187286377,0.5949699878692627,0.9050800800323486,1.0,1.0,1.0,1.0,1.0,0.14081618377983882,0.5843011974217015,0.9124549966146749,0.9986467636014231
SAI,5,15.0,1.0,image_color_derived_proxy,14.0,0.0,0.08620689655172414,0.0,90.3499984741211,685,5216.3515625,1.0,nearest_physical_car_same_track_location_crossing_headway_le_2s,0.9831654512024847,0.986264539179496,0.9902490084847988,0.994665190907974,0.994665190907974,0.1473313908244288,0.7488152116442882,1.0063684363114207,1.0,1.0,1.0,1.0,1.0,0.7031455039978027,0.923210620880127,1.0893218517303467,1.0,1.0,1.0,1.0,1.0,0.7061409865970555,0.9157152539479292,1.1314444161625468,0.9977247665254434
SAI,6,15.0,1.0,image_color_derived_proxy,14.0,0.0,0.10344827586206896,0.005997001499250375,90.40700149536133,668,5216.3515625,1.0,nearest_physical_car_same_track_location_crossing_headway_le_2s,0.994049133599129,0.994049133599129,0.994049133599129,0.994049133599129,0.994049133599129,0.39439129594927486,0.656560280268666,0.8829369057597739,1.0,1.0,1.0,1.0,1.0,0.276702880859375,0.612356424331665,0.8231091499328613,1.0,1.0,1.0,1.0,1.0,0.2752001208772041,0.6254951373535382,0.8226329008619422,0.9983000060703202
SAI,7,15.0,1.0,image_color_derived_proxy,14.0,0.0,0.1206896551724138,0.0,90.5109977722168,678,5216.3515625,1.0,nearest_physical_car_same_track_location_crossing_headway_le_2s,0.9953154864554663,0.9953154864554663,0.9953154864554663,0.9953154864554663,0.9953154864554663,0.6195764848410117,0.8958885485286913,1.0926937580108642,1.0,1.0,1.0,1.0,1.0,0.5809988975524902,0.7870359420776367,0.8966121673583984,1.0,1.0,1.0,1.0,1.0,0.5748770120674871,0.7857225589170685,0.926443711622829,0.9985356365794795
SAI,8,20.0,1.0,image_color_derived_proxy,13.0,0.0,0.13793103448275862,0.014347202295552367,90.68599700927734,698,5216.3515625,1.0,nearest_physical_car_same_track_location_crossing_headway_le_2s,0.9867895892609786,0.9955340403750464,0.9955340403750464,0.9955340403750464,0.9955340403750464,0.34337495774565413,0.6125506451878646,0.9186325073242189,1.0,1.0,1.0,1.0,1.0,0.2543509006500244,0.6781847476959229,0.8971309661865234,0.9951480663397102,1.0,1.0,1.0,1.0,0.2564869392997118,0.6704688934194171,0.9069804836410644,0.9984163943402283
SAI,9,39.0,0.9660201175,image_color_derived_proxy,13.0,0.0,0.15517241379310345,0.002976190476190476,90.17399978637695,673,5216.3515625,1.0,nearest_physical_car_same_track_location_crossing_headway_le_2s,0.8067513410707998,0.9941446536874285,0.9941446536874285,0.9941446536874285,0.9941446536874285,0.3330624997615814,1.2133043837223618,1.5569802463644804,0.8429036727386209,0.9920265068454005,1.0,1.0,1.0,1.0402464866638184,1.364966630935669,1.539384126663208,0.7925122796118023,0.9130126002106811,0.9506065784935495,0.9710226586012616,0.9912058989347623,1.0001408255283226,1.3241881202233419,1.705281860510982,0.9789778640540403
SAI,10,20.0,1.0,image_color_derived_proxy,13.0,0.0,0.1724137931034483,0.0,90.5880012512207,698,5216.3515625,1.0,nearest_physical_car_same_track_location_crossing_headway_le_2s,0.996025963600778,0.996025963600778,0.996025963600778,0.996025963600778,0.996025963600778,0.16605200500488282,0.881241662459587,1.1503943421613247,1.0,1.0,1.0,1.0,1.0,0.5935497283935547,0.8178012371063232,1.1079506874084473,1.0,1.0,1.0,1.0,1.0,0.5784689772105852,0.8049575564474464,1.125250240739848,0.9987678908231743
SAI,11,20.0,1.0,image_color_derived_proxy,13.0,0.0,0.1896551724137931,0.011444921316165951,91.0,700,5216.3515625,1.0,nearest_physical_car_same_track_location_crossing_headway_le_2s,0.99578021974354,0.99578021974354,0.99578021974354,0.99578021974354,0.99578021974354,0.18707407633463544,0.6631070478246847,0.8823392520087897,1.0,1.0,1.0,1.0,1.0,0.6400902271270752,0.761646032333374,0.9290308952331543,1.0,1.0,1.0,1.0,1.0,0.6349776871921483,0.74428782405107,0.9529912257071552,0.9987087431462005
SAI,12,15.0,1.0,image_color_derived_proxy,13.0,0.0,0.20689655172413793,0.002886002886002886,91.08300018310547,694,5216.3515625,1.0,nearest_physical_car_same_track_location_crossing_headway_le_2s,0.9948179133108027,0.9948179133108027,0.9948179133108027,0.9948179133108027,0.9948179133108027,0.2602611940298507,0.6170785576956613,0.8411683450463185,1.0,1.0,1.0,1.0,1.0,0.5769200325012207,0.8096785545349121,0.975250244140625,1.0,1.0,1.0,1.0,1.0,0.593390853537308,0.7975049142783891,0.9909200096772657,0.9985099039968759
SAI,13,14.0,1.0,image_color_derived_proxy,13.0,0.0,0.22413793103448276,0.01649175412293853,91.23799896240234,668,5216.3515625,1.0,nearest_physical_car_same_track_location_crossing_headway_le_2s,0.9947719151722166,0.9947719151722166,0.9947719151722166,0.9947719151722166,0.9947719151722166,0.22927026233157596,0.5496666786887429,0.8647419344994329,0.9943882916830667,1.0,1.0,1.0,1.0,0.1372225284576416,0.8024420738220215,1.1209208965301514,0.9808193952092138,1.0,1.0,1.0,1.0,0.13674956689238793,0.8264138994909488,1.1156334679302422,0.9984283679820747
SAI,14,14.0,1.0,image_color_derived_proxy,12.0,0.0,0.2413793103448276,0.013062409288824383,91.18999862670898,690,5216.3515625,0.9845268196145972,nearest_physical_car_same_track_location_crossing_headway_le_2s,0.9739225433112886,0.9889351907124858,0.9889351907124858,0.9889351907124858,0.9889351907124858,0.4073728601359418,0.7166184927133414,0.8567000395676185,0.8654238871669507,0.9696458606350804,0.9845268196145972,0.99856343326273,0.99856343326273,0.812985897064209,1.1696267127990723,1.5534286499023438,0.8688343160951321,0.9552472711569602,0.9695032121223961,0.9881346138456655,0.9947143496999424,0.8168679884762925,1.1652429146532421,1.5554176614035369,0.9837019230966749
SAI,15,37.0,0.9755921403000001,image_color_derived_proxy,10.0,0.0,0.25862068965517243,0.0029239766081871343,90.99000263214111,685,5216.3515625,0.9829541719466462,nearest_physical_car_same_track_location_crossing_headway_le_2s,0.7237059056393007,0.9479942850263819,0.9948236072941169,0.9948236072941169,0.9948236072941169,0.938828046558328,1.299742911202567,1.672130618878265,0.793284946809469,0.9829541719466462,0.9829541719466462,0.9860314331082278,0.9878008580878052,1.1772663593292236,1.2836432456970215,1.5958051681518555,0.7598417307870869,0.9398505335655146,0.9729640643128845,0.9866908455826082,0.9884602705621856,1.1390923582886252,1.2879584069199455,1.606105361997116,0.9977229575815236
SAI,16,25.0,1.0,image_color_derived_proxy,10.0,0.0,0.27586206896551724,0.0043859649122807015,91.98500442504883,685,5216.3515625,0.9863999566608774,nearest_physical_car_same_track_location_crossing_headway_le_2s,0.9115942836690614,0.9964342013015048,0.9964342013015048,0.9964342013015048,0.9964342013015048,0.27166336510293027,0.9393458485934725,1.492957225620258,0.9842256912953949,0.9863999566608774,0.9863999566608774,0.9885742246182887,0.9891177909596593,0.44697117805480957,0.9481613636016846,1.4373464584350586,0.9524705178988855,0.9756590867921655,0.9863999566608774,0.9885742246182887,0.9891177909596593,0.44650892267748693,0.9448908815357662,1.4374232383605325,0.987151375729578
SAI,17,20.0,1.0,image_color_derived_proxy,7.0,0.0,0.29310344827586204,0.008695652173913044,91.29999923706055,691,5216.3515625,0.9828039436323949,nearest_physical_car_same_track_location_crossing_headway_le_2s,0.996998904804793,0.996998904804793,0.996998904804793,0.996998904804793,0.996998904804793,0.1819735727662511,0.6523405987283458,1.060344527147792,0.9743702062196947,0.9786418367754953,0.9828039436323949,0.9850054767855614,0.9850054767855614,0.5763356685638428,0.9577212333679199,1.134321689605713,0.9765717393728612,0.9802957227090268,0.9853340635505172,0.9853340635505172,0.9872070099387279,0.5747742239736732,0.9420275404239448,1.1629395263053106,0.9871389271734656
SAI,18,15.0,1.0,image_color_derived_proxy,10.0,0.0,0.3103448275862069,0.011560693641618497,93.66100311279297,693,5216.3515625,1.0,nearest_physical_car_same_track_location_crossing_headway_le_2s,0.9364303753675263,0.9909887594455105,0.994618914536586,0.994618914536586,0.995569116693826,0.21292493653900774,1.0552336719548592,1.4373516301586253,1.0,1.0,1.0,1.0,1.0,0.31093454360961914,1.0503485202789307,1.2282042503356934,0.9773758617698197,0.9952915100475834,1.0,1.0,1.0,0.3162970038009955,1.0289934842420787,1.2984548195684216,0.9979013249863096
SAI,19,140.0,0.4826329661000001,image_color_derived_proxy,18.0,0.0,0.3275862068965517,0.013563501849568433,109.40700054168701,812,5216.3515625,0.1933331491191869,nearest_physical_car_same_track_location_crossing_headway_le_2s,0.029504507675126964,0.0395587167555391,0.042766919433754186,0.057857336618214426,0.07494037737720692,3.014325714111328,7.060516355915947,14.183100656240072,0.17240213489086684,0.182739677822533,0.1933331491191869,0.20312229467252252,0.21188771369077067,0.5602426528930664,7.055054664611816,7.414589166641235,0.16228394916718136,0.17178973036061096,0.17944007558126282,0.18932975150136344,0.19644081271387928,0.5620494009513458,5.813100400786384,12.216727039615355,0.1529375125529332
SAI,20,240.0,0.00403182610000016,image_color_derived_proxy,18.0,0.0,0.3448275862068966,0.0,89.3489990234375,687,5216.3515625,0.0,nearest_physical_car_same_track_location_crossing_headway_le_2s,0.0,0.0,0.0,0.01982112861313729,0.052479679198084016,2.789822228195775,4.3372998046875,5.856565547132231,0.0,0.0,0.0,0.0,0.0,3.851128339767456,4.1129114627838135,4.968886852264404,0.0,0.0,0.0,0.0,0.0,3.2194340810286812,3.82472406803422,7.164958953902547,0.0
SAI,21,240.0,0.00403182610000016,image_color_derived_proxy,18.0,0.0,0.3620689655172414,0.0014705882352941176,89.3499984741211,681,5216.3515625,0.0,nearest_physical_car_same_track_location_crossing_headway_le_2s,0.0,0.0,0.011080020011470989,0.031897081643403206,0.06221600571004902,2.710335739806377,4.250671566896333,6.333079122639389,0.0,0.0,0.0,0.0,0.0,3.8741846084594727,4.340902805328369,4.583173513412476,0.0,0.0,0.0,0.0,0.0,3.2367356349336727,3.9217144162157567,7.1155270859840325,0.0
SAI,22,239.0,0.00881783750000011,image_color_derived_proxy,17.0,0.0,0.3793103448275862,0.0014858841010401188,89.43000030517578,674,5216.3515625,0.0,nearest_physical_car_same_track_location_crossing_headway_le_2s,0.0,0.0,0.0,0.01653807543895465,0.03601698259025579,3.05150537109375,4.828956709236934,7.3078857421875005,0.0,0.0,0.0,0.0,0.0,4.34715723991394,4.824284315109253,5.066970586776733,0.0,0.0,0.0,0.0,0.0,3.518826992418477,4.333556677128327,8.56501574372102,0.0
SAI,23,240.0,0.00403182610000016,image_color_derived_proxy,17.0,0.0,0.39655172413793105,0.001483679525222552,89.57000255584717,675,5216.3515625,0.0,nearest_physical_car_same_track_location_crossing_headway_le_2s,0.0,0.0,0.0,0.0,0.011499371998506617,3.2798080444335938,5.619991957720588,7.758599164420045,0.0,0.0,0.0,0.0,0.0,4.326672077178955,5.2465550899505615,5.701319932937622,0.0,0.0,0.0,0.0,0.0,3.5811652256398747,4.7673530736347915,9.29874465815349,0.0008150181049219052
SAI,24,240.0,0.00403182610000016,image_color_derived_proxy,17.0,0.0,0.41379310344827586,0.0,89.45800352096558,665,5216.3515625,0.0,nearest_physical_car_same_track_location_crossing_headway_le_2s,0.0,0.0,0.0,0.022837502289559712,0.0453844610973029,2.8226416163405847,4.642480988198138,6.1075757812500004,0.0,0.0,0.0,0.0,0.0,3.775653123855591,4.234379768371582,4.418570280075073,0.0,0.0,0.0,0.0,0.0,3.0404245495872235,3.9282032577710058,6.762811938195935,0.0
SAI,25,240.0,0.00403182610000016,image_color_derived_proxy,17.0,0.0,0.43103448275862066,0.0014727540500736377,89.7859992980957,680,5216.3515625,0.0,nearest_physical_car_same_track_location_crossing_headway_le_2s,0.06727101375157886,0.11603142407137468,0.1721648651449316,0.26154423002710514,0.3865857553180095,1.6904761483111168,2.658599481652366,3.7837138690026726,0.0,0.0,0.0,0.0206267947114953,0.22659431943792335,2.3891265392303467,2.6842100620269775,3.524883270263672,0.0,0.0,0.04545249258174232,0.18057395164121504,0.42452054248015486,2.0872982662639643,2.6431406255799454,4.505604702711846,0.008327317225612307
SAI,26,200.0,0.19547228210000014,image_color_derived_proxy,17.0,0.0,0.4482758620689655,0.0,89.89799880981445,672,5216.3515625,0.10755525885970432,nearest_physical_car_same_track_location_crossing_headway_le_2s,0.055418309325029246,0.13906871725424283,0.23280824012895407,0.4761840395411721,0.7859017196424917,1.6263568287164392,2.2776151438374517,2.746781310325118,0.0,0.0,0.10755525885970432,0.835024151199295,1.0,1.9979920387268066,2.149303674697876,2.3061201572418213,0.0,0.050201387825396356,0.4013215621206302,0.7343544654444173,0.8379051657242796,1.8189455997627346,2.0755681607781415,2.8110817182322325,0.20278951506830623
SAI,27,98.0,0.6836454449000001,image_color_derived_proxy,17.0,0.0,0.46551724137931033,0.0,89.95499563217163,667,5216.3515625,0.8719581831046189,nearest_physical_car_same_track_location_crossing_headway_le_2s,0.15647827029561345,0.2790839975503964,0.5910622652247438,0.8708798541573165,0.9591461614707617,1.3319877641662565,1.9439066102428946,2.3035110473632816,0.07523768217129712,0.25134795756648953,0.8719581831046189,1.0,1.0,1.5280869007110596,1.8201017379760742,2.038858413696289,0.14510573930094486,0.3930854203704197,0.7740537416468216,0.8715357802628252,0.9293869096221767,1.4375719957722641,1.8022470318652397,2.332095361568634,0.7228498186722816
SAI,28,75.0,0.7937237071000002,image_color_derived_proxy,17.0,0.0,0.4827586206896552,0.0,90.02000045776367,664,5216.3515625,1.0,nearest_physical_car_same_track_location_crossing_headway_le_2s,0.1625304530603453,0.3170183154412224,0.673528069462535,0.9316596191800071,0.9727060708949957,1.3408538015265214,1.8983798867262636,2.1936837176887356,0.19355698397882246,0.5819707172194425,1.0,1.0,1.0,1.3894386291503906,1.7335178852081299,1.8629860877990723,0.23921340535972166,0.5797712012223981,0.8500221817737562,0.9277827081790931,0.9697733551999701,1.2737660479311261,1.710960982735419,2.1461457145067246,0.8691176029834753
SAI,29,56.0,0.8846579237000001,image_color_derived_proxy,17.0,0.0,0.5,0.0,90.0739974975586,692,5216.3515625,1.0,nearest_physical_car_same_track_location_crossing_headway_le_2s,0.30493813610229015,0.6781312882855663,0.9107067552296132,0.9888314028585159,0.9906077184640983,1.1645536014011928,1.6234683652467368,1.9863841356064544,0.160379238702039,0.7719098035443982,1.0,1.0,1.0,1.4516801834106445,1.6854114532470703,1.8644077777862549,0.2286010782997615,0.6695938997282694,0.8799986616118559,0.9370073580749538,0.9670493306936986,1.3947283175213403,1.642203121077053,2.0835262239020844,0.9701306702880046
SAI,30,45.0,0.9373040491000001,image_color_derived_proxy,17.0,0.0,0.5172413793103449,0.0,90.1994981765747,675,5216.3515625,1.0,nearest_physical_car_same_track_location_crossing_headway_le_2s,0.6625258538897901,0.9709754555403495,0.9947782416149226,0.9947782416149226,0.9947782416149226,1.1018107881877413,1.4286866031475922,1.6760923808893822,0.5420153337515496,0.9809977114966681,1.0,1.0,1.0,1.4456632137298584,1.4919178485870361,1.6472828388214111,0.6245102281557965,0.8430368737054024,0.9568955419167622,0.986252697673653,1.0,1.3597426549684588,1.459507596480378,1.864876001709825,1.0
SAI,31,32.0,0.9995221973000001,image_color_derived_proxy,17.0,0.0,0.5344827586206896,0.0,90.05700421333313,677,5216.3515625,1.0,nearest_physical_car_same_track_location_crossing_headway_le_2s,0.9973350213375181,0.9973350213375181,0.9973350213375181,0.9973350213375181,0.9973350213375181,0.5726374244646809,0.8403609985741564,1.2060598561461542,1.0,1.0,1.0,1.0,1.0,0.6774134635925293,0.8933546543121338,1.1674420833587646,0.9928045521344516,1.0,1.0,1.0,1.0,0.6783826753958153,0.8841430562287629,1.1747129727586834,0.9980880298478179
SAI,32,25.0,1.0,image_color_derived_proxy,15.0,0.0,0.5517241379310345,0.005772005772005772,89.83800506591797,694,5216.3515625,0.9825352124248434,nearest_physical_car_same_track_location_crossing_headway_le_2s,0.9618981254172417,0.9933547054787896,0.9933547054787896,0.9933547054787896,0.9933547054787896,0.18262746635662933,0.7349311758618836,1.4002223579761417,0.6384380567558371,0.7961440904381878,0.9825352124248434,0.9825352124248434,0.9825352124248434,0.2416853904724121,0.7278578281402588,1.8571772575378418,0.6384380567558371,0.8431843802299859,0.9242079884821099,0.9636234674100679,0.9843161968279731,0.2411931797760926,0.7304666955598424,1.9116529320276956,0.947059494905834
SAI,33,53.0,0.8990159579,image_color_derived_proxy,12.0,0.0,0.5689655172413793,0.004322766570605188,90.09099578857422,695,5216.3515625,0.7600537455009808,nearest_physical_car_same_track_location_crossing_headway_le_2s,0.9505167602729987,0.9697084683501339,0.9719839446273321,0.9719839446273321,0.9719839446273321,0.8178534606407428,1.2056723104940879,1.442617451060902,0.21497156677494686,0.5321285931206682,0.7600537455009808,0.9298598844662113,0.9745479613592248,1.331756591796875,1.6755099296569824,2.174992084503174,0.26624189265378895,0.5250025049023336,0.7179742126732251,0.8502958501303352,0.9124552506320285,1.3584927480987112,1.6845093029706084,2.4463165082192413,0.793893649838888
SAI,34,193.0,0.2289743619000001,image_color_derived_proxy,12.0,0.0,0.5862068965517241,0.0,89.78299951553345,665,5216.3515625,0.05464285763412428,nearest_physical_car_same_track_location_crossing_headway_le_2s,0.050555220293027094,0.14004890588249483,0.2206875995788529,0.5338872247266254,0.782185888957471,1.637840860507381,2.228290840544074,2.783200031148976,0.0,0.0,0.05464285763412428,0.8414510412438837,1.0,2.0323140621185303,2.1329708099365234,2.298431158065796,0.0,0.05688155401147314,0.36988066781335677,0.7420112488277769,0.8160119622113919,1.8332480048515467,2.054280062988312,2.826628663778473,0.19390022426233433
SAI,35,79.0,0.7745796615,image_color_derived_proxy,12.0,0.0,0.603448275862069,0.0,89.70199584960938,683,5216.3515625,0.3773718001058055,nearest_physical_car_same_track_location_crossing_headway_le_2s,0.03800359421965023,0.11554931641040296,0.3013534219241977,0.5902543357992229,0.7419008279718254,1.711346938929607,2.1492892207739054,2.879508279059331,0.0,0.026309343376352975,0.3773718001058055,0.9410046591854335,0.9968896662703212,1.8902595043182373,2.020724058151245,2.2050187587738037,0.0,0.11423372963626374,0.6655815726366839,0.8003389349023851,0.873046273651022,1.7414978762659983,1.9425581430529595,2.605968109618737,0.46261799695260825
SAI,36,75.0,0.7937237071000002,image_color_derived_proxy,12.0,0.0,0.6206896551724138,0.0,89.54400396347046,663,5216.3515625,0.7184959605407364,nearest_physical_car_same_track_location_crossing_headway_le_2s,0.0821942556770333,0.16525961884756402,0.36119682388466273,0.723041126359035,0.854328681896511,1.5577720642089845,2.0829039687262223,2.6149873757664164,0.0,0.09816410087222738,0.7184959605407364,1.0,1.0,1.7516202926635742,1.8792541027069092,2.022939443588257,0.01652822401751615,0.33254036917825586,0.7602072017754845,0.8532899736232019,0.9263826382546129,1.5879896945257423,1.838432408029197,2.398868431122357,0.5784679696509022
SAI,37,83.0,0.7554356159000001,image_color_derived_proxy,12.0,0.0,0.6379310344827587,0.0,89.34699821472168,664,5216.3515625,1.0,nearest_physical_car_same_track_location_crossing_headway_le_2s,0.049089521037460025,0.14264607061559947,0.2606577245763927,0.6399766813125258,0.8247842020220432,1.6582766593770777,2.164796479323815,2.7593859145898585,0.3021925810547401,0.6298476701994398,1.0,1.0,1.0,1.059464454650879,1.6890971660614014,1.902897834777832,0.3641644734978399,0.6440172062929719,0.8799512063120567,0.9266791086475731,0.9576370787710643,1.0017646300375231,1.6349245199524336,2.07158958161099,0.6958062079608752
SAI,38,47.0,0.9277320263000002,image_color_derived_proxy,12.0,0.0,0.6551724137931034,0.0,89.73699760437012,652,5216.3515625,1.0,nearest_physical_car_same_track_location_crossing_headway_le_2s,0.17886702580603214,0.4382139259983059,0.7929170842983844,0.9129679106549645,0.979205900508355,1.2873534815170917,1.7887949175193731,2.184337130462368,0.14637220418427288,0.6235666124369795,1.0,1.0,1.0,1.4024484157562256,1.7032711505889893,1.8436059951782227,0.23284714614305538,0.6764989963129382,0.8629215508508741,0.9362581719944879,0.9643848219705518,1.3760477883728435,1.6494071788069877,2.043208965805715,0.9091183554517548
SAI,39,32.0,0.9995221973000001,image_color_derived_proxy,12.0,0.0,0.6724137931034483,0.0,90.07299995422363,671,5216.3515625,0.7309738252170873,nearest_physical_car_same_track_location_crossing_headway_le_2s,0.16007018637671586,0.46545576788628235,0.6666036837437328,0.8629002938308549,0.9680369766324011,1.4275597361657513,1.8098933715820313,2.294225818264869,0.09619975401167787,0.4274199878862938,0.7309738252170873,0.9420913767652949,1.0,1.5072124004364014,1.82023024559021,2.160111427307129,0.14482695871584295,0.4584947036575088,0.7451179605123163,0.8577266105955479,0.9295460697443787,1.4261070306095445,1.7882814640762241,2.3243272898818006,0.7037063583168448
SAI,40,48.0,0.9229460149000001,image_color_derived_proxy,12.0,0.0,0.6896551724137931,0.0,90.11099624633789,678,5216.3515625,1.0,nearest_physical_car_same_track_location_crossing_headway_le_2s,0.16174494244933876,0.43214482496168727,0.7883387421817245,0.9436361248355721,0.9840418989813208,1.3384580644149353,1.7905900268554689,2.1777912411578852,0.24263411945877533,0.8662760402279954,1.0,1.0,1.0,1.3177380561828613,1.6260404586791992,1.7751314640045166,0.2870015934683419,0.7791612199564162,0.8959949381207573,0.9569309734541747,1.0,1.2491214669591668,1.5889767093325544,2.0179154668522807,0.9602414681709571
SAI,41,21.0,1.0,image_color_derived_proxy,13.0,0.0,0.7068965517241379,0.001422475106685633,90.6259994506836,704,5216.3515625,1.0,nearest_physical_car_same_track_location_crossing_headway_le_2s,0.6668505558473519,0.8152075659650171,0.9543177482999581,0.9897931997678207,0.9971200316799484,0.334579120982777,1.0140368477242894,1.82797998046875,0.5763136872732832,1.0,1.0,1.0,1.0,0.5870895385742188,1.3547468185424805,1.703230381011963,0.6655265179675837,0.919316730431566,0.9573521838474808,0.9826098446011549,0.9944386641748882,0.5940726875217522,1.3317973812495016,1.7020502800347952,1.0
SAI,42,83.0,0.7554356159000001,image_color_derived_proxy,12.0,0.0,0.7241379310344828,0.007541478129713424,89.81500244140625,664,5216.3515625,0.4196960695304,nearest_physical_car_same_track_location_crossing_headway_le_2s,0.37548293730534704,0.5110393678955698,0.7664198683817988,0.8962868935984272,0.9732895384664523,1.0938987948151253,1.7310540804353154,2.2415355352181137,0.22636535705378555,0.36830154638474677,0.4196960695304,0.7426153341184577,0.8833602667701418,1.3035542964935303,2.0468344688415527,2.5263211727142334,0.23201024028408546,0.3809052735284184,0.5451427987487845,0.7270054650638893,0.8108110679436151,1.2948113616236103,1.9627910708515839,2.9666334531887797,0.5793584975518223
SAI,43,171.0,0.33426661270000013,image_color_derived_proxy,11.0,0.0,0.7413793103448276,0.004477611940298508,89.62100219726562,671,5216.3515625,0.3485120931616804,nearest_physical_car_same_track_location_crossing_headway_le_2s,0.08407625970008523,0.1724037369015436,0.24130504787195733,0.4719096340215177,0.7573670869593551,1.5340781057019501,2.2778825971387495,2.7409713527134487,0.0037602781147961606,0.108367539800613,0.3485120931616804,0.8203992433415294,0.9535823202022652,1.7477567195892334,2.0479750633239746,2.367516279220581,0.024581239288575855,0.1970074264455251,0.5366598774042072,0.7297284558873418,0.7958402601066,1.6675705165185128,1.97826051177798,2.8739526821318795,0.32375823803826365
SAI,44,39.0,0.9660201175,image_color_derived_proxy,11.0,0.0,0.7586206896551724,0.0,89.55500030517578,676,5216.3515625,1.0,nearest_physical_car_same_track_location_crossing_headway_le_2s,0.17837097114000813,0.43474959390970624,0.8598625773737572,0.9859080570160825,0.9960247891799928,1.279304904472537,1.7818379589100584,2.047109834440462,0.026084512614548472,0.7040701164825506,1.0,1.0,1.0,1.5683255195617676,1.7167096138000488,1.8397114276885986,0.16462511180421655,0.6540449988703504,0.8568365136959792,0.9219473189265807,0.9718608839056707,1.434658949235223,1.6907872347694861,2.184788281369508,0.9714920968640839
SAI,45,35.0,0.9851641631000001,image_color_derived_proxy,11.0,0.0,0.7758620689655172,0.0,89.45899963378906,689,5216.3515625,1.0,nearest_physical_car_same_track_location_crossing_headway_le_2s,0.08896810027145802,0.2115158923910522,0.5730335414264509,0.751864032182977,0.883276044562759,1.5349043704676286,1.9288239045576614,2.556679217689579,0.11382866675138181,0.8971819493636557,1.0,1.0,1.0,1.4832959175109863,1.6134650707244873,1.7571940422058105,0.2106886648154418,0.8083702540686721,0.9000883725695211,0.9760560680632157,1.0,1.4193544942901613,1.5816171469117821,1.9923076917295277,0.9041155282346427
SAI,46,36.0,0.9803781517,image_color_derived_proxy,11.0,0.0,0.7931034482758621,0.0,89.36499786376953,671,5216.3515625,1.0,nearest_physical_car_same_track_location_crossing_headway_le_2s,0.4162591758273046,0.8442231997954838,0.985049989185857,0.9960834778447253,0.9960834778447253,1.207137253705193,1.5390334508409063,1.8537756136331733,0.7834722671736937,1.0,1.0,1.0,1.0,1.2741968631744385,1.3966076374053955,1.5508370399475098,0.7081520237787996,0.9052873427773968,0.9898953740332849,1.0,1.0,1.1881215850832234,1.3933020636687248,1.7420645892823698,1.0
SAI,47,32.0,0.9995221973000001,image_color_derived_proxy,11.0,0.0,0.8103448275862069,0.0,89.49599838256836,678,5216.3515625,1.0,nearest_physical_car_same_track_location_crossing_headway_le_2s,0.46142833622659446,0.8027844587101084,0.9086551396350319,0.960132326789336,0.9837981470952509,1.1772943000073703,1.509970440442049,1.962171901877506,0.978680600467869,1.0,1.0,1.0,1.0,1.1592597961425781,1.3217523097991943,1.4293327331542969,0.8622956269807742,0.9591155073354367,1.0,1.0,1.0,1.0676032661345778,1.3037645315758581,1.5999575662658378,0.9811174841682987
SAI,48,30.0,1.0,image_color_derived_proxy,11.0,0.0,0.8275862068965517,0.0,89.41000366210938,663,5216.3515625,1.0,nearest_physical_car_same_track_location_crossing_headway_le_2s,0.4099319229520781,0.8240913116614792,0.9367407997844639,0.9944525890715349,0.9958170227317293,1.19880388405301,1.5385252614827731,1.829233506338068,0.6482831452422991,1.0,1.0,1.0,1.0,1.20452880859375,1.4228808879852295,1.634655237197876,0.7567721380001344,0.9200983643392847,0.966021700660321,1.0,1.0,1.1435051537354846,1.3928250978564556,1.6767020522954863,1.0
SAI,49,24.0,1.0,image_color_derived_proxy,11.0,0.0,0.8448275862068966,0.0,89.30599975585938,674,5216.3515625,1.0,nearest_physical_car_same_track_location_crossing_headway_le_2s,0.2744608236407519,0.7051709524968827,0.8663919689390455,0.9397465523679178,0.9800349941589503,1.3434431596235796,1.6081281644616652,2.0485849638894673,0.7753118807406696,1.0,1.0,1.0,1.0,1.2516818046569824,1.4133403301239014,1.5765039920806885,0.7669920958631811,0.9079905389262635,0.9850065959287911,1.0,1.0,1.21301664179935,1.3828497502983121,1.7126767418834044,0.9832056374811075
SAI,50,43.0,0.9468760719000001,image_color_derived_proxy,11.0,0.0,0.8620689655172413,0.0,89.30000305175781,643,5216.3515625,0.9856662648348147,nearest_physical_car_same_track_location_crossing_headway_le_2s,0.7534154368041809,0.8703695549256583,0.9713773526279547,0.983012307043819,0.9942217497221209,1.1380537616168829,1.3620618772788082,1.7925319265812003,0.8245688708752786,0.9513773918749087,0.9856662648348147,1.0,1.0,1.2407596111297607,1.3542728424072266,1.609724998474121,0.8110078361482922,0.936819772861057,0.9766965149986373,1.0,1.0,1.227321882129072,1.3406497069144154,1.642443564001354,0.9960833968292356
SAI,51,36.0,0.9803781517,image_color_derived_proxy,11.0,0.0,0.8793103448275862,0.0,89.17350196838379,667,5216.3515625,1.0,nearest_physical_car_same_track_location_crossing_headway_le_2s,0.8901242156531968,0.9731534428852155,0.9944602378852879,0.9944602378852879,0.9944602378852879,0.9249067300385602,1.193371687264278,1.5138072862537628,0.7586895761106062,0.9179240887944685,1.0,1.0,1.0,1.1440925598144531,1.259406566619873,1.6958649158477783,0.7386835136666312,0.9061830084005815,1.0,1.0,1.0,1.1382334874978493,1.2260399827528485,1.7242085055869065,1.0
SAI,52,39.0,0.9660201175,image_color_derived_proxy,11.0,0.0,0.896551724137931,0.0,89.22849655151367,651,5216.3515625,1.0,nearest_physical_car_same_track_location_crossing_headway_le_2s,0.9865402261378072,0.9914601270472065,0.9914601270472065,0.9914601270472065,0.9914601270472065,0.6864032437724452,0.9825670696074552,1.236580591157834,1.0,1.0,1.0,1.0,1.0,0.8112838268280029,0.9698593616485596,1.2569477558135986,0.9802529336961269,1.0,1.0,1.0,1.0,0.8000513750162926,0.9678531461388901,1.2250204834969738,0.9970569114719712
SAI,53,38.0,0.9708061289000001,image_color_derived_proxy,11.0,0.0,0.9137931034482759,0.0030165912518853697,89.635009765625,664,5216.3515625,0.9834885995315202,nearest_physical_car_same_track_location_crossing_headway_le_2s,0.9451999138304519,0.9860321718620197,0.9947342003521259,0.9947342003521259,0.9947342003521259,0.6015614607801469,0.9756783384500946,1.3596456933209278,0.9834885995315202,0.9834885995315202,0.9834885995315202,0.9834885995315202,0.9834885995315202,0.2807149887084961,0.5705087184906006,0.9213309288024902,0.9834885995315202,0.9834885995315202,0.9834885995315202,0.9834885995315202,0.9834885995315202,0.27957518144328114,0.5755307012213104,0.9190733657860601,0.985917684828955
SAI,54,29.0,1.0,image_color_derived_proxy,12.0,0.0,0.9310344827586207,0.004552352048558422,90.49400329589844,660,5216.3515625,1.0,nearest_physical_car_same_track_location_crossing_headway_le_2s,0.996729064987358,0.996729064987358,0.996729064987358,0.996729064987358,0.996729064987358,0.11260630164559432,0.7023079373189155,0.9780737459384901,1.0,1.0,1.0,1.0,1.0,0.10665464401245117,0.6362049579620361,0.883824348449707,1.0,1.0,1.0,1.0,1.0,0.1067505701138955,0.6371748273738527,0.8716727098635351,0.9985378370246076
SAI,55,20.0,1.0,image_color_derived_proxy,12.0,0.0,0.9482758620689655,0.004424778761061947,89.677001953125,679,5216.3515625,1.0,nearest_physical_car_same_track_location_crossing_headway_le_2s,0.9961863130994482,0.9961863130994482,0.9961863130994482,0.9961863130994482,0.9961863130994482,0.6749968962772712,0.9145953024718657,1.1636145322377445,1.0,1.0,1.0,1.0,1.0,0.8996181488037109,1.0540316104888916,1.1988208293914795,0.9901869927746334,1.0,1.0,1.0,1.0,0.9056807424770906,1.0379554046583361,1.2397153268484693,0.9981628750802789
SAI,56,44.0,0.9420900605,image_color_derived_proxy,12.0,0.0,0.9655172413793104,0.015060240963855422,89.58150291442871,665,5216.3515625,1.0,nearest_physical_car_same_track_location_crossing_headway_le_2s,0.9943291413629078,0.9965729531073069,0.9965729531073069,0.9965729531073069,0.9965729531073069,0.09250515711676215,0.714096568455206,1.1911500764775247,1.0,1.0,1.0,1.0,1.0,0.0789492130279541,0.7013454437255859,1.0120530128479004,1.0,1.0,1.0,1.0,1.0,0.07872491599234507,0.7027798962584093,0.9977501983894222,0.9984462894774522
SAI,57,45.0,0.9373040491000001,image_color_derived_proxy,13.0,0.0,0.9827586206896551,0.016442451420029897,90.86699676513672,670,5216.3515625,0.981291328827193,nearest_physical_car_same_track_location_crossing_headway_le_2s,0.968030243731192,0.9935729776031205,0.9953228341746627,0.9953228341746627,0.9953228341746627,0.22844455036861946,0.8540697496990824,1.2477870941162108,0.981291328827193,0.981291328827193,0.981291328827193,0.981291328827193,0.981291328827193,0.14427709579467773,0.6008768081665039,0.8802270889282227,0.981291328827193,0.981291328827193,0.981291328827193,0.981291328827193,0.981291328827193,0.14495817130491276,0.5937555519253319,0.8874602817032622,0.9830219877843227
SAI,58,15.0,1.0,image_color_derived_proxy,13.0,0.0,1.0,0.006060606060606061,90.16799926757812,661,5216.3515625,0.9872460126073529,nearest_physical_car_same_track_location_crossing_headway_le_2s,0.8686230271264331,0.9843957774754623,0.9843957774754623,0.9843957774754623,0.9843957774754623,0.9147069886673328,1.30660400390625,1.5245213285405586,0.6013551423615519,0.9470987858019208,0.9872460126073529,0.9872460126073529,0.9872460126073529,1.249622106552124,1.428201675415039,1.6592659950256348,0.6578386004992173,0.853695287049964,0.9566253754706604,0.975246181833566,0.9852497355840419,1.218812013661534,1.3895495856512203,1.813110201805779,0.9919377152551323
LAW,1,15.0,1.0,image_color_derived_proxy,11.0,0.005998007338733772,0.017241379310344827,0.1268357810413885,98.36599731445312,750,5216.3515625,0.9940019926612662,nearest_physical_car_same_track_location_crossing_headway_le_2s,0.9935445173352606,0.9935445173352606,0.9935445173352606,0.9935445173352606,0.9935445173352606,0.01374358947460468,0.17032716539171008,0.633830592335829,0.9940019926612662,0.9940019926612662,0.9940019926612662,0.9940019926612662,0.9940019926612662,0.009036540985107422,0.06964898109436035,0.4048480987548828,1.0,1.0,1.0,1.0,1.0,0.009216798641136848,0.07070904775327147,0.4097297737600222,0.9961872841383486
LAW,2,14.0,1.0,image_color_derived_proxy,11.0,0.0,0.034482758620689655,0.0,90.92500305175781,690,5216.3515625,1.0,nearest_physical_car_same_track_location_crossing_headway_le_2s,0.997877371490594,0.997877371490594,0.997877371490594,0.997877371490594,0.997877371490594,0.108571662109039,0.4826605609323446,0.656741029047871,1.0,1.0,1.0,1.0,1.0,0.2858147621154785,0.6092181205749512,0.7029268741607666,1.0,1.0,1.0,1.0,1.0,0.2866416688939201,0.6046209544626375,0.7094446976567739,0.9994736850964498
LAW,3,15.0,1.0,image_color_derived_proxy,11.0,0.0,0.05172413793103448,0.002911208151382824,90.59900665283203,688,5216.3515625,1.0,nearest_physical_car_same_track_location_crossing_headway_le_2s,0.9974061525828373,0.9974061525828373,0.9974061525828373,0.9974061525828373,0.9974061525828373,0.5767539433070591,0.7301170349121094,0.9990729331970214,1.0,1.0,1.0,1.0,1.0,0.4169180393218994,0.5517115592956543,0.6357424259185791,1.0,1.0,1.0,1.0,1.0,0.4115858510705174,0.5513092256616801,0.619850596561418,0.9993705818141148
LAW,4,20.0,1.0,image_color_derived_proxy,11.0,0.0,0.06896551724137931,0.0029585798816568047,90.79500350356102,677,5216.3515625,1.0,nearest_physical_car_same_track_location_crossing_headway_le_2s,0.9567927512388633,0.99506580762662,0.99506580762662,0.99506580762662,0.99506580762662,0.5462503080832548,0.770667024585308,1.3926640414887619,1.0,1.0,1.0,1.0,1.0,0.6091289520263672,0.9281773567199707,1.3220887184143066,0.9632137910853854,0.9956495352990632,1.0,1.0,1.0,0.60722234478687,0.9113907998372823,1.3071424701681436,0.9976078013002194
LAW,5,15.0,1.0,image_color_derived_proxy,11.0,0.0,0.08620689655172414,0.008771929824561403,90.34500122070312,685,5216.3515625,1.0,nearest_physical_car_same_track_location_crossing_headway_le_2s,0.9870717619593259,0.9952626044903814,0.9952626044903814,0.9952626044903814,0.9952626044903814,0.5731857245309012,0.9435332847164757,1.2617646406224576,1.0,1.0,1.0,1.0,1.0,0.2836906909942627,0.8351361751556396,0.9665310382843018,1.0,1.0,1.0,1.0,1.0,0.28332618287712147,0.8241659002711283,0.9972317148497413,0.9987891978740784
LAW,6,20.0,1.0,image_color_derived_proxy,11.0,0.0,0.10344827586206896,0.0,90.45799255371094,670,5216.3515625,1.0,nearest_physical_car_same_track_location_crossing_headway_le_2s,0.9919410109404032,0.9919410109404032,0.9919410109404032,0.9919410109404032,0.9919410109404032,0.3674079366746322,0.677777730572264,0.8654205960077676,1.0,1.0,1.0,1.0,1.0,0.6525204181671143,0.7508707046508789,0.9970390796661377,1.0,1.0,1.0,1.0,1.0,0.6634452607559661,0.7688445338937104,1.0633737433951815,0.9982714485617059
LAW,7,15.0,1.0,image_color_derived_proxy,11.0,0.0,0.1206896551724138,0.0029585798816568047,90.67000007629395,677,5216.3515625,1.0,nearest_physical_car_same_track_location_crossing_headway_le_2s,0.994650931797761,0.994650931797761,0.994650931797761,0.994650931797761,0.994650931797761,0.357541885562301,0.7506840078360972,0.947922315212749,1.0,1.0,1.0,1.0,1.0,0.5708291530609131,0.7174334526062012,0.8572514057159424,1.0,1.0,1.0,1.0,1.0,0.5677245358597415,0.714646162195704,0.8608488409259153,0.9987884978141769
LAW,8,20.0,1.0,image_color_derived_proxy,11.0,0.0,0.13793103448275862,0.0,90.4679946899414,697,5216.3515625,1.0,nearest_physical_car_same_track_location_crossing_headway_le_2s,0.9802139745204874,0.9943737008310802,0.9943737008310802,0.9943737008310802,0.9943737008310802,0.6424139759152435,0.8080152904714337,1.0287603798765725,1.0,1.0,1.0,1.0,1.0,0.5024886131286621,0.7384517192840576,0.9440109729766846,1.0,1.0,1.0,1.0,1.0,0.49468770059307793,0.738338777004165,0.946227548408663,0.9984794182618157
LAW,9,15.0,1.0,image_color_derived_proxy,11.0,0.0,0.15517241379310345,0.0029542097488921715,90.47999572753906,678,5216.3515625,1.0,nearest_physical_car_same_track_location_crossing_headway_le_2s,0.9742595939398336,0.9963748892070287,0.9963748892070287,0.9963748892070287,0.9963748892070287,0.6458620837828117,0.8928774039976058,1.2666739060195722,1.0,1.0,1.0,1.0,1.0,0.6670305728912354,0.8568027019500732,1.0182466506958008,1.0,1.0,1.0,1.0,1.0,0.6603806656712056,0.8493165158162138,1.038752414136147,0.9987213283373617
LAW,10,14.0,1.0,image_color_derived_proxy,11.0,0.0,0.1724137931034483,0.0,90.68199920654297,696,5216.3515625,1.0,nearest_physical_car_same_track_location_crossing_headway_le_2s,0.8936171299257328,0.983072669195846,0.9958536425044071,0.9958536425044071,0.9958536425044071,0.6606952585375871,0.9187832528576996,1.507088835138492,1.0,1.0,1.0,1.0,1.0,0.665729284286499,0.7916533946990967,1.0457351207733154,1.0,1.0,1.0,1.0,1.0,0.6315276655275436,0.8231144364631016,1.0188924431218362,0.9996887348211247
LAW,11,14.0,1.0,image_color_derived_proxy,11.0,0.0,0.1896551724137931,0.0,90.7969970703125,700,5216.3515625,1.0,nearest_physical_car_same_track_location_crossing_headway_le_2s,0.994063659926368,0.9948676717761843,0.9948676717761843,0.9948676717761843,0.9948676717761843,0.6618028714106633,0.9368754821064871,1.2167520778924832,1.0,1.0,1.0,1.0,1.0,0.8610382080078125,0.9271585941314697,1.111825704574585,1.0,1.0,1.0,1.0,1.0,0.8604453926161577,0.9387680794250152,1.1115540782764897,0.9987719446160136
LAW,12,15.0,1.0,image_color_derived_proxy,11.0,0.0,0.20689655172413793,0.0,91.03750610351562,693,5216.3515625,1.0,nearest_physical_car_same_track_location_crossing_headway_le_2s,0.9605437538545044,0.9812165099012836,0.9874886825984993,0.996506934313065,0.996506934313065,0.7386420850491159,1.0715425497975526,1.4107206627991107,0.9441988027958675,0.9771632322835477,1.0,1.0,1.0,0.8483726978302002,1.1239795684814453,1.3440487384796143,0.9330825358174017,0.9753838015739912,0.9893341008750244,1.0,1.0,0.8746358232310398,1.1124153885533976,1.4409891726793145,0.9926186200442271
LAW,13,25.0,1.0,image_color_derived_proxy,11.0,0.0,0.22413793103448276,0.0,91.17399787902832,670,5216.3515625,1.0,nearest_physical_car_same_track_location_crossing_headway_le_2s,0.9583982542427127,0.9864105734549841,0.9942088752339286,0.9942088752339286,0.9942088752339286,0.7196829123767157,1.0872571563720703,1.4052751477132708,1.0,1.0,1.0,1.0,1.0,0.8504538536071777,1.0189094543457031,1.2229347229003906,0.9915436426351486,1.0,1.0,1.0,1.0,0.8373942656326119,1.0112777531899115,1.3043791611654387,0.9992968626835887
LAW,14,31.0,1.0,image_color_derived_proxy,11.0,0.0,0.2413793103448276,0.01308139534883721,91.45299530029297,689,5216.3515625,0.9890654210207503,nearest_physical_car_same_track_location_crossing_headway_le_2s,0.6465726233201804,0.805747218276836,0.9266945636640234,0.9689020451978643,0.9794102012915821,1.0054602899968614,1.3503998339694043,1.866706276580152,0.8273649284758304,0.9569287858347681,0.9890654210207503,0.9890654210207503,0.992870649833773,0.17435359954833984,1.097748041152954,1.6878342628479004,0.7928226308544299,0.90778871015065,0.95704900013156,0.9677648408136631,0.9762938824938201,0.17527600620549535,1.098887051930682,1.7399513630082901,0.9762533431348375
LAW,15,71.0,0.8128677527000001,image_color_derived_proxy,9.0,0.0,0.25862068965517243,0.004366812227074236,91.17700576782227,688,5216.3515625,0.7943341447013483,nearest_physical_car_same_track_location_crossing_headway_le_2s,0.4765565867348102,0.7628349612555778,0.9823639825452414,0.9951742219004619,0.9951742219004619,1.0448755656703237,1.5181934284714034,1.875659840377336,0.30357433689845054,0.4049266575995947,0.7943341447013483,0.9859504048489833,0.9859504048489833,1.358018398284912,1.814988136291504,2.0583839416503906,0.2820887207207245,0.5591542261146317,0.7883018048968046,0.8497647546148245,0.9170733613322676,1.3222498521701413,1.7120621721606442,2.4216399898243246,0.8338832695909684
LAW,16,154.0,0.4156288065000001,image_color_derived_proxy,8.0,0.0,0.27586206896551724,0.002932551319648094,91.49599838256836,683,5216.3515625,0.968916687933318,nearest_physical_car_same_track_location_crossing_headway_le_2s,0.1495365244991198,0.24140954751876026,0.45632599475083035,0.7532241933720009,0.9090669996243922,1.3624268601580365,2.044654454735561,2.4540224673143074,0.0863207515015451,0.3109534608676452,0.968916687933318,0.9803270090043718,0.9836932760977251,1.5213189125061035,1.8014564514160156,1.960329532623291,0.17025883112897422,0.4772886443336323,0.7584265657630247,0.8557968978546581,0.9388497361823434,1.4048023171592423,1.7734061420931209,2.395828595337177,0.6631872569493461
LAW,17,233.0,0.037533905900000095,image_color_derived_proxy,5.0,0.0,0.29310344827586204,0.005788712011577424,91.47300338745117,692,5216.3515625,0.0313644447191281,nearest_physical_car_same_track_location_crossing_headway_le_2s,0.055633900694100305,0.10704791415432248,0.16528375007960058,0.2333037617468446,0.41464695560235604,1.7243137153657406,2.6453808920124495,3.6106591796875,0.025275214677582338,0.027778686555320533,0.0313644447191281,0.15776239034512932,0.5567216699452511,2.2293078899383545,2.428281307220459,2.6892292499542236,0.027778686555320533,0.041640696132911416,0.13382086416174352,0.40230453827987867,0.6376089251336132,1.9420046553678307,2.302925078890741,3.6361045033575508,0.06191233128580104
LAW,18,200.0,0.19547228210000014,image_color_derived_proxy,5.0,0.0,0.3103448275862069,0.008888888888888889,91.55699920654297,676,5216.3515625,0.4337079214393263,nearest_physical_car_same_track_location_crossing_headway_le_2s,0.24181656871150753,0.2647530992097951,0.32143912785646067,0.37267490778971213,0.4113065222628379,0.2634850116926836,2.693630498990787,3.7348235857632512,0.4337079214393263,0.4337079214393263,0.4337079214393263,0.4337079214393263,0.468669751134093,0.1856858730316162,2.5547711849212646,3.570781946182251,0.4337079214393263,0.4337079214393263,0.45687382146115024,0.49214147024317784,0.5754010669940458,0.18584628572207026,2.306394879952892,3.805921771446945,0.41510617480939904
LAW,19,155.0,0.41084279510000016,image_color_derived_proxy,6.0,0.0,0.3275862068965517,0.004431314623338257,91.94500255584717,678,5216.3515625,0.5417042871613742,nearest_physical_car_same_track_location_crossing_headway_le_2s,0.4560987820901493,0.45773016723357274,0.46980260814385877,0.48123335056816924,0.5153624538478743,0.08342499911785126,2.3423013447136283,4.453042120682566,0.5417042871613742,0.5417042871613742,0.5417042871613742,0.5417042871613742,0.5417042871613742,0.1108407974243164,0.7403862476348877,3.569304943084717,0.5417042871613742,0.5417042871613742,0.5417042871613742,0.5417042871613742,0.5599760828922553,0.11057552017521222,0.7178526292525245,4.112668119508878,0.5174802864325926
LAW,20,32.0,0.9995221973000001,image_color_derived_proxy,6.0,0.0,0.3448275862068966,0.004243281471004243,92.01300430297852,708,5216.3515625,0.9944573049040237,nearest_physical_car_same_track_location_crossing_headway_le_2s,0.847380317392474,0.9938813020049578,0.9964896264797016,0.9964896264797016,0.9964896264797016,0.1344609163858066,0.8278502082618369,1.5424460168499565,0.9788072984593402,0.9938052237853379,0.9944573049040237,0.9966309109002245,0.9978155260337385,0.24687910079956055,1.0498945713043213,1.4602582454681396,0.926216981371377,0.9832524017788725,0.9884798972405426,0.9966309109002245,0.9978155260337385,0.2466816925082584,1.0275660057272762,1.4718596220425537,0.9907558219598869
LAW,21,115.0,0.6022832511,image_color_derived_proxy,12.0,0.0,0.3620689655172414,0.016597510373443983,95.9430046081543,724,5216.3515625,0.5671596897810706,nearest_physical_car_same_track_location_crossing_headway_le_2s,0.5965313126382084,0.6524082558428466,0.7710099410948117,0.811346362881673,0.8933846108032271,0.09424543911931856,1.1482636632151755,2.509536855361041,0.26991028505838144,0.41414172218128487,0.5671596897810706,0.7230855870944969,0.7955348525934457,0.12804317474365234,1.7965614795684814,2.793478012084961,0.28293883359880445,0.4574278763890715,0.5806363985312166,0.7371460278352852,0.7928144709670829,0.12601954448717245,1.813570379276269,2.9591810816981803,0.612433286930821
LAW,22,240.0,0.00403182610000016,image_color_derived_proxy,20.0,0.0,0.3793103448275862,0.008958566629339306,117.88800048828125,894,5216.3515625,0.15826038263075357,nearest_physical_car_same_track_location_crossing_headway_le_2s,0.02220752017918153,0.02917175823378948,0.030868283641385583,0.040292477292798466,0.040971086849112104,4.996224975585938,10.172676494556596,28.103001695862442,0.12755325369199322,0.14526499870630094,0.15826038263075357,0.17134058466008137,0.18149429005626264,1.112565279006958,9.874916076660156,10.469762086868286,0.11888401782353608,0.13306698869569764,0.1447560435614817,0.15070236323678718,0.1577514214186863,1.1787727790140627,8.050974893956592,17.16075172974838,0.12869780251469282
LAW,23,240.0,0.00403182610000016,image_color_derived_proxy,20.0,0.0,0.39655172413793105,0.0,89.95599699020386,675,5216.3515625,0.0,nearest_physical_car_same_track_location_crossing_headway_le_2s,0.0,0.0,0.0,0.0,0.0,6.825296345338983,10.707614461056473,18.462235182158803,0.0,0.0,0.0,0.0,0.0,10.429450035095215,10.539405345916748,10.801702976226807,0.0,0.0,0.0,0.0,0.0,7.012639658323422,9.649847173203602,20.616548455146596,0.004603188294798111
LAW,24,240.0,0.00403182610000016,image_color_derived_proxy,20.0,0.0,0.41379310344827586,0.0,89.39100456237793,673,5216.3515625,0.0,nearest_physical_car_same_track_location_crossing_headway_le_2s,0.0,0.0,0.0,0.0,0.0,6.453835192228619,10.331734648150926,17.507411822150736,0.0,0.0,0.0,0.0,0.0,9.913757801055908,10.205060720443726,10.352960586547852,0.0,0.0,0.0,0.0,0.0,6.749970875826411,9.392424613225128,19.77752778279143,0.004591947559119625
LAW,25,240.0,0.00403182610000016,image_color_derived_proxy,20.0,0.0,0.43103448275862066,0.0,89.62700271606445,679,5216.3515625,0.0,nearest_physical_car_same_track_location_crossing_headway_le_2s,0.0,0.0,0.0,0.0,0.0,5.752298391241776,9.630994134504432,15.835627515897876,0.0,0.0,0.0,0.0,0.0,9.348210334777832,9.491460800170898,9.852050542831421,0.0,0.0,0.0,0.0,0.0,6.29645807315156,8.873616991744674,18.4559601169955,0.0045807068234411386
LAW,26,240.0,0.00403182610000016,image_color_derived_proxy,20.0,0.0,0.4482758620689655,0.0,89.4699935913086,658,5216.3515625,0.0,nearest_physical_car_same_track_location_crossing_headway_le_2s,0.0,0.0,0.0,0.0,0.0,5.545076767714707,9.435305914098574,15.444390720274392,0.0,0.0,0.0,0.0,0.0,8.904732704162598,9.049091577529907,9.190134048461914,0.0,0.0,0.0,0.0,0.0,6.053099102847468,8.412451639670635,17.26815487622204,0.0045694660877626525
LAW,27,240.0,0.00403182610000016,image_color_derived_proxy,20.0,0.0,0.46551724137931033,0.0,89.63199996948242,664,5216.3515625,0.0,nearest_physical_car_same_track_location_crossing_headway_le_2s,0.0,0.0,0.0,0.0,0.0,5.363048930921052,9.186222713946263,15.26621675032065,0.0,0.0,0.0,0.0,0.0,8.82009768486023,8.937840700149536,9.069478750228882,0.0,0.0,0.0,0.0,0.0,5.963623361648864,8.202437778644697,17.278006293823584,0.0045582253520841665
LAW,28,240.0,0.00403182610000016,image_color_derived_proxy,20.0,0.0,0.4827586206896552,0.0,89.68600082397461,666,5216.3515625,0.0,nearest_physical_car_same_track_location_crossing_headway_le_2s,0.0,0.0,0.0,0.0,0.0,5.487425633480674,9.561363913796164,15.935605829535412,0.0,0.0,0.0,0.0,0.0,8.618436813354492,8.841313362121582,8.983597993850708,0.0,0.0,0.0,0.0,0.0,5.846861512366862,8.155615581954647,16.781492203495212,0.00454698461640568
LAW,29,239.0,0.00881783750000011,image_color_derived_proxy,20.0,0.0,0.5,0.0,89.79300117492676,687,5216.3515625,0.0,nearest_physical_car_same_track_location_crossing_headway_le_2s,0.0,0.0,0.0,0.0,0.0,5.322757504591301,9.197282584386928,15.177762857325048,0.0,0.0,0.0,0.0,0.0,8.211044073104858,8.636204242706299,8.911974906921387,0.0,0.0,0.0,0.0,0.0,5.7925232532645925,7.833718588330218,15.853744613625182,0.004535743880727194
LAW,30,240.0,0.00403182610000016,image_color_derived_proxy,20.0,0.0,0.5172413793103449,0.0,89.73199844360352,673,5216.3515625,0.0,nearest_physical_car_same_track_location_crossing_headway_le_2s,0.0,0.0,0.0,0.0,0.0,5.1671629156068315,8.819529437074568,14.855672367283557,0.0,0.0,0.0,0.0,0.0,8.211222887039185,8.292152404785156,8.633055210113525,0.0,0.0,0.0,0.0,0.0,5.643211332801086,7.713093969223652,15.623152717540185,0.004524503145048708
LAW,31,240.0,0.00403182610000016,image_color_derived_proxy,20.0,0.0,0.5344827586206896,0.0014641288433382138,89.54300045967102,684,5216.3515625,0.0,nearest_physical_car_same_track_location_crossing_headway_le_2s,0.0,0.0,0.0,0.0,0.0,4.931273409285969,8.542343013925725,13.632211080411585,0.0,0.0,0.0,0.0,0.0,8.101157665252686,8.282961368560791,8.613001346588135,0.0,0.0,0.0,0.0,0.0,5.755350009177491,7.591126126496519,16.726983905281433,0.004513262409370222
LAW,32,240.0,0.00403182610000016,image_color_derived_proxy,20.0,0.0,0.5517241379310345,0.0014641288433382138,89.28299713134766,684,5216.3515625,0.0,nearest_physical_car_same_track_location_crossing_headway_le_2s,0.0,0.0,0.0,0.0,0.0,3.369247665100499,5.164102235132335,7.454874397032498,0.0,0.0,0.0,0.0,0.0,4.38824200630188,4.6213459968566895,6.240633487701416,0.0,0.0,0.0,0.0,0.0,3.459200702802447,4.4555699693829025,8.544551861508657,0.004502021673691736
LAW,33,122.0,0.5687811713,image_color_derived_proxy,19.0,0.0,0.5689655172413793,0.0014577259475218659,89.56999969482422,687,5216.3515625,0.5781735022234442,nearest_physical_car_same_track_location_crossing_headway_le_2s,0.022987607706531764,0.05492913205351666,0.1222061292564411,0.2319081449472531,0.46793570352651453,1.9099964952635018,2.5252828043295565,3.5070484624468508,0.09840345048887494,0.28612262948527184,0.5781735022234442,0.859082284429996,0.9095232792146315,1.500387191772461,1.9555537700653076,2.3937535285949707,0.10924422646397366,0.31312942558333523,0.6293848336418055,0.7843809440943487,0.8691079786968088,1.4495559742030795,1.9032945659784906,2.6454113759933557,0.4367196699276763
LAW,34,238.0,0.013603848900000059,image_color_derived_proxy,18.0,0.0,0.5862068965517241,0.0029806259314456036,89.62500095367432,672,5216.3515625,0.06454673602641026,nearest_physical_car_same_track_location_crossing_headway_le_2s,0.06834030876702016,0.1195425608748798,0.18595259826370092,0.35927488714189,0.5137853143799986,1.6458767016728129,2.467597388824909,3.4831212824041193,0.0,0.0,0.06454673602641026,0.2849316666422817,0.42551744346121256,2.029919385910034,2.6655678749084473,3.176419496536255,0.0030237194894051707,0.04975174408010332,0.14764856370265048,0.34549514317750446,0.48112689454649926,1.9296001393102402,2.524232109624375,3.8454766502643527,0.07894512567414114
LAW,35,240.0,0.00403182610000016,image_color_derived_proxy,18.0,0.0,0.603448275862069,0.0,89.38600158691406,675,5216.3515625,0.0,nearest_physical_car_same_track_location_crossing_headway_le_2s,0.0,0.023773318748153166,0.061374298694213264,0.11137083334827017,0.158044866222283,2.201592400846581,3.3523818705782182,4.683833312988281,0.0,0.0,0.0,0.0,0.0,2.995969533920288,3.5572047233581543,3.784397840499878,0.0,0.0,0.0,0.010292440202724445,0.03937977306593154,2.70983719979377,3.179524257822497,5.101553083493433,0.0
LAW,36,240.0,0.00403182610000016,image_color_derived_proxy,18.0,0.0,0.6206896551724138,0.0,89.48799133300781,659,5216.3515625,0.0,nearest_physical_car_same_track_location_crossing_headway_le_2s,0.0,0.011912191362366436,0.04486636963451575,0.08855942923618233,0.12375963606741026,2.327555196425494,3.6682246861832866,4.824877110784813,0.0,0.0,0.0,0.0,0.0,3.2890493869781494,3.4264047145843506,3.727663993835449,0.0,0.0,0.0,0.0,0.03149031022126508,2.702723381425006,3.216271784573399,5.521648615566489,0.0
LAW,37,240.0,0.00403182610000016,image_color_derived_proxy,18.0,0.0,0.6379310344827587,0.004497751124437781,89.75099754333496,668,5216.3515625,0.0,nearest_physical_car_same_track_location_crossing_headway_le_2s,0.004724179095304551,0.016545826405236504,0.06677365268249612,0.11694588753747155,0.16289519054052298,2.157259265812508,3.3825503394717265,4.352266512784091,0.0,0.0,0.0,0.0,0.0,2.692614793777466,3.2179512977600098,3.663057804107666,0.0,0.0,0.0,0.045214030933897004,0.13069483609001828,2.4098622883965555,3.0277124822453856,5.147692990643113,0.002039109487753765
LAW,38,129.0,0.5352790915000001,image_color_derived_proxy,18.0,0.0,0.6551724137931034,0.0,89.6310043334961,652,5216.3515625,0.6627952441732142,nearest_physical_car_same_track_location_crossing_headway_le_2s,0.09607162510751725,0.24950078959475627,0.47936543170968277,0.7387846209796209,0.8667314235092183,1.5021700970586074,2.0171976311262267,2.6246352431353404,0.1860964078066992,0.25349500749694737,0.6627952441732142,0.899565972924167,0.9501177050531086,1.304079532623291,1.9119524955749512,2.252617835998535,0.18924261466626774,0.3712108070103161,0.6611998552533747,0.8487018928142941,0.892559519122855,1.2816589688709947,1.8519754828892485,2.682021647614127,0.5808992072089114
LAW,39,108.0,0.6357853309000001,image_color_derived_proxy,17.0,0.0,0.6724137931034483,0.0014925373134328358,89.02099990844727,671,5216.3515625,0.6096426681823583,nearest_physical_car_same_track_location_crossing_headway_le_2s,0.6196290685129845,0.6196290685129845,0.632446255935115,0.6564631521716726,0.6784803758805854,0.43158559025944887,1.0465348354605741,4.100740814430619,0.6096426681823583,0.6096426681823583,0.6096426681823583,0.6096426681823583,0.6096426681823583,0.33898377418518066,1.098217248916626,3.7631685733795166,0.596218872717769,0.6096426681823583,0.6096426681823583,0.6096426681823583,0.6215499435408006,0.33713787863882066,1.0792479745091113,4.175904355626496,0.6052588433099
LAW,40,238.0,0.013603848900000059,image_color_derived_proxy,17.0,0.0,0.6896551724137931,0.005908419497784343,89.93900299072266,678,5216.3515625,0.031287905104006156,nearest_physical_car_same_track_location_crossing_headway_le_2s,0.022348503645718682,0.04889979501182722,0.11436639228874618,0.17033776233756925,0.23105659092326114,1.9463721839252939,3.0486551936946698,4.085110848152767,0.028397033206557076,0.02955341589695368,0.031287905104006156,0.0332892649055413,0.036402472412697645,2.8961234092712402,3.2515087127685547,3.888627290725708,0.027774391705125807,0.02955341589695368,0.031287905104006156,0.03266662340411003,0.07574022976659002,2.599321845937619,3.1974080823059827,4.837555306132384,0.030722795950118675
LAW,41,129.0,0.5352790915000001,image_color_derived_proxy,17.0,0.0,0.7068965517241379,0.002894356005788712,90.16699981689453,692,5216.3515625,0.6002972146315197,nearest_physical_car_same_track_location_crossing_headway_le_2s,0.5591735505524281,0.5591735505524281,0.5591735505524281,0.5613583853290162,0.5707298984371278,0.1712560133328751,0.679349057179577,6.5603343249440496,0.6002972146315197,0.6002972146315197,0.6002972146315197,0.6002972146315197,0.6002972146315197,0.343524694442749,1.0468099117279053,5.462959289550781,0.6002972146315197,0.6002972146315197,0.6002972146315197,0.6002972146315197,0.6002972146315197,0.34282256062169514,1.0336400156482601,6.841205408606305,0.589760817833321
LAW,42,124.0,0.5592091485000001,image_color_derived_proxy,17.0,0.0,0.7241379310344828,0.0,89.74500274658203,665,5216.3515625,0.44235333553174144,nearest_physical_car_same_track_location_crossing_headway_le_2s,0.129945986398083,0.31120390685192423,0.49925894964394674,0.6071201969370611,0.710501975160188,1.355482618269359,1.9952697753906252,2.9615164947509767,0.061095321564793914,0.3035600779627269,0.44235333553174144,0.6141734244763075,0.9016991926503459,1.5402326583862305,2.105858087539673,2.4989471435546875,0.11742159956803745,0.34057609344237644,0.4745000598058821,0.7124519587042722,0.8720931557162394,1.4734135076182489,2.0302850659063787,2.6013152323144104,0.4673818941099304
LAW,43,165.0,0.3629826811000001,image_color_derived_proxy,16.0,0.0,0.7413793103448276,0.005925925925925926,90.50700378417969,676,5216.3515625,0.6129581407727633,nearest_physical_car_same_track_location_crossing_headway_le_2s,0.48990679972172146,0.5031986026812592,0.5425435989317651,0.5640778953798444,0.5864739042424075,0.14032562558013614,1.6597011171538254,3.8310533492960395,0.5913244011768084,0.6078646126877213,0.6129581407727633,0.617808595559075,0.6209022784751226,0.39578986167907715,1.191148281097412,3.029848098754883,0.5928270253379139,0.604119051619102,0.6067597453125846,0.6297634769358069,0.6556399225441404,0.3989600174746503,1.2048936382847326,3.3165709645905914,0.5943521724639956
LAW,44,27.0,1.0,image_color_derived_proxy,17.0,0.0,0.7586206896551724,0.001466275659824047,90.24700164794922,683,5216.3515625,1.0,nearest_physical_car_same_track_location_crossing_headway_le_2s,0.7589947378016512,0.8955422311980957,0.9713785019106879,0.9955677197174833,0.9955677197174833,0.299550942474941,1.0911317692246547,1.7501587452607996,0.7846908893548868,0.9762429246110464,1.0,1.0,1.0,0.41039609909057617,1.2524805068969727,1.6303281784057617,0.801644376716935,0.9469456046252998,0.994636928088137,1.0,1.0,0.41371340386872657,1.2403781225391326,1.6284061470516435,1.0
LAW,45,208.0,0.15718419090000013,image_color_derived_proxy,17.0,0.0,0.7758620689655172,0.0,89.88500213623047,692,5216.3515625,0.09297435251154637,nearest_physical_car_same_track_location_crossing_headway_le_2s,0.0556266114904612,0.10165209363363815,0.22456470434197714,0.33727541453134585,0.47980201916354304,1.748367434131856,2.5318023064970556,3.7798684120416848,0.0,0.0,0.09297435251154637,0.27364965831330673,0.43297545021575096,2.0011909008026123,2.821593999862671,3.4969253540039062,0.0,0.041341714321557685,0.1688824788711569,0.2741058087332014,0.43229681734957465,1.9490351887348414,2.6608865974318414,3.8686091744504605,0.10976328978933797
LAW,46,140.0,0.4826329661000001,image_color_derived_proxy,18.0,0.0,0.7931034482758621,0.0014858841010401188,90.11000061035156,674,5216.3515625,0.5650205428918276,nearest_physical_car_same_track_location_crossing_headway_le_2s,0.44878475794135214,0.5007546843601561,0.5504716491497937,0.5759072256825857,0.6042504293492332,0.5393750007335957,1.7449652830145994,4.427186366489956,0.5002663641663826,0.5498168725189228,0.5650205428918276,0.5650205428918276,0.5650205428918276,0.39154863357543945,1.499769926071167,3.977848529815674,0.5011541036083793,0.5351126561248772,0.5650205428918276,0.5650205428918276,0.5718677360519073,0.38578218081370014,1.4926302378633698,5.011797107395115,0.5603243815050295
LAW,47,199.0,0.2002582935000001,image_color_derived_proxy,18.0,0.0,0.8103448275862069,0.0,89.11199951171875,683,5216.3515625,0.22498653263571303,nearest_physical_car_same_track_location_crossing_headway_le_2s,0.028290200489071656,0.07208901433362488,0.23749890592380382,0.31186592374935446,0.39877909597887873,1.8493310863883496,2.7115038420024673,4.029216585454253,0.0,0.0,0.22498653263571303,0.2739137324992757,0.43909913178736326,1.8781850337982178,2.5906407833099365,3.090141773223877,0.0,0.05937471987582628,0.21442676898067892,0.33545423897919263,0.5968780800281642,1.8150343843877739,2.4093929841998345,3.4279450456614704,0.1828953291176762
LAW,48,240.0,0.00403182610000016,image_color_derived_proxy,18.0,0.0,0.8275862068965517,0.0,89.45700073242188,656,5216.3515625,0.0,nearest_physical_car_same_track_location_crossing_headway_le_2s,0.0,0.008540393992208989,0.026381396548389176,0.06033064867038034,0.09233479996858078,2.5617509466121633,4.046527434967377,6.08319702832248,0.0,0.0,0.0,0.0,0.0,3.375840425491333,4.198513984680176,4.669789552688599,0.0,0.0,0.0,0.0,0.0053657225891208995,3.0228115374899724,3.802097270836433,6.370814710173126,0.0
LAW,49,240.0,0.00403182610000016,image_color_derived_proxy,18.0,0.0,0.8448275862068966,0.0029717682020802376,89.13199996948242,674,5216.3515625,0.0,nearest_physical_car_same_track_location_crossing_headway_le_2s,0.0,0.0,0.0,0.02360544015923703,0.06196426436863811,2.796515991210937,5.074358313853347,7.112405691964286,0.0,0.0,0.0,0.0,0.0,4.758706331253052,5.215060710906982,5.698575735092163,0.0,0.0,0.0,0.0,0.0,3.625284752170405,4.60683520461465,9.649833636875718,0.0
LAW,50,240.0,0.00403182610000016,image_color_derived_proxy,18.0,0.0,0.8620689655172413,0.0015600624024961,89.12899780273438,642,5216.3515625,0.0,nearest_physical_car_same_track_location_crossing_headway_le_2s,0.0,0.0,0.00786500724685071,0.03853963974266746,0.07293917575932718,2.72183230232839,4.902711181640625,6.742697004838423,0.0,0.0,0.0,0.0,0.0,4.644446611404419,4.81728720664978,5.467448949813843,0.0,0.0,0.0,0.0,0.0,3.5629127621522536,4.557623126180896,8.947658954468531,0.0
LAW,51,240.0,0.00403182610000016,image_color_derived_proxy,18.0,0.0,0.8793103448275862,0.002976190476190476,89.13000202178955,673,5216.3515625,0.0,nearest_physical_car_same_track_location_crossing_headway_le_2s,0.0,0.0,0.009222468052793859,0.02021765965332115,0.055413516138061863,2.9026895584598664,4.843833427215288,6.590827056535262,0.0,0.0,0.0,0.0,0.0,4.407766103744507,4.653745889663696,4.938984632492065,0.0,0.0,0.0,0.0,0.0,3.3061675662991674,4.34086726136823,7.896521257078124,0.0
LAW,52,240.0,0.00403182610000016,image_color_derived_proxy,18.0,0.0,0.896551724137931,0.0,89.25900268554688,642,5216.3515625,0.0,nearest_physical_car_same_track_location_crossing_headway_le_2s,0.0,0.002901655441547381,0.03361001238016862,0.06227936819770251,0.0999674469261385,2.4909581349995324,4.49793515513605,6.2187717013888895,0.0,0.0,0.0,0.0,0.0,4.040316343307495,4.560518980026245,4.9799964427948,0.0,0.0,0.0,0.0,0.0,3.190736064113432,4.22796721637679,7.840918870194613,0.0
LAW,53,168.0,0.3486246469000001,image_color_derived_proxy,18.0,0.0,0.9137931034482759,0.002932551319648094,92.28150177001953,683,5216.3515625,0.465521204088687,nearest_physical_car_same_track_location_crossing_headway_le_2s,0.0,0.0,0.008235672527045343,0.013014528270423407,0.021250200797468748,3.5107151584775975,5.31470812087091,10.17135462427107,0.26787597657017004,0.41785190567648967,0.465521204088687,0.532284347238949,0.5786749905192178,1.0002243518829346,2.119325876235962,4.323168754577637,0.30038528311430324,0.4067878928075938,0.4780914770021068,0.51559635174045,0.5502836545858587,0.8865477418811163,2.1162476393499143,5.808355460026162,0.390583622485427
LAW,54,240.0,0.00403182610000016,image_color_derived_proxy,18.0,0.0,0.9310344827586207,0.0,89.51499938964844,659,5216.3515625,0.0,nearest_physical_car_same_track_location_crossing_headway_le_2s,0.022566055650303292,0.053611145913503126,0.11952193658691664,0.1702396560188393,0.22767142539659813,1.964109479249829,2.938194967745032,3.8094698297897445,0.0,0.0,0.0,0.0,0.0,2.785938262939453,3.01660418510437,3.2627055644989014,0.0,0.0,0.009830766621409352,0.041791870047584105,0.14032279915532464,2.452149905918941,2.8595477886106275,4.643900087673417,0.013025116818551896
LAW,55,240.0,0.00403182610000016,image_color_derived_proxy,18.0,0.0,0.9482758620689655,0.0,89.3270034790039,665,5216.3515625,0.0,nearest_physical_car_same_track_location_crossing_headway_le_2s,0.011407535990162167,0.022602316362905567,0.048574281134128365,0.08191249011702754,0.13297207138390824,2.3374007551637415,3.5868837803375935,4.893352437190872,0.0,0.0,0.0,0.0,0.0,3.2326865196228027,3.375742197036743,3.4809370040893555,0.0,0.0,0.0,0.00806026492900018,0.061560338253246485,2.613098721906062,3.1923970581895524,5.131257948913181,0.0
LAW,56,240.0,0.00403182610000016,image_color_derived_proxy,18.0,0.0,0.9655172413793104,0.001483679525222552,89.32800295948982,675,5216.3515625,0.0,nearest_physical_car_same_track_location_crossing_headway_le_2s,0.0,0.0,0.01768762170159097,0.03291241756955996,0.0687354110921648,2.6976851399739585,4.186451287916581,5.901156161693816,0.0,0.0,0.0,0.0,0.0,3.6987531185150146,3.8433456420898438,4.052957057952881,0.0,0.0,0.0,0.0,0.005810038090371403,2.9287644908800976,3.5840183361894415,6.19745968392754,0.0
LAW,57,240.0,0.00403182610000016,image_color_derived_proxy,18.0,0.0,0.9827586206896551,0.0015337423312883436,89.16200256347656,653,5216.3515625,0.0,nearest_physical_car_same_track_location_crossing_headway_le_2s,0.0,0.007828424965871291,0.028924882784977925,0.05024559236091942,0.0935263900015077,2.560357891237604,3.860724480745599,5.521227822648966,0.0,0.0,0.0,0.0,0.0,3.302232503890991,3.523972988128662,3.851339817047119,0.0,0.0,0.0,0.0,0.0434938025824698,2.6290290831000647,3.284600467786153,5.960117071083044,0.0
BOR,1,14.0,1.0,image_color_derived_proxy,7.0,0.002139648295147498,0.017241379310344827,0.08060109289617487,96.27750015258789,733,5216.3515625,0.9978603517048525,nearest_physical_car_same_track_location_crossing_headway_le_2s,0.9934044819458663,0.9934044819458663,0.9934044819458663,0.9934044819458663,0.9934044819458663,0.022614245468674264,0.29372440248023807,0.6900480563823993,0.9978603517048525,0.9978603517048525,0.9978603517048525,0.9978603517048525,0.9978603517048525,0.033475399017333984,0.4940338134765625,0.7043192386627197,1.0,1.0,1.0,1.0,1.0,0.03632627688921638,0.4793495692586041,0.6991089221194451,0.9982477981221356
BOR,2,15.0,1.0,image_color_derived_proxy,7.0,0.0,0.034482758620689655,0.005797101449275362,90.78200340270996,691,5216.3515625,1.0,nearest_physical_car_same_track_location_crossing_headway_le_2s,0.9827388915624377,0.9960124256461925,0.9960124256461925,0.9960124256461925,0.9960124256461925,0.1313525454072368,0.3360751051816383,0.5427112633073834,1.0,1.0,1.0,1.0,1.0,0.13837552070617676,0.3391892910003662,0.5348336696624756,1.0,1.0,1.0,1.0,1.0,0.14150494449521103,0.3380906395059146,0.5382071297708168,0.9993914697559876
BOR,3,15.0,1.0,image_color_derived_proxy,7.0,0.0,0.05172413793103448,0.0,90.27099990844727,684,5216.3515625,1.0,nearest_physical_car_same_track_location_crossing_headway_le_2s,0.9957239865761711,0.9957239865761711,0.9957239865761711,0.9957239865761711,0.9957239865761711,0.447262993208859,0.5731422358545764,0.8055877484773335,1.0,1.0,1.0,1.0,1.0,0.4390528202056885,0.5484228134155273,0.7310447692871094,1.0,1.0,1.0,1.0,1.0,0.438538055755349,0.5435162291700613,0.7173367785294449,0.9995525344397143
BOR,4,15.0,1.0,image_color_derived_proxy,7.0,0.0,0.06896551724137931,0.0014814814814814814,90.35599517822266,676,5216.3515625,1.0,nearest_physical_car_same_track_location_crossing_headway_le_2s,0.9875492793149216,0.9959050862752542,0.9959050862752542,0.9959050862752542,0.9959050862752542,0.05435265224079194,0.40071932233404894,0.7834593307140262,1.0,1.0,1.0,1.0,1.0,0.4042229652404785,0.5951571464538574,0.7787775993347168,1.0,1.0,1.0,1.0,1.0,0.4041323940741872,0.5984932288020731,0.7725560197124449,0.9994327332732991
BOR,5,25.0,1.0,image_color_derived_proxy,7.0,0.0,0.08620689655172414,0.0,90.31199645996094,684,5216.3515625,1.0,nearest_physical_car_same_track_location_crossing_headway_le_2s,0.9714988016979104,0.9853729092491291,0.9974864911972875,0.9974864911972875,0.9974864911972875,0.1826521682739258,0.42020585373053415,0.8231844773823397,1.0,1.0,1.0,1.0,1.0,0.424358606338501,0.6733601093292236,0.863832950592041,1.0,1.0,1.0,1.0,1.0,0.424459358347027,0.6740742437994091,0.8676370871831375,1.0
BOR,6,15.0,1.0,image_color_derived_proxy,7.0,0.0,0.10344827586206896,0.0,90.57100009918213,676,5216.3515625,1.0,nearest_physical_car_same_track_location_crossing_headway_le_2s,0.9789888839729803,0.9814178889057398,0.9880425511945663,0.9880425511945663,0.9929116381750529,0.1668492983913854,0.5978126355464056,0.8256123976293913,1.0,1.0,1.0,1.0,1.0,0.21996140480041504,0.6274127960205078,0.8596909046173096,1.0,1.0,1.0,1.0,1.0,0.21991521349436383,0.624959304066206,0.8374139209189404,0.9973744829480837
BOR,7,52.0,0.9038019693000001,image_color_derived_proxy,7.0,0.0,0.1206896551724138,0.0,90.49999618530273,669,5216.3515625,1.0,nearest_physical_car_same_track_location_crossing_headway_le_2s,0.9240883813652916,0.9275469841634417,0.9397679680257541,0.9442652223077098,0.9595801154639362,0.09108108093379547,0.4066415913780519,0.878754918715533,1.0,1.0,1.0,1.0,1.0,0.2773618698120117,0.6213147640228271,0.7983300685882568,1.0,1.0,1.0,1.0,1.0,0.2781828764257539,0.6207317700801298,0.8323521614644144,0.9846272184957359
BOR,8,29.0,1.0,image_color_derived_proxy,7.0,0.0,0.13793103448275862,0.0,90.39799880981445,695,5216.3515625,1.0,nearest_physical_car_same_track_location_crossing_headway_le_2s,0.9330626293739542,0.9381512274682597,0.9405849231650636,0.9434610744621759,0.9461160190585903,0.1030330594906137,0.37216873168945314,0.9099478032331866,1.0,1.0,1.0,1.0,1.0,0.356952428817749,0.6985385417938232,0.9136855602264404,1.0,1.0,1.0,1.0,1.0,0.35875865306030075,0.6993338111039096,0.922445468054869,0.9878036549264211
BOR,9,51.0,0.9085879807,image_color_derived_proxy,7.0,0.0,0.15517241379310345,0.0,90.18499946594238,678,5216.3515625,1.0,nearest_physical_car_same_track_location_crossing_headway_le_2s,0.9901757242621664,0.9901757242621664,0.9933581001026734,0.9933581001026734,0.9933581001026734,0.2976320662588443,0.5397205139539257,0.8957732660085084,1.0,1.0,1.0,1.0,1.0,0.5318171977996826,0.7795202732086182,0.925438642501831,1.0,1.0,1.0,1.0,1.0,0.5477888427199539,0.7629496968148309,0.9384619252118719,0.9995815350275771
BOR,10,43.0,0.9468760719000001,image_color_derived_proxy,7.0,0.0,0.1724137931034483,0.0,90.2179946899414,690,5216.3515625,1.0,nearest_physical_car_same_track_location_crossing_headway_le_2s,0.9961537606321934,0.9961537606321934,0.9961537606321934,0.9961537606321934,0.9961537606321934,0.3225207734031799,0.649745725674108,0.9217188683377073,1.0,1.0,1.0,1.0,1.0,0.4381089210510254,0.7724604606628418,0.9198408126831055,1.0,1.0,1.0,1.0,1.0,0.43845208334921226,0.7704473917900667,0.9275239224280174,0.9995576323016888
BOR,11,28.0,1.0,image_color_derived_proxy,7.0,0.0,0.1896551724137931,0.0,90.35099792480469,696,5216.3515625,1.0,nearest_physical_car_same_track_location_crossing_headway_le_2s,0.9948866086373249,0.9948866086373249,0.9948866086373249,0.9948866086373249,0.9948866086373249,0.7570911252472242,0.9672614646884663,1.1466107753877872,1.0,1.0,1.0,1.0,1.0,0.8957204818725586,1.0341558456420898,1.1886286735534668,1.0,1.0,1.0,1.0,1.0,0.8894997854179234,1.0290806732753937,1.233696676185974,0.9992993645317945
BOR,12,44.0,0.9420900605,image_color_derived_proxy,7.0,0.0,0.20689655172413793,0.0,90.27850151062012,691,5216.3515625,0.8514707670413221,nearest_physical_car_same_track_location_crossing_headway_le_2s,0.7173081269680819,0.9557812635512366,0.9945723461469513,0.9969095630809305,0.9969095630809305,1.0321488747125827,1.4211553477021164,1.6168455909280217,0.06037982600964867,0.6018707665342649,0.8514707670413221,0.9690624099775342,1.0,1.579704999923706,1.7121505737304688,2.141691207885742,0.10657023899403226,0.6276910161183987,0.7880890988293633,0.8993558577311491,0.9777687516895306,1.4892866415832795,1.644754692943512,2.250581673312695,0.8662195672938053
BOR,13,32.0,0.9995221973000001,image_color_derived_proxy,7.0,0.0,0.22413793103448276,0.0,90.2729959487915,661,5216.3515625,1.0,nearest_physical_car_same_track_location_crossing_headway_le_2s,0.3116989928500253,0.6907159484729553,0.9114685270928276,0.9555791645589494,0.9746324949887805,1.135531585843033,1.613592751610358,1.9620507133707985,0.7162717839130022,0.998571015007834,1.0,1.0,1.0,0.8691654205322266,1.3081088066101074,1.6052520275115967,0.7283241892133115,0.9387524952038704,0.9752417614100144,0.98791444117031,1.0,0.8956062379509976,1.3093820519136024,1.6705444513193295,1.0
BOR,14,43.0,0.9468760719000001,image_color_derived_proxy,7.0,0.0,0.2413793103448276,0.0014749262536873156,90.4885025024414,679,5216.3515625,0.9798482510320594,nearest_physical_car_same_track_location_crossing_headway_le_2s,0.3670686450935622,0.8171480245915247,0.9512202881902033,0.9966294059607813,0.9966294059607813,1.0622956971072894,1.5668877737862723,1.8434236946752516,0.07037358177461017,0.7016250103600107,0.9798482510320594,0.981743532254813,0.9837327386202397,1.5448930263519287,1.646057367324829,1.8031721115112305,0.15926886021502112,0.7238709675107535,0.8679555589688436,0.942313070733305,0.9837327386202397,1.413189858147861,1.6252759469423899,2.1172298692620153,0.9445389792007808
BOR,15,87.0,0.7362915703000001,image_color_derived_proxy,6.0,0.0,0.25862068965517243,0.0014245014245014246,91.9605016708374,703,5216.3515625,0.9732113246651697,nearest_physical_car_same_track_location_crossing_headway_le_2s,0.10557793050898563,0.1873630902519326,0.40812086623043253,0.7535843760200337,0.8523333127220092,1.4813412296070774,2.0355809397759788,2.778720516574363,0.550094883387869,0.7896542625384907,0.9732113246651697,0.978213462279851,0.9838680273770236,0.6278488636016846,1.2745335102081299,1.802295446395874,0.573702860670301,0.7808678961904828,0.901126003116847,0.9499295818649385,0.9738745996671595,0.6105837162657042,1.2815176675587208,1.9802773675749006,0.7924812978060175
BOR,16,91.0,0.7171475247000001,image_color_derived_proxy,15.0,0.0,0.27586206896551724,0.011015911872705019,109.81200408935547,818,5216.3515625,0.8963228167118834,nearest_physical_car_same_track_location_crossing_headway_le_2s,0.8048210036086982,0.8182166178047406,0.8256474862329841,0.8326867830117098,0.8405365448693102,0.4253360669902662,1.2541960127809553,14.525239968601662,0.5464247757581855,0.8669726248619234,0.8963228167118834,0.899127606711438,0.9009580096376927,0.6654801368713379,1.4735593795776367,2.3185231685638428,0.5553308856862984,0.7895311676373397,0.8461187596655355,0.8761792483144389,0.8976705724942871,0.646402349021826,1.4515936607822952,2.652908321083966,0.8736176941690954
BOR,17,50.0,0.9133739921,image_color_derived_proxy,15.0,0.0,0.29310344827586204,0.004405286343612335,90.50699996948242,682,5216.3515625,0.9862883567121067,nearest_physical_car_same_track_location_crossing_headway_le_2s,0.7181544013755113,0.778945193551831,0.8476139637752753,0.8867160121851395,0.9426231788231385,0.35588569368634904,0.9980971104890397,2.2839205855496956,0.7372357983798864,0.8917210696662845,0.9862883567121067,0.9862883567121067,0.9897135055169954,0.18726038932800293,0.685858964920044,1.7635400295257568,0.7681615965814863,0.9008143174493898,0.95269979754586,0.981426864190042,0.9961218487821751,0.18451385843437818,0.6672232658670791,1.7430432089868597,0.9307542270956763
BOR,18,28.0,1.0,image_color_derived_proxy,15.0,0.0,0.3103448275862069,0.0,90.24600219726562,666,5216.3515625,1.0,nearest_physical_car_same_track_location_crossing_headway_le_2s,0.8471291016628252,0.9466236878920753,0.9857279057265602,0.9940495979056997,0.9940495979056997,0.667705507805011,0.8671719074249268,1.5740235317431934,1.0,1.0,1.0,1.0,1.0,0.2079024314880371,0.49422430992126465,0.7552483081817627,1.0,1.0,1.0,1.0,1.0,0.20749482704047056,0.4881141219340732,0.7543510653127083,1.0
BOR,19,33.0,0.9947361859,image_color_derived_proxy,14.0,0.0,0.3275862068965517,0.0029940119760479044,90.16600316762924,669,5216.3515625,0.9960184553494331,nearest_physical_car_same_track_location_crossing_headway_le_2s,0.9856708937739043,0.9971053390610456,0.9971053390610456,0.9971053390610456,0.9971053390610456,0.5967585088298786,0.836635226890689,1.1852749708631605,0.9939001404853914,0.9960184553494331,0.9960184553494331,0.998336402070753,0.998336402070753,0.3049614429473877,0.4933140277862549,0.8421883583068848,0.9939001404853914,0.9960184553494331,0.9960184553494331,0.998336402070753,0.998336402070753,0.3051313287858827,0.48966929725619496,0.8264772248288033,0.9957896278856317
BOR,20,28.0,1.0,image_color_derived_proxy,13.0,0.0,0.3448275862068966,0.002886002886002886,90.25699996948242,694,5216.3515625,0.9897958052657844,nearest_physical_car_same_track_location_crossing_headway_le_2s,0.9935185084952953,0.9935185084952953,0.9935185084952953,0.9935185084952953,0.9935185084952953,0.3483702273769233,0.6554712351623662,0.8433750152587891,0.9897958052657844,0.9897958052657844,0.9897958052657844,0.9897958052657844,0.9897958052657844,0.4265024662017822,0.7150695323944092,0.8616189956665039,0.9897958052657844,0.9897958052657844,0.9897958052657844,0.9897958052657844,0.9897958052657844,0.42747701002079386,0.7049504437072895,0.8713930523472299,0.9900139777205994
BOR,21,29.0,1.0,image_color_derived_proxy,13.0,0.0,0.3620689655172414,0.007374631268436578,90.18599915504456,679,5216.3515625,0.8225888702248187,nearest_physical_car_same_track_location_crossing_headway_le_2s,0.7527775466656074,0.7611048177766117,0.7789567771798274,0.7953673016082584,0.8074423121133244,0.09983807690577055,0.5156654968097403,3.3946844306755057,0.8225888702248187,0.8225888702248187,0.8225888702248187,0.826469806365626,0.9730668056843382,0.1290748119354248,0.5599555969238281,2.389972448348999,0.821136353145351,0.8225888702248187,0.859734350900363,0.9413435196627533,0.9588628044349261,0.12474492994507655,0.5664016018616124,2.096698721593841,0.8388294135938876
BOR,22,15.0,1.0,image_color_derived_proxy,12.0,0.0,0.3793103448275862,0.0014641288433382138,90.4699935913086,684,5216.3515625,1.0,nearest_physical_car_same_track_location_crossing_headway_le_2s,0.9946833199925739,0.9946833199925739,0.9946833199925739,0.9946833199925739,0.9946833199925739,0.29530859977780377,0.5054218729470149,0.7631031664225766,1.0,1.0,1.0,1.0,1.0,0.5037226676940918,0.6419191360473633,0.9447803497314453,1.0,1.0,1.0,1.0,1.0,0.4978390849489867,0.6368775966245457,0.9270196173065125,0.9984987294364236
BOR,23,24.0,1.0,image_color_derived_proxy,12.0,0.0,0.39655172413793105,0.0072992700729927005,90.12700164318085,686,5216.3515625,1.0,nearest_physical_car_same_track_location_crossing_headway_le_2s,0.994441177693796,0.994441177693796,0.994441177693796,0.994441177693796,0.994441177693796,0.5590819286901308,0.8930510654921949,1.1545307842832004,1.0,1.0,1.0,1.0,1.0,0.4184117317199707,0.9138398170471191,1.19990873336792,0.9689327372928044,0.9973259830599432,1.0,1.0,1.0,0.4180263305146125,0.908058315713223,1.285713303231688,0.9978268969290296
BOR,24,20.0,1.0,image_color_derived_proxy,11.0,0.0,0.41379310344827586,0.0015082956259426848,90.27599716186523,664,5216.3515625,1.0,nearest_physical_car_same_track_location_crossing_headway_le_2s,0.9901967291651058,0.9952922147051015,0.9952922147051015,0.9952922147051015,0.9952922147051015,0.35803905668859276,0.7239440437797067,1.210579053624771,1.0,1.0,1.0,1.0,1.0,0.4481973648071289,0.8862903118133545,1.2802479267120361,0.9817448759705715,0.9902410404621347,1.0,1.0,1.0,0.4472736231260973,0.8855379429978874,1.295547644377855,0.9988962946498763
BOR,25,14.0,1.0,image_color_derived_proxy,11.0,0.0,0.43103448275862066,0.008708272859216255,90.22000503540039,690,5216.3515625,1.0,nearest_physical_car_same_track_location_crossing_headway_le_2s,0.9219131791446131,0.9447018715233753,0.9606739598814332,0.984249650223421,0.9871314335566621,0.14490139355439297,0.650989561712285,1.2977618626185827,0.9809354785556902,1.0,1.0,1.0,1.0,0.6058869361877441,0.7937393188476562,1.245046615600586,0.9914764226395124,0.999678570971018,1.0,1.0,1.0,0.592921174938724,0.7976889844619514,1.2738061063642279,0.9920098661635635
BOR,26,15.0,1.0,image_color_derived_proxy,11.0,0.0,0.4482758620689655,0.01188707280832095,90.06499481201172,674,5216.3515625,1.0,nearest_physical_car_same_track_location_crossing_headway_le_2s,0.9881307936790168,0.9881307936790168,0.9881307936790168,0.9881307936790168,0.9881307936790168,0.3644336521397134,0.6162528503255836,0.811367680811296,0.9805584905174495,0.9805584905174495,1.0,1.0,1.0,0.11904311180114746,0.45460939407348633,0.5866091251373291,0.9805584905174495,0.9946816175079727,1.0,1.0,1.0,0.11358693317248143,0.43867244965575763,0.5794877340877934,0.9951969496014772
BOR,27,15.0,1.0,image_color_derived_proxy,11.0,0.0,0.46551724137931033,0.01951951951951952,90.6099967956543,667,5216.3515625,1.0,nearest_physical_car_same_track_location_crossing_headway_le_2s,0.8958503491520624,0.9486701624402857,0.9675752908191041,0.988202190300333,0.9949564065387348,0.5980619177354121,0.8010854727651553,1.4919308288855488,1.0,1.0,1.0,1.0,1.0,0.09064126014709473,0.6512415409088135,0.8320176601409912,1.0,1.0,1.0,1.0,1.0,0.08840321563018941,0.6518908783185632,0.8458556507704619,0.99094809141913
BOR,28,19.0,1.0,image_color_derived_proxy,11.0,0.0,0.4827586206896552,0.014925373134328358,90.82699966430664,671,5216.3515625,1.0,nearest_physical_car_same_track_location_crossing_headway_le_2s,0.736113715669373,0.8499014563485812,0.9128672292400514,0.9582502703828973,0.9762295413144353,0.6099218845367432,0.9391098201976102,1.8962016899044776,1.0,1.0,1.0,1.0,1.0,0.1079549789428711,0.3511013984680176,1.1113781929016113,0.9977980031964212,1.0,1.0,1.0,1.0,0.1038753778495532,0.34480863456391714,1.0934951958940244,0.9800642662852216
BOR,29,20.0,1.0,image_color_derived_proxy,11.0,0.0,0.5,0.01729106628242075,90.43999636173248,695,5216.3515625,1.0,nearest_physical_car_same_track_location_crossing_headway_le_2s,0.9044671626155562,0.9561477502428254,0.9839672623676634,0.9946484151411005,0.9973131356646309,0.4903739940986389,0.8292884801645748,1.4856946755911558,1.0,1.0,1.0,1.0,1.0,0.10271286964416504,0.37683892250061035,0.758983850479126,1.0,1.0,1.0,1.0,1.0,0.10077773599934305,0.371857298287576,0.777225859130119,0.998290793239927
BOR,30,27.0,1.0,image_color_derived_proxy,10.0,0.0,0.5172413793103449,0.013452914798206279,89.96000099182129,670,5216.3515625,1.0,nearest_physical_car_same_track_location_crossing_headway_le_2s,0.9954313027032002,0.9954313027032002,0.9954313027032002,0.9954313027032002,0.9954313027032002,0.1484375034059797,0.42593821816462807,0.9222690355096405,1.0,1.0,1.0,1.0,1.0,0.11822795867919922,0.43947911262512207,0.9601471424102783,1.0,1.0,1.0,1.0,1.0,0.11663404636297883,0.4434848314283406,0.9312096818126699,0.9988095628985718
BOR,31,36.0,0.9803781517,image_color_derived_proxy,10.0,0.0,0.5344827586206896,0.0014619883040935672,90.11400604248047,685,5216.3515625,0.9979137145456564,nearest_physical_car_same_track_location_crossing_headway_le_2s,0.9944736671043997,0.9944736671043997,0.9944736671043997,0.9944736671043997,0.9944736671043997,0.38524331225120617,0.8574839369917634,1.0156919455226463,0.8058570504163639,0.9502074390189903,0.9979137145456564,0.9979137145456564,0.9979137145456564,1.0571589469909668,1.2632834911346436,1.6404621601104736,0.7716780188128052,0.9516722921531131,0.9979137145456564,0.9979137145456564,0.9979137145456564,1.0433057511747583,1.263433798938361,1.6270712146308104,1.0
BOR,32,38.0,0.9708061289000001,image_color_derived_proxy,9.0,0.0,0.5517241379310345,0.0014577259475218659,89.95500183105469,687,5216.3515625,0.9926074147304603,nearest_physical_car_same_track_location_crossing_headway_le_2s,0.9906842311993166,0.9906842311993166,0.9906842311993166,0.9906842311993166,0.9906842311993166,0.3194756182228647,0.635723876953125,1.0078398227691652,0.9906842311993166,0.9926074147304603,0.9926074147304603,0.9951197820959983,0.9961647491325067,0.7059128284454346,0.9813961982727051,1.2176966667175293,0.9886165321663086,0.9926074147304603,0.9926074147304603,0.9951197820959983,0.9961647491325067,0.7223627277425,0.9730663332958642,1.2559430819649966,0.9923315054146082
BOR,33,27.0,1.0,image_color_derived_proxy,8.0,0.0,0.5689655172413793,0.0028694404591104736,90.07400512695312,698,5216.3515625,0.9888869166402681,nearest_physical_car_same_track_location_crossing_headway_le_2s,0.9945711307949523,0.9945711307949523,0.9945711307949523,0.9945711307949523,0.9945711307949523,0.388369526131754,0.7484520080566407,1.020832687335873,0.9888869166402681,0.9888869166402681,0.9888869166402681,0.9888869166402681,0.9888869166402681,0.3700416088104248,0.7085182666778564,0.9813601970672607,0.9888869166402681,0.9888869166402681,0.9888869166402681,0.9888869166402681,0.9888869166402681,0.36830491449017105,0.6957678686202263,0.9796616270379245,0.989984249387377
BOR,34,39.0,0.9660201175,image_color_derived_proxy,8.0,0.0,0.5862068965517241,0.0,89.98900032043457,674,5216.3515625,1.0,nearest_physical_car_same_track_location_crossing_headway_le_2s,0.9765527195036863,0.9765527195036863,0.9765527195036863,0.9784862867814355,0.9784862867814355,0.323312509059906,0.6677968128912188,0.98583628134137,1.0,1.0,1.0,1.0,1.0,0.3701944351196289,0.7350578308105469,0.9325869083404541,1.0,1.0,1.0,1.0,1.0,0.37282066256348095,0.7258808201580924,0.9203685522137037,0.9951244571806701
BOR,35,28.0,1.0,image_color_derived_proxy,8.0,0.0,0.603448275862069,0.002976190476190476,89.83399963378906,673,5216.3515625,0.9924416474546066,nearest_physical_car_same_track_location_crossing_headway_le_2s,0.8672106238872349,0.8672106238872349,0.8684796135075419,0.8684796135075419,0.8684796135075419,0.19385483957106067,0.5866619044004264,4.704760348344686,0.9924416474546066,0.9924416474546066,0.9924416474546066,0.9924416474546066,0.9924416474546066,0.34438300132751465,0.7252044677734375,0.9160528182983398,0.9924416474546066,0.9924416474546066,0.9924416474546066,0.9924416474546066,0.9924416474546066,0.3482340263335068,0.7117407966251483,0.9149894042071325,0.9684430894943755
BOR,36,23.0,1.0,image_color_derived_proxy,8.0,0.0,0.6206896551724138,0.005961251862891207,89.86100006103516,672,5216.3515625,0.951692104632424,nearest_physical_car_same_track_location_crossing_headway_le_2s,0.9870243906735255,0.9870243906735255,0.9870243906735255,0.9870243906735255,0.9870243906735255,0.2785199164981731,0.5946344841559722,1.0261524911654198,0.951692104632424,0.951692104632424,0.951692104632424,0.951692104632424,0.951692104632424,0.14998793601989746,0.5042269229888916,1.0116510391235352,0.951692104632424,0.951692104632424,0.951692104632424,0.951692104632424,0.951692104632424,0.14601494057973863,0.5042400817860802,0.9994150197637383,0.9587623586147844
BOR,37,33.0,0.9947361859,image_color_derived_proxy,8.0,0.0,0.6379310344827587,0.0,90.50199699401855,678,5216.3515625,1.0,nearest_physical_car_same_track_location_crossing_headway_le_2s,0.9974365207284916,0.9974365207284916,0.9974365207284916,0.9974365207284916,0.9974365207284916,0.40279998779296877,0.7275112928847921,1.0329475027217452,1.0,1.0,1.0,1.0,1.0,0.4550132751464844,0.7897121906280518,0.9816694259643555,1.0,1.0,1.0,1.0,1.0,0.4604928210643344,0.770402761605003,0.9713016150998591,0.9993767309070469
BOR,38,25.0,1.0,image_color_derived_proxy,9.0,0.0,0.6551724137931034,0.010687022900763359,91.14099502563477,656,5216.3515625,1.0,nearest_physical_car_same_track_location_crossing_headway_le_2s,0.9962146562179744,0.9962146562179744,0.9962146562179744,0.9962146562179744,0.9962146562179744,0.09538769826290219,0.39449691772460943,0.8723999741498162,1.0,1.0,1.0,1.0,1.0,0.21026825904846191,0.5472016334533691,0.8416495323181152,1.0,1.0,1.0,1.0,1.0,0.20707443868486597,0.5472604146450059,0.8236259689263242,0.998999820467837
BOR,39,15.0,1.0,image_color_derived_proxy,9.0,0.0,0.6724137931034483,0.0029895366218236174,90.23999786376953,670,5216.3515625,1.0,nearest_physical_car_same_track_location_crossing_headway_le_2s,0.9953457447159847,0.9953457447159847,0.9953457447159847,0.9953457447159847,0.9953457447159847,0.43188373251455586,0.7040239111297293,0.9962711069209996,1.0,1.0,1.0,1.0,1.0,0.588646411895752,0.7774291038513184,1.026686668395996,1.0,1.0,1.0,1.0,1.0,0.5842120060193466,0.7783269388276258,1.017683408902837,0.9988191883472246
BOR,40,15.0,1.0,image_color_derived_proxy,9.0,0.0,0.6896551724137931,0.0029498525073746312,90.15600204467773,679,5216.3515625,1.0,nearest_physical_car_same_track_location_crossing_headway_le_2s,0.9952748570324224,0.9952748570324224,0.9952748570324224,0.9952748570324224,0.9952748570324224,0.5080932696248583,0.7568027679962126,0.9469459567986536,1.0,1.0,1.0,1.0,1.0,0.4973597526550293,0.7292876243591309,0.9151301383972168,1.0,1.0,1.0,1.0,1.0,0.5239429828710683,0.7230982752192826,0.8990678804084429,0.9987941282952337
BOR,41,20.0,1.0,image_color_derived_proxy,10.0,0.0,0.7068965517241379,0.00423728813559322,91.17550277709961,709,5216.3515625,1.0,nearest_physical_car_same_track_location_crossing_headway_le_2s,0.9330192769987763,0.9946915565844408,0.9946915565844408,0.9946915565844408,0.9946915565844408,0.08692653266751037,0.7749630912405545,1.402448018490753,0.9442722976350346,1.0,1.0,1.0,1.0,0.19032859802246094,0.801809549331665,1.1077160835266113,0.9337431636546101,0.9786675188446261,0.9894269768463901,1.0,1.0,0.1904843563109768,0.7954392318906504,1.237732472416576,0.9969762205080255
BOR,42,39.0,0.9660201175,image_color_derived_proxy,10.0,0.0,0.7241379310344828,0.009022556390977444,89.97200012207031,666,5216.3515625,1.0,nearest_physical_car_same_track_location_crossing_headway_le_2s,0.9947205798093287,0.9947205798093287,0.9947205798093287,0.9947205798093287,0.9947205798093287,0.5122257417187229,0.8503986771042283,1.1516583251953125,0.9895522780406028,1.0,1.0,1.0,1.0,0.7702972888946533,0.991304874420166,1.3421459197998047,0.9699461790701284,0.9962210872557092,1.0,1.0,1.0,0.7719687670343967,0.9738612476709636,1.3245018247815294,0.9988576890236611
BOR,43,32.0,0.9995221973000001,image_color_derived_proxy,10.0,0.0,0.7413793103448276,0.0044444444444444444,90.43500518798828,676,5216.3515625,0.9900923321009193,nearest_physical_car_same_track_location_crossing_headway_le_2s,0.7812462076064979,0.9701663950414802,0.9892187683621972,0.9942721294083088,0.9942721294083088,0.255055275002095,0.9678294156719472,1.5767728573499622,0.8296898338972246,0.9869961861914041,0.9900923321009193,0.9918173280556996,0.9918173280556996,0.4281036853790283,1.2796401977539062,1.5824978351593018,0.8047768614849483,0.9604577941877617,0.9764250573717823,0.9918173280556996,0.9931884780104344,0.4307486560773954,1.23965859867889,1.587100630802697,0.992451507093145
BOR,44,122.0,0.5687811713,image_color_derived_proxy,10.0,0.0,0.7586206896551724,0.0,89.78399848937988,677,5216.3515625,0.5637864244505512,nearest_physical_car_same_track_location_crossing_headway_le_2s,0.35841585971759027,0.5044996820660683,0.6682148167472878,0.8972868305672805,0.9957676200478354,1.125374994277954,1.739299834914576,2.248507981073289,0.2642230238338069,0.3827296996709747,0.5637864244505512,0.9826249509986399,1.0,1.315563678741455,1.9175090789794922,2.1822729110717773,0.27189702505315555,0.44265121719346595,0.6794529598945869,0.8361512209005,0.8846119913351851,1.2788855079122912,1.8286209325652552,2.5720695755912018,0.6257864656194315
BOR,45,166.0,0.35819666970000014,image_color_derived_proxy,10.0,0.0,0.7758620689655172,0.004347826086956522,89.48600006103516,691,5216.3515625,0.2121896604635527,nearest_physical_car_same_track_location_crossing_headway_le_2s,0.12226487642838002,0.20823366410440897,0.35501636622611316,0.714793466116011,0.927765259199356,1.423521721881369,2.1015050714666197,2.428928583318537,0.0,0.0,0.2121896604635527,0.7800773272718329,0.9537581243383448,1.947265625,2.1021881103515625,2.3470516204833984,0.0,0.11690096195712735,0.4247144566778261,0.7454685896217692,0.8271461093080472,1.7246448633669633,2.038694745330136,2.8608842695035492,0.2848911739546585
BOR,46,105.0,0.6501433651,image_color_derived_proxy,10.0,0.0,0.7931034482758621,0.0,89.50900268554688,672,5216.3515625,0.6052463731205023,nearest_physical_car_same_track_location_crossing_headway_le_2s,0.16437451990790414,0.2870548898477377,0.7205532873352686,0.9276161718990525,0.9744383202159302,1.304606073552912,1.8966811285336753,2.1517143807503825,0.0,0.08066227500663989,0.6052463731205023,0.9811973944359947,1.0,1.7522616386413574,1.9579823017120361,2.1572425365448,0.017685373935699963,0.252499739177663,0.663910878371214,0.8081087075537218,0.8683484763713715,1.6588155184578013,1.8973159518018365,2.619082902429978,0.6731363095426363
BOR,47,82.0,0.7602216273000001,image_color_derived_proxy,10.0,0.0,0.8103448275862069,0.0,89.23600006103516,675,5216.3515625,0.6122641260202657,nearest_physical_car_same_track_location_crossing_headway_le_2s,0.2492716872951977,0.5860190472708516,0.942478326728953,0.9932762429319776,0.9944192927113915,1.106761954775665,1.7113870365828414,1.9360699561334427,0.0,0.3375319469567448,0.6122641260202657,1.0,1.0,1.6593611240386963,1.9684994220733643,2.104688882827759,0.06186965329584697,0.3664777220713726,0.731251748944392,0.8379129208014712,0.8967120999635698,1.591579654876409,1.8431537482714881,2.5171717855823044,0.8085672906434425
BOR,48,137.0,0.4969910003000001,image_color_derived_proxy,10.0,0.0,0.8275862068965517,0.0,89.50900268554688,663,5216.3515625,0.7025662723135214,nearest_physical_car_same_track_location_crossing_headway_le_2s,0.10414595430460843,0.18124438187833677,0.31374490725208837,0.6813059462847477,0.8611537087188986,1.4660952613467262,2.106905845034567,2.5846393522669056,0.0,0.0,0.7025662723135214,1.0,1.0,1.8128650188446045,1.9375557899475098,2.045606851577759,0.02210955151854856,0.24300353270430827,0.7188773746339537,0.8332570124344066,0.8853411794829308,1.6138015839673607,1.8983859202768067,2.5567052582385457,0.5071891079746997
BOR,49,188.0,0.2529044189000001,image_color_derived_proxy,10.0,0.0,0.8448275862068966,0.0,89.59700012207031,678,5216.3515625,0.6441287395290292,nearest_physical_car_same_track_location_crossing_headway_le_2s,0.1370246604592879,0.2372847221027724,0.38010202506748747,0.7623580578289576,0.8985345796588677,1.3895888697394927,2.118242183276114,2.4802745759795988,0.04886318215329499,0.1962231444410251,0.6441287395290292,1.0,1.0,1.6051125526428223,1.9476208686828613,2.0691511631011963,0.1279618539640715,0.32635032670399633,0.6854469769981381,0.8414790428799953,0.8875297202966912,1.4555871392703548,1.8846435116581737,2.5804189141989697,0.54116889523582
BOR,50,229.0,0.05667795150000003,image_color_derived_proxy,10.0,0.0,0.8620689655172413,0.0,89.28299713134766,643,5216.3515625,0.0,nearest_physical_car_same_track_location_crossing_headway_le_2s,0.08604101486511302,0.15299659555679593,0.23693202952941428,0.43048515868531007,0.7349215361501571,1.565101194917486,2.2929448639474126,2.809604899088542,0.0,0.0,0.0,0.5369107424130961,0.9439871015605981,2.118143320083618,2.2403523921966553,2.4595024585723877,0.0,0.010539541932104941,0.20310691692634764,0.5985350134770336,0.7851998314291962,1.8624249923751575,2.1844059421797284,3.096902763622485,0.07462657036596487
BOR,51,240.0,0.00403182610000016,image_color_derived_proxy,10.0,0.0,0.8793103448275862,0.0,89.37499904632568,667,5216.3515625,0.016134280930464748,nearest_physical_car_same_track_location_crossing_headway_le_2s,0.1439216655802871,0.24970065830151386,0.3580531338570669,0.46415665061424255,0.8284755041586657,1.351242259150143,2.269234813343395,2.6493783525372354,0.0,0.0,0.016134280930464748,0.21215102882279646,1.0,2.1119985580444336,2.33740234375,2.4364655017852783,0.0,0.023709149380227997,0.1922348629849826,0.4920056002103963,0.7816503274733572,1.8669354900782344,2.253007092188357,3.160818893608509,0.053372326208750265
BOR,52,240.0,0.00403182610000016,image_color_derived_proxy,10.0,0.0,0.896551724137931,0.0,89.36699676513672,651,5216.3515625,0.190226909762581,nearest_physical_car_same_track_location_crossing_headway_le_2s,0.032450462013481694,0.08212199623579984,0.1530878850073219,0.2262803985500163,0.44331792230143463,1.8138027299232624,2.5413380574837006,3.3878452261698615,0.007374091337772253,0.033558255931974625,0.190226909762581,0.8090570114396102,1.0,1.8926396369934082,2.1625027656555176,2.27211856842041,0.034274394756619087,0.14724675633121445,0.3619009652613977,0.7773450168997152,0.8259089119393835,1.6744533915170412,2.102388965687278,2.8709566350122477,0.24228947583798743
BOR,53,236.0,0.0231758717000001,image_color_derived_proxy,10.0,0.0,0.9137931034482759,0.0030075187969924814,89.74800109863281,666,5216.3515625,0.016490612872924186,nearest_physical_car_same_track_location_crossing_headway_le_2s,0.03923211302806574,0.08939481774054381,0.15219272141676124,0.21171501557791295,0.40264960003230343,1.7914892967711102,2.5978402273995536,3.4546359487680287,0.016490612872924186,0.016490612872924186,0.016490612872924186,0.016490612872924186,0.5959909720362648,2.2967147827148438,2.4592843055725098,2.6978065967559814,0.016490612872924186,0.016490612872924186,0.1190109778593865,0.34263714553872376,0.6487721129855613,1.9682139360200068,2.355505910323012,3.4768143685860426,0.028554872152439126
BOR,54,240.0,0.00403182610000016,image_color_derived_proxy,10.0,0.0,0.9310344827586207,0.0,89.86199951171875,657,5216.3515625,0.0,nearest_physical_car_same_track_location_crossing_headway_le_2s,0.04741710498343068,0.07746323734173562,0.13733280081865165,0.18868944239162697,0.23656274292365206,1.8415396554129464,2.9663478022036345,3.827553531021509,0.0,0.0,0.0,0.0,0.033829617828987184,2.7761807441711426,2.893878936767578,3.2788877487182617,0.0,0.002893306658498036,0.04494669136500127,0.09325409189981111,0.21011114038316944,2.274205080283109,2.756383050589449,4.415127449454499,0.039951150403254365
BOR,55,120.0,0.5783531941000001,image_color_derived_proxy,11.0,0.0,0.9482758620689655,0.004411764705882353,90.15900135040283,681,5216.3515625,0.5674641348744822,nearest_physical_car_same_track_location_crossing_headway_le_2s,0.5377167296753447,0.5838684773774596,0.6193614108697334,0.6566399410653208,0.674841132293472,0.29436575672765714,1.4135522187645755,3.920125644988705,0.5674641348744822,0.5674641348744822,0.5674641348744822,0.5674641348744822,0.5674641348744822,0.21500349044799805,1.1761665344238281,3.6032676696777344,0.5674641348744822,0.5674641348744822,0.5674641348744822,0.5674641348744822,0.5847668938067762,0.21397359390614368,1.1584776497248792,3.6061631725869696,0.5725126666232219
BOR,56,175.0,0.31512256710000003,image_color_derived_proxy,11.0,0.0,0.9655172413793104,0.0,89.75,665,5216.3515625,0.262050150496714,nearest_physical_car_same_track_location_crossing_headway_le_2s,0.14928135035097764,0.24199430291699167,0.4247576496395228,0.617292454979878,0.7585515447977857,1.3711628351524718,2.113157212385023,2.8971418693884097,0.03097492871510285,0.12389972017336025,0.262050150496714,0.5885125375391713,0.7213147516702211,1.6925079822540283,2.2110965251922607,2.8587687015533447,0.05547632413986334,0.16669638376050008,0.3182061283037191,0.608601668418948,0.7520780855566678,1.6210531779950905,2.1862117782212747,2.9398533194739254,0.3040369156188889
BOR,57,240.0,0.00403182610000016,image_color_derived_proxy,11.0,0.0,0.9827586206896551,0.013513513513513514,89.97599792480469,667,5216.3515625,0.3114941881574795,nearest_physical_car_same_track_location_crossing_headway_le_2s,0.021783577061414525,0.03824353232088568,0.05579264099532838,0.08093269839979093,0.11648657570030663,2.3856724390490305,4.02365074162849,6.398017901684864,0.3114941881574795,0.3114941881574795,0.3114941881574795,0.3114941881574795,0.3114941881574795,0.11931633949279785,3.584871530532837,5.1684794425964355,0.3114941881574795,0.3114941881574795,0.3114941881574795,0.3114941881574795,0.3114941881574795,0.1183478640730194,3.4378734496629946,7.308044285190621,0.2522192477350778
BOR,58,133.0,0.5161350459,image_color_derived_proxy,12.0,0.0,1.0,0.006042296072507553,90.78900146484375,663,5216.3515625,0.5447686265493412,nearest_physical_car_same_track_location_crossing_headway_le_2s,0.45447136680858385,0.47719433850514326,0.5350977857285475,0.5518399488533345,0.5635374250329582,0.2437368339798399,1.7793811610487642,6.387180627495182,0.4555507880068868,0.5412439738969147,0.5447686265493412,0.5447686265493412,0.5447686265493412,0.21372747421264648,1.6338114738464355,4.995849370956421,0.4758506292828105,0.5172212429419552,0.5266937627017917,0.5447686265493412,0.5447686265493412,0.21228379988397908,1.5675029262786926,7.409086430769165,0.546952613848124
HAD,1,14.0,1.0,image_color_derived_proxy,8.0,0.006082599301958939,0.017241379310344827,0.09349593495934959,96.99800109863281,739,5216.3515625,0.993917400698041,nearest_physical_car_same_track_location_crossing_headway_le_2s,0.9934534734399573,0.9934534734399573,0.9934534734399573,0.9934534734399573,0.9934534734399573,0.007716999950024906,0.06603366967403528,0.22778498107538409,0.993917400698041,0.993917400698041,0.993917400698041,0.993917400698041,0.993917400698041,0.018085002899169922,0.2494823932647705,0.5713684558868408,1.0,1.0,1.0,1.0,1.0,0.018559474672288575,0.24990114563071494,0.5655508512522812,0.9965173543453884
HAD,2,14.0,1.0,image_color_derived_proxy,8.0,0.0,0.034482758620689655,0.0029069767441860465,90.566002368927,689,5216.3515625,1.0,nearest_physical_car_same_track_location_crossing_headway_le_2s,0.9973279156376706,0.9973279156376706,0.9973279156376706,0.9973279156376706,0.9973279156376706,0.5786964830665777,0.8163621977558286,1.055669403076172,1.0,1.0,1.0,1.0,1.0,0.5220272541046143,0.6410641670227051,0.7425932884216309,1.0,1.0,1.0,1.0,1.0,0.5204296032364897,0.6322317078949042,0.7601184692341844,0.9997489844573564
HAD,3,14.0,1.0,image_color_derived_proxy,8.0,0.0,0.05172413793103448,0.0,90.34400177001953,684,5216.3515625,1.0,nearest_physical_car_same_track_location_crossing_headway_le_2s,0.9955503408954928,0.9955503408954928,0.9955503408954928,0.9955503408954928,0.9955503408954928,0.5195222355840947,0.6909027538500719,0.970318449489328,1.0,1.0,1.0,1.0,1.0,0.34532880783081055,0.5284299850463867,0.8166821002960205,1.0,1.0,1.0,1.0,1.0,0.34132258848516445,0.5281452046413545,0.8275035107869028,0.9993912114836865
HAD,4,14.0,1.0,image_color_derived_proxy,8.0,0.0,0.06896551724137931,0.0,90.37000274658203,678,5216.3515625,1.0,nearest_physical_car_same_track_location_crossing_headway_le_2s,0.9956733430260143,0.9956733430260143,0.9956733430260143,0.9956733430260143,0.9956733430260143,0.6316428593226842,0.8066280839846903,1.0206544562357214,1.0,1.0,1.0,1.0,1.0,0.6718859672546387,0.7903258800506592,0.9679944515228271,1.0,1.0,1.0,1.0,1.0,0.6599952722030759,0.7852313611283835,0.9687976532749221,0.99940394960108
HAD,5,15.0,1.0,image_color_derived_proxy,8.0,0.0,0.08620689655172414,0.0,90.38700103759766,684,5216.3515625,1.0,nearest_physical_car_same_track_location_crossing_headway_le_2s,0.9943133416014579,0.9943133416014579,0.9943133416014579,0.9943133416014579,0.9943133416014579,0.5723157782303661,0.755731462751116,0.8654344178150387,1.0,1.0,1.0,1.0,1.0,0.4510965347290039,0.6991391181945801,0.823209285736084,1.0,1.0,1.0,1.0,1.0,0.4590706683635526,0.6966327519961031,0.8258505346671694,0.9991275811460767
HAD,6,15.0,1.0,image_color_derived_proxy,8.0,0.0,0.10344827586206896,0.010385756676557863,90.68500137329102,675,5216.3515625,1.0,nearest_physical_car_same_track_location_crossing_headway_le_2s,0.9945635993466451,0.9945635993466451,0.9945635993466451,0.9945635993466451,0.9945635993466451,0.6310127724581487,0.8548766033111469,0.9633201546771111,1.0,1.0,1.0,1.0,1.0,0.2144770622253418,0.9658873081207275,1.2119472026824951,0.9907261023848157,1.0,1.0,1.0,1.0,0.21359311357751287,0.9519316932177919,1.2146885868873936,0.9989213830950467
HAD,7,15.0,1.0,image_color_derived_proxy,8.0,0.0,0.1206896551724138,0.0,90.42200088500977,669,5216.3515625,1.0,nearest_physical_car_same_track_location_crossing_headway_le_2s,0.9896153590796498,0.9896153590796498,0.9896153590796498,0.9896153590796498,0.9896153590796498,0.36740411732294787,0.7743895724231695,0.9526325831283559,1.0,1.0,1.0,1.0,1.0,0.4409213066101074,0.7933516502380371,0.9100255966186523,1.0,1.0,1.0,1.0,1.0,0.4339888501090838,0.7911741311854309,0.9055223937990502,0.9981892437285824
HAD,8,14.0,1.0,image_color_derived_proxy,8.0,0.0,0.13793103448275862,0.0,90.54400253295898,699,5216.3515625,1.0,nearest_physical_car_same_track_location_crossing_headway_le_2s,0.9963553630954971,0.9963553630954971,0.9963553630954971,0.9963553630954971,0.9963553630954971,0.2764222209471074,0.668255244937402,0.8281086929984715,1.0,1.0,1.0,1.0,1.0,0.4730052947998047,0.7537517547607422,0.8473095893859863,1.0,1.0,1.0,1.0,1.0,0.4704333700842867,0.7529626742895658,0.845537064564661,0.9994919441849472
HAD,9,15.0,1.0,image_color_derived_proxy,8.0,0.0,0.15517241379310345,0.0,90.20500373840332,676,5216.3515625,1.0,nearest_physical_car_same_track_location_crossing_headway_le_2s,0.9951887371268774,0.9951887371268774,0.9951887371268774,0.9951887371268774,0.9951887371268774,0.7575767602813378,0.9613108934814998,1.1265742537998917,1.0,1.0,1.0,1.0,1.0,0.6192808151245117,0.7903828620910645,0.9649796485900879,1.0,1.0,1.0,1.0,1.0,0.6051727460656019,0.799791244244124,0.970246972095341,0.9992532736269313
HAD,10,14.0,1.0,image_color_derived_proxy,8.0,0.0,0.1724137931034483,0.0,90.47799682617188,691,5216.3515625,1.0,nearest_physical_car_same_track_location_crossing_headway_le_2s,0.9815314305359785,0.9960542893759003,0.9960542893759003,0.9960542893759003,0.9960542893759003,0.8397117202346389,1.0829296707013332,1.2760769330538235,1.0,1.0,1.0,1.0,1.0,0.8973724842071533,1.009596824645996,1.1160078048706055,1.0,1.0,1.0,1.0,1.0,0.8873335543705292,1.0011297115348075,1.1590146284365304,0.9991607236367687
HAD,11,28.0,1.0,image_color_derived_proxy,8.0,0.0,0.1896551724137931,0.0,91.06800270080566,704,5216.3515625,0.8611037509617849,nearest_physical_car_same_track_location_crossing_headway_le_2s,0.5419576735667203,0.6192735271859481,0.8153138918156696,0.9316883980791549,0.9834958626047188,1.0692090537331322,1.4222731272379558,2.1247114347931526,0.4502459385955989,0.5618877833201081,0.8611037509617849,1.0,1.0,1.1696531772613525,1.6579349040985107,2.015932083129883,0.46210522834639006,0.6567949418694115,0.8708657908588139,0.9469296825540543,0.9708788998485125,1.1539360778271233,1.5901908316612072,2.0751135359730877,0.8506533143297508
HAD,12,151.0,0.4299868407000001,image_color_derived_proxy,8.0,0.0,0.20689655172413793,0.0,90.76100158691406,692,5216.3515625,0.6835865004582126,nearest_physical_car_same_track_location_crossing_headway_le_2s,0.08730623634335796,0.21692139223397403,0.4601866263615873,0.5685370275203245,0.7026476689960328,1.5929737764246326,2.0592843295578245,2.9817405765402603,0.055838990449576194,0.37713336565731015,0.6835865004582126,0.9964962837794104,1.0,1.57212233543396,1.8625211715698242,2.097475290298462,0.0992056430333452,0.446458165253286,0.6823745220753203,0.8699220423981522,0.9355340088528916,1.508376480224786,1.7962617238366958,2.3262316599284922,0.6351263436692539
HAD,13,241.0,0.0,image_color_derived_proxy,8.0,0.0,0.22413793103448276,0.0,91.19300377368927,669,5216.3515625,0.0,nearest_physical_car_same_track_location_crossing_headway_le_2s,0.015154670997701606,0.03743710372950678,0.07297709966413199,0.11264018151655134,0.16664653918732644,2.2031743136319246,3.161480092194121,4.625497940898647,0.0,0.0,0.0,0.0,0.05612272673042719,2.528812885284424,3.2005717754364014,3.7318663597106934,0.0,0.0,0.0014365193970792747,0.05784435139413626,0.2139089936480248,2.3275795205206307,2.9651430242037593,4.414519110590364,0.0
HAD,14,242.0,0.0,image_color_derived_proxy,9.0,0.0,0.2413793103448276,0.002857142857142857,92.88800621032715,701,5216.3515625,0.014576797194139384,nearest_physical_car_same_track_location_crossing_headway_le_2s,0.02271553343037495,0.025751484079067077,0.04373014517618631,0.06523993077873999,0.0921971113509967,2.6346775518399537,4.100241211794618,6.256023359298706,0.014576797194139384,0.014576797194139384,0.014576797194139384,0.014576797194139384,0.03494539340161483,2.997365713119507,3.3101649284362793,3.4807167053222656,0.014576797194139384,0.014576797194139384,0.026322119844311508,0.08424134200883132,0.1349690956277329,2.3413266294902337,3.225694066013007,5.691577943046491,0.026688102935850888
HAD,15,236.0,0.0231758717000001,image_color_derived_proxy,18.0,0.0,0.25862068965517243,0.01566265060240964,110.375,831,5216.3515625,0.4977304279331713,nearest_physical_car_same_track_location_crossing_headway_le_2s,0.2549489308591607,0.33059120880247916,0.581173250386291,0.7570644569828988,0.8407972952517621,0.9936566930860482,1.91500732421875,2.8384556494508737,0.21233068101133387,0.278849376017483,0.4977304279331713,0.6232117537328908,0.808851563917011,0.9088985919952393,2.0038416385650635,2.6614949703216553,0.25119821671586345,0.3288606533512794,0.5114291829404043,0.6391664075149415,0.7797236588371165,0.8980767965087593,1.9783626623876829,3.121792280600075,0.5039272686071232
HAD,16,239.0,0.00881783750000011,image_color_derived_proxy,17.0,0.0,0.27586206896551724,0.0014792899408284023,89.96899795532227,677,5216.3515625,0.0077804584200363005,nearest_physical_car_same_track_location_crossing_headway_le_2s,0.07837150309692674,0.13759179204279293,0.19962427362746218,0.3152085801352187,0.5706964767423306,1.6069515616380874,2.455336007311781,3.0408854484558105,0.005112872751738374,0.005112872751738374,0.0077804584200363005,0.008347319016420426,0.41512073670396565,2.3462648391723633,2.5641934871673584,2.830763101577759,0.002445287083440447,0.005112872751738374,0.02724268812927359,0.22602236572970433,0.5962720723950007,2.1434789024732237,2.4500736170002746,3.606991785645887,0.0
HAD,17,239.0,0.00881783750000011,image_color_derived_proxy,17.0,0.0,0.29310344827586204,0.0,90.27199935913086,678,5216.3515625,0.0,nearest_physical_car_same_track_location_crossing_headway_le_2s,0.05460165820503263,0.11967172028556308,0.17402969617097308,0.257998054386904,0.4836494402841745,1.6871259735851754,2.5148486302706927,3.188453313656017,0.0,0.0,0.0,0.0,0.31819393657009304,2.373964786529541,2.637484550476074,2.892791271209717,0.0,0.0,0.02979884689415428,0.17879309721160552,0.4582925580652987,2.133161880243154,2.5488125218504787,3.764048328815492,0.0
HAD,18,237.0,0.01838986030000015,image_color_derived_proxy,17.0,0.0,0.3103448275862069,0.0,89.99900817871094,664,5216.3515625,0.0,nearest_physical_car_same_track_location_crossing_headway_le_2s,0.08877879068525434,0.15032387401611516,0.22632475829387905,0.3921711164894226,0.6956412623131307,1.5489248175370065,2.299801395716292,2.8534074403156433,0.0,0.0,0.0,0.39262665464317353,0.8459982960831105,2.156208038330078,2.3011932373046875,2.5406908988952637,0.0,0.025889173345992618,0.17857979374976157,0.5078168525115819,0.7336747953286398,1.8953102120879937,2.245222122893011,3.2240116154094545,0.04517263762247492
HAD,19,239.0,0.00881783750000011,image_color_derived_proxy,16.0,0.0,0.3275862068965517,0.0029717682020802376,90.6079969406128,674,5216.3515625,0.0036310260384736152,nearest_physical_car_same_track_location_crossing_headway_le_2s,0.0854008311453825,0.14225012078019125,0.2048494261160828,0.27006452210908755,0.5617496258276986,1.5751877765266262,2.408807918725424,3.13027029232103,0.0017658494970985547,0.0017658494970985547,0.0036310260384736152,0.22152569692309615,0.4471128655824908,2.202253818511963,2.582643747329712,2.8278791904449463,0.0012029839667078734,0.02062732054083381,0.0974527265315755,0.3560942938460249,0.5377781826910527,2.003649940284881,2.4371206653604407,3.7940427694301917,0.00942760040533741
HAD,20,239.0,0.00881783750000011,image_color_derived_proxy,15.0,0.0,0.3448275862068966,0.00291970802919708,90.1570053100586,686,5216.3515625,0.008096983458405344,nearest_physical_car_same_track_location_crossing_headway_le_2s,0.03604822221417359,0.0812915490436326,0.1246824082878828,0.1782556881856137,0.2504852505496503,1.8589890912732985,2.767466850131604,3.6658183672731117,0.008096983458405344,0.008096983458405344,0.008096983458405344,0.008096983458405344,0.23296029335640958,2.4348323345184326,2.661543130874634,3.054595947265625,0.008096983458405344,0.008096983458405344,0.045143405076508464,0.13875788859563112,0.4440697461716151,2.1761104335089914,2.5411129752991837,3.9169943915807046,0.009739257088247744
HAD,21,239.0,0.00881783750000011,image_color_derived_proxy,15.0,0.0,0.3620689655172414,0.001455604075691412,90.43499946594238,688,5216.3515625,0.0,nearest_physical_car_same_track_location_crossing_headway_le_2s,0.01711727035810215,0.0882622579603887,0.13667271375734397,0.19671580020114318,0.265284446139678,1.8240534617087703,2.755720870486418,3.6232728255491553,0.0,0.0,0.0,0.0,0.27672913381990566,2.4262795448303223,2.78006911277771,3.1578896045684814,0.0,0.0,0.03305134550491801,0.12065018896850792,0.37249954443820743,2.206126733288912,2.7052205105652396,4.132772144386348,0.007215767308249577
HAD,22,238.0,0.013603848900000059,image_color_derived_proxy,14.0,0.0,0.3793103448275862,0.0014771048744460858,89.91799926757812,678,5216.3515625,0.009897906903449018,nearest_physical_car_same_track_location_crossing_headway_le_2s,0.12402408016001891,0.19593420578904222,0.31348559122695985,0.4290464156415995,0.6325652233830279,1.3704825149833266,2.3918463933818646,2.722835787259615,0.006783958932292029,0.006783958932292029,0.009897906903449018,0.12317890633564381,0.5031027811318804,2.194554567337036,2.4990992546081543,2.569446325302124,0.006783958932292029,0.02958258527132638,0.12422432294616914,0.2969926316413779,0.6902511430240396,1.9600073739074833,2.3963946321225844,3.4491612592261087,0.04731565612460775
HAD,23,63.0,0.8511558439000001,image_color_derived_proxy,14.0,0.0,0.39655172413793105,0.0,90.20800352096558,685,5216.3515625,0.9485189797784802,nearest_physical_car_same_track_location_crossing_headway_le_2s,0.1612606773040021,0.4428764536527521,0.6394887786569498,0.8658545563866604,0.9590501982914199,1.3249998830336727,1.8398638916015624,2.3484944375713224,0.2763725130516644,0.6670694420250101,0.9485189797784802,1.0,1.0,1.3162651062011719,1.560269832611084,1.901195764541626,0.3552236615841234,0.7348129461642845,0.8902314791431721,0.936280599479136,0.9842475174225042,1.234941089851817,1.5989593336128276,2.0450626106895045,0.8279946074172597
HAD,24,20.0,1.0,image_color_derived_proxy,15.0,0.0,0.41379310344827586,0.0014925373134328358,90.75200176239014,671,5216.3515625,1.0,nearest_physical_car_same_track_location_crossing_headway_le_2s,0.9397809462092156,0.99594499301868,0.99594499301868,0.99594499301868,0.99594499301868,0.15792353083958804,0.7831652518873736,1.392945073725103,0.9739950651306309,1.0,1.0,1.0,1.0,0.17251086235046387,0.867234468460083,1.4084539413452148,0.9436816718589717,0.9843529613813716,1.0,1.0,1.0,0.1702640307680653,0.8560606591583269,1.4101707478209708,0.9991332370603505
HAD,25,32.0,0.9995221973000001,image_color_derived_proxy,16.0,0.0,0.43103448275862066,0.001430615164520744,92.30700302124023,700,5216.3515625,0.9947999454659522,nearest_physical_car_same_track_location_crossing_headway_le_2s,0.6658216450841643,0.8549514959995003,0.9359311888442042,0.9738264010680632,0.9859815510125186,0.7301758147858002,1.2513404080481434,1.8536121979515088,0.9796331696774659,0.9868699031111476,0.9947999454659522,1.0,1.0,0.6079998016357422,1.104398250579834,1.3350543975830078,0.9395495494266879,0.9823198683082919,0.9838365396882112,0.9868699031111476,0.9886032477347976,0.6003083765959865,1.0879224652188109,1.4055139428824408,0.9776570127684174
HAD,26,32.0,0.9995221973000001,image_color_derived_proxy,16.0,0.0,0.4482758620689655,0.0,90.12049674987793,675,5216.3515625,1.0,nearest_physical_car_same_track_location_crossing_headway_le_2s,0.4233444143877253,0.8085674964382916,0.9689082341815224,0.9878163212041415,0.9954616316592942,1.2341143721241061,1.534445942027212,1.835786262541642,1.0,1.0,1.0,1.0,1.0,1.077430248260498,1.3512041568756104,1.4218745231628418,0.8579790099683391,0.9729140420573135,1.0,1.0,1.0,1.0398259896714097,1.3319616463615305,1.5704457476360656,1.0
HAD,27,142.0,0.4730609433000001,image_color_derived_proxy,16.0,0.0,0.46551724137931033,0.0,90.13100051879883,669,5216.3515625,0.7113201799900886,nearest_physical_car_same_track_location_crossing_headway_le_2s,0.1322075652017977,0.4105801172814872,0.556168143819093,0.6632124905263196,0.8535132362610948,1.4013530058019303,1.864037379933827,2.570139830360655,0.16301827597659166,0.44118001459413414,0.7113201799900886,0.9917897520330401,1.0,1.4753828048706055,1.7873916625976562,2.185736656188965,0.2254606995737685,0.4901864928414803,0.6944558542679081,0.8429286527479376,0.8938989265003227,1.3988426301704622,1.7600158518791515,2.5606623298233098,0.62344092090358
HAD,28,120.0,0.5783531941000001,image_color_derived_proxy,16.0,0.0,0.4827586206896552,0.0015037593984962407,90.0109977722168,666,5216.3515625,0.3616224900292819,nearest_physical_car_same_track_location_crossing_headway_le_2s,0.1918876054777954,0.35577864552243377,0.4475786953235788,0.822188348825363,0.9856017358783282,1.3547315809667833,2.0392377993250976,2.336345149780893,0.0,0.05277137163524948,0.3616224900292819,0.7700725928715495,0.9729921495070127,1.9078218936920166,2.0365548133850098,2.3893284797668457,0.0,0.17041247477362856,0.5088600484627738,0.7419425955665157,0.8333758752548065,1.6829652037071643,1.9943857955408562,2.90137811052508,0.3732347499151854
HAD,29,39.0,0.9660201175,image_color_derived_proxy,16.0,0.0,0.5,0.0,90.48400282859802,694,5216.3515625,1.0,nearest_physical_car_same_track_location_crossing_headway_le_2s,0.7816520251119438,0.9381989809347747,0.9926948411576845,0.9926948411576845,0.9926948411576845,0.9722460065569197,1.346000479342724,1.62499725891708,0.579726817015762,0.8451327984514229,1.0,1.0,1.0,1.3510220050811768,1.470759630203247,1.7959916591644287,0.505006454051654,0.7798394916870942,0.9521904416428426,0.9822288840157704,0.9951261894002941,1.278751436172392,1.4914343608633056,1.8768680619457934,0.9877715650795145
HAD,30,41.0,0.9564480947000001,image_color_derived_proxy,16.0,0.0,0.5172413793103449,0.0,90.35950469970703,677,5216.3515625,1.0,nearest_physical_car_same_track_location_crossing_headway_le_2s,0.505536153090707,0.7756517597165972,0.9586872444479724,0.9957281748204156,0.9957281748204156,1.2022734865365972,1.4905309546384218,1.890679693222046,0.5190544666271686,1.0,1.0,1.0,1.0,1.2893104553222656,1.4957115650177002,1.6226975917816162,0.6000311027659577,0.867584521485484,0.9586319650586,0.9972664563758945,1.0,1.2436315498591475,1.4422887099488282,1.807179291886171,1.0
HAD,31,36.0,0.9803781517,image_color_derived_proxy,16.0,0.0,0.5344827586206896,0.0,90.5580062866211,679,5216.3515625,1.0,nearest_physical_car_same_track_location_crossing_headway_le_2s,0.5043066617044532,0.7670442598952628,0.9444885822446154,0.9947657857504736,0.9947657857504736,1.1401504096740995,1.489547327945107,1.953539336129521,0.43777470869115515,0.9516331990100103,1.0,1.0,1.0,1.2834985256195068,1.5191967487335205,1.7266600131988525,0.5523421681647911,0.8286844048027152,0.9228671114043341,0.9701848896750603,0.9888027576959294,1.2405234321081964,1.4653378228478116,1.9244831726192966,1.0
HAD,32,42.0,0.9516620833,image_color_derived_proxy,16.0,0.0,0.5517241379310345,0.00424929178470255,91.52800166606903,707,5216.3515625,0.9852176387489117,nearest_physical_car_same_track_location_crossing_headway_le_2s,0.9959575212171868,0.9959575212171868,0.9959575212171868,0.9959575212171868,0.9959575212171868,0.5074941208783318,1.1349517190867455,1.3404806447583575,0.9693973232693368,0.9852176387489117,0.9852176387489117,0.9852176387489117,0.9852176387489117,0.45435166358947754,1.2461073398590088,1.4298179149627686,0.8787911900319916,0.9640874851859557,0.9882003325359274,0.9882003325359274,0.9882003325359274,0.45569014346977926,1.2130019794179496,1.5653251682618807,0.9881327850140149
HAD,33,36.0,0.9803781517,image_color_derived_proxy,14.0,0.0,0.5689655172413793,0.005714285714285714,90.68799591064453,701,5216.3515625,0.9777920479581643,nearest_physical_car_same_track_location_crossing_headway_le_2s,0.819402959290825,0.9608549251379088,0.9943211890336366,0.9943211890336366,0.9943211890336366,0.7991172440514037,1.2380978294040845,1.56738338470459,0.9211031921785284,0.9754543052848038,0.9777920479581643,0.981706554655674,0.9842758065829611,0.886347770690918,1.170691728591919,1.4611363410949707,0.8889820499599888,0.9689706442615658,0.9757520294735728,0.9805818327432179,0.9822909760288364,0.9081807342993627,1.1453683731188187,1.5333765426082606,0.9853221175855547
HAD,34,106.0,0.6453573537,image_color_derived_proxy,13.0,0.0,0.5862068965517241,0.0014970059880239522,90.61200189590454,669,5216.3515625,0.9447755255129582,nearest_physical_car_same_track_location_crossing_headway_le_2s,0.2859555460817042,0.5094910383091014,0.7730323342337714,0.9196795123860754,0.9569593502172408,1.1846791024063592,1.744967420006487,2.1910360040110803,0.2547676255361859,0.7498785660307334,0.9447755255129582,0.9985984054772471,1.0,1.3261334896087646,1.6572318077087402,1.967674970626831,0.31965967166763826,0.7405642281383373,0.8591686805412707,0.9352072765226731,0.9664614645757366,1.2940033623820846,1.6202570400436884,2.1335315757836386,0.8980785211845578
HAD,35,240.0,0.00403182610000016,image_color_derived_proxy,13.0,0.0,0.603448275862069,0.0,90.322998046875,690,5216.3515625,0.0,nearest_physical_car_same_track_location_crossing_headway_le_2s,0.03167523255703949,0.056674404243633826,0.09106210980050708,0.1770645471430589,0.30934531111472635,2.0260000501360214,2.88173791677826,4.062177319368862,0.0,0.0,0.0,0.11640445083359688,0.386767477423418,2.1968841552734375,2.836151599884033,3.1151819229125977,0.0,0.014171349567389172,0.03604841058430167,0.20227409934827942,0.42095593110831353,2.125771911465786,2.6436525271514095,3.828475659623494,0.0
HAD,36,240.0,0.00403182610000016,image_color_derived_proxy,13.0,0.0,0.6206896551724138,0.0,89.75750160217285,665,5216.3515625,0.0,nearest_physical_car_same_track_location_crossing_headway_le_2s,0.01849423171416191,0.04049798910005765,0.07140356281221989,0.12456898054796617,0.17907142824205327,2.1427771981920305,3.2559556703407586,4.365758086889129,0.0,0.0,0.0,0.0,0.0,2.7803103923797607,3.0009169578552246,3.2003607749938965,0.0,0.0,0.010851471057016967,0.0778876316409471,0.15961888706806918,2.3528623242750215,2.8570509038752405,4.395300925288352,0.0063944930718272674
HAD,37,240.0,0.00403182610000016,image_color_derived_proxy,13.0,0.0,0.6379310344827587,0.0,89.58299827575684,663,5216.3515625,0.0,nearest_physical_car_same_track_location_crossing_headway_le_2s,0.0,0.024111695094358326,0.04623639034237678,0.0851724554435128,0.1429400383130464,2.2784187911184213,3.546573554964426,4.934014902490269,0.0,0.0,0.0,0.0,0.0,2.9711148738861084,3.302191734313965,3.435335159301758,0.0,0.0,0.0,0.010649347436282838,0.06837237003939614,2.578407334300802,3.096121208919676,4.853443808508468,0.0
HAD,38,170.0,0.33905262410000003,image_color_derived_proxy,14.0,0.0,0.6551724137931034,0.0015128593040847202,90.6969985961914,662,5216.3515625,0.39704729296002295,nearest_physical_car_same_track_location_crossing_headway_le_2s,0.3626029697412574,0.4564207517313705,0.5154305404759504,0.5520800062282146,0.571716844388933,0.38091297126682916,1.9203995648521737,4.151247880189008,0.39704729296002295,0.39704729296002295,0.39704729296002295,0.39704729296002295,0.39704729296002295,0.6687560081481934,3.338190793991089,3.762197971343994,0.39142415058349134,0.39704729296002295,0.39704729296002295,0.39704729296002295,0.41894437987331085,0.6834893695992907,2.9219105803532113,4.653204724693431,0.4181603028840014
HAD,39,192.0,0.23376037330000002,image_color_derived_proxy,14.0,0.0,0.6724137931034483,0.0,90.20100021362305,672,5216.3515625,0.23680447622271006,nearest_physical_car_same_track_location_crossing_headway_le_2s,0.05050942031581199,0.10900101209414788,0.2411170352478348,0.33468595411583296,0.45560469621348126,1.6541768594498318,2.6217271062907885,3.8436478479549163,0.017128412694156738,0.08408997705328561,0.23680447622271006,0.3341869716338112,0.4410704953735467,1.8085393905639648,2.6107139587402344,2.8636996746063232,0.02716156186607,0.09401227735282061,0.26280196303328673,0.4053723663603087,0.5893503629906405,1.7538712993638923,2.373221348931996,3.418477977406798,0.2178762921000721
HAD,40,239.0,0.00881783750000011,image_color_derived_proxy,14.0,0.0,0.6896551724137931,0.0,90.00399780273438,678,5216.3515625,0.0,nearest_physical_car_same_track_location_crossing_headway_le_2s,0.0035553942339936477,0.023576748808426275,0.04243143004783248,0.08749612401589421,0.126460919124042,2.356806888583619,3.7367927365186744,5.532126946551244,0.0,0.0,0.0,0.0,0.0,3.0901739597320557,3.5113725662231445,4.060766220092773,0.0,0.0,0.0,0.01351050656590436,0.05266434596444996,2.6187936073877243,3.3235963980173917,5.665226023613076,0.0
HAD,41,239.0,0.00881783750000011,image_color_derived_proxy,14.0,0.0,0.7068965517241379,0.001440922190201729,89.50599670410156,695,5216.3515625,0.0,nearest_physical_car_same_track_location_crossing_headway_le_2s,0.0,0.0018434621321834035,0.024132459577572957,0.052164194880039004,0.08809471194785423,2.601933135419087,4.1140070766074155,5.360248423803712,0.0,0.0,0.0,0.0,0.0,3.5887744426727295,3.853912353515625,4.1872522830963135,0.0,0.0,0.0,0.0,0.0,2.9810903945343727,3.592763097092978,6.310977891712977,0.0
HAD,42,239.0,0.00881783750000011,image_color_derived_proxy,14.0,0.0,0.7241379310344828,0.0015174506828528073,89.6510009765625,660,5216.3515625,0.0,nearest_physical_car_same_track_location_crossing_headway_le_2s,0.01775773874930047,0.04113727429498884,0.07329532379929223,0.12370194832902381,0.1851624895027852,2.1362230946140217,3.365154722770093,4.440325927734375,0.0,0.0,0.0,0.0,0.0,2.914461374282837,3.0607798099517822,3.315295696258545,0.0,0.0,0.0,0.07786856925387482,0.16895505524079513,2.3235179796947576,2.9996017631373793,4.794298335401378,0.0
HAD,43,229.0,0.05667795150000003,image_color_derived_proxy,12.0,0.0,0.7413793103448276,0.0029850746268656717,89.76199865341187,671,5216.3515625,0.01052784069903111,nearest_physical_car_same_track_location_crossing_headway_le_2s,0.019707673284361397,0.044484294313320245,0.06850336886238223,0.09624337440995305,0.1555113277380055,2.2940986999705575,3.52525562590913,4.9200184113388765,0.008021212087648432,0.008021212087648432,0.01052784069903111,0.011820147002392712,0.013602638549757786,2.9933688640594482,3.232325792312622,3.4753222465515137,0.008021212087648432,0.008021212087648432,0.01052784069903111,0.03814532809461607,0.11765558180753223,2.446185930531034,3.0610426924520295,4.999248925482073,0.002280641695760255
HAD,44,144.0,0.4634889205,image_color_derived_proxy,13.0,0.0,0.7586206896551724,0.007309941520467836,90.57099914550781,685,5216.3515625,0.3446687740421833,nearest_physical_car_same_track_location_crossing_headway_le_2s,0.4308442859186197,0.4534673981549822,0.4683397097644222,0.5065859924867677,0.5376444594797446,0.15292339922533799,2.182146076935981,4.228537248525168,0.3446687740421833,0.3446687740421833,0.3446687740421833,0.3446687740421833,0.3446687740421833,0.06709933280944824,3.05745530128479,3.598923921585083,0.3446687740421833,0.3446687740421833,0.3446687740421833,0.3676010557206687,0.395711614932187,0.06727938984122703,2.820113323808815,4.648720786727778,0.3590867174270783
HAD,45,40.0,0.9612341061,image_color_derived_proxy,13.0,0.0,0.7758620689655172,0.0,89.95600128173828,695,5216.3515625,1.0,nearest_physical_car_same_track_location_crossing_headway_le_2s,0.43604654112891644,0.5636421750825205,0.7275111879233893,0.8611099787683535,0.927442311681554,1.0257293160928338,1.6283874736940729,2.3870117322053885,0.7520230964827996,0.9770555012237173,1.0,1.0,1.0,0.9852378368377686,1.2796080112457275,1.6167423725128174,0.7657410539973283,0.9143247740827887,0.9795455966064138,0.9870714349505412,1.0,0.9787975476244758,1.2821265951257979,1.7149823438701208,0.9371020727161297
HAD,46,222.0,0.09018003130000012,image_color_derived_proxy,13.0,0.0,0.7931034482758621,0.009036144578313253,89.55199909210205,665,5216.3515625,0.2188449463157242,nearest_physical_car_same_track_location_crossing_headway_le_2s,0.34426927265943225,0.42241388068551455,0.4804805276032393,0.7262483601667299,0.8899856862324781,0.18765622147446984,2.0523775767131025,2.5092781368409587,0.0998302944885873,0.0998302944885873,0.2188449463157242,0.5096033818293497,0.7088842560958476,1.9040000438690186,2.2427289485931396,2.6969850063323975,0.0998302944885873,0.1520904377865891,0.30215965563786196,0.5290557444219258,0.7145793777277152,1.5513383288453315,2.227905637943587,3.247481751514978,0.24089464850266756
HAD,47,178.0,0.30076453290000005,image_color_derived_proxy,14.0,0.0,0.8103448275862069,0.004366812227074236,90.01300048828125,688,5216.3515625,0.3898548285058107,nearest_physical_car_same_track_location_crossing_headway_le_2s,0.35041604707978785,0.41191829024280346,0.4985391581238265,0.5742393384439504,0.6213547038256058,0.632078544257199,1.9898464427274818,3.0232546002677316,0.3898548285058107,0.3898548285058107,0.3898548285058107,0.3898548285058107,0.4232277690998886,0.5675199031829834,2.579181432723999,2.7778074741363525,0.3898548285058107,0.3898548285058107,0.4145290495554231,0.48627419058729715,0.6023241002598366,0.5620618336503463,2.2901956878476457,3.5020657147255325,0.4147136638040222
HAD,48,41.0,0.9564480947000001,image_color_derived_proxy,14.0,0.0,0.8275862068965517,0.0,89.70800018310547,661,5216.3515625,1.0,nearest_physical_car_same_track_location_crossing_headway_le_2s,0.5638404400751748,0.6461185033887394,0.7697529997026757,0.8795313868326182,0.939002061230509,1.0456411773395349,1.4058080499822443,2.295815835557747,0.9507290524822365,1.0,1.0,1.0,1.0,0.8497664928436279,1.0754454135894775,1.4173169136047363,0.9308980527388232,0.9901680587865139,1.0,1.0,1.0,0.8616437023040603,1.0918875203202152,1.4116572949322697,0.9434068921283119
HAD,49,32.0,0.9995221973000001,image_color_derived_proxy,15.0,0.0,0.8448275862068966,0.0014705882352941176,90.19699478149414,681,5216.3515625,1.0,nearest_physical_car_same_track_location_crossing_headway_le_2s,0.44909483776021425,0.5696420056950845,0.795137270449182,0.9292326977731619,0.9596549704941099,0.5871676964095877,1.6711340100405285,2.1585202603726774,0.5836225783636612,1.0,1.0,1.0,1.0,0.4061095714569092,1.289525032043457,1.6617481708526611,0.6235240076582388,0.9381687256004024,0.9733693988957564,0.9939798518909243,1.0,0.40666439182803216,1.253378313150283,1.638778066699955,0.9846207565737066
HAD,50,195.0,0.21940233910000004,image_color_derived_proxy,15.0,0.0,0.8620689655172413,0.009259259259259259,89.66100311279297,649,5216.3515625,0.24742083230266182,nearest_physical_car_same_track_location_crossing_headway_le_2s,0.05757237707184119,0.1137506585820751,0.24851381941694922,0.32723254709902877,0.4392768467006216,1.694148339974711,2.6908203406268,4.092459283873093,0.0,0.06696333945056551,0.24742083230266182,0.3038444706696629,0.453742399090133,1.7993886470794678,2.675837755203247,3.2038135528564453,0.0,0.09124367865445059,0.24960688231590633,0.3614169089010621,0.5335987424148321,1.7673762040601386,2.4147429467062467,3.8278118331819058,0.21198843544699913
HAD,51,163.0,0.3725547039000001,image_color_derived_proxy,16.0,0.0,0.8793103448275862,0.0029542097488921715,90.2030029296875,678,5216.3515625,0.3596554470371869,nearest_physical_car_same_track_location_crossing_headway_le_2s,0.23792992998106754,0.2968858262748277,0.35520983392832733,0.41752492295160115,0.4565259172349897,0.4906193837392198,2.7970893151981313,5.343490012567129,0.3596554470371869,0.3596554470371869,0.3596554470371869,0.3596554470371869,0.3596554470371869,0.376178503036499,3.0878522396087646,3.4983980655670166,0.3596554470371869,0.3596554470371869,0.3596554470371869,0.3764952311950989,0.40534128541545156,0.3748680816781382,2.840469244227128,4.352192161403258,0.34906363871006074
HAD,52,145.0,0.4587029091000001,image_color_derived_proxy,16.0,0.0,0.896551724137931,0.0,89.51399993896484,646,5216.3515625,0.4638268989810513,nearest_physical_car_same_track_location_crossing_headway_le_2s,0.12443861439124951,0.26585787721306264,0.35994373381191275,0.5052170744245673,0.602173920709663,1.4299823341981472,2.230083587713402,3.467268185499238,0.122427793960834,0.2627410138723315,0.4638268989810513,0.6461223295861961,0.7726054500813491,1.4938864707946777,2.1959269046783447,2.771298885345459,0.12466205789779217,0.3105436486956756,0.4908953155940293,0.6814240257998553,0.7967356241858813,1.450329873793873,2.0253356041823762,2.8087458362784816,0.4279504078535259
HAD,53,148.0,0.4443448749000001,image_color_derived_proxy,17.0,0.0,0.9137931034482759,0.004431314623338257,90.61299896240234,678,5216.3515625,0.5340072731546902,nearest_physical_car_same_track_location_crossing_headway_le_2s,0.2567732947528831,0.2828291386243144,0.2991623520322389,0.320759718694227,0.3443655737134169,0.16730890723423184,3.286492995875845,5.727069741308124,0.5340072731546902,0.5340072731546902,0.5340072731546902,0.5340072731546902,0.5340072731546902,0.2251443862915039,0.72688889503479,3.71219801902771,0.5340072731546902,0.5340072731546902,0.5340072731546902,0.5446017694793399,0.5567192314917107,0.22574333682351355,0.7366129215812852,4.099303140661773,0.48136089038728325
HAD,54,63.0,0.8511558439000001,image_color_derived_proxy,17.0,0.0,0.9310344827586207,0.0,90.13899993896484,655,5216.3515625,0.7941956032904436,nearest_physical_car_same_track_location_crossing_headway_le_2s,0.5014587522500573,0.851795586899844,0.9537380908942327,0.9939094063039609,0.9939094063039609,0.9121598012348604,1.490386338667436,1.8401669858282457,0.29987020828884425,0.42545400437201153,0.7941956032904436,1.0,1.0,1.1781604290008545,1.8451478481292725,2.100170850753784,0.28788871388090376,0.5175006997639128,0.7726732606560692,0.8861757290642783,0.9332142528557011,1.1392568889224375,1.7442244166182386,2.325720358888034,0.809276970398723
HAD,55,237.0,0.01838986030000015,image_color_derived_proxy,17.0,0.0,0.9482758620689655,0.0,89.72000122070312,678,5216.3515625,0.0,nearest_physical_car_same_track_location_crossing_headway_le_2s,0.047926874482345755,0.10563974995705702,0.1593959001571458,0.22158928036919057,0.3252452097982488,1.709036623776614,2.738028223691475,3.6111419677734373,0.0,0.0,0.0,0.09865136720244766,0.3171087596876812,2.25197696685791,2.679069995880127,2.9447498321533203,0.0,0.00847080047415853,0.08849753673112933,0.22015161795118615,0.4290236190643022,2.0223452985302215,2.5905826675134773,4.0004890540307185,0.04257336652015015
HAD,56,240.0,0.00403182610000016,image_color_derived_proxy,17.0,0.0,0.9655172413793104,0.0,89.59099578857422,667,5216.3515625,0.0,nearest_physical_car_same_track_location_crossing_headway_le_2s,0.011385077805930083,0.035282576977980935,0.08011952262355602,0.12323785639814999,0.16877814633235774,2.1726180571854883,3.306447982788086,4.410622577277982,0.0,0.0,0.0,0.0,0.0,3.000448226928711,3.2760372161865234,3.496473550796509,0.0,0.0,0.0,0.018305425478999132,0.08013080340403977,2.5396409693997195,3.0942890208553093,5.054281659774435,0.0029025850426707134
HAD,57,53.0,0.8990159579,image_color_derived_proxy,17.0,0.0,0.9827586206896551,0.0029940119760479044,91.1189956665039,669,5216.3515625,0.9359189942284066,nearest_physical_car_same_track_location_crossing_headway_le_2s,0.0,0.0,0.008988249246492696,0.01800940438740235,0.05068091757039957,2.8994485097388702,5.429473876953126,7.8713542739584055,0.9359189942284066,0.9359189942284066,0.9359189942284066,0.9359189942284066,0.9359189942284066,0.6030426025390625,0.8693113327026367,1.1039354801177979,0.9359189942284066,0.9359189942284066,0.9359189942284066,0.9359189942284066,0.9359189942284066,0.6002443846574855,0.8632818944332672,1.1582381722602642,0.7428359665392785
