driver,lap,reference_green_median,reference_traffic_ratio,reference_target_role,position,missing,lap_frac,switches,observed_time_s,telemetry_samples,circuit_length_estimate_m,audited_traffic_ratio,audited_definition,cur_1.5,cur_1.75,cur_2.0,cur_2.25,cur_2.5,cur_q1,cur_q5,cur_q9,cross_1.5,cross_1.75,cross_2.0,cross_2.25,cross_2.5,cross_q1,cross_q5,cross_q9,ahead_1.5,ahead_1.75,ahead_2.0,ahead_2.25,ahead_2.5,ahead_q1,ahead_q5,ahead_q9,visual_prediction
PIA,1,237.0,0.01838986030000015,image_color_derived_proxy,1.0,0.8422116932306078,0.017543859649122806,0.048558421851289835,88.02299880981445,660,5369.57421875,0.15778830676939215,nearest_physical_car_same_track_location_crossing_headway_le_2s,0.18814401972099226,0.18814401972099226,0.18814401972099226,0.18814401972099226,0.18814401972099226,0.00150187270025189,0.01865753408980696,0.1041780092329255,0.15778830676939215,0.15778830676939215,0.15778830676939215,0.15778830676939215,0.15778830676939215,0.002378225326538086,0.01293039321899414,0.050185441970825195,0.1641389199366007,0.1641389199366007,0.1641389199366007,0.1641389199366007,0.1641389199366007,0.020981512961471657,76.35574603436201,124.3344790979139,0.04623194748390602
PIA,2,239.0,0.00881783750000011,image_color_derived_proxy,1.0,0.0,0.03508771929824561,0.0,87.28099822998047,660,5369.57421875,0.0,nearest_physical_car_same_track_location_crossing_headway_le_2s,0.0,0.0,0.0,0.0,0.0,,,,0.0,0.0,0.0,0.0,0.0,72.81040048599243,74.24605894088745,75.65383863449097,0.0,0.0,0.0,0.0,0.0,57.48564334795442,76.36460741596858,120.00506543698572,0.007260804271619237
PIA,3,240.0,0.00403182610000016,image_color_derived_proxy,1.0,0.0,0.05263157894736842,0.0,87.06100082397461,648,5369.57421875,0.0,nearest_physical_car_same_track_location_crossing_headway_le_2s,0.0,0.0,0.0,0.0,0.0,,,,0.0,0.0,0.0,0.0,0.0,72.49430727958679,73.83316802978516,75.99775457382202,0.0,0.0,0.0,0.0,0.0,54.94874451610629,73.56275510083185,112.272269080133,0.0072493663300516875
PIA,4,240.0,0.00403182610000016,image_color_derived_proxy,1.0,0.0,0.07017543859649122,0.0,87.34750175476074,647,5369.57421875,0.0,nearest_physical_car_same_track_location_crossing_headway_le_2s,0.0,0.0,0.0,0.0,0.0,,,,0.0,0.0,0.0,0.0,0.0,71.04289770126343,71.73325967788696,72.65905165672302,0.0,0.0,0.0,0.0,0.0,53.50821702378294,70.6848969856579,111.7082388023843,0.007237928388484027
PIA,5,239.0,0.00881783750000011,image_color_derived_proxy,1.0,0.0,0.08771929824561403,0.0,87.03000211715698,664,5369.57421875,0.0,nearest_physical_car_same_track_location_crossing_headway_le_2s,0.0,0.0,0.0,0.0,0.0,,,,0.0,0.0,0.0,0.0,0.0,69.49335718154907,70.09394431114197,71.22058343887329,0.0,0.0,0.0,0.0,0.0,52.41298206515168,68.95763955103386,107.09538215734956,0.007226490446916478
PIA,6,240.0,0.00403182610000016,image_color_derived_proxy,1.0,0.0,0.10526315789473684,0.0,86.8504991531372,641,5369.57421875,0.0,nearest_physical_car_same_track_location_crossing_headway_le_2s,0.0,0.0,0.0,0.0,0.0,,,,0.0,0.0,0.0,0.0,0.0,67.46477341651917,68.41734647750854,69.26025485992432,0.0,0.0,0.0,0.0,0.0,50.78492430566577,67.23809675880499,103.31210216735023,0.007215052505348929
PIA,7,240.0,0.00403182610000016,image_color_derived_proxy,1.0,0.0,0.12280701754385964,0.0040650406504065045,98.59400367736816,739,5369.57421875,0.023723540046204365,nearest_physical_car_same_track_location_crossing_headway_le_2s,0.0,0.0,0.0,0.0,0.0,,,,0.017161281338787908,0.01967663908910013,0.023723540046204365,0.0260969212959779,0.028531144090129988,8.619300842285156,67.22034549713135,82.78226661682129,0.0030427736563193287,0.003367332826442985,0.010538161741509795,0.010538161741509795,0.010538161741509795,53.776903351796996,90.14421087138663,176.5832129668403,0.019071536622960017
PIA,8,240.0,0.00403182610000016,image_color_derived_proxy,1.0,0.0,0.14035087719298245,0.0,147.49899673461914,1083,5369.57421875,0.0,nearest_physical_car_same_track_location_crossing_headway_le_2s,0.0,0.0,0.0,0.0,0.0,,,,0.0,0.0,0.0,0.0,0.0,89.75017738342285,95.48723864555359,99.45836782455444,0.0,0.0,0.0,0.0,0.0,52.8853991316709,84.85472050968038,152.71625639215324,0.0071921766222137196
PIA,9,239.0,0.00881783750000011,image_color_derived_proxy,1.0,0.0,0.15789473684210525,0.000942507068803016,142.79500198364258,1062,5369.57421875,0.0,nearest_physical_car_same_track_location_crossing_headway_le_2s,0.0,0.0,0.0,0.0,0.0,,,,0.0,0.0,0.0,0.0,0.0,72.22791028022766,134.14797234535217,141.22153878211975,0.0,0.0,0.0,0.0,0.0,53.153784107903746,100.55696775810327,200.0063737884479,0.00718073868064617
PIA,10,239.0,0.00881783750000011,image_color_derived_proxy,1.0,0.0,0.17543859649122806,0.0036900369003690036,141.0320053100586,1085,5369.57421875,0.0,nearest_physical_car_same_track_location_crossing_headway_le_2s,0.15996372694545577,0.15996372694545577,0.15996372694545577,0.15996372694545577,0.15996372694545577,0.1150434742803159,0.582872709794478,0.6685882119571461,0.0,0.0,0.0,0.0,0.0,115.39083552360535,119.20885848999023,132.42436575889587,0.0,0.0,0.0,0.0,0.0,65.8529005669722,106.79592348104362,251.8961807429677,0.03835369314777881
PIA,11,240.0,0.00403182610000016,image_color_derived_proxy,1.0,0.0,0.19298245614035087,0.0016025641025641025,85.2020001411438,625,5369.57421875,0.0,nearest_physical_car_same_track_location_crossing_headway_le_2s,0.0,0.0,0.0,0.0,0.0,,,,0.0,0.0,0.0,0.0,0.0,78.013427734375,94.08380270004272,112.49831748008728,0.0,0.0,0.0,0.0,0.0,58.349475252910544,78.37872866308139,127.15966923206841,0.007157862797510961
PIA,12,240.0,0.00403182610000016,image_color_derived_proxy,1.0,0.0,0.21052631578947367,0.0,85.36199569702148,638,5369.57421875,0.0,nearest_physical_car_same_track_location_crossing_headway_le_2s,0.0,0.0,0.0,0.0,0.0,,,,0.0,0.0,0.0,0.0,0.0,72.84510850906372,74.3949031829834,77.09996891021729,0.0,0.0,0.0,0.0,0.0,55.45180013630284,72.71970045636665,114.29566798166445,0.007146424855943301
PIA,13,241.0,0.0,image_color_derived_proxy,1.0,0.0,0.22807017543859648,0.0,85.51399755477905,643,5369.57421875,0.0,nearest_physical_car_same_track_location_crossing_headway_le_2s,0.0,0.0,0.0,0.0,0.0,,,,0.0,0.0,0.0,0.0,0.0,69.41706776618958,70.82551789283752,72.6128363609314,0.0,0.0,0.0,0.0,0.0,52.58967036439988,69.77843506959071,110.3807695898953,0.007134986914375752
PIA,14,240.0,0.00403182610000016,image_color_derived_proxy,1.0,0.0,0.24561403508771928,0.0,85.7770004272461,665,5369.57421875,0.0,nearest_physical_car_same_track_location_crossing_headway_le_2s,0.0,0.0,0.0,0.0,0.0,,,,0.0,0.0,0.0,0.0,0.0,66.66388773918152,67.7776391506195,69.39369487762451,0.0,0.0,0.0,0.0,0.0,50.824762080170515,66.58206669131269,104.36855488039247,0.007123548972808202
PIA,15,240.0,0.00403182610000016,image_color_derived_proxy,1.0,0.0,0.2631578947368421,0.0,85.78300476074219,627,5369.57421875,0.0,nearest_physical_car_same_track_location_crossing_headway_le_2s,0.0,0.0,0.0,0.0,0.0,,,,0.0,0.0,0.0,0.0,0.0,63.636465072631836,65.07726836204529,66.2411458492279,0.0,0.0,0.0,0.0,0.0,48.23878100441394,64.05655660037773,99.60893449725359,0.007112111031240542
PIA,16,240.0,0.00403182610000016,image_color_derived_proxy,1.0,0.0,0.2807017543859649,0.0,85.62899780273438,646,5369.57421875,0.0,nearest_physical_car_same_track_location_crossing_headway_le_2s,0.0,0.0,0.0,0.0,0.0,,,,0.0,0.0,0.0,0.0,0.0,61.13474416732788,62.34980821609497,63.63814091682434,0.0,0.0,0.0,0.0,0.0,47.7883481124905,61.12252131492506,95.17169067394778,0.007100673089672993
PIA,17,241.0,0.0,image_color_derived_proxy,1.0,0.0,0.2982456140350877,0.0,85.73799896240234,630,5369.57421875,0.0,nearest_physical_car_same_track_location_crossing_headway_le_2s,0.0,0.0,0.0,0.0,0.0,,,,0.0,0.0,0.0,0.0,0.0,58.7754385471344,59.6949257850647,60.82131862640381,0.0,0.0,0.0,0.0,0.0,45.125981909955044,58.449342395553636,91.45475344717822,0.007089235148105444
PIA,18,240.0,0.00403182610000016,image_color_derived_proxy,1.0,0.0,0.3157894736842105,0.0,85.9209976196289,646,5369.57421875,0.0,nearest_physical_car_same_track_location_crossing_headway_le_2s,0.0,0.0,0.0,0.0,0.0,,,,0.0,0.0,0.0,0.0,0.0,56.350592851638794,57.25191831588745,58.583173990249634,0.0,0.0,0.0,0.0,0.0,43.158065274028864,55.31357789548698,86.90910981415396,0.007077797206537784
PIA,19,240.0,0.00403182610000016,image_color_derived_proxy,1.0,0.0,0.3333333333333333,0.0,85.77300214767456,661,5369.57421875,0.0,nearest_physical_car_same_track_location_crossing_headway_le_2s,0.0,0.0,0.0,0.0,0.0,,,,0.0,0.0,0.0,0.0,0.0,53.84629034996033,55.08055758476257,56.315940141677856,0.0,0.0,0.0,0.0,0.0,41.17932130475194,52.804511039986,82.89641759725697,0.0070663592649702345
PIA,20,239.0,0.00881783750000011,image_color_derived_proxy,1.0,0.0,0.3508771929824561,0.0,85.94300079345703,650,5369.57421875,0.0,nearest_physical_car_same_track_location_crossing_headway_le_2s,0.0,0.0,0.0,0.0,0.0,,,,0.0,0.0,0.0,0.0,0.0,52.08539795875549,53.1746768951416,53.96121835708618,0.0,0.0,0.0,0.0,0.0,40.00246414287236,50.6478611963794,80.92111240298681,0.007054921323402685
PIA,21,241.0,0.0,image_color_derived_proxy,1.0,0.0,0.3684210526315789,0.0,86.08000183105469,647,5369.57421875,0.0,nearest_physical_car_same_track_location_crossing_headway_le_2s,0.0,0.0,0.0,0.0,0.0,,,,0.0,0.0,0.0,0.0,0.0,50.33434772491455,51.17632341384888,52.100186586380005,0.0,0.0,0.0,0.0,0.0,38.89095641359935,49.28357136503708,78.36099325304289,0.007043483381835025
PIA,22,240.0,0.00403182610000016,image_color_derived_proxy,1.0,0.0,0.38596491228070173,0.0,85.99200439453125,656,5369.57421875,0.0,nearest_physical_car_same_track_location_crossing_headway_le_2s,0.0,0.0,0.0,0.0,0.0,,,,0.0,0.0,0.0,0.0,0.0,48.78589630126953,49.722898721694946,50.36692237854004,0.0,0.0,0.0,0.0,0.0,37.94279463421783,47.736710514365505,75.04291711311565,0.007032045440267476
PIA,23,240.0,0.00403182610000016,image_color_derived_proxy,1.0,0.0,0.40350877192982454,0.0,85.97900390625,644,5369.57421875,0.0,nearest_physical_car_same_track_location_crossing_headway_le_2s,0.0,0.0,0.0,0.0,0.0,,,,0.0,0.0,0.0,0.0,0.0,46.588146448135376,47.73511624336243,48.451096057891846,0.0,0.0,0.0,0.0,0.0,36.742674828708004,45.61987662327273,70.88201935574531,0.007020607498699816
PIA,24,240.0,0.00403182610000016,image_color_derived_proxy,2.0,0.0,0.42105263157894735,0.001466275659824047,90.63400268554688,683,5369.57421875,0.010040422304492246,nearest_physical_car_same_track_location_crossing_headway_le_2s,0.007061444933238381,0.008837770358884741,0.008837770358884741,0.01103338670222348,0.01103338670222348,0.13555695859691766,2.1608734130859375,3.619519158858287,0.010040422304492246,0.010040422304492246,0.010040422304492246,0.010040422304492246,0.010040422304492246,44.79600811004639,45.98016571998596,46.66328978538513,0.010040422304492246,0.010040422304492246,0.010040422304492246,0.010040422304492246,0.010040422304492246,35.81844301064422,43.647970572276655,69.03994022120254,0.016351971646650143
PIA,25,240.0,0.00403182610000016,image_color_derived_proxy,5.0,0.0,0.43859649122807015,0.005063291139240506,108.06300354003906,791,5369.57421875,0.08279429124852425,nearest_physical_car_same_track_location_crossing_headway_le_2s,0.009438942323917043,0.009438942323917043,0.010752992403152943,0.01257600765431656,0.015555737863944692,4.069744646990741,5.965792270876327,27.279834293413767,0.06540628935584311,0.07539119416827156,0.08279429124852425,0.09316787637970934,0.10816836767689204,2.4548499584198,6.022714614868164,6.629251956939697,0.06540628935584311,0.07539119416827156,0.08392326208056264,0.09352877727136209,0.10816836767689204,2.4143403789001274,5.814590755114978,10.08799189755936,0.0739086260793923
PIA,26,240.0,0.00403182610000016,image_color_derived_proxy,4.0,0.0,0.45614035087719296,0.0016181229773462784,85.06599998474121,619,5369.57421875,0.009404464661302566,nearest_physical_car_same_track_location_crossing_headway_le_2s,0.021642020083686472,0.026344252414337757,0.032445395233798864,0.03620718081804507,0.057837506434829614,2.9800720844072166,4.14453603515625,6.038420707630844,0.007523568365744202,0.007523568365744202,0.009404464661302566,0.010580021342591282,0.010580021342591282,4.124348878860474,4.70487904548645,5.611021518707275,0.007523568365744202,0.007523568365744202,0.009404464661302566,0.010580021342591282,0.010580021342591282,3.526119768049215,4.494253797400403,7.047905941875827,0.013223586388097508
PIA,27,240.0,0.00403182610000016,image_color_derived_proxy,4.0,0.0,0.47368421052631576,0.0,85.09099578857422,618,5369.57421875,0.0,nearest_physical_car_same_track_location_crossing_headway_le_2s,0.010800187607924543,0.04278953993469228,0.08366339261369561,0.14774765138172555,0.38371857596403924,2.084197382566308,2.6391782196909794,4.0621580824624175,0.0,0.0,0.0,0.0,0.1028310021467676,2.483675718307495,2.8414649963378906,3.9500718116760254,0.0,0.0,0.0,0.08017297873845596,0.2584174082652032,2.26886209166122,2.902405364716793,4.456212171554675,0.0
PIA,28,124.0,0.5592091485000001,image_color_derived_proxy,4.0,0.0,0.49122807017543857,0.0,85.40799713134766,643,5369.57421875,0.6933542359765161,nearest_physical_car_same_track_location_crossing_headway_le_2s,0.4261427242534948,0.5828611058977826,0.693822581330976,0.7912373486959825,0.8938038591295426,1.1540000319781172,1.6333057424590767,2.5029576731642003,0.49640545345223236,0.6188764544181448,0.6933542359765161,0.8909821072612082,1.0,1.0074644088745117,1.5075864791870117,2.3230671882629395,0.5191550888343726,0.5739040896246644,0.7171927448571842,0.8151343567794357,0.9058753354408381,1.107772896663654,1.4659689056143053,2.4529048441992454,0.6855973857874335
PIA,29,34.0,0.9899501745000001,image_color_derived_proxy,4.0,0.0,0.5087719298245614,0.0,85.83499908447266,625,5369.57421875,1.0,nearest_physical_car_same_track_location_crossing_headway_le_2s,0.9957942563606805,0.9957942563606805,0.9957942563606805,0.9957942563606805,0.9957942563606805,0.27875321179100393,0.502421047813014,1.0336757020692569,1.0,1.0,1.0,1.0,1.0,0.5629973411560059,0.6896064281463623,1.1142592430114746,1.0,1.0,1.0,1.0,1.0,0.5650963640596031,0.6829638962973978,1.1596842266707763,0.9996506691380449
PIA,30,52.0,0.9038019693000001,image_color_derived_proxy,3.0,0.0,0.5263157894736842,0.0016025641025641025,85.6989974975586,625,5369.57421875,1.0,nearest_physical_car_same_track_location_crossing_headway_le_2s,0.19604669419063775,0.4704373169942122,0.7882705720889847,0.9341182366701701,0.9838154654582689,1.133374990735735,1.774975349533726,2.187110065893034,0.09738736696365864,0.356830255292142,1.0,1.0,1.0,1.5482017993927002,1.8254551887512207,1.9252517223358154,0.16275571790638063,0.4873802484861439,0.8639657255456572,0.9607929998195454,0.9962660042221225,1.4111106911351612,1.7537477722452974,2.1065458903112084,0.8769212231498019
PIA,31,33.0,0.9947361859,image_color_derived_proxy,3.0,0.0,0.543859649122807,0.0,85.67500305175781,625,5369.57421875,1.0,nearest_physical_car_same_track_location_crossing_headway_le_2s,0.8111117763919159,0.9656142336657496,0.9917711900080716,0.9931601983729331,0.9931601983729331,1.0968534197126116,1.2842671753423898,1.58240637141753,0.9107674496068157,1.0,1.0,1.0,1.0,1.0426669120788574,1.2959721088409424,1.4973225593566895,0.8909016497223764,0.9883163129049901,1.0,1.0,1.0,1.0272707778544348,1.274074959285755,1.5072666479735437,1.0
PIA,32,48.0,0.9229460149000001,image_color_derived_proxy,2.0,0.0,0.5614035087719298,0.0015873015873015873,86.19999694824219,631,5369.57421875,0.9871229623010538,nearest_physical_car_same_track_location_crossing_headway_le_2s,0.9751624387048492,0.9751624387048492,0.9751624387048492,0.9751624387048492,0.9773665549315098,0.6131804439999642,0.838214580829327,0.9778780814051522,0.9750695806116367,0.9871229623010538,0.9871229623010538,0.9871229623010538,0.9871229623010538,0.684826135635376,1.085897445678711,1.3172335624694824,0.949106714699401,0.9871229623010538,0.9871229623010538,0.9871229623010538,0.9871229623010538,0.6799796462666168,1.1074586170463945,1.3297289383982065,0.9847135404818508
PIA,33,240.0,0.00403182610000016,image_color_derived_proxy,1.0,0.0,0.5789473684210527,0.006269592476489028,84.28099822998047,639,5369.57421875,0.00901745359481171,nearest_physical_car_same_track_location_crossing_headway_le_2s,0.02350470577481658,0.027538830198103915,0.030623748458727573,0.03538164206831631,0.03700715668482021,0.25770606629002973,1.1723946591364744,2.1527814949738695,0.007368209496093874,0.007368209496093874,0.00901745359481171,0.010215826569658271,0.011865070668376108,40.22413349151611,40.930861473083496,51.85419702529907,0.007368209496093874,0.007368209496093874,0.00901745359481171,0.010215826569658271,0.011865070668376108,25.10775255453228,34.70582782198249,233.16503921707246,0.01929898160158461
PIA,34,240.0,0.00403182610000016,image_color_derived_proxy,1.0,0.0,0.5964912280701754,0.0,84.61900329589844,648,5369.57421875,0.0,nearest_physical_car_same_track_location_crossing_headway_le_2s,0.0,0.0,0.0,0.0,0.0,,,,0.0,0.0,0.0,0.0,0.0,18.577537298202515,19.936052322387695,21.688357830047607,0.0,0.0,0.0,0.0,0.0,15.277420270681482,19.21161738271706,27.82088330155915,0.006894790141456331
PIA,35,240.0,0.00403182610000016,image_color_derived_proxy,1.0,0.0,0.6140350877192983,0.0,84.46700143814087,631,5369.57421875,0.0,nearest_physical_car_same_track_location_crossing_headway_le_2s,0.0,0.0,0.0,0.0,0.0,,,,0.0,0.0,0.0,0.0,0.0,16.649038791656494,17.576610803604126,18.073203802108765,0.0,0.0,0.0,0.0,0.0,13.745803445131738,16.88408905328148,25.39774714773751,0.0068833521998887814
PIA,36,240.0,0.00403182610000016,image_color_derived_proxy,1.0,0.0,0.631578947368421,0.0,84.68099784851074,637,5369.57421875,0.0,nearest_physical_car_same_track_location_crossing_headway_le_2s,0.0,0.0,0.0,0.0,0.0,,,,0.0,0.0,0.0,0.0,0.0,15.40495252609253,16.08126735687256,16.633379459381104,0.0,0.0,0.0,0.0,0.0,12.632493789905206,15.45171079990497,23.39127367137941,0.006871914258321232
PIA,37,240.0,0.00403182610000016,image_color_derived_proxy,1.0,0.0,0.6491228070175439,0.0,84.71099734306335,632,5369.57421875,0.0,nearest_physical_car_same_track_location_crossing_headway_le_2s,0.0,0.0,0.0,0.0,0.0,,,,0.0,0.0,0.0,0.0,0.0,14.481833219528198,15.12894344329834,15.415678262710571,0.0,0.0,0.0,0.0,0.0,11.779555387943068,14.687519541960416,22.034027189113605,0.006860476316753572
PIA,38,240.0,0.00403182610000016,image_color_derived_proxy,1.0,0.0,0.6666666666666666,0.0,84.70250129699707,623,5369.57421875,0.0,nearest_physical_car_same_track_location_crossing_headway_le_2s,0.0,0.0,0.0,0.0,0.0,,,,0.0,0.0,0.0,0.0,0.0,13.385047197341919,14.07842493057251,14.343071937561035,0.0,0.0,0.0,0.0,0.0,10.944446133892061,13.670015006780815,20.351163386535433,0.006849038375186023
PIA,39,240.0,0.00403182610000016,image_color_derived_proxy,1.0,0.0,0.6842105263157895,0.0,84.56400299072266,634,5369.57421875,0.0,nearest_physical_car_same_track_location_crossing_headway_le_2s,0.0,0.0,0.0,0.0,0.0,,,,0.0,0.0,0.0,0.0,0.0,12.28727912902832,12.9258394241333,13.237913846969604,0.0,0.0,0.0,0.0,0.0,9.976613203549284,12.641363951139368,18.317262165610025,0.006837600433618363
PIA,40,239.0,0.00881783750000011,image_color_derived_proxy,1.0,0.0,0.7017543859649122,0.0,84.90100002288818,624,5369.57421875,0.0,nearest_physical_car_same_track_location_crossing_headway_le_2s,0.0,0.0,0.0,0.0,0.0,,,,0.0,0.0,0.0,0.0,0.0,10.932546138763428,11.627499341964722,11.887303352355957,0.0,0.0,0.0,0.0,0.0,8.966807432821634,11.296639624754414,16.29698694863799,0.0068261624920508135
PIA,41,241.0,0.0,image_color_derived_proxy,1.0,0.0,0.7192982456140351,0.0015873015873015873,84.92200088500977,631,5369.57421875,0.0,nearest_physical_car_same_track_location_crossing_headway_le_2s,0.0,0.0,0.0,0.0,0.0,,,,0.0,0.0,0.0,0.0,0.0,10.172538995742798,10.52279806137085,12.995179891586304,0.0,0.0,0.0,0.0,0.0,8.285302766802786,10.849326172460398,18.84689863187906,0.006814724550483264
PIA,42,240.0,0.00403182610000016,image_color_derived_proxy,1.0,0.0,0.7368421052631579,0.0014858841010401188,89.20100402832031,674,5369.57421875,0.0009416920036121185,nearest_physical_car_same_track_location_crossing_headway_le_2s,0.0,0.0,0.0,0.0,0.0,,,,0.0009416920036121185,0.0009416920036121185,0.0009416920036121185,0.0009416920036121185,0.0009416920036121185,8.807848691940308,9.603710651397705,9.864485025405884,0.0,0.0,0.0,0.0,0.0,7.370378097145689,9.38841218897768,14.292605411414016,0.007046157376498052
PIA,43,239.0,0.00881783750000011,image_color_derived_proxy,3.0,0.0,0.7543859649122807,0.0025157232704402514,106.40399932861328,796,5369.57421875,0.026277207825428233,nearest_physical_car_same_track_location_crossing_headway_le_2s,0.0,0.0,0.0,0.0,0.0,14.267592185489566,18.068680245535717,32.258935546875,0.021427763499093148,0.023457763136997337,0.026277207825428233,0.028946279680653005,0.03229201808184584,7.971963167190552,17.074483633041382,17.368974924087524,0.021427763499093148,0.02556294695081269,0.027442573755510756,0.028946279680653005,0.03229201808184584,11.325681719525578,15.769000226498907,24.6929340364102,0.027790755733861805
PIA,44,240.0,0.00403182610000016,image_color_derived_proxy,3.0,0.0,0.7719298245614035,0.001639344262295082,83.1309986114502,611,5369.57421875,0.0,nearest_physical_car_same_track_location_crossing_headway_le_2s,0.0,0.008853520114967253,0.012414136787123246,0.01577027749604591,0.018007674043472022,9.5368837502224,14.304567694909794,23.3247524779259,0.0,0.0,0.0,0.0,0.0,15.804593801498413,16.84538722038269,17.30425214767456,0.0,0.0,0.0,0.0,0.0,12.482030410126079,17.01500244958362,41.43718173606336,0.008232838874525972
PIA,45,240.0,0.00403182610000016,image_color_derived_proxy,2.0,0.0,0.7894736842105263,0.001594896331738437,83.44999766349792,628,5369.57421875,0.007908928751466949,nearest_physical_car_same_track_location_crossing_headway_le_2s,0.021090473099299536,0.021090473099299536,0.021090473099299536,0.021090473099299536,0.021090473099299536,11.394200449004298,14.611473083496094,22.4138911320613,0.005931695849344412,0.005931695849344412,0.007908928751466949,0.009766328101132473,0.009766328101132473,15.282366514205933,15.568550825119019,15.691843271255493,0.005931695849344412,0.005931695849344412,0.007908928751466949,0.009766328101132473,0.011024566831070923,12.132168884493245,14.924780263535082,22.28562575455804,0.017089998723094135
PIA,46,240.0,0.00403182610000016,image_color_derived_proxy,2.0,0.0,0.8070175438596491,0.0,83.46700286865234,643,5369.57421875,0.0,nearest_physical_car_same_track_location_crossing_headway_le_2s,0.0,0.0,0.0,0.0,0.0,11.113266750818777,14.04973566905142,21.759270737591912,0.0,0.0,0.0,0.0,0.0,14.59397578239441,14.79586911201477,15.141905546188354,0.0,0.0,0.0,0.0,0.0,11.701814506674495,14.560175746262544,21.492923297896546,0.006630063530047914
PIA,47,240.0,0.00403182610000016,image_color_derived_proxy,2.0,0.0,0.8245614035087719,0.0,83.54450416564941,613,5369.57421875,0.0,nearest_physical_car_same_track_location_crossing_headway_le_2s,0.0,0.0,0.0,0.0,0.0,10.786987938503971,13.80489709424407,21.466813133910915,0.0,0.0,0.0,0.0,0.0,14.652232646942139,14.74575424194336,14.953612089157104,0.0,0.0,0.0,0.0,0.0,11.646055261497963,14.584207805738329,21.21084752675158,0.006618625588480254
PIA,48,240.0,0.00403182610000016,image_color_derived_proxy,2.0,0.0,0.8421052631578947,0.0,83.19199752807617,641,5369.57421875,0.0,nearest_physical_car_same_track_location_crossing_headway_le_2s,0.0,0.0,0.0,0.0,0.0,10.33844424977022,12.999765345268775,20.129302417652028,0.0,0.0,0.0,0.0,0.0,13.536672592163086,13.877164363861084,14.227814435958862,0.0,0.0,0.0,0.0,0.0,10.989671803705924,13.664639661641848,20.129679378995395,0.0066071876469127044
PIA,49,239.0,0.00881783750000011,image_color_derived_proxy,2.0,0.0,0.8596491228070176,0.0,83.30499649047852,624,5369.57421875,0.0,nearest_physical_car_same_track_location_crossing_headway_le_2s,0.0,0.0,0.0,0.0,0.0,9.77034252269848,12.420420102719909,19.35715062578559,0.0,0.0,0.0,0.0,0.0,13.006648778915405,13.237292528152466,13.447864770889282,0.0,0.0,0.0,0.0,0.0,10.465072329072022,13.160354210791189,18.89888045745244,0.006595749705345044
PIA,50,240.0,0.00403182610000016,image_color_derived_proxy,2.0,0.0,0.8771929824561403,0.0016339869281045752,83.37550163269043,613,5369.57421875,0.0,nearest_physical_car_same_track_location_crossing_headway_le_2s,0.0,0.0,0.0,0.0,0.0,9.643774857954545,12.164610086275838,18.83734931945801,0.0,0.0,0.0,0.0,0.0,12.677661180496216,12.827259063720703,35.848469734191895,0.0,0.0,0.0,0.0,0.0,10.056951585230342,12.950445987298531,27.217083677614273,0.006584311763777495
PIA,51,239.0,0.00881783750000011,image_color_derived_proxy,2.0,0.0,0.8947368421052632,0.0,83.96050071716309,641,5369.57421875,0.0,nearest_physical_car_same_track_location_crossing_headway_le_2s,0.0,0.0,0.0,0.0,0.0,9.50438185270252,12.04845668247768,18.829696001996286,0.0,0.0,0.0,0.02366588449028354,0.15536472793194778,2.324911594390869,2.7403781414031982,3.091111421585083,0.0,0.0,0.024309099677522338,0.11336282618312442,0.32084725983719525,2.2254657604953607,2.7190698886994653,3.827076851411707,0.00934300625628437
PIA,52,241.0,0.0,image_color_derived_proxy,2.0,0.0,0.9122807017543859,0.0,84.02700805664062,634,5369.57421875,0.0,nearest_physical_car_same_track_location_crossing_headway_le_2s,0.0,0.0,0.0,0.0,0.0,9.407645182450043,11.700064038625987,18.355427102481617,0.0,0.0,0.0,0.07997428948676853,0.297939917491012,2.277372360229492,2.748112201690674,3.05973482131958,0.0,0.0,0.03271566677453342,0.13049375916368036,0.34850698745949094,2.2249184593674727,2.7463788631360164,3.205581016066408,0.011751071941719538
PIA,53,240.0,0.00403182610000016,image_color_derived_proxy,2.0,0.0,0.9298245614035088,0.0,83.84199714660645,637,5369.57421875,0.0,nearest_physical_car_same_track_location_crossing_headway_le_2s,0.0,0.0,0.0,0.0,0.0,9.228649682000226,11.208435865225772,17.592591283228494,0.0,0.0,0.0,0.0,0.0,2.6030797958374023,2.9576642513275146,3.1042585372924805,0.0,0.0,0.0,0.029543680667031974,0.11180551522290252,2.479016813455592,2.834287708205855,3.5782058002769737,0.002650982295729243
PIA,54,198.0,0.20504430490000003,image_color_derived_proxy,2.0,0.0,0.9473684210526315,0.0,84.01799964904785,641,5369.57421875,0.22324975767673322,nearest_physical_car_same_track_location_crossing_headway_le_2s,0.0,0.0,0.0,0.0,0.0,8.508313817885316,10.297664549750081,15.953088606125883,0.10602488842755066,0.1745816519816773,0.22324975767673322,0.26313408905214614,0.9148991867786219,1.4624927043914795,2.37750244140625,2.455174684524536,0.09684832986902114,0.1523125881491533,0.2520412373961197,0.4954533555776372,0.7297841259911633,1.5528895152455124,2.254935109719311,2.8071554687127565,0.19718782829743842
PIA,55,149.0,0.4395588635000001,image_color_derived_proxy,2.0,0.0,0.9649122807017544,0.001579778830963665,83.78100204467773,634,5369.57421875,0.456093874123872,nearest_physical_car_same_track_location_crossing_headway_le_2s,0.0,0.0,0.0,0.0,0.0,8.230725699411312,9.848093504139886,14.902826994190148,0.456093874123872,0.456093874123872,0.456093874123872,0.456093874123872,0.456093874123872,1.1927449703216553,7.768274784088135,8.602833986282349,0.45522254972718046,0.456093874123872,0.456093874123872,0.456093874123872,0.456093874123872,1.1892259629616528,6.314087906274958,9.129766248575498,0.37090240620661263
PIA,56,236.0,0.0231758717000001,image_color_derived_proxy,2.0,0.0,0.9824561403508771,0.0032626427406199023,83.81100082397461,614,5369.57421875,0.011311140990501331,nearest_physical_car_same_track_location_crossing_headway_le_2s,0.0,0.0,0.0,0.0,0.0,7.4546052220028916,9.127389946125698,13.861401962652439,0.008686172686338181,0.010487857132030962,0.011311140990501331,0.013458834054730808,0.013828738296094623,5.714662790298462,6.817445278167725,7.941076278686523,0.008686172686338181,0.010487857132030962,0.011311140990501331,0.011311140990501331,0.013828738296094623,4.737663641119085,6.563847823550344,12.609582605327533,0.015335136051973897
PIA,57,239.0,0.00881783750000011,image_color_derived_proxy,2.0,0.0,1.0,0.0016638935108153079,83.7560043334961,602,5369.57421875,0.0,nearest_physical_car_same_track_location_crossing_headway_le_2s,0.0,0.0,0.0,0.0,0.0,6.424759797127017,7.916896325455515,12.26460366556369,0.0,0.0,0.0,0.0,0.0,3.5618014335632324,4.126757621765137,5.487763404846191,0.0,0.0,0.0,0.0,0.0,2.9734657552036645,4.171257060483818,7.613503507853615,0.006504246172804318
NOR,1,30.0,1.0,image_color_derived_proxy,3.0,0.006179663434674141,0.017543859649122806,0.10471976401179942,90.458003282547,679,5369.57421875,0.9938203365653259,nearest_physical_car_same_track_location_crossing_headway_le_2s,0.9938203365653259,0.9938203365653259,0.9938203365653259,0.9938203365653259,0.9938203365653259,0.022682467812752495,0.461977767944336,1.1293959736143313,0.9938203365653259,0.9938203365653259,0.9938203365653259,0.9938203365653259,0.9938203365653259,0.01829361915588379,0.36010241508483887,1.1626439094543457,1.0,1.0,1.0,1.0,1.0,0.019381695450655847,0.3672071858459422,1.2141626921775661,0.9971863367480671
NOR,2,31.0,1.0,image_color_derived_proxy,3.0,0.0,0.03508771929824561,0.0030211480362537764,87.843994140625,663,5369.57421875,1.0,nearest_physical_car_same_track_location_crossing_headway_le_2s,0.8664109028727959,0.9413505540140958,0.985075792612908,0.9955489273177097,0.9955489273177097,1.06729736328125,1.274741681112627,1.601126355622944,0.870896129960618,1.0,1.0,1.0,1.0,1.0958049297332764,1.2102622985839844,1.5171055793762207,0.8864693012473285,0.956866720433619,1.0,1.0,1.0,1.0903111503397422,1.1925865897060566,1.530702553625963,1.0
NOR,3,38.0,0.9708061289000001,image_color_derived_proxy,3.0,0.0,0.05263157894736842,0.0,87.80399632453918,651,5369.57421875,0.6978383747828837,nearest_physical_car_same_track_location_crossing_headway_le_2s,0.12790988341582435,0.37726068464622436,0.7289645109542147,0.8713839871081918,0.9487950088706818,1.4736260871943136,1.820202575518712,2.3097174105436906,0.08800283085010008,0.27186679411903963,0.6978383747828837,0.9664138578993765,1.0,1.5924465656280518,1.8225808143615723,2.160135269165039,0.07228600505392342,0.353810693506004,0.8182884756476811,0.8972712288660883,0.9427361147436083,1.5700881692967796,1.8191664902743105,2.288139702194197,0.7755049131619886
NOR,4,47.0,0.9277320263000002,image_color_derived_proxy,3.0,0.0,0.07017543859649122,0.0,87.63499736785889,652,5369.57421875,1.0,nearest_physical_car_same_track_location_crossing_headway_le_2s,0.2586866935195796,0.6328751055383466,0.923181422342685,0.9920808162014836,0.9953785586425928,1.3313865329908288,1.6541396531091297,1.951999986028097,0.15564558399045922,0.9648428091447179,1.0,1.0,1.0,1.4341394901275635,1.6255812644958496,1.740502119064331,0.2805841599517607,0.7666001120555113,0.9561704830417418,0.9969418432767047,1.0,1.3821620888337778,1.597040271432321,1.8566297635043063,1.0
NOR,5,75.0,0.7937237071000002,image_color_derived_proxy,3.0,0.0,0.08771929824561403,0.0,87.0774974822998,659,5369.57421875,0.9618845242444493,nearest_physical_car_same_track_location_crossing_headway_le_2s,0.17066403092481885,0.4998019108511433,0.866854282286664,0.9800063481866207,0.996095432075946,1.3973526729975567,1.745433418862805,2.0719539040013366,0.0,0.02941059283996055,0.9618845242444493,1.0,1.0,1.779839277267456,1.914315938949585,1.9664995670318604,0.006109517507315455,0.2270391655333336,0.7813327486562038,0.9035457311476289,0.9738164192521844,1.6716747270406296,1.8504088455664573,2.2346189493603497,0.8250272192213889
NOR,6,129.0,0.5352790915000001,image_color_derived_proxy,3.0,0.0,0.10526315789473684,0.0,87.08500099182129,651,5369.57421875,0.655566427782122,nearest_physical_car_same_track_location_crossing_headway_le_2s,0.05649649376168767,0.2536832733794869,0.5683412366415237,0.7643796263771606,0.8949646386799259,1.576710864778149,1.9478158047324734,2.502279275807027,0.05457884018968049,0.23417348004180946,0.655566427782122,1.0,1.0,1.526031255722046,1.9424514770507812,2.0846107006073,0.09665269243879351,0.2597921275836952,0.7261296969458834,0.8815295150835827,0.9500373004541783,1.503289679236203,1.8733754073829636,2.282604011476063,0.6646860842818576
NOR,7,118.0,0.5879252169000001,image_color_derived_proxy,2.0,0.0,0.12280701754385964,0.004010695187165776,100.28200054168701,749,5369.57421875,0.5818991565828097,nearest_physical_car_same_track_location_crossing_headway_le_2s,0.16410708616949812,0.342504071127621,0.5813406945511048,0.7609241425226231,0.7952175411538919,1.3679046977775535,1.888865069941198,3.31903432428581,0.033326077577461456,0.137183193605747,0.5818991565828097,0.6563390845207814,0.7386470680296964,1.7325382232666016,1.8920648097991943,3.194167137145996,0.03775351831805106,0.3203466730986728,0.518168778518304,0.6483017713024867,0.7339104786431855,1.6213734434119143,1.97974379760663,3.69496991628241,0.5290617786938668
NOR,8,184.0,0.27204846450000003,image_color_derived_proxy,2.0,0.0,0.14035087719298245,0.0018744142455482662,145.24899291992188,1068,5369.57421875,0.28480062796261557,nearest_physical_car_same_track_location_crossing_headway_le_2s,0.11383209101591989,0.15972569917254242,0.27750272664107445,0.3541434938068322,0.4219444365071344,1.4510166457220437,2.7180966025904607,4.881220739028033,0.1426102616671979,0.21072092579103058,0.28480062796261557,0.35782692799419435,0.4443886293972143,1.393970012664795,2.6020100116729736,4.7747228145599365,0.14104744618101114,0.20952978651834356,0.2972069499039714,0.35286991448085403,0.468512653274417,1.4049117115284977,2.5480178308001302,5.69288913114783,0.27610346848947126
NOR,9,111.0,0.6214272967000001,image_color_derived_proxy,2.0,0.0,0.15789473684210525,0.0,141.24100255966187,1049,5369.57421875,0.7647353781365929,nearest_physical_car_same_track_location_crossing_headway_le_2s,0.4878328742592884,0.5266813293389626,0.6411877001558632,0.811747271982632,0.8740097508050292,0.27685938477516175,1.5632783043902854,2.718718814849854,0.5144540271355216,0.5842991690205945,0.7647353781365929,0.8657967549517106,0.9095305415188542,0.39830636978149414,1.4285781383514404,2.447680950164795,0.5406503914765105,0.5851347692302623,0.7515734290706436,0.8079524293558222,0.8542773571164678,0.3972538760550364,1.3859776872129257,2.9188531330460616,0.7093011030615806
NOR,10,57.0,0.8798719123000001,image_color_derived_proxy,2.0,0.0,0.17543859649122806,0.0,139.5199966430664,1074,5369.57421875,0.8486668817651615,nearest_physical_car_same_track_location_crossing_headway_le_2s,0.7856507162947346,0.8315295112719768,0.8635034026939112,0.9068950724797966,0.9602422288050116,0.06931395475254502,0.6385266095223512,2.2145234009929906,0.6671014513457936,0.7876433177313159,0.8486668817651615,0.9415495991314127,1.0,0.6501119136810303,1.0397939682006836,2.1521317958831787,0.6364750222355406,0.7527880739715532,0.8528669738704031,0.938983619112093,0.970183472944002,0.6323573599610757,1.0260596527342465,2.07042396964039,0.8481950762455017
NOR,11,28.0,1.0,image_color_derived_proxy,2.0,0.0,0.19298245614035087,0.0,85.77299880981445,628,5369.57421875,1.0,nearest_physical_car_same_track_location_crossing_headway_le_2s,0.971226386684259,0.9940773900497655,0.9940773900497655,0.9940773900497655,0.9940773900497655,0.686208616149916,1.0470633157500182,1.3420120282741899,1.0,1.0,1.0,1.0,1.0,0.6822383403778076,0.9827594757080078,1.1240572929382324,0.9871754246198456,1.0,1.0,1.0,1.0,0.6758282849598877,0.965204576190777,1.1299334507078136,0.9990462966145547
NOR,12,35.0,0.9851641631000001,image_color_derived_proxy,2.0,0.0,0.21052631578947367,0.0,85.74899673461914,642,5369.57421875,1.0,nearest_physical_car_same_track_location_crossing_headway_le_2s,0.7879392402813611,0.9526175329763862,0.9931311151257964,0.9931311151257964,0.9931311151257964,1.058739547484174,1.3122021922993334,1.6424642699105398,0.4091943064921569,0.903963928334457,1.0,1.0,1.0,1.2202470302581787,1.5360159873962402,1.742034912109375,0.49123610316218747,0.8734796251632387,0.9920698745050011,1.0,1.0,1.2324174153119265,1.5030743852185044,1.7799413193535976,1.0
NOR,13,43.0,0.9468760719000001,image_color_derived_proxy,2.0,0.0,0.22807017543859648,0.0,85.8270034790039,648,5369.57421875,1.0,nearest_physical_car_same_track_location_crossing_headway_le_2s,0.07017606289230018,0.268376970929063,0.6226593925654764,0.8350286213954786,0.9312104841367856,1.5690470819887907,1.9490125773000253,2.3955006452224104,0.0,0.3833641479896426,1.0,1.0,1.0,1.6188268661499023,1.7901041507720947,1.9195036888122559,0.032379101253858275,0.4915585764704387,0.8850710823851371,0.9605485951085723,1.0,1.5933061060374325,1.7567343980747914,2.0616319659783224,0.8462936916228607
NOR,14,140.0,0.4826329661000001,image_color_derived_proxy,2.0,0.0,0.24561403508771928,0.0,85.97800064086914,663,5369.57421875,0.8115913678288247,nearest_physical_car_same_track_location_crossing_headway_le_2s,0.03574168947455827,0.13315037808220442,0.42637642762197875,0.7253250368925143,0.9224453060731832,1.675451508662828,2.0701246042542327,2.463278002383213,0.0,0.0,0.8115913678288247,1.0,1.0,1.8642418384552002,1.9467148780822754,2.014887571334839,0.0,0.14026846678303287,0.7325128689129418,0.8607550764982608,0.9620018832566346,1.7057997129292164,1.9112288927423213,2.309997331783542,0.5897444529253517
NOR,15,223.0,0.08539401990000016,image_color_derived_proxy,2.0,0.0,0.2631578947368421,0.0,85.9220027923584,630,5369.57421875,0.0,nearest_physical_car_same_track_location_crossing_headway_le_2s,0.04565766420724618,0.13576264696170462,0.2992830627415833,0.6633342905325723,0.8688112525424341,1.674508960221586,2.1352070331573487,2.5565851739112366,0.0,0.0,0.0,0.3164032265672909,1.0,2.1539804935455322,2.2782721519470215,2.3899881839752197,0.0,0.008845256296773156,0.09520259279710752,0.533705047130414,0.8174856472142138,2.0022555485249782,2.219734340565585,2.7821417510660122,0.04543167028396866
NOR,16,239.0,0.00881783750000011,image_color_derived_proxy,2.0,0.0,0.2807017543859649,0.0,86.07600402832031,648,5369.57421875,0.0,nearest_physical_car_same_track_location_crossing_headway_le_2s,0.0062386801314713485,0.0573447067377382,0.15772102339677335,0.25838791510911835,0.523154017868618,1.872281880146572,2.4783224308693956,3.054339958639706,0.0,0.0,0.0,0.08098650754102453,0.9202099616793035,2.257298707962036,2.3356900215148926,2.4921886920928955,0.0,0.014405848386753097,0.11655980099190279,0.3939308619959119,0.6657720402947876,1.9788820601630779,2.3065236651567207,2.944390780371339,0.0034363839622207903
NOR,17,239.0,0.00881783750000011,image_color_derived_proxy,2.0,0.0,0.2982456140350877,0.0,86.17900085449219,634,5369.57421875,0.0,nearest_physical_car_same_track_location_crossing_headway_le_2s,0.0,0.009909607712842479,0.03145781222583482,0.10022158743530919,0.17742146116550667,2.248899779394489,2.9732559867527177,3.788237324448218,0.0,0.0,0.0,0.0,0.0,2.743034839630127,2.8589179515838623,2.9841127395629883,0.0,0.0,0.003202647673167043,0.03529866442438835,0.17888346703962427,2.371165778299733,2.7958098522796173,3.6422264058314173,0.0
NOR,18,239.0,0.00881783750000011,image_color_derived_proxy,2.0,0.0,0.3157894736842105,0.0,86.0719985961914,646,5369.57421875,0.0,nearest_physical_car_same_track_location_crossing_headway_le_2s,0.0,0.0,0.01325634134928564,0.03227530904446512,0.09782504038202285,2.520253666469029,3.3833958526670433,4.315217263028702,0.0,0.0,0.0,0.0,0.0,3.185575246810913,3.38165283203125,3.488560199737549,0.0,0.0,0.0,0.0,0.015335994473847704,2.7610200790478037,3.239148642547402,4.528333381281996,0.0
NOR,19,239.0,0.00881783750000011,image_color_derived_proxy,2.0,0.0,0.3333333333333333,0.0,85.91999665647745,665,5369.57421875,0.0,nearest_physical_car_same_track_location_crossing_headway_le_2s,0.0,0.0,0.011417575388972605,0.028875693276345572,0.07120575373890815,2.649608486138501,3.5287870995389983,4.5786324165962835,0.0,0.0,0.0,0.0,0.0,3.3318395614624023,3.57702374458313,3.6952295303344727,0.0,0.0,0.0,0.0,0.016748128864328877,2.9057623439101814,3.483136809398336,4.8462359185976345,0.0
NOR,20,239.0,0.00881783750000011,image_color_derived_proxy,2.0,0.0,0.3508771929824561,0.0,86.03999996185303,652,5369.57421875,0.0,nearest_physical_car_same_track_location_crossing_headway_le_2s,0.0,0.0,0.00650859444666046,0.02367500925160519,0.06973500700441863,2.68736572265625,3.582633238267734,4.631927247710575,0.0,0.0,0.0,0.0,0.0,3.500638008117676,3.607529401779175,3.722687005996704,0.0,0.0,0.0,0.0,0.0,2.960308830965374,3.512047777188127,4.911959296506375,0.0
NOR,21,239.0,0.00881783750000011,image_color_derived_proxy,2.0,0.0,0.3684210526315789,0.0,85.9749984741211,645,5369.57421875,0.0,nearest_physical_car_same_track_location_crossing_headway_le_2s,0.0,0.0,0.007886007659122462,0.021843568125236548,0.07560332449929741,2.657375357914897,3.623404726258512,4.61126221162959,0.0,0.0,0.0,0.0,0.0,3.5518136024475098,3.6020936965942383,3.6819591522216797,0.0,0.0,0.0,0.0,0.011642913270709735,2.926940218562693,3.516384930138637,5.034942653271504,0.0
NOR,22,239.0,0.00881783750000011,image_color_derived_proxy,2.0,0.0,0.38596491228070173,0.0,86.28300476074219,658,5369.57421875,0.0,nearest_physical_car_same_track_location_crossing_headway_le_2s,0.0,0.0,0.007637661652557023,0.024326939163091286,0.05060096189980517,2.7651357814243864,3.695229960686894,4.894264047510896,0.0,0.0,0.0,0.0,0.0,3.4311013221740723,3.5530197620391846,3.6445834636688232,0.0,0.0,0.0,0.0,0.021336758129558313,2.8341630322260944,3.481233663207494,4.83850736568362,0.0
NOR,23,239.0,0.00881783750000011,image_color_derived_proxy,2.0,0.0,0.40350877192982454,0.0,86.07500457763672,645,5369.57421875,0.0,nearest_physical_car_same_track_location_crossing_headway_le_2s,0.0,0.0,0.007667729448876323,0.01557943110025569,0.054150511171622326,2.7505484287739344,3.7767103897897822,5.0074340798289825,0.0,0.0,0.0,0.0,0.0,3.7089529037475586,3.7861013412475586,3.9104115962982178,0.0,0.0,0.0,0.0,0.008585561295168428,3.086143036325276,3.725694033661631,5.1695370087884625,0.0
NOR,24,239.0,0.00881783750000011,image_color_derived_proxy,1.0,0.0,0.42105263157894735,0.0015503875968992248,86.09200191497803,646,5369.57421875,0.009303940612717014,nearest_physical_car_same_track_location_crossing_headway_le_2s,0.02323096170972005,0.026483370789113194,0.04016635707773557,0.05575432139619104,0.10616555438820834,2.445428051678628,3.699567222753902,4.853193841978562,0.0069808798893794535,0.0069808798893794535,0.009303940612717014,0.009303940612717014,0.01209171982362542,3.863863229751587,3.940467119216919,4.228675127029419,0.0069808798893794535,0.0069808798893794535,0.009303940612717014,0.009303940612717014,0.01209171982362542,3.16220476787818,3.9828480547797795,5.9321499445025925,0.004129033580276831
NOR,25,239.0,0.00881783750000011,image_color_derived_proxy,2.0,0.0,0.43859649122807015,0.00303951367781155,90.2229995727539,659,5369.57421875,0.010074998463094264,nearest_physical_car_same_track_location_crossing_headway_le_2s,0.008091100499767075,0.008091100499767075,0.008091100499767075,0.008091100499767075,0.008091100499767075,0.5582025117511991,1.4814658033941512,1.496936749808396,0.010074998463094264,0.010074998463094264,0.010074998463094264,0.010074998463094264,0.010074998463094264,48.15576505661011,50.38641953468323,51.48284149169922,0.010074998463094264,0.010074998463094264,0.010074998463094264,0.010074998463094264,0.010074998463094264,27.213349008803522,41.32258450671032,132.1555906655697,0.016497057080463562
NOR,26,231.0,0.04710592870000013,image_color_derived_proxy,5.0,0.0,0.45614035087719296,0.0037974683544303796,107.72799682617188,791,5369.57421875,0.10034532318908815,nearest_physical_car_same_track_location_crossing_headway_le_2s,0.017646286250743975,0.025629360620345827,0.046403868337133586,0.070733691857097,0.12254934871676765,2.3862546932623254,3.616289458403717,17.357113454311712,0.07137419614728596,0.08846353792643748,0.10034532318908815,0.11632072512252725,0.1480487950212052,1.9704899787902832,3.4910664558410645,4.340660095214844,0.0730357785809813,0.08660700323878176,0.09348545071204757,0.14026990839457218,0.1814848328350374,2.097139578196615,3.408934380081429,5.418041737397418,0.07560754395690217
NOR,27,240.0,0.00403182610000016,image_color_derived_proxy,5.0,0.0,0.47368421052631576,0.0,85.44400024414062,618,5369.57421875,0.0,nearest_physical_car_same_track_location_crossing_headway_le_2s,0.0,0.0,0.00023407679540429077,0.009819282713337136,0.016150941718226362,3.106699179846835,4.203166303348391,5.4941599828957095,0.0,0.0,0.0,0.0,0.0,4.10894513130188,4.162031412124634,4.458903789520264,0.0,0.0,0.0,0.0,0.0,3.3807256473637914,4.116506636840271,5.729488180202195,0.0031905936936986734
NOR,28,240.0,0.00403182610000016,image_color_derived_proxy,5.0,0.0,0.49122807017543857,0.0,85.2040023803711,641,5369.57421875,0.0,nearest_physical_car_same_track_location_crossing_headway_le_2s,0.0,0.0,0.0,0.0023472941411599125,0.013379668385856233,3.159719356413811,4.291835715553978,5.563543841057719,0.0,0.0,0.0,0.0,0.0,4.0920867919921875,4.227136850357056,4.4973931312561035,0.0,0.0,0.0,0.0,0.0,3.365692993883874,4.133452781331053,5.963900894490249,0.0021915956855197427
NOR,29,240.0,0.00403182610000016,image_color_derived_proxy,5.0,0.0,0.5087719298245614,0.0,85.15949630737305,621,5369.57421875,0.0,nearest_physical_car_same_track_location_crossing_headway_le_2s,0.0,0.0,0.0,0.0,0.00962898714037161,3.044454559722504,4.070226331443461,5.29585714970038,0.0,0.0,0.0,0.0,0.0,3.766636848449707,4.133275508880615,4.357474327087402,0.0,0.0,0.0,0.0,0.0,3.1758129077634663,3.894588978432489,5.789779919722781,0.002949860332687959
NOR,30,128.0,0.5400651029000001,image_color_derived_proxy,5.0,0.0,0.5263157894736842,0.001610305958132045,85.30599975585938,622,5369.57421875,0.4875741287092974,nearest_physical_car_same_track_location_crossing_headway_le_2s,0.36193233873774866,0.515262746632123,0.5780367102790499,0.6425573850206793,0.7218249305890194,1.021836969403076,1.7096478959204446,3.359611455887711,0.18044449142795407,0.3656718206622743,0.4875741287092974,0.5684477143297677,0.6643612401070794,1.3771898746490479,2.104109764099121,3.666466474533081,0.16052798494047343,0.4224204622247216,0.5159543298821918,0.5518604038840814,0.6191358185344221,1.3455697587965847,1.935078740259251,3.720364579263125,0.491589548468005
NOR,31,36.0,0.9803781517,image_color_derived_proxy,5.0,0.0,0.543859649122807,0.0,85.92400360107422,623,5369.57421875,1.0,nearest_physical_car_same_track_location_crossing_headway_le_2s,0.9936455474497016,0.9936455474497016,0.9936455474497016,0.9936455474497016,0.9936455474497016,0.5332444254557291,0.7940755446180165,0.980006805837971,1.0,1.0,1.0,1.0,1.0,0.3708772659301758,0.7198660373687744,0.9368622303009033,1.0,1.0,1.0,1.0,1.0,0.3687574675109437,0.708716080843456,0.9772297819074134,0.999081438342064
NOR,32,40.0,0.9612341061,image_color_derived_proxy,4.0,0.0,0.5614035087719298,0.001567398119122257,86.64299774169922,639,5369.57421875,0.9894048071799769,nearest_physical_car_same_track_location_crossing_headway_le_2s,0.9949216900490038,0.9949216900490038,0.9949216900490038,0.9949216900490038,0.9949216900490038,0.26779393732046874,0.5613885989247153,0.7923455095644428,0.979271289470118,0.9894048071799769,0.9894048071799769,0.99122834901793,0.99122834901793,0.40085911750793457,1.0660715103149414,1.2310316562652588,0.9792481308674147,0.9894048071799769,0.9894048071799769,0.99122834901793,0.99122834901793,0.40394323227713386,1.0547261964523955,1.2540610777532892,0.99175488438804
NOR,33,240.0,0.00403182610000016,image_color_derived_proxy,2.0,0.0,0.5789473684210527,0.003134796238244514,84.74500274658203,639,5369.57421875,0.011033102133480055,nearest_physical_car_same_track_location_crossing_headway_le_2s,0.02455602126615445,0.027376247524576878,0.03162428438136186,0.035187916878719326,0.05544869865913699,2.981300663303685,4.285691892362623,5.797051693367191,0.009145081376342009,0.011033102133480055,0.011033102133480055,0.012921117263889175,0.013640922188348314,3.97225022315979,4.305608034133911,4.491098642349243,0.009145081376342009,0.011033102133480055,0.011033102133480055,0.012921117263889175,0.013640922188348314,3.3651288016217067,4.227643470595631,6.151825281402289,0.014969818437783666
NOR,34,240.0,0.00403182610000016,image_color_derived_proxy,2.0,0.0,0.5964912280701754,0.0,84.82600249350071,653,5369.57421875,0.0,nearest_physical_car_same_track_location_crossing_headway_le_2s,0.0,0.0,0.0,0.0,0.0025699715367821048,3.4055054103251754,4.5680034768992455,6.200616622297732,0.0,0.0,0.0,0.0,0.0,4.343487501144409,4.448159456253052,4.551546096801758,0.0,0.0,0.0,0.0,0.0,3.5488190312315075,4.3652603173186275,6.179936697357129,0.005835243364107012
NOR,35,240.0,0.00403182610000016,image_color_derived_proxy,2.0,0.0,0.6140350877192983,0.0,84.76799672842026,627,5369.57421875,0.0,nearest_physical_car_same_track_location_crossing_headway_le_2s,0.0,0.0,0.0,0.0,0.0,3.6673253888914568,4.896710793477807,6.726335083009966,0.0,0.0,0.0,0.0,0.0,4.624614000320435,4.844574928283691,4.905472278594971,0.0,0.0,0.0,0.0,0.0,3.824563847629733,4.657525399417569,6.774804184991577,0.006755880887291399
NOR,36,240.0,0.00403182610000016,image_color_derived_proxy,2.0,0.0,0.631578947368421,0.0,85.88300228118896,646,5369.57421875,0.0,nearest_physical_car_same_track_location_crossing_headway_le_2s,0.0,0.0,0.0,0.0,0.0,3.691217180955906,5.051839123033497,7.176242342862216,0.0,0.0,0.0,0.0,0.0,4.893407821655273,4.940536975860596,5.966858148574829,0.0,0.0,0.0,0.0,0.0,3.9402623010942652,4.966764204487927,7.10817564799319,0.006744442945723739
NOR,37,240.0,0.00403182610000016,image_color_derived_proxy,2.0,0.0,0.6491228070175439,0.0,85.11750221252441,641,5369.57421875,0.0,nearest_physical_car_same_track_location_crossing_headway_le_2s,0.0,0.0,0.0,0.0,0.0,4.829121067685165,6.412518084138234,9.277797947572859,0.0,0.0,0.0,0.0,0.0,6.0556111335754395,6.19707465171814,6.322444438934326,0.0,0.0,0.0,0.0,0.0,4.883009538782549,6.0963912829957225,8.867606488237362,0.0067330050041561895
NOR,38,241.0,0.0,image_color_derived_proxy,2.0,0.0,0.6666666666666666,0.0,85.04900360107422,626,5369.57421875,0.0,nearest_physical_car_same_track_location_crossing_headway_le_2s,0.0,0.0,0.0,0.0,0.0,5.056875352974397,6.636963282593893,9.544046093943308,0.0,0.0,0.0,0.0,0.0,6.466900825500488,6.568773031234741,6.647037982940674,0.0,0.0,0.0,0.0,0.0,5.112744114124986,6.479460438567863,9.472478200212251,0.00672156706258864
NOR,39,240.0,0.00403182610000016,image_color_derived_proxy,2.0,0.0,0.6842105263157895,0.0,85.01799774169922,635,5369.57421875,0.0,nearest_physical_car_same_track_location_crossing_headway_le_2s,0.0,0.0,0.0,0.0,0.0,5.452084059890517,6.960437902742929,10.274534332815204,0.0,0.0,0.0,0.0,0.0,6.8206799030303955,6.932021617889404,7.059019565582275,0.0,0.0,0.0,0.0,0.0,5.466049431558519,6.8908044499727765,9.981841709731269,0.00671012912102098
NOR,40,240.0,0.00403182610000016,image_color_derived_proxy,2.0,0.0,0.7017543859649122,0.0,85.04800415039062,625,5369.57421875,0.0,nearest_physical_car_same_track_location_crossing_headway_le_2s,0.0,0.0,0.0,0.0,0.0,5.739975419221571,7.356344345030997,10.921028600114115,0.0,0.0,0.0,0.0,0.0,7.273113012313843,7.35291051864624,7.455864906311035,0.0,0.0,0.0,0.0,0.0,5.731770919004692,7.298589711400054,10.73793883795033,0.006698691179453431
NOR,41,240.0,0.00403182610000016,image_color_derived_proxy,2.0,0.0,0.7192982456140351,0.001594896331738437,85.17999792098999,628,5369.57421875,0.0,nearest_physical_car_same_track_location_crossing_headway_le_2s,0.0,0.0,0.0,0.0,0.0,5.787579035643802,7.318358459936112,10.88414427170561,0.0,0.0,0.0,0.0,0.0,7.41035795211792,7.4603235721588135,7.750425815582275,0.0,0.0,0.0,0.0,0.0,5.928733684464391,7.596629512984207,12.462298091603616,0.006687253237885771
NOR,42,240.0,0.00403182610000016,image_color_derived_proxy,2.0,0.0,0.7368421052631579,0.0015408320493066256,85.11599731445312,650,5369.57421875,0.0,nearest_physical_car_same_track_location_crossing_headway_le_2s,0.011079007744844986,0.015367248208280792,0.018128193480218036,0.022169757708721975,0.025177379215591086,5.315639754880243,7.455058293781997,10.97620127611328,0.0,0.0,0.0,0.0,0.0,7.814694404602051,8.06804871559143,8.429614543914795,0.0,0.0,0.0,0.0,0.0,6.280021639356378,8.425029536466653,14.98506378116487,0.009080115992083027
NOR,43,240.0,0.00403182610000016,image_color_derived_proxy,1.0,0.0,0.7543859649122807,0.001584786053882726,84.9469985961914,632,5369.57421875,0.0028252912227966997,nearest_physical_car_same_track_location_crossing_headway_le_2s,0.0028252912227966997,0.0028252912227966997,0.0028252912227966997,0.0028252912227966997,0.0028252912227966997,0.14797494607704148,0.14797494607704148,0.14813495358793793,0.0019423878910898905,0.0028252912227966997,0.0028252912227966997,0.0028252912227966997,0.0050031198152301025,16.467474460601807,16.913371086120605,17.010838747024536,0.0,0.0,0.0,0.0,0.0,13.067358443006162,16.223406492979727,24.677960882453405,0.008081119730668496
NOR,44,240.0,0.00403182610000016,image_color_derived_proxy,2.0,0.0,0.7719298245614035,0.0015128593040847202,89.37999773025513,662,5369.57421875,0.030868148648636896,nearest_physical_car_same_track_location_crossing_headway_le_2s,0.005750726695206156,0.0067128942644624195,0.0067128942644624195,0.008659593482388109,0.009845572563939434,1.7352939901012359,7.173214914828916,13.877531954608386,0.02455806389085655,0.028127097816135375,0.030868148648636896,0.0348959022791307,0.04022154074732335,15.441561698913574,15.857675075531006,16.29948139190674,0.01806889577960746,0.021928833455420828,0.028127097816135375,0.030868148648636896,0.0348959022791307,12.06739407928586,15.1311305034094,22.928766498103688,0.030500354348669156
NOR,45,234.0,0.032747894500000145,image_color_derived_proxy,5.0,0.0,0.7894736842105263,0.0037313432835820895,107.29399871826172,805,5369.57421875,0.09418979688818487,nearest_physical_car_same_track_location_crossing_headway_le_2s,0.017233032162789808,0.04501648766688812,0.07760921043864788,0.14739890291276425,0.2022013918699668,2.1145420314548735,3.3259766099981762,41.06500043265427,0.06281805884121006,0.07842934511743703,0.09418979688818487,0.12862786268511828,0.15560048968804413,2.024702787399292,3.309703826904297,6.204739570617676,0.06245455794358611,0.07139261268332281,0.10438609661686045,0.1552276737243817,0.22185766557760983,1.9877887765952742,3.201276624889458,6.221221351776019,0.08038927690055853
NOR,46,239.0,0.00881783750000011,image_color_derived_proxy,5.0,0.0,0.8070175438596491,0.0,83.76700353622437,638,5369.57421875,0.0,nearest_physical_car_same_track_location_crossing_headway_le_2s,0.0,0.0,0.007938697666793936,0.0350257874414565,0.07719035059964745,2.6029880964423557,3.476463894595341,4.4521722412109375,0.0,0.0,0.0,0.0,0.0,3.127080202102661,3.4975154399871826,3.6245343685150146,0.0,0.0,0.0,0.0,0.015280465162435348,2.8155037024580216,3.3011005653973857,4.741217239891113,0.0
NOR,47,234.0,0.032747894500000145,image_color_derived_proxy,5.0,0.0,0.8245614035087719,0.0,83.32999801635742,627,5369.57421875,0.0,nearest_physical_car_same_track_location_crossing_headway_le_2s,0.015456619914459771,0.06008638163114957,0.19660386187636875,0.4020760882656787,0.5276010554896324,1.862777808404738,2.4141268686147836,3.216652316999716,0.0,0.0,0.0,0.0,0.22434892985905489,2.3359951972961426,2.8358962535858154,3.107499122619629,0.0,0.0,0.0,0.13300137119440678,0.34555385418334233,2.2012592514307534,2.6327090205985146,3.6902840703772855,0.0
NOR,48,98.0,0.6836454449000001,image_color_derived_proxy,5.0,0.0,0.8421052631578947,0.0,83.4379997253418,631,5369.57421875,0.8192789793300538,nearest_physical_car_same_track_location_crossing_headway_le_2s,0.32185575618196705,0.5280207980964094,0.7252211093875577,0.9295644642487227,0.9937917974018929,1.3181129578621158,1.7154017193467486,2.1409176873044293,0.22961960329580555,0.6055514411045587,0.8192789793300538,1.0,1.0,1.1984663009643555,1.649369478225708,2.084794521331787,0.3255950057722453,0.5488985826258593,0.7730290437366166,0.916333086009084,0.9567822990968999,1.2843446012230946,1.6109560397155944,2.1999426240669733,0.7898801349094008
NOR,49,21.0,1.0,image_color_derived_proxy,5.0,0.0,0.8596491228070176,0.0,83.80700349807739,630,5369.57421875,1.0,nearest_physical_car_same_track_location_crossing_headway_le_2s,0.9793096075938221,0.9936282177239728,0.9936282177239728,0.9936282177239728,0.9936282177239728,0.5764484491048908,1.0413255399816177,1.3781206701633417,1.0,1.0,1.0,1.0,1.0,0.40681028366088867,0.9913935661315918,1.3478069305419922,0.9615067989845583,1.0,1.0,1.0,1.0,0.4485237391408178,0.9593118313790837,1.3435961536263452,0.9976139378389434
NOR,50,46.0,0.9325180377000001,image_color_derived_proxy,5.0,0.0,0.8771929824561403,0.0,84.2640027999878,627,5369.57421875,1.0,nearest_physical_car_same_track_location_crossing_headway_le_2s,0.9954784961608849,0.9954784961608849,0.9954784961608849,0.9954784961608849,0.9954784961608849,0.5155530022776625,0.7041058379430952,0.8561558920650159,1.0,1.0,1.0,1.0,1.0,0.5675179958343506,0.8581397533416748,1.0075933933258057,1.0,1.0,1.0,1.0,1.0,0.5679762680959128,0.8548361756086988,0.9988975030942178,0.9992214446599288
NOR,51,31.0,1.0,image_color_derived_proxy,5.0,0.0,0.8947368421052632,0.0,84.25399899482727,640,5369.57421875,1.0,nearest_physical_car_same_track_location_crossing_headway_le_2s,0.9937807107640682,0.9937807107640682,0.9937807107640682,0.9937807107640682,0.9937807107640682,0.42457193607906646,0.5948318876069167,0.7409166976629448,1.0,1.0,1.0,1.0,1.0,0.5699489116668701,0.7725100517272949,0.9328446388244629,1.0,1.0,1.0,1.0,1.0,0.5747421642519236,0.7781299162786113,0.9476790473630239,0.9988790291458136
NOR,52,23.0,1.0,image_color_derived_proxy,5.0,0.0,0.9122807017543859,0.0,84.26899719238281,637,5369.57421875,1.0,nearest_physical_car_same_track_location_crossing_headway_le_2s,0.9943395553052129,0.9943395553052129,0.9943395553052129,0.9943395553052129,0.9943395553052129,0.5729909491215357,0.8172453221723105,1.075040507960964,1.0,1.0,1.0,1.0,1.0,0.5125958919525146,0.6796536445617676,0.946336030960083,1.0,1.0,1.0,1.0,1.0,0.5078760830846581,0.681491222056361,0.9309469777940059,0.9989765360744318
NOR,53,23.0,1.0,image_color_derived_proxy,5.0,0.0,0.9298245614035088,0.0,84.11000442504883,640,5369.57421875,1.0,nearest_physical_car_same_track_location_crossing_headway_le_2s,0.9955296639241001,0.9955296639241001,0.9955296639241001,0.9955296639241001,0.9955296639241001,0.5767264600945099,0.7509317388767149,0.9206483960151672,1.0,1.0,1.0,1.0,1.0,0.6435747146606445,0.8007345199584961,0.9341869354248047,1.0,1.0,1.0,1.0,1.0,0.6417899081844506,0.7882757639125545,0.9300431976069022,0.9991971058191631
NOR,54,32.0,0.9995221973000001,image_color_derived_proxy,5.0,0.0,0.9473684210526315,0.0,84.20399832725525,645,5369.57421875,1.0,nearest_physical_car_same_track_location_crossing_headway_le_2s,0.994370813544127,0.994370813544127,0.994370813544127,0.994370813544127,0.994370813544127,0.5430222303833835,0.7821812438964844,0.9363718962866414,1.0,1.0,1.0,1.0,1.0,0.5413267612457275,0.7184345722198486,0.8738358020782471,1.0,1.0,1.0,1.0,1.0,0.5491410506242738,0.710796359999541,0.8749990368014656,0.9989597538802029
NOR,55,25.0,1.0,image_color_derived_proxy,5.0,0.0,0.9649122807017544,0.0,84.04300689697266,628,5369.57421875,1.0,nearest_physical_car_same_track_location_crossing_headway_le_2s,0.9957045801339182,0.9957045801339182,0.9957045801339182,0.9957045801339182,0.9957045801339182,0.456578817131151,0.607783932156033,0.7662180615731036,1.0,1.0,1.0,1.0,1.0,0.478424072265625,0.6310315132141113,0.7593021392822266,1.0,1.0,1.0,1.0,1.0,0.4791610040478137,0.628534936980172,0.7697315158457334,0.9992083292648555
NOR,56,60.0,0.8655138781000001,image_color_derived_proxy,4.0,0.0,0.9824561403508771,0.0049261083743842365,84.05600357055664,610,5369.57421875,0.8532050040715184,nearest_physical_car_same_track_location_crossing_headway_le_2s,0.7637885028715062,0.8979965322969913,0.9428357426053143,0.9975492529803002,0.9975492529803002,0.43799131642217226,0.724693450727007,1.7370798110961916,0.6557294861663452,0.7732582907464868,0.8532050040715184,0.9847839621884986,0.9885909442151377,0.30565810203552246,0.5001835823059082,2.1479315757751465,0.6557294861663452,0.7724255162645849,0.8503497902429419,0.9814528642608908,0.9870443889674945,0.30323360601952615,0.5017570235111848,2.11269808022702,0.8881946814693671
NOR,57,39.0,0.9660201175,image_color_derived_proxy,4.0,0.0,1.0,0.0016638935108153079,83.63000106811523,602,5369.57421875,0.9924907071777203,nearest_physical_car_same_track_location_crossing_headway_le_2s,0.8228028384029396,0.9849336116162479,0.9881740744284694,0.9881740744284694,0.9881740744284694,0.8011052820155714,1.2830418281726768,1.5551684499756233,0.9695204814300239,0.9924907071777203,0.9924907071777203,0.9924907071777203,0.9924907071777203,0.599869966506958,1.168788194656372,1.4395580291748047,0.9210809325782943,0.9804256553007118,0.9924907071777203,0.9924907071777203,0.9924907071777203,0.5972296740883426,1.1477849941438842,1.4806506870514609,0.9904738866578775
VER,1,35.0,0.9851641631000001,image_color_derived_proxy,2.0,0.010184895087688791,0.017543859649122806,0.06557377049180328,89.3480019569397,672,5369.57421875,0.9898151049123112,nearest_physical_car_same_track_location_crossing_headway_le_2s,0.670009407697848,0.9194497626037004,0.9892666878899081,0.9916282400348505,0.9916282400348505,0.018932497523936564,1.1864263490188953,1.6976099654594279,0.9898151049123112,0.9898151049123112,0.9898151049123112,0.9898151049123112,0.9898151049123112,0.017762184143066406,0.8097760677337646,1.291057825088501,0.981185927843473,1.0,1.0,1.0,1.0,0.01906282205598092,0.842411815033695,1.3597439056645995,1.0
VER,2,35.5,0.9827711574,image_color_derived_proxy,2.0,0.0,0.03508771929824561,0.0,87.47999572753906,660,5369.57421875,1.0,nearest_physical_car_same_track_location_crossing_headway_le_2s,0.23049833531332323,0.4858024676057052,0.7835619738683849,0.932384493455993,0.9867283646221304,1.3060967102050782,1.7539202426342255,2.188986923180407,0.31665523158632286,0.8006401522809082,1.0,1.0,1.0,1.3129911422729492,1.5661425590515137,1.8055646419525146,0.37871525825780833,0.7858252549367365,0.9810242349281513,1.0,1.0,1.2951380212900112,1.5480482406503262,1.8453691940482686,0.9794268808802167
VER,3,106.0,0.6453573537,image_color_derived_proxy,2.0,0.0,0.05263157894736842,0.0,87.64200162887573,650,5369.57421875,0.6261951974944052,nearest_physical_car_same_track_location_crossing_headway_le_2s,0.16603911654408204,0.37017630436345167,0.5260947724906216,0.7196435818588585,0.9037676784739801,1.4280084730024885,1.959781957940925,2.4816404021188117,0.1385294726865682,0.3942401759003615,0.6261951974944052,0.8025147950121209,1.0,1.4844059944152832,1.9143147468566895,2.304523229598999,0.14101687615930902,0.41396819352251973,0.5804751319132743,0.8844960292651632,0.9685197165186227,1.4873018042509492,1.886084067148179,2.2667262274798223,0.5456136894848741
VER,4,225.0,0.07582199710000012,image_color_derived_proxy,2.0,0.0,0.07017543859649122,0.0,87.45499801635742,649,5369.57421875,0.0,nearest_physical_car_same_track_location_crossing_headway_le_2s,0.02114231287776485,0.06836652024794944,0.17175683006610498,0.38991488208450104,0.6876450204792173,1.8212499942419664,2.347533766994273,2.8353526249821392,0.0,0.0,0.0,0.761008458460539,1.0,2.0884008407592773,2.219195604324341,2.2748630046844482,0.0,0.01750612617582032,0.18128186175201802,0.6553313803228615,0.8525755619116154,1.911825320435936,2.1443114745988847,2.6599357617739074,0.0665311892481752
VER,5,237.0,0.01838986030000015,image_color_derived_proxy,2.0,0.0,0.08771929824561403,0.0,86.9739990234375,659,5369.57421875,0.06852621647150631,nearest_physical_car_same_track_location_crossing_headway_le_2s,0.011267724565994518,0.053464271829398544,0.13945545671804976,0.29649093538988563,0.6317865289811555,1.9150084290323377,2.3762346216028583,2.9328893152875297,0.0,0.0,0.06852621647150631,0.5587416520875351,1.0,2.0091261863708496,2.205498218536377,2.336791515350342,0.0,0.04184013377011078,0.26098605982391354,0.6335456342606433,0.8421711697498635,1.8795834978683938,2.1735040787503306,2.6812510709846236,0.08729313611145717
VER,6,230.0,0.05189194010000008,image_color_derived_proxy,2.0,0.0,0.10526315789473684,0.0,87.25100517272949,649,5369.57421875,0.0,nearest_physical_car_same_track_location_crossing_headway_le_2s,0.00711737797563453,0.041649969816145736,0.11975799139812073,0.2661860898010926,0.4182416359627152,1.9418123240116425,2.5798382677964797,3.144824723824631,0.0,0.0,0.0,0.17443924322961885,0.6522331844015438,2.190514326095581,2.4312655925750732,2.675541877746582,0.0,0.009478396984303411,0.06543189581383879,0.3646032306943839,0.600187852548019,2.0507612385352134,2.402341279004235,2.8556033997231807,0.01437551358958078
VER,7,240.0,0.00403182610000016,image_color_derived_proxy,3.0,0.0,0.12280701754385964,0.003911342894393742,102.33899879455566,768,5369.57421875,0.008471840025523012,nearest_physical_car_same_track_location_crossing_headway_le_2s,0.008852931414229352,0.01673851785484212,0.03430756705759371,0.08631120290893454,0.13070288423046536,2.3231501863642743,3.3722304465553976,7.0897348209303255,0.008471840025523012,0.008471840025523012,0.008471840025523012,0.008471840025523012,0.008471840025523012,2.579983711242676,2.771615743637085,4.670644521713257,0.008471840025523012,0.008471840025523012,0.008471840025523012,0.05471028863253265,0.17005251074972189,2.3520921756755766,3.3183421273629383,4.7714192901125,0.0
VER,8,63.0,0.8511558439000001,image_color_derived_proxy,3.0,0.0,0.14035087719298245,0.0056022408963585435,145.89299392700195,1072,5369.57421875,0.7663081694422951,nearest_physical_car_same_track_location_crossing_headway_le_2s,0.6106666597480014,0.669778459143833,0.7085877410199113,0.730939761963945,0.7373348508034637,0.1376810562529921,1.087860735156868,29.51255126953125,0.676029695131436,0.7148115436635293,0.7663081694422951,0.8218763123456775,0.8513499522538557,0.5500655174255371,1.2261409759521484,5.8382487297058105,0.6401747279962781,0.7009177765009796,0.7673431959933662,0.8066528148679828,0.8425284203364453,0.5493635439932474,1.2228332693062918,6.087732788724922,0.7591224276903437
VER,9,40.0,0.9612341061,image_color_derived_proxy,3.0,0.0,0.15789473684210525,0.0,141.57700061798096,1054,5369.57421875,0.9429285029875704,nearest_physical_car_same_track_location_crossing_headway_le_2s,0.8962967030262422,0.91405385608037,0.9386764578119676,0.9683847005772721,0.9829845020177765,0.24318592704121192,0.7165205446008134,1.5076595715937482,0.7972975663309594,0.9011633550795398,0.9429285029875704,0.9946319015667083,1.0,0.6968343257904053,1.0937035083770752,1.7302320003509521,0.7923462309885446,0.876399418554855,0.9275518089765638,0.9523157050847553,0.9751019110298934,0.6878640778720576,1.088799049766218,1.806711939945234,0.9353391965766273
VER,10,30.0,1.0,image_color_derived_proxy,3.0,0.0,0.17543859649122806,0.011267605633802818,138.7560043334961,1066,5369.57421875,1.0,nearest_physical_car_same_track_location_crossing_headway_le_2s,0.7495532083116169,0.7892776458444115,0.8209879241378346,0.8263282554630149,0.833823419460957,0.11339537671138589,0.46161423144022096,1.507085782730843,0.9528236631253695,0.9801450059704645,1.0,1.0,1.0,0.166642427444458,0.598541259765625,1.0641272068023682,0.9557424555288778,0.9770748642700096,0.9824584200870213,0.9858240333892945,0.98991034584707,0.16520316618845887,0.5915299247536628,1.0777446560846433,0.9578776469026564
VER,11,74.0,0.7985097185000001,image_color_derived_proxy,3.0,0.0,0.19298245614035087,0.0,87.24299812316895,639,5369.57421875,1.0,nearest_physical_car_same_track_location_crossing_headway_le_2s,0.684536400948071,0.7907797644544741,0.8813199398619913,0.9829900215579394,0.9918732734240062,0.5200779977021744,1.1661557226123924,2.0117949520576133,0.7976112700404371,0.9708057792251616,1.0,1.0,1.0,0.49765777587890625,0.9084022045135498,1.6309430599212646,0.8362160439280263,0.9432161117235885,0.9802162011630098,0.9931800419046972,1.0,0.49200787890757525,0.9043963128194834,1.6209061823718258,0.9773090066933088
VER,12,213.0,0.13325413390000007,image_color_derived_proxy,3.0,0.0,0.21052631578947367,0.0,86.79299640655518,648,5369.57421875,0.032087843502777685,nearest_physical_car_same_track_location_crossing_headway_le_2s,0.02795159290362026,0.08493775888427275,0.18364392276447486,0.39802749039427976,0.5844365941127857,1.7872977294921877,2.4008602398405317,3.0818297222653013,0.0,0.0,0.032087843502777685,0.4851774031754841,0.7138939903044591,2.0710196495056152,2.2728891372680664,3.079418420791626,0.0,0.014563386347949363,0.18813730541729734,0.41085112708512633,0.5820745931726155,1.9494830042864113,2.3599488978122505,3.0848378350719474,0.0876310907300516
VER,13,240.0,0.00403182610000016,image_color_derived_proxy,3.0,0.0,0.22807017543859648,0.0,86.67500305175781,655,5369.57421875,0.0,nearest_physical_car_same_track_location_crossing_headway_le_2s,0.0,0.0,0.011029701075623559,0.04268819385236746,0.09405245806011725,2.5233376725465884,3.4474706349005007,4.39947064100022,0.0,0.0,0.0,0.0,0.0,3.0654985904693604,3.232743263244629,4.0171403884887695,0.0,0.0,0.0,0.0,0.020548003083622035,2.678020643342464,3.3444225333889803,4.2413074679728755,0.0
VER,14,240.0,0.00403182610000016,image_color_derived_proxy,3.0,0.0,0.24561403508771928,0.0,86.28300094604492,668,5369.57421875,0.0,nearest_physical_car_same_track_location_crossing_headway_le_2s,0.0,0.0,0.0,0.011300028635761296,0.027583666757727533,3.022529898116838,4.089184896107011,5.297286718031939,0.0,0.0,0.0,0.0,0.0,3.8766350746154785,4.046973943710327,4.426450729370117,0.0,0.0,0.0,0.0,0.0,3.241182700784789,4.031549090306032,5.5505033540260795,0.0
VER,15,240.0,0.00403182610000016,image_color_derived_proxy,3.0,0.0,0.2631578947368421,0.0,86.43399620056152,633,5369.57421875,0.0,nearest_physical_car_same_track_location_crossing_headway_le_2s,0.0,0.0,0.0,0.0,0.0035055592681018776,3.4549101246346674,4.7245066849586355,6.212344922503126,0.0,0.0,0.0,0.0,0.0,4.198229551315308,4.432525396347046,4.784511089324951,0.0,0.0,0.0,0.0,0.0,3.4826755014209656,4.419007001898067,6.2429027117764875,0.005585774642625774
VER,16,240.0,0.00403182610000016,image_color_derived_proxy,3.0,0.0,0.2807017543859649,0.0,86.1780014038086,642,5369.57421875,0.0,nearest_physical_car_same_track_location_crossing_headway_le_2s,0.0,0.0,0.0,0.0,0.005105695415785529,3.6203321620396207,4.96320532044368,6.513271329506117,0.0,0.0,0.0,0.0,0.0,4.616560935974121,4.6931312084198,5.024770259857178,0.0,0.0,0.0,0.0,0.0,3.6954165538257167,4.658618545062892,6.664712866573987,0.004994000451347791
VER,17,240.0,0.00403182610000016,image_color_derived_proxy,3.0,0.0,0.2982456140350877,0.0,86.1139907836914,642,5369.57421875,0.0,nearest_physical_car_same_track_location_crossing_headway_le_2s,0.0,0.0,0.0,0.0,0.005376608922744155,3.4263346061432105,4.763517567699703,6.209135032096898,0.0,0.0,0.0,0.0,0.0,4.535379886627197,4.691171169281006,4.82483696937561,0.0,0.0,0.0,0.0,0.0,3.597885016615805,4.609326706801827,6.674659749501252,0.004884307790110398
VER,18,240.0,0.00403182610000016,image_color_derived_proxy,3.0,0.0,0.3157894736842105,0.0,85.89600372314453,642,5369.57421875,0.0,nearest_physical_car_same_track_location_crossing_headway_le_2s,0.0,0.0,0.0,0.0,0.010955107850816813,3.3900765147107714,4.6850137896426025,6.04620132446289,0.0,0.0,0.0,0.0,0.0,4.53165602684021,4.6787497997283936,4.81385064125061,0.0,0.0,0.0,0.0,0.0,3.670748448539504,4.572877773976426,6.592475013272948,0.00284966379097229
VER,19,240.0,0.00403182610000016,image_color_derived_proxy,3.0,0.0,0.3333333333333333,0.0,85.84999465942383,662,5369.57421875,0.0,nearest_physical_car_same_track_location_crossing_headway_le_2s,0.0,0.0,0.0,0.004682568956378301,0.012090858140753318,3.2757853463192115,4.485118782874381,5.8274084689349115,0.0,0.0,0.0,0.0,0.0,4.300936937332153,4.502938508987427,4.631416082382202,0.0,0.0,0.0,0.0,0.0,3.573695706130476,4.413875056819977,6.247353945175313,0.003604472289207239
VER,20,240.0,0.00403182610000016,image_color_derived_proxy,3.0,0.0,0.3508771929824561,0.0,86.0009994506836,655,5369.57421875,0.0,nearest_physical_car_same_track_location_crossing_headway_le_2s,0.0,0.0,0.0,0.0004883642883547606,0.010034755036739099,3.285823141710853,4.5668160492519165,5.914615424970153,0.0,0.0,0.0,0.0,0.0,4.246978521347046,4.364410161972046,4.488116502761841,0.0,0.0,0.0,0.0,0.0,3.4346146894145115,4.287112181773107,6.12990353820982,0.0032834559011098996
VER,21,240.0,0.00403182610000016,image_color_derived_proxy,3.0,0.0,0.3684210526315789,0.0,85.92500305175781,643,5369.57421875,0.0,nearest_physical_car_same_track_location_crossing_headway_le_2s,0.0,0.0,0.0,0.004678547892529116,0.013034632522023356,3.218424471848303,4.446371647240755,5.72893335643238,0.0,0.0,0.0,0.0,0.0,3.981829881668091,4.24345064163208,4.4451210498809814,0.0,0.0,0.0,0.0,0.0,3.2825194814734564,4.12617309301753,5.707850251261661,0.0032382972576644464
VER,22,240.0,0.00403182610000016,image_color_derived_proxy,3.0,0.0,0.38596491228070173,0.0,86.04299926757812,658,5369.57421875,0.0,nearest_physical_car_same_track_location_crossing_headway_le_2s,0.0,0.0,0.0,0.006485113977620514,0.013725714738689046,3.128238520277665,4.2910738102656865,5.537094336537634,0.0,0.0,0.0,0.0,0.0,4.051980972290039,4.198036193847656,4.405827045440674,0.0,0.0,0.0,0.0,0.0,3.3011739755448763,4.111852670898295,5.880492197324764,0.0034307598562052233
VER,23,240.0,0.00403182610000016,image_color_derived_proxy,3.0,0.0,0.40350877192982454,0.0,86.00699973106384,641,5369.57421875,0.0,nearest_physical_car_same_track_location_crossing_headway_le_2s,0.0,0.0,0.0,0.0,0.00698780138863805,3.319715303587682,4.458720226562606,5.762742704503676,0.0,0.0,0.0,0.0,0.0,4.200012445449829,4.319535255432129,4.411222457885742,0.0,0.0,0.0,0.0,0.0,3.4984115912118834,4.188130511670383,6.07342227072711,0.004231333993302333
VER,24,240.0,0.00403182610000016,image_color_derived_proxy,3.0,0.0,0.42105263157894735,0.0015600624024961,85.86199569702148,642,5369.57421875,0.0,nearest_physical_car_same_track_location_crossing_headway_le_2s,0.01168147245135963,0.015850973824791996,0.017271877764408333,0.021441290281362706,0.037280712764015365,3.039638704140281,4.161986572265625,5.362931754372337,0.0,0.0,0.0,0.0,0.0,3.942993402481079,4.057936668395996,4.25590968132019,0.0,0.0,0.0,0.0,0.0,3.303386362500123,3.9586637825396513,5.970017207711491,0.004090783577275325
VER,25,240.0,0.00403182610000016,image_color_derived_proxy,1.0,0.0,0.43859649122807015,0.003179650238473768,85.75699615478516,630,5369.57421875,0.01304850558748618,nearest_physical_car_same_track_location_crossing_headway_le_2s,0.032137253095235276,0.034947577088075,0.03937867041522584,0.051494317084664065,0.07132942484518486,2.8793276537653716,4.0368021793502695,5.324530023485489,0.007696118827711721,0.010494724773585606,0.01304850558748618,0.01304850558748618,0.01304850558748618,3.8176941871643066,4.039630889892578,4.232616662979126,0.007696118827711721,0.007696118827711721,0.010028343446164134,0.010028343446164134,0.010028343446164134,3.2764020892360732,3.993442404902408,5.902849116839633,0.0157281716877542
VER,26,239.0,0.00881783750000011,image_color_derived_proxy,1.0,0.0,0.45614035087719296,0.0,85.56999969482422,626,5369.57421875,0.0,nearest_physical_car_same_track_location_crossing_headway_le_2s,0.0,0.0,0.0,0.0,0.0,,,,0.0,0.0,0.0,0.0,0.0,27.860320329666138,28.559242486953735,28.954631090164185,0.0,0.0,0.0,0.0,0.0,22.870986444048807,27.039675677471045,39.76512468616887,0.006986293673997057
VER,27,239.0,0.00881783750000011,image_color_derived_proxy,1.0,0.0,0.47368421052631576,0.0,85.74500274658203,622,5369.57421875,0.0,nearest_physical_car_same_track_location_crossing_headway_le_2s,0.0,0.0,0.0,0.0,0.0,,,,0.0,0.0,0.0,0.0,0.0,27.425588130950928,27.911101579666138,28.035772562026978,0.0,0.0,0.0,0.0,0.0,22.717368896405898,26.715708558265902,38.7872977798633,0.006974855732429508
VER,28,240.0,0.00403182610000016,image_color_derived_proxy,1.0,0.0,0.49122807017543857,0.0,85.61649703979492,641,5369.57421875,0.0,nearest_physical_car_same_track_location_crossing_headway_le_2s,0.0,0.0,0.0,0.0,0.0,,,,0.0,0.0,0.0,0.0,0.0,26.17501473426819,27.022233486175537,27.300140380859375,0.0,0.0,0.0,0.0,0.0,21.772503282819848,25.820074650737592,38.12180526019202,0.006963417790861959
VER,29,240.0,0.00403182610000016,image_color_derived_proxy,1.0,0.0,0.5087719298245614,0.0,85.62000274658203,637,5369.57421875,0.0,nearest_physical_car_same_track_location_crossing_headway_le_2s,0.0,0.0,0.0,0.0,0.0,,,,0.0,0.0,0.0,0.0,0.0,25.190935134887695,25.831282138824463,26.18158769607544,0.0,0.0,0.0,0.0,0.0,20.461491154915578,24.71114410981601,37.20036717959887,0.006951979849294299
VER,30,240.0,0.00403182610000016,image_color_derived_proxy,1.0,0.0,0.5263157894736842,0.0,85.49800109863281,619,5369.57421875,0.0,nearest_physical_car_same_track_location_crossing_headway_le_2s,0.0,0.0,0.0,0.0,0.0,,,,0.0,0.0,0.0,0.0,0.0,24.348636388778687,24.858972787857056,25.14806842803955,0.0,0.0,0.0,0.0,0.0,19.2992621874605,23.6110191535037,36.2356368530294,0.006940541907726749
VER,31,240.0,0.00403182610000016,image_color_derived_proxy,1.0,0.0,0.543859649122807,0.0,85.54299688339233,619,5369.57421875,0.0,nearest_physical_car_same_track_location_crossing_headway_le_2s,0.0,0.0,0.0,0.0,0.0,,,,0.0,0.0,0.0,0.0,0.0,23.795960664749146,24.187631607055664,24.340439558029175,0.0,0.0,0.0,0.0,0.0,18.740172279776562,23.099777876533246,35.74541922809638,0.006929103966159089
VER,32,240.0,0.00403182610000016,image_color_derived_proxy,1.0,0.0,0.5614035087719298,0.0,89.50700378417969,651,5369.57421875,0.0,nearest_physical_car_same_track_location_crossing_headway_le_2s,0.0,0.0,0.0,0.0,0.0,,,,0.0,0.0,0.0,0.0,0.0,22.03048324584961,22.7985200881958,23.341516494750977,0.0,0.0,0.0,0.0,0.0,17.91802109547753,21.759251879302905,32.93616620347382,0.00691766602459154
VER,33,240.0,0.00403182610000016,image_color_derived_proxy,3.0,0.0,0.5789473684210527,0.002472187886279357,107.00800323486328,810,5369.57421875,0.054921133289599494,nearest_physical_car_same_track_location_crossing_headway_le_2s,0.014933476298919566,0.03402548155525054,0.08353581800563578,0.1269250748961571,0.1896494077715471,1.9983467269117816,2.903994625604349,3.789683302186376,0.03924939003274904,0.046127380825828034,0.054921133289599494,0.06427556866287322,0.07626531709206628,2.591341733932495,3.157376527786255,32.74131727218628,0.03924939003274904,0.048183313223896074,0.04987477321181971,0.08108737548707723,0.17736056666618896,2.301478402155016,3.1332449491066883,36.08640805333326,0.038932847624185585
VER,34,240.0,0.00403182610000016,image_color_derived_proxy,3.0,0.0,0.5964912280701754,0.0,84.96700119972229,653,5369.57421875,0.0,nearest_physical_car_same_track_location_crossing_headway_le_2s,0.0,0.00987440750772791,0.027575438537939072,0.07428771170255329,0.11412667086582892,2.374399928042763,3.2735924726697023,3.915952902401195,0.0,0.0,0.0,0.0,0.0,3.2003390789031982,3.374777317047119,3.7234420776367188,0.0,0.0,0.0,0.0,0.025186241239915995,2.744909169324504,3.356369362395398,4.456869443898506,0.0
VER,35,240.0,0.00403182610000016,image_color_derived_proxy,3.0,0.0,0.6140350877192983,0.0,84.91599941253662,630,5369.57421875,0.0,nearest_physical_car_same_track_location_crossing_headway_le_2s,0.0,0.011517271746609778,0.02590796526166369,0.05457156369716431,0.10970845200214162,2.4611592444595027,3.3198604482974643,3.980437929409899,0.0,0.0,0.0,0.0,0.0,3.246722459793091,3.417283773422241,3.8246729373931885,0.0,0.0,0.0,0.0,0.014590916156611617,2.8093516159079774,3.4127228433744956,4.64841867539612,0.0
VER,36,240.0,0.00403182610000016,image_color_derived_proxy,3.0,0.0,0.631578947368421,0.0,84.8810043334961,636,5369.57421875,0.0,nearest_physical_car_same_track_location_crossing_headway_le_2s,0.0,0.0,0.018637865383946444,0.038842600927614816,0.07226582741323712,2.664686388072401,3.525746536254883,4.495904506726212,0.0,0.0,0.0,0.0,0.0,2.938292980194092,3.6530919075012207,3.764143705368042,0.0,0.0,0.0,0.0,0.0440381993727396,2.6868994978213525,3.5234674820862404,5.004022575483295,0.0
VER,37,238.0,0.013603848900000059,image_color_derived_proxy,3.0,0.0,0.6491228070175439,0.0,84.75399780273438,639,5369.57421875,0.0,nearest_physical_car_same_track_location_crossing_headway_le_2s,0.02975661083983654,0.0945678088854354,0.19794938074743115,0.5197629073814488,0.7454396995249565,1.7536654714904578,2.2295871381226693,2.695925995797822,0.0,0.0,0.0,0.2501829167955426,0.7437053375156947,2.18102765083313,2.3427109718322754,2.632453203201294,0.0,0.0026311392799775605,0.10473845418744435,0.3941760174476698,0.6728059391427179,1.9805784288150288,2.299715048143796,3.0160280686689007,0.004150055553588383
VER,38,179.0,0.2959785215000001,image_color_derived_proxy,3.0,0.0,0.6666666666666666,0.0,85.04299926757812,627,5369.57421875,0.1587667748356562,nearest_physical_car_same_track_location_crossing_headway_le_2s,0.026762920978982585,0.11764638070484364,0.2892654822622833,0.6124785262636053,0.8996742576663112,1.7103356456656647,2.163253503913891,2.494425255482591,0.0,0.0,0.1587667748356562,0.6876638705467313,1.0,1.989786148071289,2.135183811187744,2.3321266174316406,0.0,0.03143116257321861,0.3228719413971204,0.640158493758184,0.8550027750226165,1.8308147146037905,2.1377071515272057,2.575688041576641,0.17551317524056675
VER,39,166.0,0.35819666970000014,image_color_derived_proxy,3.0,0.0,0.6842105263157895,0.0,84.71600341796875,632,5369.57421875,0.5030927433037917,nearest_physical_car_same_track_location_crossing_headway_le_2s,0.060012252681401194,0.16084324704590172,0.3126445720042767,0.7421619909354338,0.9726261736336732,1.5724604647813885,2.1051356428760593,2.357587131234103,0.0,0.05125358702927333,0.5030927433037917,0.980936305486831,1.0,1.7788043022155762,1.9975244998931885,2.18994140625,0.02742105113376422,0.1570542447443672,0.5505454009115359,0.8501345214778668,0.9348174561883504,1.663277603426883,1.9766292398998422,2.396075512702375,0.3921383989337209
VER,40,52.0,0.9038019693000001,image_color_derived_proxy,3.0,0.0,0.7017543859649122,0.0,84.66500091552734,620,5369.57421875,1.0,nearest_physical_car_same_track_location_crossing_headway_le_2s,0.12232909804995147,0.5172621132012358,0.8741037926246739,0.9666214045667646,0.9915077025744351,1.4480326161339008,1.7430231730143229,2.0402418250870804,0.0,0.4473867803360682,1.0,1.0,1.0,1.6347756385803223,1.7694857120513916,1.912428617477417,0.023905961597017484,0.5622630429393476,0.8254767966023174,0.9539951468436528,0.9817870397796348,1.5465476035882884,1.7267816518475747,2.146257767254094,0.9104321951007205
VER,41,25.0,1.0,image_color_derived_proxy,3.0,0.0,0.7192982456140351,0.0,84.70300102233887,628,5369.57421875,1.0,nearest_physical_car_same_track_location_crossing_headway_le_2s,0.8306671236785295,0.9903427053744815,0.995714437492151,0.995714437492151,0.995714437492151,1.0873097494969484,1.2428474942181624,1.5719317494343996,0.8408320929063399,1.0,1.0,1.0,1.0,1.2874643802642822,1.410285234451294,1.5753800868988037,0.7195376984909309,0.9605562849785945,0.9971665729877166,1.0,1.0,1.236920438616622,1.3742294729356002,1.626240720528132,1.0
VER,42,25.0,1.0,image_color_derived_proxy,3.0,0.0,0.7368421052631579,0.004658385093167702,84.85399627685547,645,5369.57421875,0.9856223621498073,nearest_physical_car_same_track_location_crossing_headway_le_2s,0.9934593533421603,0.9934593533421603,0.9934593533421603,0.9934593533421603,0.9934593533421603,0.769281796542081,0.8962168861837948,1.077004319450112,0.9856223621498073,0.9856223621498073,0.9856223621498073,0.9856223621498073,0.9856223621498073,0.609644889831543,0.7722446918487549,0.999920129776001,0.9856223621498073,0.9856223621498073,0.9856223621498073,0.9856223621498073,0.9856223621498073,0.6088286778991653,0.7750008788379376,1.0465691693265404,0.9876871893809496
VER,43,36.0,0.9803781517,image_color_derived_proxy,2.0,0.0,0.7543859649122807,0.0015772870662460567,84.87200164794922,635,5369.57421875,0.9907861251053208,nearest_physical_car_same_track_location_crossing_headway_le_2s,0.9968658686320846,0.9968658686320846,0.9968658686320846,0.9968658686320846,0.9968658686320846,0.5063961194909138,0.6378493426597283,0.7822036194944096,0.9907861251053208,0.9907861251053208,0.9907861251053208,0.9916815916117473,0.9916815916117473,0.5475993156433105,0.695401668548584,0.8764264583587646,0.9897963995210773,0.9897963995210773,0.9897963995210773,0.9897963995210773,0.9897963995210773,0.5457544379245952,0.6953017902655333,0.8659242860572969,0.9920516745022461
VER,44,47.0,0.9277320263000002,image_color_derived_proxy,1.0,0.0,0.7719298245614035,0.0016,84.83499526977539,626,5369.57421875,0.9868569091619964,nearest_physical_car_same_track_location_crossing_headway_le_2s,0.9741381193178331,0.9741381193178331,0.9741381193178331,0.9741381193178331,0.9741381193178331,0.49733342361705457,0.5970697189652553,0.6861321773523826,0.9868569091619964,0.9868569091619964,0.9868569091619964,0.9868569091619964,0.9868569091619964,0.6269276142120361,0.9811601638793945,1.1931507587432861,0.9729593324515485,0.9868569091619964,0.9868569091619964,0.9868569091619964,0.9868569091619964,0.6179107078824735,0.9853250520392368,1.18522972862964,0.9847737254460014
VER,45,239.0,0.00881783750000011,image_color_derived_proxy,1.0,0.0,0.7894736842105263,0.0,83.64100074768066,625,5369.57421875,0.0,nearest_physical_car_same_track_location_crossing_headway_le_2s,0.0,0.0,0.0,0.0,0.0,,,,0.0,0.0,0.0,0.0,0.0,13.94837236404419,14.642813444137573,15.921283483505249,0.0,0.0,0.0,0.0,0.0,11.458115267155053,14.218440842720687,22.231771144852335,0.0067689727842128455
VER,46,240.0,0.00403182610000016,image_color_derived_proxy,1.0,0.0,0.8070175438596491,0.0,84.02100110054016,648,5369.57421875,0.0,nearest_physical_car_same_track_location_crossing_headway_le_2s,0.0,0.0,0.0,0.0,0.0,,,,0.0,0.0,0.0,0.0,0.0,12.518048763275146,13.256348848342896,14.222106456756592,0.0,0.0,0.0,0.0,0.0,10.356836407262051,13.064560217677812,19.62678200933449,0.006757534842645296
VER,47,240.0,0.00403182610000016,image_color_derived_proxy,1.0,0.0,0.8245614035087719,0.0,83.93899917602539,621,5369.57421875,0.0,nearest_physical_car_same_track_location_crossing_headway_le_2s,0.0,0.0,0.0,0.0,0.0,,,,0.0,0.0,0.0,0.0,0.0,10.786734342575073,11.29793906211853,12.40260624885559,0.0,0.0,0.0,0.0,0.0,8.848060799149462,11.146433756064974,16.027021546787232,0.006746096901077636
VER,48,240.0,0.00403182610000016,image_color_derived_proxy,1.0,0.0,0.8421052631578947,0.0,83.9260025024414,644,5369.57421875,0.0,nearest_physical_car_same_track_location_crossing_headway_le_2s,0.0,0.0,0.0,0.0,0.0,,,,0.0,0.0,0.0,0.0,0.0,9.308343887329102,9.824716567993164,10.521905422210693,0.0,0.0,0.0,0.0,0.0,7.571027114490396,9.485699520562617,13.567194052783277,0.006734658959510087
VER,49,239.5,0.0064248318000001345,image_color_derived_proxy,1.0,0.0,0.8596491228070176,0.0,83.79800033569336,632,5369.57421875,0.0,nearest_physical_car_same_track_location_crossing_headway_le_2s,0.0,0.0,0.0,0.0,0.0,,,,0.0,0.0,0.0,0.0,0.0,7.3761091232299805,8.164837121963501,8.902864217758179,0.0,0.0,0.0,0.0,0.0,6.1021517486754115,7.714591383009965,11.626208225478488,0.006723221017942538
VER,50,240.0,0.00403182610000016,image_color_derived_proxy,1.0,0.0,0.8771929824561403,0.0016474464579901153,83.63100147247314,608,5369.57421875,0.0,nearest_physical_car_same_track_location_crossing_headway_le_2s,0.0,0.0,0.0,0.0,0.0,,,,0.0,0.0,0.0,0.0,0.0,5.150611639022827,5.962382793426514,6.974978685379028,0.0,0.0,0.0,0.0,0.0,4.298717074977742,5.732509353191234,10.045850692583063,0.006711783076374878
VER,51,240.0,0.00403182610000016,image_color_derived_proxy,1.0,0.0,0.8947368421052632,0.0015625,84.11599922180176,641,5369.57421875,0.0,nearest_physical_car_same_track_location_crossing_headway_le_2s,0.0,0.0,0.0,0.0,0.0,,,,0.0,0.0,0.0,0.0,0.0,3.4984803199768066,3.861001968383789,4.853055238723755,0.0,0.0,0.0,0.0,0.0,2.98884769276071,3.763947937836826,5.904053193571295,0.006700345134807328
VER,52,240.0,0.00403182610000016,image_color_derived_proxy,1.0,0.0,0.9122807017543859,0.0,84.26799869537354,634,5369.57421875,0.06246736626550319,nearest_physical_car_same_track_location_crossing_headway_le_2s,0.0,0.0,0.0,0.0,0.0,,,,0.0,0.0,0.06246736626550319,0.16619592756343915,0.43639340892750217,2.120513916015625,2.574387788772583,3.3339433670043945,0.0,0.0,0.11294918241506832,0.2942872420051375,0.48580720217417106,1.9626736856805533,2.5559921335269427,3.691295596860444,0.08153078951020548
VER,53,74.0,0.7985097185000001,image_color_derived_proxy,1.0,0.0,0.9298245614035088,0.0,84.61999702453613,646,5369.57421875,0.8841644955041276,nearest_physical_car_same_track_location_crossing_headway_le_2s,0.0,0.0,0.0,0.0,0.0,,,,0.3055778408907386,0.6227605529724403,0.8841644955041276,1.0,1.0,1.4018630981445312,1.6570003032684326,2.1036558151245117,0.38193102443761784,0.65356893409975,0.8188135380464111,0.9484755399434364,0.9667454475461188,1.3777074764646726,1.5945157510225838,2.126029289589633,0.6923889806175452
VER,54,74.0,0.7985097185000001,image_color_derived_proxy,1.0,0.0,0.9473684210526315,0.0015337423312883436,84.80700206756592,653,5369.57421875,0.8595870546566686,nearest_physical_car_same_track_location_crossing_headway_le_2s,0.0,0.0,0.0,0.0,0.0,,,,0.6237574258865911,0.7721178706656087,0.8595870546566686,0.9438725338688642,1.0,0.8043386936187744,1.1980206966400146,2.1802306175231934,0.611482491732197,0.8271487018837235,0.8879926877211649,0.9368802043420378,0.9507233983915294,0.8272230289153998,1.2078967239924434,2.0764006484306288,0.7122163059245579
VER,55,35.0,0.9851641631000001,image_color_derived_proxy,1.0,0.0,0.9649122807017544,0.0015748031496062992,84.53300094604492,636,5369.57421875,1.0,nearest_physical_car_same_track_location_crossing_headway_le_2s,0.0,0.0,0.0,0.0,0.0,,,,0.9480794721292625,1.0,1.0,1.0,1.0,0.919231653213501,1.3005390167236328,1.4282572269439697,0.945737169604138,0.9834384195556832,1.0,1.0,1.0,0.9275152262930919,1.2891628196766503,1.4337274054284206,0.8095377620394985
VER,56,220.0,0.09975205410000015,image_color_derived_proxy,1.0,0.0,0.9824561403508771,0.004893964110929853,84.5319995880127,614,5369.57421875,0.11698522147769519,nearest_physical_car_same_track_location_crossing_headway_le_2s,0.0,0.0,0.0,0.0,0.0,,,,0.09357405799163895,0.0966497964433539,0.11698522147769519,0.46187242623741137,0.5251620502874234,1.9868175983428955,2.457284450531006,3.125196695327759,0.09488717091427348,0.10989915908289952,0.2405124680631582,0.4600269921918338,0.5508091791006738,1.7347927749660341,2.328340497327443,3.533025250556837,0.18883988841103777
VER,57,133.0,0.5161350459,image_color_derived_proxy,1.0,0.0,1.0,0.0,85.09900665283203,618,5369.57421875,0.5563050509601988,nearest_physical_car_same_track_location_crossing_headway_le_2s,0.0,0.0,0.0,0.0,0.0,,,,0.0,0.2724121459585657,0.5563050509601988,1.0,1.0,1.6498968601226807,1.9764957427978516,2.1223361492156982,0.03396043624149942,0.3289697050330475,0.6856720225760992,0.8354857356449383,0.9123609300241875,1.6234519035345771,1.8644715165192949,2.469777206750361,0.5337912605340462
SAI,1,19.0,1.0,image_color_derived_proxy,5.0,0.006286840639635111,0.017543859649122806,0.09883720930232558,91.77900242805481,689,5369.57421875,0.9937131593603649,nearest_physical_car_same_track_location_crossing_headway_le_2s,0.9933753912728972,0.9933753912728972,0.9933753912728972,0.9933753912728972,0.9933753912728972,0.012122076499050553,0.15476554432554107,0.6671169555444427,0.9937131593603649,0.9937131593603649,0.9937131593603649,0.9937131593603649,0.9937131593603649,0.01277923583984375,0.2788810729980469,0.7129025459289551,1.0,1.0,1.0,1.0,1.0,0.013537078934729965,0.28813895672006656,0.7422362943461503,0.9968008219605871
SAI,2,19.5,1.0,image_color_derived_proxy,5.0,0.0,0.03508771929824561,0.009009009009009009,88.25400018692017,667,5369.57421875,1.0,nearest_physical_car_same_track_location_crossing_headway_le_2s,0.9752985554871709,0.9819838065957697,0.9880118789124303,0.9948104203139566,0.9948104203139566,0.23362868533414954,0.6404373225550438,0.801417641852447,0.9618260988276373,1.0,1.0,1.0,1.0,0.23349761962890625,0.6366713047027588,1.2480621337890625,0.9671403255938598,1.0,1.0,1.0,1.0,0.234484275301083,0.6387644154632339,1.2713714083189047,1.0
SAI,3,27.0,1.0,image_color_derived_proxy,5.0,0.0,0.05263157894736842,0.006134969325153374,88.1609992980957,653,5369.57421875,1.0,nearest_physical_car_same_track_location_crossing_headway_le_2s,0.6827396258318107,0.9022923931283525,0.9823505406404526,0.9951565886324868,0.9951565886324868,0.6365817450839496,0.8675541797316217,1.7436816946349958,1.0,1.0,1.0,1.0,1.0,0.3575115203857422,0.7446730136871338,1.0008609294891357,1.0,1.0,1.0,1.0,1.0,0.3563803511887435,0.7498107115178633,0.9916431056900086,1.0
SAI,4,32.0,0.9995221973000001,image_color_derived_proxy,5.0,0.0,0.07017543859649122,0.0,87.93499946594238,656,5369.57421875,1.0,nearest_physical_car_same_track_location_crossing_headway_le_2s,0.7583668467542375,0.9833400238166429,0.9963950644954321,0.9963950644954321,0.9963950644954321,1.075858154296875,1.3642454042539491,1.580918733084974,0.798430696828088,1.0,1.0,1.0,1.0,1.1376492977142334,1.3333957195281982,1.5425782203674316,0.7925967228134493,0.9554557524288139,1.0,1.0,1.0,1.1179342396034269,1.357675528801386,1.590693368563397,1.0
SAI,5,33.0,0.9947361859,image_color_derived_proxy,5.0,0.0,0.08771929824561403,0.0,87.83099555969238,663,5369.57421875,1.0,nearest_physical_car_same_track_location_crossing_headway_le_2s,0.43744249163663274,0.8538670839386974,0.9867358746723064,0.9946146575366442,0.9946146575366442,1.1927066615837234,1.5403583826058556,1.797621608424831,0.04434654472716591,0.6375084076681625,1.0,1.0,1.0,1.5591189861297607,1.7022662162780762,1.8454935550689697,0.1314569794824123,0.6458083530065113,0.8840956050542711,0.9566098088640304,0.9908005077316235,1.4744592149299334,1.70563843593971,2.0387017517011645,0.9651259371961214
SAI,6,35.0,0.9851641631000001,image_color_derived_proxy,5.0,0.0,0.10526315789473684,0.0,87.5220000743866,651,5369.57421875,1.0,nearest_physical_car_same_track_location_crossing_headway_le_2s,0.1382052969420969,0.5027193963669375,0.8497521301601668,0.9570165076984736,0.9696647383451985,1.4416752901944248,1.7479726552963257,2.0759870851194706,0.07305592881384905,0.9183405389152842,1.0,1.0,1.0,1.5125248432159424,1.6078190803527832,1.7424283027648926,0.26995491548313083,0.8132811722886959,0.9315829009677702,0.9809533624062783,0.9917849024312922,1.4547090062095727,1.565973123231312,1.9318747888069228,1.0
SAI,7,119.0,0.5831392055000001,image_color_derived_proxy,5.0,0.0,0.12280701754385964,0.0025252525252525255,104.83899879455566,793,5369.57421875,0.5665258318945758,nearest_physical_car_same_track_location_crossing_headway_le_2s,0.2589780279671576,0.42652064339828294,0.6892091694198317,0.828546611232999,0.8667576605014453,1.2797550659179688,1.774112434387207,2.8282729287160637,0.080428091969649,0.23548490690461524,0.5665258318945758,0.769074473524269,0.8695523540634673,1.5063114166259766,1.9509906768798828,2.540930986404419,0.07371293808740699,0.31149663457272697,0.5541640061500755,0.7015996338379614,0.7970126494408007,1.512988231350743,1.9134293618189506,3.3421351845493414,0.591896212210435
SAI,8,224.0,0.08060800850000006,image_color_derived_proxy,5.0,0.0,0.14035087719298245,0.005888125613346418,139.5569953918457,1020,5369.57421875,0.13034817050904918,nearest_physical_car_same_track_location_crossing_headway_le_2s,0.09027850650347997,0.1148920885668443,0.13155904554689699,0.14440691626665833,0.17377845227216498,1.6169690081108836,4.394136154819543,11.756590456307336,0.08837236735188461,0.10614301120305804,0.13034817050904918,0.1527189432853336,0.19569781905377343,1.6325323581695557,4.709714412689209,6.481000185012817,0.09420517556991878,0.10925283133795897,0.12825586405477646,0.17584210038757622,0.22530577994840317,1.5689120971626183,4.1343119793097465,8.573339631861346,0.12568263385525796
SAI,9,44.0,0.9420900605,image_color_derived_proxy,4.0,0.0,0.15789473684210525,0.0009551098376313276,141.03400135040283,1048,5369.57421875,0.970127772165792,nearest_physical_car_same_track_location_crossing_headway_le_2s,0.7266971014881177,0.8377766332284474,0.9263013862239686,0.9619382606090012,0.9773529850187039,0.5560768718891014,1.0873500229738051,1.9162908675822805,0.7609653628594011,0.8949119399091465,0.970127772165792,1.0,1.0,0.6421287059783936,1.1641645431518555,1.7709214687347412,0.7309158586061972,0.8642100717552111,0.9634698259765845,0.9863862610582561,0.9931009574752371,0.6314262607692718,1.1467330978804409,1.830777217607589,0.9695069707179963
SAI,10,15.0,1.0,image_color_derived_proxy,4.0,0.0,0.17543859649122806,0.011310084825636193,138.45800018310547,1062,5369.57421875,1.0,nearest_physical_car_same_track_location_crossing_headway_le_2s,0.6998586103249884,0.8610192447365455,0.9178089666927293,0.9961648646288452,0.9975010473538855,0.6668215684487786,1.229072533884356,1.9136169433593753,0.9748588092539512,1.0,1.0,1.0,1.0,0.14370179176330566,0.6415278911590576,1.1422765254974365,0.9824206479987538,0.993355398982156,1.0,1.0,1.0,0.14284493691142958,0.6320041751804922,1.2264132199611966,0.9846804837642484
SAI,11,28.0,1.0,image_color_derived_proxy,4.0,0.0,0.19298245614035087,0.0,87.55000400543213,644,5369.57421875,1.0,nearest_physical_car_same_track_location_crossing_headway_le_2s,0.9975442604941178,0.9975442604941178,0.9975442604941178,0.9975442604941178,0.9975442604941178,0.6697286406155609,0.7788639770507813,0.932608921580321,1.0,1.0,1.0,1.0,1.0,0.7100222110748291,0.8690290451049805,0.993748664855957,1.0,1.0,1.0,1.0,1.0,0.748124533355975,0.8630299567780568,1.0033574359629454,1.0
SAI,12,23.0,1.0,image_color_derived_proxy,4.0,0.0,0.21052631578947367,0.0,87.06200277805328,647,5369.57421875,1.0,nearest_physical_car_same_track_location_crossing_headway_le_2s,0.6277250048807796,0.8740438841774454,0.9713307545266588,0.9964163470115351,0.9964163470115351,0.9885055970609857,1.4431572225806668,1.8266444396972656,0.9103627230539724,1.0,1.0,1.0,1.0,1.0020451545715332,1.2744252681732178,1.4896135330200195,0.9140382829074326,0.9831269471968793,1.0,1.0,1.0,1.0273770189894265,1.280380909258984,1.4628655193219777,1.0
SAI,13,20.0,1.0,image_color_derived_proxy,4.0,0.0,0.22807017543859648,0.0,86.9749984741211,660,5369.57421875,0.9978729361708921,nearest_physical_car_same_track_location_crossing_headway_le_2s,0.370773181172268,0.8746190298561305,0.9683932157389741,0.992825524302133,0.992825524302133,1.2250124816115728,1.5447091395161543,1.817915405549447,0.1667605629725718,0.620626584925053,0.9978729361708921,1.0,1.0,1.2690424919128418,1.712613821029663,1.8640682697296143,0.21279678871563626,0.7037424911098583,0.917896002863863,0.989249790372568,1.0,1.3432692715036065,1.6735677903469595,1.9606649222492911,0.9581409655986951
SAI,14,79.0,0.7745796615,image_color_derived_proxy,4.0,0.0,0.24561403508771928,0.0,86.84599685668945,673,5369.57421875,0.9644543872731792,nearest_physical_car_same_track_location_crossing_headway_le_2s,0.09812767257996156,0.3265204506737786,0.5789790232822343,0.8010617401852231,0.930739445561673,1.504352754759557,1.9235515948423407,2.397983569941245,0.032655505933654065,0.41657641208395424,0.9644543872731792,1.0,1.0,1.5664136409759521,1.7658698558807373,1.9272854328155518,0.09123044460248605,0.4953020287965158,0.8717154810098164,0.9688758625357806,1.0,1.5042270595372864,1.755518903489945,2.053833725128117,0.8008306635766131
SAI,15,239.0,0.00881783750000011,image_color_derived_proxy,4.0,0.0,0.2631578947368421,0.0,87.02000427246094,634,5369.57421875,0.0,nearest_physical_car_same_track_location_crossing_headway_le_2s,0.006435317694741119,0.04770167569621509,0.13788780306063028,0.280464330064429,0.46839806445384863,1.9107834986961736,2.5474792253622036,3.067910542770079,0.0,0.0,0.0,0.542047785678377,0.9963686293199845,2.1088578701019287,2.240185499191284,2.4407994747161865,0.0,0.014065720102760977,0.15090789527442236,0.5126867555488456,0.7803953042315169,1.9512453864278043,2.235704920293408,2.660175618049719,0.06095038559095045
SAI,16,240.0,0.00403182610000016,image_color_derived_proxy,4.0,0.0,0.2807017543859649,0.0,86.84599924087524,648,5369.57421875,0.011054083176673076,nearest_physical_car_same_track_location_crossing_headway_le_2s,0.0,0.009223229648968927,0.03647831745169163,0.08718879060295534,0.14164152897979418,2.2896217243679122,3.342918806511739,4.4992176263402195,0.0,0.0,0.011054083176673076,0.05173525631337185,0.3228127522024042,2.4061965942382812,2.6499691009521484,3.2881174087524414,0.0,0.022833541283627128,0.05987606790981269,0.15291433044358535,0.30268526703130916,2.144509081062838,2.87875528210973,3.5551535931748974,0.01904717122550148
SAI,17,239.0,0.00881783750000011,image_color_derived_proxy,4.0,0.0,0.2982456140350877,0.0,86.96899890899658,649,5369.57421875,0.0,nearest_physical_car_same_track_location_crossing_headway_le_2s,0.0,0.0,0.0023341549004450477,0.019317248177654563,0.03310375765932271,2.8738455524823077,3.938894687150955,5.158898754764787,0.0,0.0,0.0,0.0,0.0,3.3906800746917725,3.8139145374298096,4.317533731460571,0.0,0.0,0.0,0.0,0.0,3.0403641620944932,3.81345413858325,5.090872266872839,0.0006844245773051094
SAI,18,239.0,0.00881783750000011,image_color_derived_proxy,4.0,0.0,0.3157894736842105,0.0,87.01100158691406,652,5369.57421875,0.0,nearest_physical_car_same_track_location_crossing_headway_le_2s,0.0,0.0,0.0,0.0,0.0014135831296308735,3.5303385031763534,5.011793565258538,6.718469838627049,0.0,0.0,0.0,0.0,0.0,4.21001672744751,4.636178493499756,5.290706634521484,0.0,0.0,0.0,0.0,0.0,3.557064618411134,4.7530424759005765,6.283152304147559,0.006182705936075172
SAI,19,238.0,0.013603848900000059,image_color_derived_proxy,4.0,0.0,0.3333333333333333,0.0,86.86100006103516,669,5369.57421875,0.0,nearest_physical_car_same_track_location_crossing_headway_le_2s,0.0,0.0,0.0,0.0,0.0,4.422256495371586,6.129198224308856,8.50791020422935,0.0,0.0,0.0,0.0,0.0,5.317243814468384,5.561283349990845,6.0808351039886475,0.0,0.0,0.0,0.0,0.0,4.326625640758133,5.716108106676557,7.8766059933468995,0.006683945327177976
SAI,20,239.0,0.00881783750000011,image_color_derived_proxy,4.0,0.0,0.3508771929824561,0.0,87.11199951171875,660,5369.57421875,0.0,nearest_physical_car_same_track_location_crossing_headway_le_2s,0.0,0.0,0.0,0.0,0.0,5.25034346391451,7.047076138583097,10.266361118165491,0.0,0.0,0.0,0.0,0.0,6.391146421432495,6.766443490982056,7.40720272064209,0.0,0.0,0.0,0.0,0.0,5.2154296334629935,6.935812431849303,9.761249297201593,0.006672507385610427
SAI,21,239.0,0.00881783750000011,image_color_derived_proxy,4.0,0.0,0.3684210526315789,0.0,86.81500053405762,655,5369.57421875,0.0,nearest_physical_car_same_track_location_crossing_headway_le_2s,0.0,0.0,0.0,0.0,0.0,6.158966936383929,7.861944173177084,11.55760320602817,0.0,0.0,0.0,0.0,0.0,7.550134897232056,7.9886462688446045,8.298757553100586,0.0,0.0,0.0,0.0,0.0,6.189484846904157,7.884461231536818,11.332653967489039,0.0066610694440427665
SAI,22,239.0,0.00881783750000011,image_color_derived_proxy,4.0,0.0,0.38596491228070173,0.0,86.76900482177734,655,5369.57421875,0.0,nearest_physical_car_same_track_location_crossing_headway_le_2s,0.0,0.0,0.0,0.0,0.0,6.686059031767004,8.558936085420497,12.71069086726281,0.0,0.0,0.0,0.0,0.0,8.398911952972412,8.587655067443848,9.114819765090942,0.0,0.0,0.0,0.0,0.0,6.755875000024526,8.594746918146647,12.837372113185234,0.006649631502475217
SAI,23,239.0,0.00881783750000011,image_color_derived_proxy,4.0,0.0,0.40350877192982454,0.0,86.78400421142578,655,5369.57421875,0.0,nearest_physical_car_same_track_location_crossing_headway_le_2s,0.0,0.0,0.0,0.0,0.0,7.176807755690355,9.13997342750325,13.545750619619827,0.0,0.0,0.0,0.0,0.0,8.930169343948364,9.116547346115112,9.65732479095459,0.0,0.0,0.0,0.0,0.0,7.155338982746495,9.164347031343537,13.897553334620005,0.006638193560907557
SAI,24,239.0,0.00881783750000011,image_color_derived_proxy,4.0,0.0,0.42105263157894735,0.0015552099533437014,86.77200317382812,644,5369.57421875,0.0,nearest_physical_car_same_track_location_crossing_headway_le_2s,0.0,0.0,0.0,0.003975950860694006,0.006741883239635008,7.175634440626765,9.928957321113074,14.616536458333332,0.0,0.0,0.0,0.0,0.0,9.784624338150024,10.12332534790039,17.559921741485596,0.0,0.0,0.0,0.0,0.0,7.8328720769038265,10.319134872070954,18.055703509227687,0.005181984797738126
SAI,25,239.0,0.00881783750000011,image_color_derived_proxy,3.0,0.0,0.43859649122807015,0.003129890453834116,86.83799743652344,640,5369.57421875,0.008993757594207712,nearest_physical_car_same_track_location_crossing_headway_le_2s,0.021661023725556866,0.02764918623369469,0.03641264144829613,0.04009766072868812,0.0447038689358357,7.057603595622896,10.743225435400198,15.619320433679288,0.007151247954011718,0.007151247954011718,0.008993757594207712,0.009903497552721264,0.009903497552721264,10.872917890548706,11.17677617073059,16.068237781524658,0.007151247954011718,0.007151247954011718,0.008993757594207712,0.009903497552721264,0.009903497552721264,8.508963657101908,11.400998022266876,29.957185288259268,0.02040187598103327
SAI,26,239.0,0.00881783750000011,image_color_derived_proxy,2.0,0.0,0.45614035087719296,0.0015873015873015873,86.90600204467773,631,5369.57421875,0.007813039422502622,nearest_physical_car_same_track_location_crossing_headway_le_2s,0.01773180048693947,0.01773180048693947,0.01773180048693947,0.01773180048693947,0.01773180048693947,8.81145144200951,12.365541969399754,18.53075458233173,0.005983476039539657,0.007813039422502622,0.007813039422502622,0.009205347542106586,0.010804777442272451,11.796960830688477,12.0832200050354,12.702258586883545,0.005983476039539657,0.007813039422502622,0.007813039422502622,0.009205347542106586,0.010804777442272451,9.233088176514427,11.921107215201664,18.17007540063046,0.01663878294443588
SAI,27,239.0,0.00881783750000011,image_color_derived_proxy,2.0,0.0,0.47368421052631576,0.0,86.69999694824219,630,5369.57421875,0.0,nearest_physical_car_same_track_location_crossing_headway_le_2s,0.0,0.0,0.0,0.0,0.0,9.952710205078125,13.418044841531518,20.62106195494186,0.0,0.0,0.0,0.0,0.0,13.174607276916504,13.593767166137695,14.126499891281128,0.0,0.0,0.0,0.0,0.0,10.536559831697424,13.604897682469511,20.02232282513638,0.006847384419832125
SAI,28,239.0,0.00881783750000011,image_color_derived_proxy,2.0,0.0,0.49122807017543857,0.0,86.33399963378906,651,5369.57421875,0.0,nearest_physical_car_same_track_location_crossing_headway_le_2s,0.0,0.0,0.0,0.0,0.0,10.430525040230483,13.937526561930966,21.81828013392857,0.0,0.0,0.0,0.0,0.0,14.12001895904541,14.385534524917603,14.904378175735474,0.0,0.0,0.0,0.0,0.0,11.214039080482337,14.241403528767734,21.135031889020304,0.006835946478264465
SAI,29,239.0,0.00881783750000011,image_color_derived_proxy,2.0,0.0,0.5087719298245614,0.0,86.55699920654297,633,5369.57421875,0.0,nearest_physical_car_same_track_location_crossing_headway_le_2s,0.0,0.0,0.0,0.0,0.0,11.100124890380627,15.058085176024752,23.344554472441718,0.0,0.0,0.0,0.0,0.0,14.841522932052612,15.334101676940918,15.687138319015503,0.0,0.0,0.0,0.0,0.0,11.934875702223518,15.081433614527645,22.226675006516604,0.006824508536696805
SAI,30,239.0,0.00881783750000011,image_color_derived_proxy,2.0,0.0,0.5263157894736842,0.0,86.4010009765625,635,5369.57421875,0.0,nearest_physical_car_same_track_location_crossing_headway_le_2s,0.0,0.0,0.0,0.0,0.0,11.810605447793725,15.877066110722733,25.204534671813484,0.0,0.0,0.0,0.0,0.0,15.814403295516968,16.47257423400879,16.88960838317871,0.0,0.0,0.0,0.0,0.0,12.634230543665659,15.868357704355397,24.74609633079692,0.006813070595129256
SAI,31,239.0,0.00881783750000011,image_color_derived_proxy,2.0,0.0,0.543859649122807,0.0,86.30350112915039,625,5369.57421875,0.0,nearest_physical_car_same_track_location_crossing_headway_le_2s,0.0,0.0,0.0,0.0,0.0,12.512196188128723,16.728537676411293,26.251710614187814,0.0,0.0,0.0,0.0,0.0,16.673227787017822,17.016578912734985,17.366799116134644,0.0,0.0,0.0,0.0,0.0,13.043118983889755,16.506296542279884,25.27357348142884,0.006801632653561707
SAI,32,239.0,0.00881783750000011,image_color_derived_proxy,3.0,0.0,0.5614035087719298,0.0030211480362537764,90.55999755859375,663,5369.57421875,0.03091876244747209,nearest_physical_car_same_track_location_crossing_headway_le_2s,0.004659861767768503,0.00775172116314571,0.00775172116314571,0.00775172116314571,0.011285286793126806,9.118037796020507,15.76425095896628,27.023039705900317,0.022084806249094348,0.02650178434828322,0.03091876244747209,0.033778690264771,0.038869221929792044,17.416751623153687,17.97045636177063,18.34673547744751,0.019202721510242732,0.02428221683791243,0.028036677708620474,0.03134934809787462,0.03577736253441484,13.282661023012365,18.222919706575304,44.7719722410494,0.02980026523725965
SAI,33,239.0,0.00881783750000011,image_color_derived_proxy,4.0,0.0,0.5789473684210527,0.0024479804161566705,107.85900115966797,818,5369.57421875,0.025014139241276354,nearest_physical_car_same_track_location_crossing_headway_le_2s,0.006285984164580282,0.006285984164580282,0.007769402005475588,0.007769402005475588,0.009994529319434871,14.248829310672908,19.377942461320675,37.55212554931641,0.018718882174772473,0.02335456389464887,0.025014139241276354,0.028565070483780666,0.03188421675610504,13.234818696975708,18.69702959060669,19.342913150787354,0.021138709482613188,0.02335456389464887,0.02596908898590572,0.028917383284779725,0.03264447092778357,10.774082617569965,16.878393969297154,26.05879813569824,0.028192384786614455
SAI,34,239.0,0.00881783750000011,image_color_derived_proxy,4.0,0.0,0.5964912280701754,0.0,85.38899993896484,650,5369.57421875,0.0,nearest_physical_car_same_track_location_crossing_headway_le_2s,0.0,0.0,0.0,0.0,0.0,15.057835556426923,19.148984261446223,28.722872121710527,0.0,0.0,0.0,0.0,0.0,19.253678560256958,19.364681243896484,19.44829273223877,0.0,0.0,0.0,0.0,0.0,15.036255976359683,18.611381161607298,28.25148278722691,0.006512376203664072
SAI,35,239.0,0.00881783750000011,image_color_derived_proxy,4.0,0.0,0.6140350877192983,0.0,85.30399894714355,629,5369.57421875,0.0,nearest_physical_car_same_track_location_crossing_headway_le_2s,0.0,0.0,0.0,0.0,0.0,15.463700683593752,19.662679687335444,29.882700774629242,0.0,0.0,0.0,0.0,0.0,19.756599187850952,19.889812231063843,20.079959630966187,0.0,0.0,0.0,0.0,0.0,15.676682331568822,19.187199679685076,28.421419727993147,0.006500938262096523
SAI,36,239.0,0.00881783750000011,image_color_derived_proxy,4.0,0.0,0.631578947368421,0.0,84.86899948120117,648,5369.57421875,0.0,nearest_physical_car_same_track_location_crossing_headway_le_2s,0.0,0.0,0.0,0.0,0.0,15.651357733543882,19.584498046875,29.983375387652114,0.0,0.0,0.0,0.0,0.0,20.047537803649902,20.107784271240234,20.227640390396118,0.0,0.0,0.0,0.0,0.0,15.913208006044094,19.43252916024802,28.955709525344805,0.006489500320528974
SAI,37,239.0,0.00881783750000011,image_color_derived_proxy,4.0,0.0,0.6491228070175439,0.0,85.04999732971191,635,5369.57421875,0.0,nearest_physical_car_same_track_location_crossing_headway_le_2s,0.0,0.0,0.0,0.0,0.0,15.797851276604112,19.90466756232844,30.958116687349925,0.0,0.0,0.0,0.0,0.0,20.16758155822754,20.319396495819092,20.4414119720459,0.0,0.0,0.0,0.0,0.0,16.069175843139508,19.461977044073063,29.67267808099173,0.006478062378961313
SAI,38,239.0,0.00881783750000011,image_color_derived_proxy,4.0,0.0,0.6666666666666666,0.0,84.9899971485138,621,5369.57421875,0.0,nearest_physical_car_same_track_location_crossing_headway_le_2s,0.0,0.0,0.0,0.0,0.0,15.871096379206731,19.927057945222007,30.567937737542234,0.0,0.0,0.0,0.0,0.0,20.365669012069702,20.463007926940918,20.58377170562744,0.0,0.0,0.0,0.0,0.0,16.119221906877982,19.72280240996125,29.612391767982245,0.006466624437393764
SAI,39,239.0,0.00881783750000011,image_color_derived_proxy,4.0,0.0,0.6842105263157895,0.0,84.91699981689453,632,5369.57421875,0.0,nearest_physical_car_same_track_location_crossing_headway_le_2s,0.0,0.0,0.0,0.0,0.0,15.96984336067276,19.87946851995945,30.424894935059605,0.0,0.0,0.0,0.0,0.0,20.243717193603516,20.439059495925903,20.54854726791382,0.0,0.0,0.0,0.0,0.0,15.931289025189868,19.64307651618109,29.576955403335838,0.006455186495826215
SAI,40,239.0,0.00881783750000011,image_color_derived_proxy,4.0,0.0,0.7017543859649122,0.0,84.72100067138672,633,5369.57421875,0.0,nearest_physical_car_same_track_location_crossing_headway_le_2s,0.0,0.0,0.0,0.0,0.0,16.00179333998364,19.975676964640023,30.39052395631161,0.0,0.0,0.0,0.0,0.0,20.338243007659912,20.54770588874817,20.622128009796143,0.0,0.0,0.0,0.0,0.0,15.889922463688833,19.729732828597434,30.006035738915656,0.006443748554258555
SAI,41,240.0,0.00403182610000016,image_color_derived_proxy,4.0,0.0,0.7192982456140351,0.0016155088852988692,84.69699668884277,620,5369.57421875,0.0,nearest_physical_car_same_track_location_crossing_headway_le_2s,0.0,0.0,0.0,0.0,0.0,15.994382925384041,20.074668003006764,30.1883015182783,0.0,0.0,0.0,0.0,0.0,20.253751516342163,20.52997589111328,43.643537282943726,0.0,0.0,0.0,0.0,0.0,15.422220668169565,19.863370674134874,44.18016968288281,0.006432310612691006
SAI,42,239.0,0.00881783750000011,image_color_derived_proxy,4.0,0.0,0.7368421052631579,0.0015337423312883436,84.77200317382812,653,5369.57421875,0.0,nearest_physical_car_same_track_location_crossing_headway_le_2s,0.0,0.0,0.0,0.0,0.0,12.22466965508215,18.278177632913962,29.537612624338877,0.0,0.0,0.0,0.0,0.0,7.92596435546875,8.100000381469727,8.934394359588623,0.0,0.0,0.0,0.0,0.0,6.40282245510243,8.468238651165752,15.09052110968114,0.0064208726711233455
SAI,43,239.0,0.00881783750000011,image_color_derived_proxy,4.0,0.0,0.7543859649122807,0.0,84.85199737548828,628,5369.57421875,0.0,nearest_physical_car_same_track_location_crossing_headway_le_2s,0.0,0.0,0.002309894305027073,0.011302050285203162,0.03588603216174907,2.80165682000629,3.7716113142758205,4.854566164775714,0.0,0.0,0.0,0.0,0.0,3.244546890258789,3.4782066345214844,4.067786931991577,0.0,0.0,0.0,0.0,0.024819674940595976,2.8281680327976546,3.3745490948013193,5.061442479701778,0.0
SAI,44,240.0,0.00403182610000016,image_color_derived_proxy,4.0,0.0,0.7719298245614035,0.0016155088852988692,84.44099426269531,620,5369.57421875,0.0,nearest_physical_car_same_track_location_crossing_headway_le_2s,0.0,0.0,0.0,0.013903214038860303,0.0308025779622962,3.172793083470743,4.481999272654168,6.248924555988173,0.0,0.0,0.0,0.0,0.0,3.351935863494873,3.780717372894287,4.278526544570923,0.0,0.0,0.0,0.006347619456353312,0.02509444020293011,2.9869469441898158,3.823446077849635,5.367960962364186,0.0
SAI,45,240.0,0.00403182610000016,image_color_derived_proxy,3.0,0.0,0.7894736842105263,0.0015698587127158557,84.64599704742432,638,5369.57421875,0.00850601109687749,nearest_physical_car_same_track_location_crossing_headway_le_2s,0.023450605632109173,0.02552985338375086,0.03077522848959653,0.03408312231986113,0.038111665102728315,3.7567346370153576,5.703575009192713,8.005901325924295,0.006911133664131072,0.006911133664131072,0.00850601109687749,0.00850601109687749,0.010691586170137843,4.764089822769165,5.440114736557007,5.944950342178345,0.006911133664131072,0.006911133664131072,0.00850601109687749,0.00850601109687749,0.010691586170137843,4.065054629838056,5.432337676368171,7.479690432448168,0.018007078686748
SAI,46,241.0,0.0,image_color_derived_proxy,3.0,0.0,0.8070175438596491,0.0,84.40700340270996,644,5369.57421875,0.0,nearest_physical_car_same_track_location_crossing_headway_le_2s,0.0,0.0,0.0,0.0,0.0,5.055712846235796,6.565965365705819,9.477286658653846,0.0,0.0,0.0,0.0,0.0,5.988243818283081,6.53811240196228,6.983943700790405,0.0,0.0,0.0,0.0,0.0,5.028775510892113,6.514608854483941,9.10973816896704,0.00650259221745042
SAI,47,240.0,0.00403182610000016,image_color_derived_proxy,3.0,0.0,0.8245614035087719,0.0,84.31599807739258,630,5369.57421875,0.0,nearest_physical_car_same_track_location_crossing_headway_le_2s,0.0,0.0,0.0,0.0,0.0,5.66986733312423,7.229707507192013,10.52919989224138,0.0,0.0,0.0,0.0,0.0,6.834655523300171,6.9497599601745605,7.279289960861206,0.0,0.0,0.0,0.0,0.0,5.468041761497836,7.037384277731575,10.024738820086158,0.006491154275882871
SAI,48,240.0,0.00403182610000016,image_color_derived_proxy,3.0,0.0,0.8421052631578947,0.0,83.98600769042969,640,5369.57421875,0.0,nearest_physical_car_same_track_location_crossing_headway_le_2s,0.0,0.0,0.0,0.0,0.0,6.37258083230198,7.957959608091926,11.744190325055804,0.0,0.0,0.0,0.0,0.0,7.6734092235565186,7.9739885330200195,8.366339445114136,0.0,0.0,0.0,0.0,0.0,6.2583157959938704,7.99028000772294,11.228929729025033,0.006479716334315211
SAI,49,240.0,0.00403182610000016,image_color_derived_proxy,3.0,0.0,0.8596491228070176,0.0,84.06799697875977,634,5369.57421875,0.0,nearest_physical_car_same_track_location_crossing_headway_le_2s,0.0,0.0,0.0,0.0,0.0,6.862811823174504,8.69859894783266,12.994668143136161,0.0,0.0,0.0,0.0,0.0,8.520117044448853,8.881861209869385,9.351540565490723,0.0,0.0,0.0,0.0,0.0,6.935241534075167,8.777121497404174,12.758933646319466,0.006468278392747662
SAI,50,240.0,0.00403182610000016,image_color_derived_proxy,3.0,0.0,0.8771929824561403,0.0,84.61200141906738,625,5369.57421875,0.0,nearest_physical_car_same_track_location_crossing_headway_le_2s,0.0,0.0,0.0,0.0,0.0,7.543713644276495,9.77616023270685,14.404702931351665,0.0,0.0,0.0,0.0,0.0,9.304707765579224,9.697562217712402,10.511454105377197,0.0,0.0,0.0,0.0,0.0,7.621796318399463,9.735571113979482,14.605313729068293,0.0064568404511801125
SAI,51,240.0,0.00403182610000016,image_color_derived_proxy,3.0,0.0,0.8947368421052632,0.0,84.65300089120865,643,5369.57421875,0.0,nearest_physical_car_same_track_location_crossing_headway_le_2s,0.0,0.0,0.0,0.0,0.0,8.272633294628399,10.58727110483761,15.579577541240962,0.0,0.0,0.0,0.0,0.0,10.39188289642334,10.547539949417114,10.99183464050293,0.0,0.0,0.0,0.0,0.0,8.223951865962981,10.462877156368503,15.918374940871049,0.006445402509612452
SAI,52,240.0,0.00403182610000016,image_color_derived_proxy,3.0,0.0,0.9122807017543859,0.0,84.62999904155731,639,5369.57421875,0.0,nearest_physical_car_same_track_location_crossing_headway_le_2s,0.0,0.0,0.0,0.0,0.0,8.733307066058169,11.136966331226539,16.614597039473686,0.0,0.0,0.0,0.0,0.0,11.112685203552246,11.193464517593384,11.342785596847534,0.0,0.0,0.0,0.0,0.0,8.685123060643551,11.012034776946434,16.911983784111147,0.006433964568044903
SAI,53,240.0,0.00403182610000016,image_color_derived_proxy,3.0,0.0,0.9298245614035088,0.0,84.48350238800049,647,5369.57421875,0.0,nearest_physical_car_same_track_location_crossing_headway_le_2s,0.0,0.0,0.0,0.0,0.0,9.23022675566621,11.728203790776613,17.689031116327477,0.0,0.0,0.0,0.0,0.0,11.731993436813354,11.8321692943573,12.221494674682617,0.0,0.0,0.0,0.0,0.0,9.197363522132356,11.726070529958543,17.587232074797853,0.006422526626477354
SAI,54,240.0,0.00403182610000016,image_color_derived_proxy,3.0,0.0,0.9473684210526315,0.0,84.3859977722168,646,5369.57421875,0.0,nearest_physical_car_same_track_location_crossing_headway_le_2s,0.0,0.0,0.0,0.0,0.0,9.577744636863608,12.177908379113296,18.656275875982413,0.0,0.0,0.0,0.0,0.0,12.450856924057007,12.616686582565308,12.789944887161255,0.0,0.0,0.0,0.0,0.0,9.827426856222564,12.466427845850589,18.720745695373264,0.006411088684909694
SAI,55,240.0,0.00403182610000016,image_color_derived_proxy,3.0,0.0,0.9649122807017544,0.0015923566878980893,84.2130012512207,629,5369.57421875,0.0,nearest_physical_car_same_track_location_crossing_headway_le_2s,0.0,0.0,0.0,0.0,0.0,9.588069070065695,12.495547950502544,19.141201250573566,0.0,0.0,0.0,0.0,0.0,10.081193685531616,12.044101238250732,14.023561000823975,0.0,0.0,0.0,0.0,0.0,8.881193731283284,11.27777829282089,15.372943696292703,0.0063996507433421446
SAI,56,237.0,0.01838986030000015,image_color_derived_proxy,3.0,0.0,0.9824561403508771,0.004901960784313725,84.53999710083008,613,5369.57421875,0.020250745736340156,nearest_physical_car_same_track_location_crossing_headway_le_2s,0.0,0.0,0.0,0.0,0.0,10.058147780852371,13.399458618164063,20.807145546002097,0.01491594512376852,0.017754903030022175,0.020250745736340156,0.02261645374557575,0.024378957652662462,7.2505598068237305,9.921111106872559,10.759973526000977,0.01491594512376852,0.017754903030022175,0.021066930341342317,0.02261645374557575,0.024378957652662462,7.67749004453378,10.326165128000797,15.384228220728982,0.023046310585755125
SAI,57,241.0,0.0,image_color_derived_proxy,3.0,0.0,1.0,0.0016474464579901153,84.5160026550293,608,5369.57421875,0.0,nearest_physical_car_same_track_location_crossing_headway_le_2s,0.0,0.0,0.0,0.0,0.0,10.373536039653578,13.808864961139896,21.44959790530621,0.0,0.0,0.0,0.0,0.0,13.958410024642944,14.263906955718994,24.70088505744934,0.0,0.0,0.0,0.0,0.0,11.139594321914476,14.477760149206338,28.36336154862702,0.006376774860206935
ANT,1,20.0,1.0,image_color_derived_proxy,4.0,0.006134497920281773,0.017543859649122806,0.0746705710102489,91.12400436401367,684,5369.57421875,0.9938655020797182,nearest_physical_car_same_track_location_crossing_headway_le_2s,0.9938655020797182,0.9938655020797182,0.9938655020797182,0.9938655020797182,0.9938655020797182,0.014648402227114327,0.6921305153676671,0.8855960981373404,0.9938655020797182,0.9938655020797182,0.9938655020797182,0.9938655020797182,0.9938655020797182,0.012282848358154297,0.6083574295043945,0.7768659591674805,1.0,1.0,1.0,1.0,1.0,0.014155717423822886,0.631134800203295,0.8151822618526838,0.9970861413496532
ANT,2,23.0,1.0,image_color_derived_proxy,4.0,0.0,0.03508771929824561,0.009022556390977444,88.08399963378906,666,5369.57421875,1.0,nearest_physical_car_same_track_location_crossing_headway_le_2s,0.9530447742211451,0.9963216929033569,0.9963216929033569,0.9963216929033569,0.9963216929033569,0.629962368207721,0.9692169765256485,1.3712876263786766,1.0,1.0,1.0,1.0,1.0,0.37270522117614746,0.6718156337738037,1.008080005645752,1.0,1.0,1.0,1.0,1.0,0.36681405888302965,0.6730721552102682,1.009142712680688,0.9993171998411252
ANT,3,35.0,0.9851641631000001,image_color_derived_proxy,4.0,0.0,0.05263157894736842,0.006153846153846154,87.86800003051758,651,5369.57421875,1.0,nearest_physical_car_same_track_location_crossing_headway_le_2s,0.996232985840995,0.996232985840995,0.996232985840995,0.996232985840995,0.996232985840995,0.6057795839402261,0.897331900089345,1.16691356458162,1.0,1.0,1.0,1.0,1.0,0.586106538772583,0.8984062671661377,1.1139698028564453,1.0,1.0,1.0,1.0,1.0,0.5974037606083756,0.8865854589542252,1.0864578212577747,1.0
ANT,4,28.0,1.0,image_color_derived_proxy,4.0,0.0,0.07017543859649122,0.0,87.61100006103516,652,5369.57421875,1.0,nearest_physical_car_same_track_location_crossing_headway_le_2s,0.9495153720780846,0.9922954878787974,0.9922954878787974,0.9922954878787974,0.9922954878787974,0.7886292644750292,1.1437245579985027,1.4068220654991175,1.0,1.0,1.0,1.0,1.0,0.7474830150604248,0.9522056579589844,1.1391992568969727,1.0,1.0,1.0,1.0,1.0,0.7395836505114812,0.942342418563859,1.1375354473076336,0.998517982433631
ANT,5,29.0,1.0,image_color_derived_proxy,4.0,0.0,0.08771929824561403,0.0,87.63649559020996,663,5369.57421875,1.0,nearest_physical_car_same_track_location_crossing_headway_le_2s,0.5491091872456826,0.8248618447288659,0.9545052104649897,0.9941234529949368,0.9941234529949368,0.8787803574859119,1.4076251012203773,1.8878486055776893,0.959908318242136,1.0,1.0,1.0,1.0,0.8300254344940186,1.1550359725952148,1.4816503524780273,0.9433968612761687,0.988589228799426,1.0,1.0,1.0,0.8253126899637895,1.1258198289310573,1.446446031102307,1.0
ANT,6,35.0,0.9851641631000001,image_color_derived_proxy,4.0,0.0,0.10526315789473684,0.0,87.4330005645752,650,5369.57421875,1.0,nearest_physical_car_same_track_location_crossing_headway_le_2s,0.4632689993752846,0.8607848090550597,0.9764619154156888,0.9966831746619382,0.9966831746619382,1.1369356416721759,1.5130866634864708,1.851841299874442,0.5245845321843183,0.7745245082833965,1.0,1.0,1.0,1.3516035079956055,1.493251085281372,1.8905606269836426,0.506136110428969,0.7905824397356436,0.9631603335361181,0.9852801281533736,1.0,1.2859806913144058,1.4957778714250831,1.8372166286455365,0.9866553105569287
ANT,7,116.0,0.5974972397,image_color_derived_proxy,4.0,0.0,0.12280701754385964,0.0038314176245210726,104.07000064849854,784,5369.57421875,0.5794368959610239,nearest_physical_car_same_track_location_crossing_headway_le_2s,0.042471386448816796,0.1084173876993975,0.324127933708868,0.48127215429088605,0.5858076513508943,1.7279544881675482,2.2800343480603447,4.754302978515625,0.0019217815702783144,0.17103866972009837,0.5794368959610239,0.64048238857156,0.7187565890422941,1.7108066082000732,1.8408756256103516,4.480981349945068,0.03977126112041565,0.28426062131052005,0.5137792787841463,0.6550110948143513,0.734332591327007,1.6031914373973621,1.9696115541995263,5.547574512753077,0.46436325088688807
ANT,8,90.0,0.7219335361,image_color_derived_proxy,6.0,0.0,0.14035087719298245,0.009578544061302681,142.48100686073303,1045,5369.57421875,0.7043746640370372,nearest_physical_car_same_track_location_crossing_headway_le_2s,0.49603112928131493,0.6201669414571416,0.6883935635490636,0.7618068441066776,0.7858521450434744,0.8444696084795773,1.5044999535404033,3.6918528119255516,0.47315082485493515,0.611611456291203,0.7043746640370372,0.7727978227731731,0.7910037103093706,0.9282631874084473,1.5412225723266602,3.29032301902771,0.483440013152286,0.588520559199329,0.6553857016833676,0.7423375344443848,0.7964780888373242,0.9122508349546012,1.5153513146714497,4.423788678716308,0.677751537142753
ANT,9,20.0,1.0,image_color_derived_proxy,5.0,0.0,0.15789473684210525,0.0019065776930409914,141.04500198364258,1050,5369.57421875,1.0,nearest_physical_car_same_track_location_crossing_headway_le_2s,0.9868268999630309,0.9976106915689444,0.9976106915689444,0.9976106915689444,0.9976106915689444,0.7366792817719401,0.9386129563854586,1.2542615446908911,0.9932007542252346,1.0,1.0,1.0,1.0,0.44812726974487305,0.7910342216491699,1.068493366241455,0.9852529342092726,1.0,1.0,1.0,1.0,0.44592360233977796,0.7769515237484259,1.1277261827693816,1.0
ANT,10,14.0,1.0,image_color_derived_proxy,5.0,0.0,0.17543859649122806,0.011320754716981131,138.5530014038086,1061,5369.57421875,0.986582771025272,nearest_physical_car_same_track_location_crossing_headway_le_2s,0.8657048522755036,0.9520328164045251,0.9846917682712194,0.9953375441203339,0.9980801570523373,0.45515721750051175,0.9384182626627033,1.5919683837890626,0.8371165197234711,0.9345521295516365,0.986582771025272,0.9883510396979277,0.991772106139181,0.551419734954834,1.008178472518921,1.6146605014801025,0.8707642841280259,0.920016190155084,0.9600658029971665,0.991772106139181,0.9935043073620713,0.5526170662885977,0.9870775827307926,1.6017455289758293,0.9817220451965554
ANT,11,20.0,1.0,image_color_derived_proxy,5.0,0.0,0.19298245614035087,0.0,87.61100101470947,644,5369.57421875,1.0,nearest_physical_car_same_track_location_crossing_headway_le_2s,0.9949777996767559,0.9949777996767559,0.9949777996767559,0.9949777996767559,0.9949777996767559,0.5162118105325941,0.7680771915112422,1.03329085999751,1.0,1.0,1.0,1.0,1.0,0.5059280395507812,0.668426513671875,0.9204256534576416,1.0,1.0,1.0,1.0,1.0,0.5025998316239566,0.6589729055393913,0.9078958038769043,0.9995699152796962
ANT,12,28.0,1.0,image_color_derived_proxy,5.0,0.0,0.21052631578947367,0.0,87.46400451660156,650,5369.57421875,1.0,nearest_physical_car_same_track_location_crossing_headway_le_2s,0.995941187563579,0.995941187563579,0.995941187563579,0.995941187563579,0.995941187563579,0.565903376888233,0.8571565445609716,1.1004487826992977,1.0,1.0,1.0,1.0,1.0,0.5413753986358643,0.7566173076629639,0.9425077438354492,1.0,1.0,1.0,1.0,1.0,0.5379598787255412,0.7460341944926768,0.9465727836571386,0.999746286577624
ANT,13,19.0,1.0,image_color_derived_proxy,5.0,0.0,0.22807017543859648,0.0,87.12999725341797,661,5369.57421875,1.0,nearest_physical_car_same_track_location_crossing_headway_le_2s,0.9955813152461892,0.9955813152461892,0.9955813152461892,0.9955813152461892,0.9955813152461892,0.7458666831568668,1.010819893594114,1.217046423803402,1.0,1.0,1.0,1.0,1.0,0.6961922645568848,0.8628664016723633,1.0754485130310059,1.0,1.0,1.0,1.0,1.0,0.6923955986104666,0.8453235253765153,1.0324140535547681,0.9996646927339854
ANT,14,33.0,0.9947361859,image_color_derived_proxy,5.0,0.0,0.24561403508771928,0.0,87.0129976272583,675,5369.57421875,1.0,nearest_physical_car_same_track_location_crossing_headway_le_2s,0.9276085434087323,0.997011940772607,0.997011940772607,0.997011940772607,0.997011940772607,1.0759865760948966,1.2687422290290753,1.4382867948631346,1.0,1.0,1.0,1.0,1.0,1.1393933296203613,1.216402530670166,1.2892978191375732,0.9930585072572707,1.0,1.0,1.0,1.0,1.116924212404661,1.2037477002892374,1.3677226829419722,0.9985547628580707
ANT,15,35.0,0.9851641631000001,image_color_derived_proxy,5.0,0.0,0.2631578947368421,0.0,87.49700164794922,637,5369.57421875,1.0,nearest_physical_car_same_track_location_crossing_headway_le_2s,0.5672765018443713,0.8895390880954521,0.9960798657291723,0.9960798657291723,0.9960798657291723,1.0871426025999018,1.4501555004153521,1.7641364405085451,0.5146119247424686,0.9424665518061924,1.0,1.0,1.0,1.2423577308654785,1.4304211139678955,1.7029914855957031,0.4878339031741723,0.8920076258193488,0.9812907320083775,1.0,1.0,1.2212163255170143,1.5259804408117343,1.7556231866081553,1.0
ANT,16,65.0,0.8415838211000001,image_color_derived_proxy,5.0,0.0,0.2807017543859649,0.0,87.16899728775024,650,5369.57421875,0.5649944208535492,nearest_physical_car_same_track_location_crossing_headway_le_2s,0.4847365580058234,0.6553247079316928,0.8693572282608099,0.9607314489900057,0.9788456709588722,1.0258650179521982,1.5036495607013567,2.076311334573998,0.0,0.20790649958732077,0.5649944208535492,0.8448989792422034,0.9421927771692447,1.6244709491729736,1.9705736637115479,2.3688225746154785,0.014879109668211881,0.21911461562525217,0.5752963115885119,0.8056074791201372,0.9240211393418938,1.633014101835381,1.9578368615549995,2.403938792129455,0.6588449125070741
ANT,17,221.0,0.09496604270000006,image_color_derived_proxy,5.0,0.0,0.2982456140350877,0.0,87.13000345230103,651,5369.57421875,0.1330770748267254,nearest_physical_car_same_track_location_crossing_headway_le_2s,0.03297369590008882,0.10570402349355187,0.21565474333566464,0.5301618272266739,0.7871340790758626,1.7328460995426702,2.2116890734574928,2.692618186257102,0.0,0.0,0.1330770748267254,0.9979685468196908,1.0,1.9864470958709717,2.080289840698242,2.195725679397583,0.0,0.06875933538129768,0.38535520352646485,0.7791689331207098,0.8900034462196144,1.7872203897064847,2.0675258069035607,2.5369079544242816,0.21975729266642546
ANT,18,232.0,0.042319917300000044,image_color_derived_proxy,5.0,0.0,0.3157894736842105,0.0,87.15800476074219,652,5369.57421875,0.05618530819485409,nearest_physical_car_same_track_location_crossing_headway_le_2s,0.04060436849733726,0.11775166855246694,0.2585764649411842,0.5338809118656958,0.7737327272097915,1.7089891392550023,2.216793295053335,2.694826418674355,0.0,0.0,0.05618530819485409,0.746655498340595,1.0,2.0612120628356934,2.172492742538452,2.2969319820404053,0.010980067006455022,0.03856215008892702,0.2471717372606065,0.6889212873733781,0.8185822639302225,1.8702635647231258,2.1607972351061577,2.646224648823729,0.15207528095738854
ANT,19,240.0,0.00403182610000016,image_color_derived_proxy,5.0,0.0,0.3333333333333333,0.0,86.73999667167664,671,5369.57421875,0.0,nearest_physical_car_same_track_location_crossing_headway_le_2s,0.02305739185374479,0.0772192344539653,0.18100064699284524,0.4394512095558522,0.675363203534972,1.8377413716179116,2.321437273914791,2.9939931935277477,0.0,0.0,0.0,0.22848744529191523,0.7378141185171546,2.1819512844085693,2.4210357666015625,2.590745449066162,0.0,0.0,0.07306891491492293,0.3167858491613769,0.691549455990434,2.0641243364587574,2.3737833371660777,2.97117638409134,0.0
ANT,20,156.0,0.4060567837000001,image_color_derived_proxy,5.0,0.0,0.3508771929824561,0.0,86.64650297164917,653,5369.57421875,0.26827974814739636,nearest_physical_car_same_track_location_crossing_headway_le_2s,0.04341779477417883,0.12719495998057617,0.39976802270521083,0.6206656126223191,0.8111521707419765,1.7127000877663605,2.1205810041365463,2.7378511358730364,0.0,0.08608540885059902,0.26827974814739636,0.7311028425060739,1.0,1.7518641948699951,2.145517587661743,2.2988433837890625,0.009244399318792606,0.15147750613313554,0.4080891586864578,0.6964332247192211,0.856635898761531,1.7011442212261967,2.066841576645259,2.634976318769519,0.3382656638529725
ANT,21,40.0,0.9612341061,image_color_derived_proxy,5.0,0.0,0.3684210526315789,0.0,86.64400291442871,658,5369.57421875,1.0,nearest_physical_car_same_track_location_crossing_headway_le_2s,0.09341674053889047,0.2698627181883244,0.6827823973302117,0.870596904622016,0.9502792286339218,1.5216452762998385,1.8685286850225733,2.3274439845952655,0.0,0.4644406422510464,1.0,1.0,1.0,1.6349656581878662,1.7667503356933594,1.9136295318603516,0.04460784938523979,0.4876967993355231,0.8878168803606342,0.9900627852814522,1.0,1.57293895706068,1.758916758740011,2.0079180751513372,0.9004557905367314
ANT,22,54.0,0.8942299465000001,image_color_derived_proxy,5.0,0.0,0.38596491228070173,0.0,86.87000274658203,653,5369.57421875,0.9131806195644299,nearest_physical_car_same_track_location_crossing_headway_le_2s,0.04857834247083647,0.20078283188677548,0.38173126958232423,0.711615032638122,0.8563025168569917,1.6098762238841104,2.069828379278622,2.6563312504932686,0.027857707449132615,0.38182340942674153,0.9131806195644299,1.0,1.0,1.559577465057373,1.81754732131958,1.98964524269104,0.06145962555631915,0.471624358599975,0.8172442249296847,0.9539542078256841,1.0,1.5257678183993968,1.7677106081875238,2.093280556737244,0.6921749277956462
ANT,23,45.0,0.9373040491000001,image_color_derived_proxy,5.0,0.0,0.40350877192982454,0.0,86.87300109863281,656,5369.57421875,0.7516028903402222,nearest_physical_car_same_track_location_crossing_headway_le_2s,0.08290256817256889,0.2664004305316996,0.5877085952590356,0.8093884434808694,0.921275880119211,1.5449236969395803,1.9495485040639016,2.3840356554303854,0.0,0.11443140425892921,0.7516028903402222,1.0,1.0,1.7414848804473877,1.8905377388000488,2.0816352367401123,0.0,0.2873160351475741,0.681638766664518,0.9239924444641947,0.9896285051452504,1.6959133002761109,1.8807860549838116,2.1958512211859795,0.6528140456748506
ANT,24,102.0,0.6645013993000001,image_color_derived_proxy,5.0,0.0,0.42105263157894735,0.0,86.74799728393555,644,5369.57421875,0.33644581705380106,nearest_physical_car_same_track_location_crossing_headway_le_2s,0.09778899879232911,0.21372241937687558,0.5041960302530286,0.764351945256885,0.9096002486448498,1.5061905343191964,1.9889361641456795,2.4689004476968344,0.0,0.022363640333331766,0.33644581705380106,0.8891271670014517,1.0,1.795238733291626,2.049745798110962,2.2663755416870117,0.014743848488247845,0.10694196605549042,0.4555725922427187,0.8112002383240414,0.9432609057676784,1.7365486150526632,2.02898124235699,2.3787475254299753,0.41959746245773144
ANT,25,61.0,0.8607278667,image_color_derived_proxy,4.0,0.0,0.43859649122807015,0.0031397174254317113,86.74700164794922,638,5369.57421875,0.9119278138355474,nearest_physical_car_same_track_location_crossing_headway_le_2s,0.06525875634108153,0.16776370533978452,0.37667006065985065,0.6899259410155519,0.8483290575044703,1.6247489492273541,2.070703697701727,2.6441739289656927,0.030675439461718156,0.392025145352685,0.9119278138355474,0.98202819848026,0.9827198643780976,1.5771822929382324,1.8205692768096924,1.9919931888580322,0.06203091618870999,0.42882168426706424,0.8035782016992282,0.9372889159953081,0.9827198643780976,1.5310578547346911,1.7762485188228483,2.161692786567576,0.690273087854995
ANT,26,30.0,1.0,image_color_derived_proxy,3.0,0.0,0.45614035087719296,0.0031746031746031746,86.69499778747559,631,5369.57421875,0.9810831085029162,nearest_physical_car_same_track_location_crossing_headway_le_2s,0.15615674875603222,0.5294424333259037,0.7855355080666911,0.940123473120024,0.9959398063653326,1.43047748284865,1.7336996027868026,2.146210258697795,0.0043831811029498135,0.4719302741568147,0.9810831085029162,0.98292865728307,0.98292865728307,1.619199275970459,1.7552015781402588,1.884779930114746,0.036011307423884205,0.5890881356355809,0.8812042266292365,0.98292865728307,0.98292865728307,1.5599209130225133,1.7174342128358426,2.043991024535555,0.8892897364770288
ANT,27,41.0,0.9564480947000001,image_color_derived_proxy,3.0,0.0,0.47368421052631576,0.0,86.56500244140625,629,5369.57421875,1.0,nearest_physical_car_same_track_location_crossing_headway_le_2s,0.18692306644011306,0.5853289649279877,0.8202506875097609,0.9207647517184756,0.9838502756731785,1.3960175845497533,1.7110324257298521,2.1468743365743888,0.5213077458513158,1.0,1.0,1.0,1.0,1.360496997833252,1.4865868091583252,1.6662137508392334,0.5298677451568131,0.9228440978903334,0.9944781085342045,1.0,1.0,1.3165830140761356,1.4917746815324238,1.713930370282303,0.9946223290335859
ANT,28,31.0,1.0,image_color_derived_proxy,3.0,0.0,0.49122807017543857,0.0,86.69300079345703,654,5369.57421875,1.0,nearest_physical_car_same_track_location_crossing_headway_le_2s,0.276596682620275,0.5400896895440475,0.7986803377209194,0.9409872058304237,0.9956974612421648,1.2949328730281549,1.7237261544039526,2.14455939566735,0.16948312619218914,0.4804655450463235,1.0,1.0,1.0,1.3889975547790527,1.7845213413238525,1.946272373199463,0.2437912989718847,0.5194768118524776,0.8865422059706812,0.983620338774226,1.0,1.377340909921781,1.7204350830655026,2.0230038654458404,0.8990584955617863
ANT,29,41.0,0.9564480947000001,image_color_derived_proxy,3.0,0.0,0.5087719298245614,0.0,86.50399780273438,630,5369.57421875,1.0,nearest_physical_car_same_track_location_crossing_headway_le_2s,0.18447693700933795,0.5495468101035327,0.8506658574333151,0.9761861316343119,0.9928327011407931,1.3429590589676894,1.7299581897576046,2.044540653672329,0.09548689692202995,0.8536714946228043,1.0,1.0,1.0,1.5156593322753906,1.6760454177856445,1.7912333011627197,0.14587761191054846,0.726509755427909,0.9514589252823098,1.0,1.0,1.4375559829320204,1.6564076359003714,1.9069911060231586,1.0
ANT,30,66.0,0.8367978097000001,image_color_derived_proxy,4.0,0.0,0.5263157894736842,0.0015503875968992248,88.4010009765625,646,5369.57421875,0.9970023032915805,nearest_physical_car_same_track_location_crossing_headway_le_2s,0.41428268407690894,0.6264522129675627,0.8269362770344189,0.8986550531414971,0.9636428635093471,0.7518333435058594,1.6292540726046463,2.248962760632174,0.6954672329845716,0.9519575389301845,0.9970023032915805,1.0,1.0,0.56247878074646,1.341521978378296,1.6937627792358398,0.7158403337701487,0.9191524740534479,0.9623760323731222,1.0,1.0,0.5437286831647099,1.313551837596859,1.6862436288666762,0.9631400060520559
ANT,31,240.0,0.00403182610000016,image_color_derived_proxy,4.0,0.0,0.543859649122807,0.0,86.38800048828125,626,5369.57421875,0.02961062251082924,nearest_physical_car_same_track_location_crossing_headway_le_2s,0.04050331125506136,0.10580173509818204,0.18565087333375255,0.327626471743739,0.5394268081019351,1.7342585701778017,2.463503310206482,2.986358012076173,0.0,0.0,0.02961062251082924,0.22564476455456164,0.6819697311183349,2.136850595474243,2.372326612472534,2.68891978263855,0.0027550002437506226,0.032874937914243584,0.1284669110296097,0.3728875222025024,0.6090428290598079,1.9252164265930316,2.39853589490367,2.9811789672529145,0.038209958994086246
ANT,32,238.0,0.013603848900000059,image_color_derived_proxy,5.0,0.0,0.5614035087719298,0.004477611940298508,90.91400146484375,671,5369.57421875,0.014519212371646184,nearest_physical_car_same_track_location_crossing_headway_le_2s,0.007248654781525778,0.013848323470076232,0.02926941650414391,0.0498932972370572,0.12996902661736717,2.404590054216056,3.2635659417873475,4.633211515852981,0.014519212371646184,0.014519212371646184,0.014519212371646184,0.014519212371646184,0.046406470811360595,2.6782596111297607,2.916459798812866,3.1350347995758057,0.014519212371646184,0.014519212371646184,0.014519212371646184,0.07458703555136334,0.19575647769270277,2.2926692348423745,2.8364109261241848,4.125727648204253,0.0
ANT,33,239.0,0.00881783750000011,image_color_derived_proxy,5.0,0.0,0.5789473684210527,0.0,109.05899810791016,820,5369.57421875,0.0,nearest_physical_car_same_track_location_crossing_headway_le_2s,0.0,0.0,0.0,0.0,0.0,4.162100028991699,5.500604688985266,8.197826385498047,0.0,0.0,0.0,0.0,0.0,4.519669055938721,5.313695430755615,5.449386119842529,0.0,0.0,0.0,0.0,0.0,3.9862064873124146,5.025935689995366,7.5901623604546335,0.006396342832634239
ANT,34,239.0,0.00881783750000011,image_color_derived_proxy,5.0,0.0,0.5964912280701754,0.0,85.29499816894531,655,5369.57421875,0.0,nearest_physical_car_same_track_location_crossing_headway_le_2s,0.0,0.0,0.0,0.0,0.0,3.9830298578084866,5.312842190650202,7.2453100911438515,0.0,0.0,0.0,0.0,0.0,5.317538738250732,5.429197311401367,5.568665504455566,0.0,0.0,0.0,0.0,0.0,4.318665419981051,5.276207341530304,7.546460924620666,0.0063849048910666895
ANT,35,239.0,0.00881783750000011,image_color_derived_proxy,5.0,0.0,0.6140350877192983,0.0,84.87499904632568,627,5369.57421875,0.0,nearest_physical_car_same_track_location_crossing_headway_le_2s,0.0,0.0,0.0,0.0,0.0,3.8719936089236735,5.177713536195199,6.9330722909607045,0.0,0.0,0.0,0.0,0.0,4.9893529415130615,5.180533409118652,5.418604612350464,0.0,0.0,0.0,0.0,0.0,4.060871591496591,5.026608163193587,7.310638602722248,0.00637346694949914
ANT,36,240.0,0.00403182610000016,image_color_derived_proxy,5.0,0.0,0.631578947368421,0.0,84.89199447631836,653,5369.57421875,0.0,nearest_physical_car_same_track_location_crossing_headway_le_2s,0.0,0.0,0.0,0.0,0.0032983167420293953,3.5947536126880246,4.872528707570043,6.577117919921875,0.0,0.0,0.0,0.0,0.0,4.784733057022095,5.005858421325684,5.098220109939575,0.0,0.0,0.0,0.0,0.0,3.954932736784809,4.858922315603616,7.037234714464061,0.005165797817731077
ANT,37,240.0,0.00403182610000016,image_color_derived_proxy,5.0,0.0,0.6491228070175439,0.0,84.51300048828125,629,5369.57421875,0.0,nearest_physical_car_same_track_location_crossing_headway_le_2s,0.0,0.0,0.0,0.002118027444984729,0.010140455858870872,3.2699051166402886,4.486415156349217,6.056967342601103,0.0,0.0,0.0,0.0,0.0,4.531569004058838,4.699237585067749,4.85063099861145,0.0,0.0,0.0,0.0,0.0,3.781309461057777,4.589691347732106,6.522057144664645,0.0032057647917552723
ANT,38,240.0,0.00403182610000016,image_color_derived_proxy,5.0,0.0,0.6666666666666666,0.0,84.5659990310669,617,5369.57421875,0.0,nearest_physical_car_same_track_location_crossing_headway_le_2s,0.0,0.0,0.0,0.007769074989244014,0.018482602266279617,3.0440497155701634,4.126162847474564,5.559217744715074,0.0,0.0,0.0,0.0,0.0,3.8709468841552734,4.074539422988892,4.293950796127319,0.0,0.0,0.0,0.0,0.0,3.2693246707066055,3.994931856879256,5.5683260117462385,0.0015906370533740333
ANT,39,239.0,0.00881783750000011,image_color_derived_proxy,5.0,0.0,0.6842105263157895,0.0,84.77400207519531,634,5369.57421875,0.0,nearest_physical_car_same_track_location_crossing_headway_le_2s,0.0,0.0,0.003350088349923656,0.01564159035982367,0.02759100303127445,2.9458392710889987,3.9333897082946883,5.1370133912435065,0.0,0.0,0.0,0.0,0.0,3.7507355213165283,3.858336925506592,3.9936962127685547,0.0,0.0,0.0,0.0,0.0,3.164311569312361,3.760774184093213,5.273624748812614,0.0018687898020420812
ANT,40,239.0,0.00881783750000011,image_color_derived_proxy,5.0,0.0,0.7017543859649122,0.0,84.58799743652344,624,5369.57421875,0.0,nearest_physical_car_same_track_location_crossing_headway_le_2s,0.0,0.0018915195093982043,0.01585333086560457,0.023478531571504875,0.048139251562038035,2.7264016958383412,3.7223821128286967,4.8811772772606385,0.0,0.0,0.0,0.0,0.0,3.4486379623413086,3.662247657775879,3.835573673248291,0.0,0.0,0.0,0.0,0.0,3.00332447247006,3.5829472484499294,4.955348814313927,0.0020299817298048417
ANT,41,239.0,0.00881783750000011,image_color_derived_proxy,5.0,0.0,0.7192982456140351,0.0,84.55200028419495,621,5369.57421875,0.0,nearest_physical_car_same_track_location_crossing_headway_le_2s,0.0,0.0,0.001892324804550102,0.02033067674396661,0.04651574322126244,2.9196068868063,3.74822172277114,5.04631460811315,0.0,0.0,0.0,0.0,0.0,3.5803112983703613,3.8000495433807373,3.998446226119995,0.0,0.0,0.0,0.0,0.0,3.1364886942190453,3.6253472305618035,5.1168080082836855,0.0
ANT,42,239.0,0.00881783750000011,image_color_derived_proxy,5.0,0.0,0.7368421052631579,0.0,84.51899719238281,652,5369.57421875,0.0,nearest_physical_car_same_track_location_crossing_headway_le_2s,0.0,0.0,0.007335616281313882,0.025083116884758127,0.05323067100833592,2.689827291957868,3.5690247224506577,4.548953528514194,0.0,0.0,0.0,0.0,0.0,3.2816028594970703,3.4382426738739014,3.5156326293945312,0.0,0.0,0.0,0.0,0.013961361875719553,2.8275450659685895,3.3366654279011603,4.533556576482076,0.0
ANT,43,239.0,0.00881783750000011,image_color_derived_proxy,5.0,0.0,0.7543859649122807,0.0,84.43399906158447,624,5369.57421875,0.0,nearest_physical_car_same_track_location_crossing_headway_le_2s,0.001823901868025429,0.011251400780466901,0.05169718146281832,0.0958264126132957,0.1795840853154157,2.271280795247227,2.9643359473842357,3.886245489977077,0.0,0.0,0.0,0.0,0.0,2.7734954357147217,3.0050582885742188,3.270294189453125,0.0,0.0,0.0,0.019897201646820288,0.11272716532295843,2.4716723713376836,2.947094484430955,3.986478771454643,0.0
ANT,44,239.0,0.00881783750000011,image_color_derived_proxy,5.0,0.0,0.7719298245614035,0.0,84.54600143432617,620,5369.57421875,0.0,nearest_physical_car_same_track_location_crossing_headway_le_2s,0.008504244440577178,0.037139548766973327,0.09335745647508821,0.1713150289441154,0.2734368848904539,2.013709716796875,2.75817931662989,3.407352028430348,0.0,0.0,0.0,0.0,0.0,2.7149171829223633,2.83502197265625,2.9172415733337402,0.0,0.0,0.0027795140121066307,0.03541266801986913,0.16712799765124456,2.374022431730105,2.7743639574397325,3.5133585443352717,0.0
ANT,45,239.0,0.00881783750000011,image_color_derived_proxy,4.0,0.0,0.7894736842105263,0.0031397174254317113,84.44100189208984,638,5369.57421875,0.010409631463235276,nearest_physical_car_same_track_location_crossing_headway_le_2s,0.035586953036321145,0.05935504948069865,0.1212799350117742,0.18601151377534808,0.29817270703680415,1.94632114317359,2.7234720703125004,3.4267653055233307,0.007567413041610336,0.009533281347932855,0.010409631463235276,0.010409631463235276,0.010409631463235276,2.6884546279907227,2.7757041454315186,2.918937921524048,0.007567413041610336,0.009533281347932855,0.025094460523546983,0.0543101140411088,0.21854311419624278,2.3495427575129417,2.744502856708632,3.674206719749792,0.0
ANT,46,240.0,0.00403182610000016,image_color_derived_proxy,4.0,0.0,0.8070175438596491,0.0,84.281005859375,643,5369.57421875,0.0,nearest_physical_car_same_track_location_crossing_headway_le_2s,0.011936243536636588,0.04272617585236736,0.10517203726301001,0.18560526252661386,0.3889013911620295,1.9879562360199279,2.58872758781546,3.2132086932340407,0.0,0.0,0.0,0.0,0.309607169626175,2.4215822219848633,2.5347039699554443,2.6572558879852295,0.0,0.0,0.027052344191301075,0.16287176786567792,0.49356311465318714,2.1584846574430037,2.506380057922386,3.255789651457678,0.0
ANT,47,240.0,0.00403182610000016,image_color_derived_proxy,4.0,0.0,0.8245614035087719,0.0,84.30900192260742,632,5369.57421875,0.0,nearest_physical_car_same_track_location_crossing_headway_le_2s,0.00813674469310327,0.05272276844694465,0.11791157987211405,0.20061926558493764,0.45746009621512485,1.9436995894820601,2.5270877530380726,3.1348172084263397,0.0,0.0,0.0,0.0,0.49278241774311765,2.4308125972747803,2.5014586448669434,2.586627960205078,0.0,0.0,0.024279742830888185,0.19134366349836268,0.5689073538831712,2.163447403210407,2.4686685015506042,3.0656793320110545,0.0
ANT,48,240.0,0.00403182610000016,image_color_derived_proxy,4.0,0.0,0.8421052631578947,0.0,84.16499710083008,639,5369.57421875,0.0,nearest_physical_car_same_track_location_crossing_headway_le_2s,0.005703100648954064,0.026756959018324915,0.0782629769850443,0.16643500608180561,0.2688052706776292,2.0895882048821366,2.720140031127282,3.422209711675044,0.0,0.0,0.0,0.0,0.1103190295362685,2.4881744384765625,2.68733286857605,2.886969804763794,0.0,0.0,0.021386553782021034,0.06888847654089142,0.29268704855278316,2.298922812463285,2.636753073635715,3.3548937159885837,0.0
ANT,49,240.0,0.00403182610000016,image_color_derived_proxy,4.0,0.0,0.8596491228070176,0.0,84.58600234985352,636,5369.57421875,0.0,nearest_physical_car_same_track_location_crossing_headway_le_2s,0.004728910309247712,0.020807222272607208,0.053495866930360285,0.11127132271442315,0.18662659248814126,2.203142628643931,3.031593817492801,3.773277249301437,0.0,0.0,0.0,0.0,0.0,2.7092113494873047,2.9153382778167725,3.1621081829071045,0.0,0.0,0.00906767396150568,0.03270043226409578,0.1362992409074655,2.4452567498194893,2.9261723942545834,3.695366939157757,0.0
ANT,50,240.0,0.00403182610000016,image_color_derived_proxy,4.0,0.0,0.8771929824561403,0.0,84.20299696922302,625,5369.57421875,0.0,nearest_physical_car_same_track_location_crossing_headway_le_2s,0.0,0.008550779029471982,0.04179187361188944,0.0923838998130341,0.15223926807512422,2.305653187434229,3.040802739349455,3.962524041276947,0.0,0.0,0.0,0.0,0.0,2.801976203918457,3.0638580322265625,3.192868232727051,0.0,0.0,0.0035628094944197696,0.027635591939289057,0.11083928742484982,2.4826056838529382,2.9758068262516404,3.916743145925835,0.0
ANT,51,240.0,0.00403182610000016,image_color_derived_proxy,4.0,0.0,0.8947368421052632,0.0,84.24900203943253,639,5369.57421875,0.0,nearest_physical_car_same_track_location_crossing_headway_le_2s,0.0072167003396808125,0.028570060806761218,0.08853515768202906,0.1613194362143172,0.2908995197722463,2.0601649130544355,2.6677596165583686,3.4248779296875003,0.0,0.0,0.0,0.0,0.24307710469297122,2.4474270343780518,2.666564702987671,2.775315999984741,0.0,0.0,0.020902343580162887,0.13080275308519507,0.3969068317887936,2.208256195376237,2.622914973734039,3.323367469504839,0.0
ANT,52,196.0,0.21461632770000008,image_color_derived_proxy,4.0,0.0,0.9122807017543859,0.0,84.10299682617188,638,5369.57421875,0.0,nearest_physical_car_same_track_location_crossing_headway_le_2s,0.022282180610090328,0.09371847090428599,0.2296231666973283,0.5490528208340908,0.7931702547129109,1.7837739098590353,2.2054238596270164,2.710799236047496,0.0,0.0,0.0,0.45683270486054034,1.0,2.1452627182006836,2.2629518508911133,2.3541133403778076,0.0,0.018215732357676494,0.1092706608616391,0.5185783538113138,0.8139424121888887,1.991279213745089,2.240427696203723,2.7242575802194064,0.022978711088730064
ANT,53,51.0,0.9085879807,image_color_derived_proxy,4.0,0.0,0.9298245614035088,0.0,84.16500186920166,639,5369.57421875,1.0,nearest_physical_car_same_track_location_crossing_headway_le_2s,0.10820405663459927,0.3606251446332363,0.7252895613620601,0.8972018823387894,0.9762371140801701,1.486674431856972,1.8165761820009383,2.2492021404328892,0.041668195880632405,0.45921696547422575,1.0,1.0,1.0,1.573577880859375,1.7702157497406006,1.9274508953094482,0.11740039344206123,0.46179539301833816,0.8617715140519061,0.9815481275333514,1.0,1.4722124356648383,1.7679407228436024,2.10437078352567,0.8866012440531343
ANT,54,23.0,1.0,image_color_derived_proxy,4.0,0.0,0.9473684210526315,0.0,84.20499801635742,646,5369.57421875,1.0,nearest_physical_car_same_track_location_crossing_headway_le_2s,0.6019713299705285,0.9286264735913583,0.9953446945076603,0.9953446945076603,0.9953446945076603,1.1510735370165939,1.442999977901064,1.7259170953740073,0.3435543936973344,1.0,1.0,1.0,1.0,1.4147961139678955,1.5328853130340576,1.644623041152954,0.44189775473994436,0.9370820702428917,1.0,1.0,1.0,1.3705795306187527,1.512415814713076,1.6992617326659099,1.0
ANT,55,29.0,1.0,image_color_derived_proxy,4.0,0.0,0.9649122807017544,0.0,84.08300399780273,627,5369.57421875,1.0,nearest_physical_car_same_track_location_crossing_headway_le_2s,0.7751984087489461,0.9829929999936484,0.9943151414377329,0.9943151414377329,0.9943151414377329,1.1050798382396252,1.3395507408807683,1.6036859706794084,1.0,1.0,1.0,1.0,1.0,1.1064014434814453,1.2850871086120605,1.3929784297943115,0.9725033918424743,1.0,1.0,1.0,1.0,1.0772918270013134,1.275951159922724,1.402054657186451,0.996748610710104
ANT,56,65.0,0.8415838211000001,image_color_derived_proxy,5.0,0.0,0.9824561403508771,0.004739336492890996,87.10800170898438,634,5369.57421875,0.8904463092362372,nearest_physical_car_same_track_location_crossing_headway_le_2s,0.8331152208437305,0.8743169546855266,0.8826973943995776,0.888552175952678,0.9537011763398058,0.386210124687462,1.0509725846212492,2.28460114990522,0.7781489600978154,0.8375005474091345,0.8904463092362372,0.9004338983763407,0.9344262539172598,0.6712214946746826,1.2633998394012451,2.2447359561920166,0.7598957557837059,0.8676814902140764,0.8990678279331057,0.9223836908863824,0.9508425721397654,0.6710783605937991,1.2589656892739194,2.0156472385804958,0.8682148098773298
ANT,57,239.0,0.00881783750000011,image_color_derived_proxy,5.0,0.0,1.0,0.0016129032258064516,86.29700088500977,621,5369.57421875,0.0,nearest_physical_car_same_track_location_crossing_headway_le_2s,0.0,0.013233359595099354,0.03869197242660442,0.06129992271764765,0.17919511088114567,2.3509326641376203,3.5742060990767044,4.880495982586274,0.0,0.0,0.0,0.0,0.10658539531958837,2.4480409622192383,3.513353109359741,4.680291175842285,0.0,0.0,0.0,0.01610716860456044,0.1433073982369828,2.4010610331658273,3.479514311874173,5.832056201334549,0.0
RUS,1,21.0,1.0,image_color_derived_proxy,7.0,0.006011140701307201,0.017543859649122806,0.12625538020086083,92.99399948120117,698,5369.57421875,0.9939888592986929,nearest_physical_car_same_track_location_crossing_headway_le_2s,0.9939888592986929,0.9939888592986929,0.9939888592986929,0.9939888592986929,0.9939888592986929,0.01882352986756493,0.14004878000930626,0.38328405298611534,0.9939888592986929,0.9939888592986929,0.9939888592986929,0.9939888592986929,0.9939888592986929,0.015493154525756836,0.1407606601715088,0.7397749423980713,1.0,1.0,1.0,1.0,1.0,0.01655739009470547,0.14413515701626053,0.7497677661128751,0.996778224092878
RUS,2,16.0,1.0,image_color_derived_proxy,7.0,0.0,0.03508771929824561,0.0,88.44099426269531,670,5369.57421875,1.0,nearest_physical_car_same_track_location_crossing_headway_le_2s,0.9962234708666339,0.9962234708666339,0.9962234708666339,0.9962234708666339,0.9962234708666339,0.3921838831007703,0.5898554458975481,0.802521607814683,1.0,1.0,1.0,1.0,1.0,0.537344217300415,0.8778245449066162,1.0265681743621826,1.0,1.0,1.0,1.0,1.0,0.5338744167084041,0.8731970852536832,1.0227424142007489,0.999660753551891
RUS,3,16.0,1.0,image_color_derived_proxy,7.0,0.0,0.05263157894736842,0.0,88.18999862670898,652,5369.57421875,1.0,nearest_physical_car_same_track_location_crossing_headway_le_2s,0.9915523300105513,0.9915523300105513,0.9915523300105513,0.9915523300105513,0.9915523300105513,0.47189918332653574,0.6183590627545096,0.8171181750297573,1.0,1.0,1.0,1.0,1.0,0.565941572189331,0.6627576351165771,0.8859872817993164,1.0,1.0,1.0,1.0,1.0,0.5698964743587542,0.6655485159852248,0.8892123990676519,0.9987386923569526
RUS,4,15.0,1.0,image_color_derived_proxy,7.0,0.0,0.07017543859649122,0.0,88.0749979019165,657,5369.57421875,1.0,nearest_physical_car_same_track_location_crossing_headway_le_2s,0.998115242717726,0.998115242717726,0.998115242717726,0.998115242717726,0.998115242717726,0.3947150244579846,0.6154847123240696,0.8232518513997397,1.0,1.0,1.0,1.0,1.0,0.5775585174560547,0.7378523349761963,0.9968650341033936,1.0,1.0,1.0,1.0,1.0,0.5929733987326514,0.7425761268620837,0.9887426643652445,1.0
RUS,5,19.0,1.0,image_color_derived_proxy,7.0,0.0,0.08771929824561403,0.0,88.28099822998047,667,5369.57421875,1.0,nearest_physical_car_same_track_location_crossing_headway_le_2s,0.9961146792443234,0.9961146792443234,0.9961146792443234,0.9961146792443234,0.9961146792443234,0.5083453981499924,0.7442500268259357,0.9753064801616055,1.0,1.0,1.0,1.0,1.0,0.5526762008666992,0.8050289154052734,0.9841992855072021,1.0,1.0,1.0,1.0,1.0,0.5541477317803559,0.8028821753259734,0.9919397050601055,0.9996052311650618
RUS,6,31.0,1.0,image_color_derived_proxy,7.0,0.0,0.10526315789473684,0.0,87.9000015258789,653,5369.57421875,1.0,nearest_physical_car_same_track_location_crossing_headway_le_2s,0.9946075085473737,0.9946075085473737,0.9946075085473737,0.9946075085473737,0.9946075085473737,0.6428675710272627,0.8191675695420018,0.9716517652784075,1.0,1.0,1.0,1.0,1.0,0.6800062656402588,0.8548808097839355,0.9424228668212891,1.0,1.0,1.0,1.0,1.0,0.6664699777293785,0.8499364921933549,0.964137475594056,0.9992999753477916
RUS,7,65.0,0.8415838211000001,image_color_derived_proxy,7.0,0.0,0.12280701754385964,0.002509410288582183,105.67900466918945,798,5369.57421875,0.9172494560810612,nearest_physical_car_same_track_location_crossing_headway_le_2s,0.7435441475998892,0.833921667212574,0.9220658641273111,0.9764002193552805,0.9971422896428946,0.517247939691311,0.7773970884435317,1.9445320467643548,0.749552875223391,0.8055053516180147,0.9172494560810612,1.0,1.0,0.6256685256958008,0.8586268424987793,1.963960886001587,0.7580030073872193,0.8179581380680016,0.9094237662859381,0.9831565523836181,1.0,0.6301711804962453,0.8519539249878475,1.9739647289434215,0.9190720275087041
RUS,8,194.0,0.22418835050000013,image_color_derived_proxy,9.0,0.0,0.14035087719298245,0.010638297872340425,141.4160041809082,1035,5369.57421875,0.22097220503689682,nearest_physical_car_same_track_location_crossing_headway_le_2s,0.13065008484852605,0.18975229143891334,0.29510091342218736,0.425305568460847,0.5719720062446055,1.2668243854801828,2.3663165321832973,3.9384428772745257,0.09055550623625674,0.12099760739807826,0.22097220503689682,0.326207845588172,0.550927728380701,1.6741242408752441,2.4187049865722656,3.275578022003174,0.09277591322054922,0.1178720406701055,0.22654426300067732,0.3538001319994841,0.5834771303354231,1.6526424483349678,2.3979500074458975,3.317506167260501,0.1783768344657371
RUS,9,34.0,0.9899501745000001,image_color_derived_proxy,8.0,0.0,0.15789473684210525,0.0019083969465648854,140.51100540161133,1049,5369.57421875,0.9479400239185861,nearest_physical_car_same_track_location_crossing_headway_le_2s,0.5471884981023504,0.8039442355888767,0.9304467047535373,0.9737956059909417,0.9874173523735142,1.008858450538726,1.451749958711512,1.894179261405513,0.6996036569337335,0.8991609463585077,0.9479400239185861,0.9919792769838897,0.9931677946833909,0.8646526336669922,1.3271641731262207,1.7519876956939697,0.6662324992920287,0.8596622154672529,0.9348520863144351,0.9874742925152787,0.9874742925152787,0.8623715894611965,1.312901695059611,1.8763165858698567,0.9623068453738053
RUS,10,23.0,1.0,image_color_derived_proxy,8.0,0.0,0.17543859649122806,0.003857280617164899,136.18700408935547,1038,5369.57421875,0.9906452008125576,nearest_physical_car_same_track_location_crossing_headway_le_2s,0.8593992993074123,0.9119152145834724,0.9708783033332824,0.9958072359121859,0.9958072359121859,0.365758628304479,0.8542925572291212,1.6531956382419752,0.8898573598442558,0.9495252825680326,0.9906452008125576,1.0,1.0,0.27201080322265625,0.7985432147979736,1.5428855419158936,0.8881538033275962,0.9224742851703974,0.9542760702717483,0.9912987471417152,1.0,0.26993785528760805,0.7996530270498773,1.5653384937510708,0.9793916262383294
RUS,11,14.0,1.0,image_color_derived_proxy,8.0,0.0,0.19298245614035087,0.0,87.94899797439575,650,5369.57421875,1.0,nearest_physical_car_same_track_location_crossing_headway_le_2s,0.9964638597747285,0.9964638597747285,0.9964638597747285,0.9964638597747285,0.9964638597747285,0.4052281782931129,0.506510729108538,0.658131836272858,1.0,1.0,1.0,1.0,1.0,0.45261406898498535,0.6270923614501953,0.7271182537078857,1.0,1.0,1.0,1.0,1.0,0.45112463241184636,0.6289144029580367,0.7145049532787088,0.9994772037770934
RUS,12,16.0,1.0,image_color_derived_proxy,8.0,0.0,0.21052631578947367,0.0,88.0620002746582,656,5369.57421875,1.0,nearest_physical_car_same_track_location_crossing_headway_le_2s,0.9917330973297509,0.9917330973297509,0.9917330973297509,0.9917330973297509,0.9917330973297509,0.5478992522230263,0.7215321277911406,0.8444496332212936,1.0,1.0,1.0,1.0,1.0,0.5559999942779541,0.7255954742431641,0.7956652641296387,1.0,1.0,1.0,1.0,1.0,0.5726365107948257,0.726632750657348,0.792085749178191,0.998543519553237
RUS,13,14.0,1.0,image_color_derived_proxy,8.0,0.0,0.22807017543859648,0.0,87.74400329589844,664,5369.57421875,1.0,nearest_physical_car_same_track_location_crossing_headway_le_2s,0.9963416302229492,0.9963416302229492,0.9963416302229492,0.9963416302229492,0.9963416302229492,0.5446912402466191,0.7079396172789344,0.8920103636430335,1.0,1.0,1.0,1.0,1.0,0.5594601631164551,0.7337448596954346,0.8467366695404053,1.0,1.0,1.0,1.0,1.0,0.5562526851517526,0.7324901862462156,0.8368148349945231,0.9994304996525225
RUS,14,20.0,1.0,image_color_derived_proxy,8.0,0.0,0.24561403508771928,0.0,87.8700008392334,675,5369.57421875,1.0,nearest_physical_car_same_track_location_crossing_headway_le_2s,0.9929213614080058,0.9929213614080058,0.9929213614080058,0.9929213614080058,0.9929213614080058,0.46145061916775176,0.6527685748644111,0.9031297407077469,1.0,1.0,1.0,1.0,1.0,0.4051954746246338,0.6286845207214355,0.8228538036346436,1.0,1.0,1.0,1.0,1.0,0.4070069357353854,0.6254553443280709,0.8098265444758679,0.9987522917693867
RUS,15,14.0,1.0,image_color_derived_proxy,8.0,0.0,0.2631578947368421,0.0,87.81100463867188,646,5369.57421875,1.0,nearest_physical_car_same_track_location_crossing_headway_le_2s,0.9939984741982841,0.9939984741982841,0.9939984741982841,0.9939984741982841,0.9939984741982841,0.4452783940912603,0.6132866821289062,0.8378420198711283,1.0,1.0,1.0,1.0,1.0,0.5736997127532959,0.7576215267181396,0.9645459651947021,1.0,1.0,1.0,1.0,1.0,0.5733421077058356,0.7595090864535606,0.9518624729917149,0.9989508333560652
RUS,16,16.0,1.0,image_color_derived_proxy,8.0,0.0,0.2807017543859649,0.0,87.47299671173096,651,5369.57421875,1.0,nearest_physical_car_same_track_location_crossing_headway_le_2s,0.9895967932641304,0.9961931108249448,0.9961931108249448,0.9961931108249448,0.9961931108249448,0.5926194366905524,0.7734330536860405,1.1026393851322525,1.0,1.0,1.0,1.0,1.0,0.6240723133087158,0.7914330959320068,1.0813984870910645,1.0,1.0,1.0,1.0,1.0,0.6178547823412059,0.7902298843579388,1.096128859016866,0.9992536610789167
RUS,17,14.0,1.0,image_color_derived_proxy,8.0,0.0,0.2982456140350877,0.0,87.76000022888184,654,5369.57421875,1.0,nearest_physical_car_same_track_location_crossing_headway_le_2s,0.9740656214672566,0.9954876937463372,0.9954876937463372,0.9954876937463372,0.9954876937463372,0.5548407536403389,0.9495673977598852,1.2913896040482955,1.0,1.0,1.0,1.0,1.0,0.4964451789855957,0.6956007480621338,1.0137267112731934,1.0,1.0,1.0,1.0,1.0,0.49252881778308677,0.6914258118192668,0.985099298183832,0.9988494436006526
RUS,18,15.0,1.0,image_color_derived_proxy,8.0,0.0,0.3157894736842105,0.0,87.61399841308594,657,5369.57421875,1.0,nearest_physical_car_same_track_location_crossing_headway_le_2s,0.9966557854002424,0.9966557854002424,0.9966557854002424,0.9966557854002424,0.9966557854002424,0.624428680629307,0.8097336243650057,1.1255446570260184,1.0,1.0,1.0,1.0,1.0,0.6190061569213867,0.845646858215332,1.0862376689910889,1.0,1.0,1.0,1.0,1.0,0.6340693391835849,0.84955347023149,1.078975480952838,0.9994345534435265
RUS,19,14.0,1.0,image_color_derived_proxy,8.0,0.0,0.3333333333333333,0.0,87.65900373458862,675,5369.57421875,1.0,nearest_physical_car_same_track_location_crossing_headway_le_2s,0.9778801902289647,0.9979922199483442,0.9979922199483442,0.9979922199483442,0.9979922199483442,0.7292376200358073,1.0218206624038346,1.2867895902110165,1.0,1.0,1.0,1.0,1.0,0.7355878353118896,1.005317211151123,1.2189342975616455,1.0,1.0,1.0,1.0,1.0,0.7283764607444432,1.0105715855222757,1.2164462626144947,0.9993373722232917
RUS,20,16.0,1.0,image_color_derived_proxy,8.0,0.0,0.3508771929824561,0.0,87.39199733734131,667,5369.57421875,1.0,nearest_physical_car_same_track_location_crossing_headway_le_2s,0.9673196412582709,0.9954114792509209,0.9954114792509209,0.9954114792509209,0.9954114792509209,0.823912416391514,0.9852045904315577,1.2987191500729076,1.0,1.0,1.0,1.0,1.0,0.7177278995513916,0.8430349826812744,1.0973138809204102,1.0,1.0,1.0,1.0,1.0,0.715130743002878,0.8543257438024106,1.0866872410608868,0.9986854360397661
RUS,21,14.0,1.0,image_color_derived_proxy,8.0,0.0,0.3684210526315789,0.0,87.53500247001648,661,5369.57421875,1.0,nearest_physical_car_same_track_location_crossing_headway_le_2s,0.9888730422014546,0.9962072316445352,0.9962072316445352,0.9962072316445352,0.9962072316445352,0.7710611324984928,1.0186678423200335,1.281820491607823,0.9696235754646914,1.0,1.0,1.0,1.0,0.8023471832275391,1.2200052738189697,1.4149746894836426,0.9712458077341373,1.0,1.0,1.0,1.0,0.8119937495918097,1.2068786536260683,1.4097881170692055,1.0
RUS,22,15.0,1.0,image_color_derived_proxy,8.0,0.0,0.38596491228070173,0.0,87.43599939346313,653,5369.57421875,1.0,nearest_physical_car_same_track_location_crossing_headway_le_2s,0.9501578282413413,0.9869847787313,0.989946932451121,0.989946932451121,0.989946932451121,0.7351963951338331,0.9993088329539579,1.341059518126307,1.0,1.0,1.0,1.0,1.0,0.5475144386291504,0.7150640487670898,0.9915580749511719,1.0,1.0,1.0,1.0,1.0,0.5515612791822695,0.7212550549017757,0.9875057817664465,0.9979659450198475
RUS,23,16.0,1.0,image_color_derived_proxy,8.0,0.0,0.40350877192982454,0.0,87.35699844360352,665,5369.57421875,1.0,nearest_physical_car_same_track_location_crossing_headway_le_2s,0.9870073106325938,0.9980081733794283,0.9980081733794283,0.9980081733794283,0.9980081733794283,0.7156160119645225,0.9400984330610795,1.2615499959634806,1.0,1.0,1.0,1.0,1.0,0.7765016555786133,1.0011391639709473,1.310997724533081,1.0,1.0,1.0,1.0,1.0,0.7766959959946078,1.0203012400916833,1.299334561852096,0.9994516010649982
RUS,24,14.0,1.0,image_color_derived_proxy,8.0,0.0,0.42105263157894735,0.0,87.07600402832031,641,5369.57421875,1.0,nearest_physical_car_same_track_location_crossing_headway_le_2s,0.9917772960839468,0.9940856267872905,0.9940856267872905,0.9940856267872905,0.9940856267872905,0.6637016357914095,0.8813979388186332,1.2201651616927682,1.0,1.0,1.0,1.0,1.0,0.750826358795166,0.9081344604492188,1.2431669235229492,1.0,1.0,1.0,1.0,1.0,0.7592270098317705,0.9085363823842815,1.2399989557626039,0.9988251385507829
RUS,25,15.0,1.0,image_color_derived_proxy,8.0,0.0,0.43859649122807015,0.0,87.38199615478516,649,5369.57421875,1.0,nearest_physical_car_same_track_location_crossing_headway_le_2s,0.9940262292262436,0.9940262292262436,0.9940262292262436,0.9940262292262436,0.9940262292262436,0.6400549500853151,0.8201327005306819,1.0145285470145091,1.0,1.0,1.0,1.0,1.0,0.6618533134460449,0.7818479537963867,0.9364607334136963,1.0,1.0,1.0,1.0,1.0,0.6612900636489016,0.7780520394944878,0.9278949221437595,0.9988418646900619
RUS,26,15.0,1.0,image_color_derived_proxy,8.0,0.0,0.45614035087719296,0.0,87.68900299072266,640,5369.57421875,1.0,nearest_physical_car_same_track_location_crossing_headway_le_2s,0.9968183009892789,0.9968183009892789,0.9968183009892789,0.9968183009892789,0.9968183009892789,0.6850191459872437,0.8427349228456796,1.0572575783279492,1.0,1.0,1.0,1.0,1.0,0.8159401416778564,0.9333317279815674,1.0582427978515625,1.0,1.0,1.0,1.0,1.0,0.8100498467905154,0.9226931088994882,1.0715037163786056,0.9993747317803559
RUS,27,24.0,1.0,image_color_derived_proxy,8.0,0.0,0.47368421052631576,0.0,87.36399841308594,631,5369.57421875,1.0,nearest_physical_car_same_track_location_crossing_headway_le_2s,0.9946087633980961,0.9946087633980961,0.9946087633980961,0.9946087633980961,0.9946087633980961,0.7352050206651248,0.984490774569851,1.2839882282428707,1.0,1.0,1.0,1.0,1.0,0.8023531436920166,1.2179639339447021,1.4113233089447021,0.9693352286015146,1.0,1.0,1.0,1.0,0.8045036301648374,1.2103544245401632,1.380553257347467,0.9981265950844922
RUS,28,28.0,1.0,image_color_derived_proxy,8.0,0.0,0.49122807017543857,0.0,87.13700103759766,654,5369.57421875,1.0,nearest_physical_car_same_track_location_crossing_headway_le_2s,0.35599124605963756,0.5675890690944952,0.8426730115206159,0.942091147287361,0.9934930070359815,1.2120741813413558,1.6499287666494407,2.0829694901005325,0.6490813022530604,0.9742933789653488,1.0,1.0,1.0,1.2193913459777832,1.430647850036621,1.673090934753418,0.6257157400246436,0.9602809104210487,1.0,1.0,1.0,1.1964406113605264,1.41172208631317,1.700408829857794,1.0
RUS,29,44.0,0.9420900605,image_color_derived_proxy,8.0,0.0,0.5087719298245614,0.0,86.99400329589844,637,5369.57421875,1.0,nearest_physical_car_same_track_location_crossing_headway_le_2s,0.24278683107303517,0.661873198267188,0.8792215457053502,0.988631403808124,0.9980573373639704,1.2847489801536043,1.6668334007263184,2.0379999526003574,0.07977560338200171,0.5251856219323554,1.0,1.0,1.0,1.5037646293640137,1.7338218688964844,1.8770418167114258,0.11059383320011668,0.5794768032001465,0.9307997787849273,0.9896544417801113,1.0,1.477982443712957,1.7099219190418475,1.9422391396543,0.9528627973563926
RUS,30,50.0,0.9133739921,image_color_derived_proxy,8.0,0.0,0.5263157894736842,0.0,86.7760009765625,630,5369.57421875,1.0,nearest_physical_car_same_track_location_crossing_headway_le_2s,0.18854292466333458,0.4397643692746132,0.8071587916844559,0.958560016804696,0.9936157461303524,1.3377946348448058,1.7913556166098152,2.121926602600961,0.05555685848939819,0.6273508281545194,1.0,1.0,1.0,1.5483131408691406,1.6806352138519287,1.8237342834472656,0.17537110608635345,0.6216119359170783,0.9380128186416906,0.9942494679047758,1.0,1.4499790057852968,1.7144164327270666,1.9389123007875924,0.9773553211961648
RUS,31,137.0,0.4969910003000001,image_color_derived_proxy,8.0,0.0,0.543859649122807,0.0,86.7710018157959,635,5369.57421875,0.7087390487260731,nearest_physical_car_same_track_location_crossing_headway_le_2s,0.11091272953121684,0.24779007185611762,0.532631863845192,0.8246419304499517,0.9511473407884005,1.4829829289362981,1.960164266557836,2.4018970938289868,0.0,0.16386810211110522,0.7087390487260731,1.0,1.0,1.730513572692871,1.8934061527252197,2.0971641540527344,0.028557946118957435,0.2532182152439073,0.6548271112948268,0.9280635073597594,0.9949292413040733,1.6362091894953121,1.8898046357271174,2.181637923084162,0.6166314623099217
RUS,32,206.0,0.16675621370000016,image_color_derived_proxy,8.0,0.0,0.5614035087719298,0.0,90.9010009765625,664,5369.57421875,0.3179062771516166,nearest_physical_car_same_track_location_crossing_headway_le_2s,0.13378287653710882,0.29984263602834044,0.4532183677790968,0.7535779477564917,0.877614107331117,1.415702383858817,2.0376102447509767,2.578898972733641,0.0,0.02440017588540289,0.3179062771516166,0.47881762640986975,0.9712544533687141,1.8655738830566406,2.2639377117156982,2.4539151191711426,0.0,0.08972401745559389,0.28885271494344406,0.516462776350581,0.7988799916169909,1.77667143046653,2.2366184871347152,2.68000823159958,0.247131013984286
RUS,33,239.0,0.00881783750000011,image_color_derived_proxy,9.0,0.0,0.5789473684210527,0.009708737864077669,108.49700164794922,825,5369.57421875,0.060462495426631714,nearest_physical_car_same_track_location_crossing_headway_le_2s,0.039272971739730746,0.039272971739730746,0.047946039914860634,0.06213075962249697,0.15572769231281747,2.361537494659424,3.298998246639832,4.5394182794744316,0.052508368130076546,0.05843479595095085,0.060462495426631714,0.060462495426631714,0.10951454244975307,2.3668246269226074,3.30202054977417,3.5166544914245605,0.052508368130076546,0.0558448613623353,0.0558448613623353,0.0558448613623353,0.13989329293697544,2.3476576590318836,3.1100486487040793,4.3348755495278235,0.0176955391507555
RUS,34,240.0,0.00403182610000016,image_color_derived_proxy,9.0,0.0,0.5964912280701754,0.0015432098765432098,85.23649787902832,649,5369.57421875,0.0,nearest_physical_car_same_track_location_crossing_headway_le_2s,0.038592636629137006,0.10062001894761542,0.1949341779926112,0.488939547117665,0.636974707101762,1.7473550851004465,2.2618346501342668,3.0348061524922194,0.0,0.0,0.0,0.15743249942776072,0.5898881351349822,2.2101027965545654,2.425966262817383,2.918185234069824,0.0,0.0,0.0903369421461324,0.3358770840077709,0.5816521969770594,2.012994060253454,2.4153892027932544,3.2411343597191618,0.0236131581952429
RUS,35,116.0,0.5974972397,image_color_derived_proxy,8.0,0.0,0.6140350877192983,0.001579778830963665,85.41000270843506,634,5369.57421875,0.8821449490228658,nearest_physical_car_same_track_location_crossing_headway_le_2s,0.10135806509480763,0.28160641880633636,0.6338485273191059,0.8568785771927762,0.957335160620981,1.4909489131181406,1.902095403772361,2.3210810087994034,0.04220816285563378,0.2932209742151864,0.8821449490228658,0.9931155604627432,0.9931155604627432,1.5575475692749023,1.8476955890655518,2.0459771156311035,0.09015338110696987,0.36597591568782367,0.7845334101379272,0.9219880902316787,0.9689966062717243,1.5083033571124298,1.8316537229137144,2.1760155380651987,0.7654989772245463
RUS,36,46.0,0.9325180377000001,image_color_derived_proxy,8.0,0.0,0.631578947368421,0.0,85.43399429321289,649,5369.57421875,1.0,nearest_physical_car_same_track_location_crossing_headway_le_2s,0.6114427184325565,0.8221668032460605,0.9763443113625736,0.9965236321513802,0.9965236321513802,1.0642759750038284,1.3866488963694843,1.8523642230507553,0.6204789433688833,0.8455181686891178,1.0,1.0,1.0,1.135530948638916,1.3779125213623047,1.7820327281951904,0.6123790403906338,0.8424866010725393,0.9627548707450511,0.9770934299053015,0.9910808383315081,1.105542371425278,1.3648432359622307,1.8224754199288762,0.9986871881995818
RUS,37,23.0,1.0,image_color_derived_proxy,8.0,0.0,0.6491228070175439,0.0,85.42100429534912,638,5369.57421875,1.0,nearest_physical_car_same_track_location_crossing_headway_le_2s,0.9981152176823676,0.9981152176823676,0.9981152176823676,0.9981152176823676,0.9981152176823676,0.5227866009968084,0.8361096231560958,1.287991173533554,1.0,1.0,1.0,1.0,1.0,0.655036449432373,0.8985671997070312,1.2763187885284424,0.9756617237957421,1.0,1.0,1.0,1.0,0.6600213529576123,0.881683709191752,1.2645303704057158,0.9988620653420033
RUS,38,14.0,1.0,image_color_derived_proxy,8.0,0.0,0.6666666666666666,0.0,86.27799797058105,633,5369.57421875,1.0,nearest_physical_car_same_track_location_crossing_headway_le_2s,0.9958738031181452,0.9958738031181452,0.9958738031181452,0.9958738031181452,0.9958738031181452,0.4410860123172883,0.8073666572570801,1.0079109505431294,1.0,1.0,1.0,1.0,1.0,0.49167728424072266,1.1160554885864258,1.314995288848877,1.0,1.0,1.0,1.0,1.0,0.4835084276736316,1.1085282752952708,1.2789757550849907,0.9990533497872933
RUS,39,15.0,1.0,image_color_derived_proxy,8.0,0.0,0.6842105263157895,0.0,85.74300384521484,636,5369.57421875,1.0,nearest_physical_car_same_track_location_crossing_headway_le_2s,0.9928274030304916,0.9928274030304916,0.9928274030304916,0.9928274030304916,0.9928274030304916,0.4331905834674797,0.6867894695270172,0.9702990879522306,1.0,1.0,1.0,1.0,1.0,0.4631526470184326,0.6719880104064941,0.8952641487121582,1.0,1.0,1.0,1.0,1.0,0.4730276259191376,0.6623347830826272,0.8907723665825624,0.9984480263594262
RUS,40,20.0,1.0,image_color_derived_proxy,8.0,0.0,0.7017543859649122,0.0,86.01300048828125,634,5369.57421875,1.0,nearest_physical_car_same_track_location_crossing_headway_le_2s,0.9392765490214076,0.996791182826793,0.996791182826793,0.996791182826793,0.996791182826793,0.6336972437867331,1.1722992500249487,1.4240071432931083,1.0,1.0,1.0,1.0,1.0,0.5614724159240723,0.9044468402862549,1.1008565425872803,1.0,1.0,1.0,1.0,1.0,0.5606068132289834,0.924266750218209,1.1199647744075176,0.9982190619651716
RUS,41,24.0,1.0,image_color_derived_proxy,7.0,0.0,0.7192982456140351,0.003179650238473768,85.57500076293945,630,5369.57421875,1.0,nearest_physical_car_same_track_location_crossing_headway_le_2s,0.9964008180475009,0.9964008180475009,0.9964008180475009,0.9964008180475009,0.9964008180475009,0.26694700423062057,0.8392294106326826,1.1240524144315096,1.0,1.0,1.0,1.0,1.0,0.12533950805664062,0.8037257194519043,1.0332868099212646,1.0,1.0,1.0,1.0,1.0,0.1251803255575063,0.7951507076635794,1.0492342434279271,0.9992492470692407
RUS,42,49.0,0.9181600035000002,image_color_derived_proxy,7.0,0.0,0.7368421052631579,0.0030120481927710845,86.19499969482422,665,5369.57421875,0.9773188708088894,nearest_physical_car_same_track_location_crossing_headway_le_2s,0.8909565686873211,0.9460757689600124,0.9497302573621732,0.9497302573621732,0.9497302573621732,0.3627466159495365,1.1038269336407,1.5148258847973248,0.5615755073731046,0.9314229221373351,0.9773188708088894,0.9773188708088894,0.9773188708088894,0.3233358860015869,1.4621315002441406,1.7094199657440186,0.5783283106522705,0.9458321173833624,0.9773188708088894,0.9773188708088894,0.9773188708088894,0.32264638616582303,1.4482302785540622,1.6828931918900858,0.9880767284368714
RUS,43,38.0,0.9708061289000001,image_color_derived_proxy,7.0,0.0,0.7543859649122807,0.0,85.24799537658691,633,5369.57421875,1.0,nearest_physical_car_same_track_location_crossing_headway_le_2s,0.7318295208173372,0.918754664024552,0.9798352877907732,0.9925159529133125,0.9925159529133125,1.050590675755551,1.3067232815724499,1.705728391937862,0.6884619430027868,0.983049458366254,1.0,1.0,1.0,1.1423022747039795,1.4182689189910889,1.6554245948791504,0.6562266351290061,0.9824629432600668,1.0,1.0,1.0,1.1563381882073325,1.377879540950297,1.642735687570601,1.0
RUS,44,42.0,0.9516620833,image_color_derived_proxy,7.0,0.0,0.7719298245614035,0.0,85.28899765014648,625,5369.57421875,1.0,nearest_physical_car_same_track_location_crossing_headway_le_2s,0.8436257869051699,0.9593734439293964,0.9933637397514867,0.9933637397514867,0.9933637397514867,1.0025514854724895,1.254742731692602,1.6032545725504557,0.617582593147088,1.0,1.0,1.0,1.0,1.1142449378967285,1.4389710426330566,1.606581449508667,0.678903510103923,0.973079746537246,1.0,1.0,1.0,1.1272318282976923,1.4212712285099207,1.6431486650983482,1.0
RUS,45,16.0,1.0,image_color_derived_proxy,7.0,0.0,0.7894736842105263,0.0,84.81700229644775,651,5369.57421875,1.0,nearest_physical_car_same_track_location_crossing_headway_le_2s,0.9018356681948595,0.9946708798956089,0.9946708798956089,0.9946708798956089,0.9946708798956089,0.972342986867811,1.2061023070080445,1.4889687538146972,1.0,1.0,1.0,1.0,1.0,1.061067819595337,1.209679126739502,1.374788761138916,0.9765612929492294,1.0,1.0,1.0,1.0,1.0690541955080488,1.2080003675081201,1.3756294379667355,0.9966518339336683
RUS,46,24.0,1.0,image_color_derived_proxy,7.0,0.0,0.8070175438596491,0.0,84.86800166964531,638,5369.57421875,1.0,nearest_physical_car_same_track_location_crossing_headway_le_2s,0.9853772812353374,0.9976316161444546,0.9976316161444546,0.9976316161444546,0.9976316161444546,0.9308606865981237,1.176578124476533,1.3973647681462318,1.0,1.0,1.0,1.0,1.0,1.000251293182373,1.19856595993042,1.3280057907104492,0.993236585211551,1.0,1.0,1.0,1.0,1.011565597304731,1.187020954320834,1.3047256305168893,0.9990432479839215
RUS,47,38.0,0.9708061289000001,image_color_derived_proxy,7.0,0.0,0.8245614035087719,0.0,84.62200164794922,638,5369.57421875,1.0,nearest_physical_car_same_track_location_crossing_headway_le_2s,0.9234360071016741,0.9924015056895662,0.9944577060037686,0.9944577060037686,0.9944577060037686,0.9792539324079241,1.1900898462412308,1.4301899201176969,1.0,1.0,1.0,1.0,1.0,1.001800537109375,1.0866243839263916,1.233001947402954,1.0,1.0,1.0,1.0,1.0,0.981034036890762,1.1040359532723905,1.225617118082481,0.9979747303719146
RUS,48,32.0,0.9995221973000001,image_color_derived_proxy,7.0,0.0,0.8421052631578947,0.0,84.50199890136719,640,5369.57421875,1.0,nearest_physical_car_same_track_location_crossing_headway_le_2s,0.9951007075582533,0.9951007075582533,0.9951007075582533,0.9951007075582533,0.9951007075582533,0.7037382673024608,0.8751049513397394,1.160279150509787,1.0,1.0,1.0,1.0,1.0,0.8233726024627686,1.0556645393371582,1.2383456230163574,1.0,1.0,1.0,1.0,1.0,0.8371891323008774,1.047225118375757,1.20915903516707,0.9989157292960412
RUS,49,43.0,0.9468760719000001,image_color_derived_proxy,7.0,0.0,0.8596491228070176,0.0,84.77000045776367,633,5369.57421875,1.0,nearest_physical_car_same_track_location_crossing_headway_le_2s,0.9889229742954116,0.9947505014693357,0.9947505014693357,0.9947505014693357,0.9947505014693357,0.5959908801382872,1.0710376917211493,1.3080885099978676,1.0,1.0,1.0,1.0,1.0,0.5629591941833496,0.871800422668457,1.0584659576416016,1.0,1.0,1.0,1.0,1.0,0.5682318676926246,0.8548579176897791,1.0682663771246275,0.9987356850272051
RUS,50,39.0,0.9660201175,image_color_derived_proxy,7.0,0.0,0.8771929824561403,0.0,84.5370044708252,634,5369.57421875,1.0,nearest_physical_car_same_track_location_crossing_headway_le_2s,0.9835811601878329,0.9951737112649715,0.9951737112649715,0.9951737112649715,0.9951737112649715,0.8510537389861568,1.116158284347016,1.2923260989898058,1.0,1.0,1.0,1.0,1.0,0.9179854393005371,1.115515947341919,1.2820844650268555,1.0,1.0,1.0,1.0,1.0,0.9319685844460022,1.105308269246119,1.2962426838495806,0.9987074917361207
RUS,51,27.0,1.0,image_color_derived_proxy,7.0,0.0,0.8947368421052632,0.0,84.75699615478516,643,5369.57421875,1.0,nearest_physical_car_same_track_location_crossing_headway_le_2s,0.7858228917334705,0.9630472887662546,0.9948204864446977,0.9948204864446977,0.9948204864446977,1.002647429246169,1.3025929445099638,1.6024695508254916,1.0,1.0,1.0,1.0,1.0,1.0429160594940186,1.2256677150726318,1.3855624198913574,0.9848744323321363,1.0,1.0,1.0,1.0,1.022280571589944,1.1991200958327581,1.4013882637586939,1.0
RUS,52,40.0,0.9612341061,image_color_derived_proxy,7.0,0.0,0.9122807017543859,0.0,84.42699813842773,636,5369.57421875,1.0,nearest_physical_car_same_track_location_crossing_headway_le_2s,0.8984803022525927,0.9975244884820444,0.9975244884820444,0.9975244884820444,0.9975244884820444,0.9793409345520065,1.2359037272135418,1.499420271970882,0.9585322286960469,1.0,1.0,1.0,1.0,1.1064682006835938,1.3082094192504883,1.459352970123291,0.9522309994957083,1.0,1.0,1.0,1.0,1.0808694754342545,1.293839218025389,1.4696505028993523,0.9996537169935817
RUS,53,32.0,0.9995221973000001,image_color_derived_proxy,7.0,0.0,0.9298245614035088,0.0,84.42900085449219,649,5369.57421875,1.0,nearest_physical_car_same_track_location_crossing_headway_le_2s,0.8377926866959017,0.9798173584057576,0.9953570457333306,0.9953570457333306,0.9953570457333306,1.0317180275387459,1.2904456428859545,1.5600266425351745,1.0,1.0,1.0,1.0,1.0,1.0844833850860596,1.173011064529419,1.3158257007598877,0.9923249262308429,1.0,1.0,1.0,1.0,1.0668891130260978,1.1861109662515408,1.3532941041597901,0.9989846064928853
RUS,54,33.0,0.9947361859,image_color_derived_proxy,7.0,0.0,0.9473684210526315,0.0,84.50200080871582,646,5369.57421875,1.0,nearest_physical_car_same_track_location_crossing_headway_le_2s,0.9762017757644252,0.9946628482084382,0.9946628482084382,0.9946628482084382,0.9946628482084382,0.8795491943492565,1.1685095256700133,1.317028161714613,1.0,1.0,1.0,1.0,1.0,0.966109037399292,1.094806432723999,1.2131102085113525,1.0,1.0,1.0,1.0,1.0,0.9534068711787953,1.1055849257133834,1.2133766986111385,0.998443890899371
RUS,55,183.0,0.27683447590000015,image_color_derived_proxy,6.0,0.0,0.9649122807017544,0.001594896331738437,85.85499811172485,628,5369.57421875,0.28523674636352025,nearest_physical_car_same_track_location_crossing_headway_le_2s,0.2883932287489175,0.2883932287489175,0.2883932287489175,0.2883932287489175,0.2883932287489175,0.8512326680981472,24.89700946514423,40.08327097955648,0.28523674636352025,0.28523674636352025,0.28523674636352025,0.28523674636352025,0.28523674636352025,0.8435356616973877,26.352097034454346,26.727180242538452,0.28523674636352025,0.28523674636352025,0.28523674636352025,0.28523674636352025,0.28523674636352025,0.8357353296994253,22.572934103257502,35.63117640560354,0.290129669586938
RUS,56,239.0,0.00881783750000011,image_color_derived_proxy,6.0,0.0,0.9824561403508771,0.004901960784313725,83.32949829101562,613,5369.57421875,0.0,nearest_physical_car_same_track_location_crossing_headway_le_2s,0.0,0.0,0.0,0.0,0.0,19.614170545212765,22.98408663767689,36.33526647817855,0.0,0.0,0.0,0.0,0.0,23.73934316635132,26.265460968017578,48.060821771621704,0.0,0.0,0.0,0.0,0.0,20.30472938278828,28.245560772663932,52.9370967053163,0.006005798863982337
RUS,57,241.0,0.0,image_color_derived_proxy,6.0,0.0,1.0,0.0016835016835016834,83.42699739336967,595,5369.57421875,0.0,nearest_physical_car_same_track_location_crossing_headway_le_2s,0.0,0.0,0.0,0.0,0.0,16.393711691629143,20.15285167694092,33.647044020432695,0.0,0.0,0.0,0.0,0.0,21.333508014678955,22.58449077606201,50.682915449142456,0.0,0.0,0.0,0.0,0.0,17.30531540985258,24.457927196233996,65.39727914784898,0.0059943609224146766
ALO,1,20.0,1.0,image_color_derived_proxy,6.0,0.0065757450708692185,0.017543859649122806,0.10245310245310245,92.46100234985352,694,5369.57421875,0.9934242549291308,nearest_physical_car_same_track_location_crossing_headway_le_2s,0.9934242549291308,0.9934242549291308,0.9934242549291308,0.9934242549291308,0.9934242549291308,0.01662365544226862,0.08653619935015569,0.5091548365890611,0.9934242549291308,0.9934242549291308,0.9934242549291308,0.9934242549291308,0.9934242549291308,0.019255638122558594,0.4471707344055176,0.7708919048309326,0.9996647233175938,0.9996647233175938,0.9996647233175938,0.9996647233175938,0.9996647233175938,0.020875761901372587,0.46874562293105854,0.7930533422195706,0.9963833251587922
ALO,2,23.0,1.0,image_color_derived_proxy,6.0,0.0,0.03508771929824561,0.005988023952095809,88.37650108337402,669,5369.57421875,1.0,nearest_physical_car_same_track_location_crossing_headway_le_2s,0.6164648306586986,0.8583901169973138,0.9906422917640693,0.9951683990547567,0.9951683990547567,0.6935999908447267,0.9080657290716242,1.8143589900090145,0.8505032260999679,0.9826990284762368,1.0,1.0,1.0,0.42202234268188477,0.8046133518218994,1.55484938621521,0.8965675408250384,0.9565381818596194,0.9963791314331133,1.0,1.0,0.4194190443560746,0.8335230960730543,1.508668012059812,1.0
ALO,3,23.0,1.0,image_color_derived_proxy,6.0,0.0,0.05263157894736842,0.006144393241167435,88.21200180053711,652,5369.57421875,1.0,nearest_physical_car_same_track_location_crossing_headway_le_2s,0.9810569723632514,0.9810569723632514,0.9852401139807926,0.9924953556325531,0.9961229764584334,0.3312241389833648,0.7224010665725096,0.9860966075550426,1.0,1.0,1.0,1.0,1.0,0.6051015853881836,0.814131498336792,1.1487059593200684,1.0,1.0,1.0,1.0,1.0,0.6070189027215556,0.8329707424381536,1.1311369070724635,0.996247124051699
ALO,4,28.0,1.0,image_color_derived_proxy,6.0,0.0,0.07017543859649122,0.0,88.05899810791016,657,5369.57421875,1.0,nearest_physical_car_same_track_location_crossing_headway_le_2s,0.983851741615823,0.9952191143113076,0.9952191143113076,0.9952191143113076,0.9952191143113076,0.7733115574822355,1.0507454293120668,1.2430584204457973,1.0,1.0,1.0,1.0,1.0,0.7495479583740234,0.8511068820953369,0.9928574562072754,1.0,1.0,1.0,1.0,1.0,0.7242322948648624,0.8499026323119019,1.0188568036792003,0.9993738365171636
ALO,5,20.0,1.0,image_color_derived_proxy,6.0,0.0,0.08771929824561403,0.0,87.99899291992188,666,5369.57421875,1.0,nearest_physical_car_same_track_location_crossing_headway_le_2s,0.8105206171601655,0.9655222540308156,0.9945453665056774,0.9957613151745235,0.9957613151745235,1.010406544717857,1.284190469905965,1.5767239746093749,1.0,1.0,1.0,1.0,1.0,0.9962673187255859,1.1591551303863525,1.319838285446167,0.978215748568345,1.0,1.0,1.0,1.0,0.9599003436888499,1.1553945461712714,1.302283146187075,1.0
ALO,6,28.0,1.0,image_color_derived_proxy,6.0,0.0,0.10526315789473684,0.0,87.8539981842041,651,5369.57421875,1.0,nearest_physical_car_same_track_location_crossing_headway_le_2s,0.5771734570181233,0.8664261809777195,0.9758804746148878,0.9901313352762872,0.9928631594781132,1.092167381974249,1.4067012493545563,1.7876173833362214,0.6508070192532709,1.0,1.0,1.0,1.0,1.1627964973449707,1.2517273426055908,1.6135179996490479,0.656190990355638,0.9787374499837682,1.0,1.0,1.0,1.1230537939680243,1.3628492962235357,1.6444836823758373,1.0
ALO,7,106.0,0.6453573537,image_color_derived_proxy,6.0,0.0,0.12280701754385964,0.0025031289111389237,105.94100379943848,800,5369.57421875,0.5193550932612448,nearest_physical_car_same_track_location_crossing_headway_le_2s,0.0927403162240285,0.27305765325209314,0.4466353475451005,0.5353828768057639,0.616305327687006,1.51990297626852,2.16656704932144,3.2232204166922984,0.060175012162067935,0.3668173669054959,0.5193550932612448,0.6061864520585514,0.7853712102945007,1.5152573585510254,1.9657385349273682,2.750955581665039,0.12315347527816753,0.3383770140057728,0.4760007170583497,0.607913743865022,0.7225058902829069,1.4845359431638596,2.0276246942068723,2.8799582970040447,0.48458046206991107
ALO,8,87.0,0.7362915703000001,image_color_derived_proxy,7.0,0.0,0.14035087719298245,0.007874015748031496,138.82699966430664,1017,5369.57421875,0.6749695852172409,nearest_physical_car_same_track_location_crossing_headway_le_2s,0.5156488127483931,0.6487426724588595,0.7454889604814596,0.7941107431950917,0.827821705280446,0.7010602341474066,1.4791049695946221,2.685118646136785,0.4472329382857782,0.510023256059978,0.6749695852172409,0.7588076883075202,0.809194187894731,0.9366154670715332,1.7282938957214355,2.6813313961029053,0.4293473149053525,0.5097062965847651,0.6279470464721394,0.7599170464707655,0.84103232066132,0.8891078166896477,1.737562738474309,2.719333340884925,0.662858974306763
ALO,9,84.0,0.7506496045,image_color_derived_proxy,6.0,0.0,0.15789473684210525,0.0019029495718363464,141.18500137329102,1052,5369.57421875,0.7335694247741356,nearest_physical_car_same_track_location_crossing_headway_le_2s,0.5014130699728033,0.5899634974547701,0.7365726319071695,0.8319368068138406,0.8973828910528713,0.8477354383254799,1.4934483288021574,2.4853084483045214,0.4981618744214696,0.58232819657159,0.7335694247741356,0.8482770475570091,0.9321457809032557,0.8826577663421631,1.5037975311279297,2.3430213928222656,0.4915038720723715,0.6089882923636265,0.7269256344924824,0.7911888883464047,0.9209972110573884,0.8601583123696164,1.5153297133343184,2.472674074253037,0.7095737305206409
ALO,10,61.0,0.8607278667,image_color_derived_proxy,6.0,0.0,0.17543859649122806,0.0019029495718363464,137.61299896240234,1052,5369.57421875,0.7347343361454274,nearest_physical_car_same_track_location_crossing_headway_le_2s,0.6538698304109349,0.7218213418724353,0.7658869404841053,0.8079106629986338,0.8572445719383252,0.5528846190525936,1.1246461671239276,2.703455298287528,0.5016240965343811,0.616780450425512,0.7347343361454274,0.8268621601199875,0.905226991578687,0.8997774124145508,1.48974609375,2.480642318725586,0.5150530583388487,0.6250936605443048,0.7504596331439489,0.8320870116782467,0.903017891735036,0.8912877281901255,1.471051842119555,2.4662829635892867,0.7373241839186679
ALO,11,15.0,1.0,image_color_derived_proxy,6.0,0.0,0.19298245614035087,0.0,87.92699480056763,647,5369.57421875,1.0,nearest_physical_car_same_track_location_crossing_headway_le_2s,0.9952574292268912,0.9952574292268912,0.9952574292268912,0.9952574292268912,0.9952574292268912,0.5989786421711925,0.799535313849581,0.9678949734580191,1.0,1.0,1.0,1.0,1.0,0.5197551250457764,0.6742689609527588,0.7511506080627441,1.0,1.0,1.0,1.0,1.0,0.5123831631746762,0.6648811328204464,0.7630765006888688,0.9994969568106478
ALO,12,23.0,1.0,image_color_derived_proxy,6.0,0.0,0.21052631578947367,0.0,87.62000274658203,651,5369.57421875,1.0,nearest_physical_car_same_track_location_crossing_headway_le_2s,0.9965761241438373,0.9965761241438373,0.9965761241438373,0.9965761241438373,0.9965761241438373,0.9485720939839529,1.1157569618214322,1.321532040002211,1.0,1.0,1.0,1.0,1.0,0.9887855052947998,1.1680257320404053,1.2958872318267822,0.9908239597810237,1.0,1.0,1.0,1.0,0.9604169692032636,1.1414101713780571,1.3524942677524883,0.9995014217679989
ALO,13,31.0,1.0,image_color_derived_proxy,6.0,0.0,0.22807017543859648,0.0,87.8489990234375,667,5369.57421875,1.0,nearest_physical_car_same_track_location_crossing_headway_le_2s,0.4223838958038634,0.7027740701781157,0.8732826461147745,0.9781557092599585,0.9961980216606928,1.1909383920522836,1.561451629779306,2.0281143447100107,0.6019419874551697,0.7895366069207778,1.0,1.0,1.0,1.2915873527526855,1.4344704151153564,1.849034070968628,0.48758674789900497,0.797926007751588,0.9717241950701652,0.9881728707624028,1.0,1.2110723702895194,1.5202145360093147,1.8024162810464743,0.9620181211975565
ALO,14,214.0,0.12846812250000014,image_color_derived_proxy,6.0,0.0,0.24561403508771928,0.0,87.76299858093262,679,5369.57421875,0.07196654725643598,nearest_physical_car_same_track_location_crossing_headway_le_2s,0.04635206827135941,0.1383156872304612,0.3162722077172305,0.4946731700347555,0.7122365015278154,1.6482392525558835,2.2518915015530876,2.7533421271395566,0.0,0.0,0.07196654725643598,0.279058368763652,0.425372850989111,2.0799689292907715,2.631997585296631,3.245587110519409,0.0,0.0,0.14070849560691287,0.2997276948621161,0.4347048536430516,1.9486461156394965,2.649654023445736,3.2914873899762065,0.0968751361883109
ALO,15,241.0,0.0,image_color_derived_proxy,6.0,0.0,0.2631578947368421,0.0,87.73999786376953,640,5369.57421875,0.0,nearest_physical_car_same_track_location_crossing_headway_le_2s,0.0018691321420034352,0.023569647182667307,0.08377023117831192,0.16328928018739058,0.23512648999931046,2.046393686480227,2.766760452230987,3.3577489196336128,0.0,0.0,0.0,0.0,0.0,2.590284585952759,2.7233693599700928,2.996079444885254,0.0,0.0,0.0,0.08194667953942247,0.2555277351627881,2.294443418176231,2.735851402139294,3.5488940545435947,0.0
ALO,16,240.0,0.00403182610000016,image_color_derived_proxy,6.0,0.0,0.2807017543859649,0.0,87.52200166881084,651,5369.57421875,0.0,nearest_physical_car_same_track_location_crossing_headway_le_2s,0.0,0.0,0.020531995699171714,0.04499441375615395,0.10483078558296327,2.482279940518466,3.441535906572049,4.279869056114784,0.0,0.0,0.0,0.0,0.0,2.9269070625305176,3.1293983459472656,3.4512341022491455,0.0,0.0,0.0,0.012785350653148238,0.07085071502809967,2.5680162864801255,3.1377048496506497,4.1134257695694325,0.0
ALO,17,241.0,0.0,image_color_derived_proxy,6.0,0.0,0.2982456140350877,0.0,87.70699882507324,656,5369.57421875,0.0,nearest_physical_car_same_track_location_crossing_headway_le_2s,0.0,0.0,0.011413004865830035,0.02870921054311235,0.05398657659915213,2.7153653079516267,3.7251083778531457,4.665115366901829,0.0,0.0,0.0,0.0,0.0,3.293062210083008,3.62306547164917,3.8750295639038086,0.0,0.0,0.0,0.0,0.015050106747545713,2.843840237388605,3.569191172803061,4.956765610999361,0.0
ALO,18,240.0,0.00403182610000016,image_color_derived_proxy,6.0,0.0,0.3157894736842105,0.0,87.51699829101562,654,5369.57421875,0.0,nearest_physical_car_same_track_location_crossing_headway_le_2s,0.0,0.0,0.0,0.0,0.019013476821780926,3.119184586808488,4.274647449269368,5.67611083984375,0.0,0.0,0.0,0.0,0.0,3.745025157928467,3.961228132247925,4.114748001098633,0.0,0.0,0.0,0.0,0.0,3.1090575458451157,3.844598019993305,5.5910322441986935,0.0
ALO,19,241.0,0.0,image_color_derived_proxy,6.0,0.0,0.3333333333333333,0.0,87.57999801635742,676,5369.57421875,0.0,nearest_physical_car_same_track_location_crossing_headway_le_2s,0.0,0.0,0.0,0.0,0.006382736103218271,3.4833237650278157,4.901579589843751,6.4374377619611085,0.0,0.0,0.0,0.0,0.0,4.226901531219482,4.664408206939697,5.138590335845947,0.0,0.0,0.0,0.0,0.0,3.5887733219050033,4.66490976119091,6.591116127828435,0.004114116472836327
ALO,20,241.0,0.0,image_color_derived_proxy,6.0,0.0,0.3508771929824561,0.0,87.447998046875,666,5369.57421875,0.0,nearest_physical_car_same_track_location_crossing_headway_le_2s,0.0,0.0,0.0,0.0,0.0,4.100616900590214,5.731431382702244,7.747262760780377,0.0,0.0,0.0,0.0,0.0,5.041486501693726,5.427341461181641,5.920476198196411,0.0,0.0,0.0,0.0,0.0,4.164738002217622,5.511689967033856,7.892981807695022,0.006417564760415551
ALO,21,240.0,0.00403182610000016,image_color_derived_proxy,6.0,0.0,0.3684210526315789,0.0,87.4889965057373,659,5369.57421875,0.0,nearest_physical_car_same_track_location_crossing_headway_le_2s,0.0,0.0,0.0,0.0,0.0,4.721077529698203,6.483544183541861,9.173149756025067,0.0,0.0,0.0,0.0,0.0,5.902390241622925,6.215639114379883,6.663191318511963,0.0,0.0,0.0,0.0,0.0,4.738321201127148,6.315856920352384,9.18520942728635,0.006406126818848001
ALO,22,241.0,0.0,image_color_derived_proxy,6.0,0.0,0.38596491228070173,0.0,87.45000457763672,656,5369.57421875,0.0,nearest_physical_car_same_track_location_crossing_headway_le_2s,0.0,0.0,0.0,0.0,0.0,5.290237711578796,7.11141751714016,10.126127596768466,0.0,0.0,0.0,0.0,0.0,6.69183611869812,6.907413721084595,7.331039190292358,0.0,0.0,0.0,0.0,0.0,5.353594015319478,6.957795760841602,10.46700656260387,0.006394688877280341
ALO,23,241.0,0.0,image_color_derived_proxy,6.0,0.0,0.40350877192982454,0.0,87.32950210571289,661,5369.57421875,0.0,nearest_physical_car_same_track_location_crossing_headway_le_2s,0.0,0.0,0.0,0.0,0.0,5.71123904059915,7.530758351293104,10.911068468111992,0.0,0.0,0.0,0.0,0.0,7.110189199447632,7.249604940414429,7.584484100341797,0.0,0.0,0.0,0.0,0.0,5.604541868929303,7.2676623893942125,10.88916297690845,0.006383250935712792
ALO,24,241.0,0.0,image_color_derived_proxy,6.0,0.0,0.42105263157894735,0.001557632398753894,87.06100225448608,643,5369.57421875,0.0,nearest_physical_car_same_track_location_crossing_headway_le_2s,0.0,0.0,0.0,0.0,0.0,5.846809227412732,7.55876508912455,11.055417880867987,0.0,0.0,0.0,0.0,0.0,7.403123378753662,7.521597623825073,7.782054424285889,0.0,0.0,0.0,0.0,0.0,5.808039157358997,7.649634657915064,13.117016070191157,0.006371812994145132
ALO,25,168.0,0.3486246469000001,image_color_derived_proxy,6.0,0.0,0.43859649122807015,0.0,87.28900146484375,647,5369.57421875,0.4291491578551935,nearest_physical_car_same_track_location_crossing_headway_le_2s,0.06711037812302686,0.1855674627030304,0.31939881295961314,0.38906391812741803,0.4438130815414962,1.6123271588618664,2.6866991378137812,3.5813682136954843,0.10356403170871724,0.30244359742347443,0.4291491578551935,0.49261648900669375,0.5812644697068755,1.4930174350738525,2.2883048057556152,2.801388740539551,0.1569269755716736,0.31737103824582574,0.3897398175392251,0.5049776927901616,0.6607820096486855,1.4232172798772513,2.2429840653760102,2.891248388138501,0.384019274980077
ALO,26,57.0,0.8798719123000001,image_color_derived_proxy,6.0,0.0,0.45614035087719296,0.0015600624024961,87.8589973449707,642,5369.57421875,0.9398467999052957,nearest_physical_car_same_track_location_crossing_headway_le_2s,0.3715044387283636,0.4678064082218128,0.6736249658025811,0.8767685563411729,0.9345997185879693,0.7028308970356459,1.816626135784647,2.308663789894549,0.8329482790443384,0.9350777931850389,0.9398467999052957,0.9405410927170016,0.9423621907518891,0.5855629444122314,1.2496685981750488,1.584428071975708,0.8056431081601456,0.9405410927170016,0.9423621907518891,0.9457653739459803,0.9491913138100173,0.5766798829564606,1.244584674651843,1.5799900952707322,0.8849933819684904
ALO,27,182.0,0.2816204873000001,image_color_derived_proxy,6.0,0.0,0.47368421052631576,0.0,86.5989990234375,627,5369.57421875,0.23609971681051678,nearest_physical_car_same_track_location_crossing_headway_le_2s,0.0415939949627794,0.1499093392893846,0.22516429704354682,0.37187497683926696,0.47230328507459757,1.6420880908107025,2.605648095703125,3.4127584944100215,0.0,0.17560248906147144,0.23609971681051678,0.3924641150011488,0.4869224851603918,1.616685152053833,2.519944667816162,2.685093641281128,0.012459722762570498,0.15340824895090208,0.31531541457692847,0.4647513713686834,0.5873855709742761,1.622163490482324,2.328965559723131,2.8760311587961866,0.25749773319063646
ALO,28,241.0,0.0,image_color_derived_proxy,6.0,0.0,0.49122807017543857,0.0,86.38700103759766,648,5369.57421875,0.0,nearest_physical_car_same_track_location_crossing_headway_le_2s,0.0,0.001852128740323717,0.01203888097033653,0.03935775229121612,0.06991793170434792,2.6036843446081237,3.6353593423332966,4.8371998378208705,0.0,0.0,0.0,0.0,0.0,2.8097031116485596,3.5679235458374023,3.8472673892974854,0.0,0.0,0.0,0.0,0.04743770973504442,2.6863778316136426,3.4392278891312356,4.461147754381095,0.0
ALO,29,239.0,0.00881783750000011,image_color_derived_proxy,6.0,0.0,0.5087719298245614,0.0,86.11199951171875,631,5369.57421875,0.0,nearest_physical_car_same_track_location_crossing_headway_le_2s,0.0,0.0,0.0,0.006503174661677743,0.022284922031542486,3.289265922066215,4.547882363993906,6.101325988769531,0.0,0.0,0.0,0.0,0.0,3.9997506141662598,4.477108478546143,4.900123596191406,0.0,0.0,0.0,0.0,0.0,3.4218949002185894,4.444135097861604,6.021715699596145,0.0
ALO,30,239.0,0.00881783750000011,image_color_derived_proxy,6.0,0.0,0.5263157894736842,0.0,85.98999786376953,624,5369.57421875,0.0,nearest_physical_car_same_track_location_crossing_headway_le_2s,0.0,0.0,0.0,0.0,0.0,4.092870014962122,5.502872079933805,7.6915030722292315,0.0,0.0,0.0,0.0,0.0,5.048224925994873,5.279999256134033,5.558609247207642,0.0,0.0,0.0,0.0,0.0,4.084970127717552,5.2458459582700065,7.427605773387416,0.006303185344739615
ALO,31,241.0,0.0,image_color_derived_proxy,6.0,0.0,0.543859649122807,0.0,86.00700378417969,631,5369.57421875,0.0,nearest_physical_car_same_track_location_crossing_headway_le_2s,0.0,0.0,0.0,0.0,0.0,4.0466653252670115,5.750033350310257,7.866092770598656,0.0,0.0,0.0,0.0,0.0,5.395734786987305,5.551036596298218,5.6907570362091064,0.0,0.0,0.0,0.0,0.0,4.2205727743315355,5.402393743100288,8.229816683313654,0.0062917474031720655
ALO,32,240.0,0.00403182610000016,image_color_derived_proxy,6.0,0.0,0.5614035087719298,0.0015082956259426848,90.7770004272461,664,5369.57421875,0.0,nearest_physical_car_same_track_location_crossing_headway_le_2s,0.0,0.0,0.0,0.0,0.004869005489260966,3.5843452116029453,5.087252819133255,7.191611746165175,0.0,0.0,0.0,0.0,0.0,4.659210681915283,5.019948244094849,5.987374782562256,0.0,0.0,0.0,0.0,0.0,3.641875785625831,5.259114768362939,8.255659528346147,0.004514421984124883
ALO,33,239.0,0.00881783750000011,image_color_derived_proxy,7.0,0.0,0.5789473684210527,0.0036231884057971015,109.3270034790039,829,5369.57421875,0.0685924039001769,nearest_physical_car_same_track_location_crossing_headway_le_2s,0.03218784397505909,0.03545328886301878,0.04261528008000721,0.0526768504161529,0.06272927890580332,2.9227151935962046,4.528463818359375,7.295189110008446,0.05283233159166038,0.06402811023587429,0.0685924039001769,0.0795777892279599,0.09293221254527918,2.581988573074341,4.5153515338897705,5.048599720001221,0.05629899305701183,0.06842775470876625,0.07590075625401745,0.0821206226169701,0.09455121349638014,2.760514788961515,4.454629276613012,6.975827821830376,0.06932385438167088
ALO,34,239.0,0.00881783750000011,image_color_derived_proxy,7.0,0.0,0.5964912280701754,0.0,86.76249885559082,661,5369.57421875,0.0014118941657763142,nearest_physical_car_same_track_location_crossing_headway_le_2s,0.02514332347070208,0.03021466704897544,0.03251977525678612,0.03713007960664903,0.050534467617632986,3.0314377171205975,4.494195832626248,5.803588674038272,0.0014118941657763142,0.0014118941657763142,0.0014118941657763142,0.006736752162418413,0.006736752162418413,4.49519681930542,4.610177278518677,5.015799283981323,0.0,0.0014118941657763142,0.0014118941657763142,0.006736752162418413,0.006736752162418413,3.6515733829717827,4.688302737273955,7.1052431577568536,0.009207492656182148
ALO,35,240.0,0.00403182610000016,image_color_derived_proxy,6.0,0.0,0.6140350877192983,0.0015625,86.18000030517578,641,5369.57421875,0.003922023651963985,nearest_physical_car_same_track_location_crossing_headway_le_2s,0.0,0.0,0.0,0.0,0.0,6.473689484854468,8.486398969377792,12.558327720905174,0.003922023651963985,0.003922023651963985,0.003922023651963985,0.003922023651963985,0.003922023651963985,7.8986170291900635,8.674641847610474,9.389483451843262,0.003922023651963985,0.003922023651963985,0.003922023651963985,0.003922023651963985,0.003922023651963985,6.692496478020079,8.700292395046604,12.390641848903353,0.009379513496825864
ALO,36,239.0,0.00881783750000011,image_color_derived_proxy,6.0,0.0,0.631578947368421,0.0,85.80000257492065,649,5369.57421875,0.0,nearest_physical_car_same_track_location_crossing_headway_le_2s,0.0,0.0,0.0,0.0,0.0,7.44632896064912,9.772683099642242,14.00657648636123,0.0,0.0,0.0,0.0,0.0,9.269256114959717,9.556321620941162,9.916347742080688,0.0,0.0,0.0,0.0,0.0,7.448923236126236,9.630081249307683,14.048329952922069,0.0062345576953340975
ALO,37,240.0,0.00403182610000016,image_color_derived_proxy,6.0,0.0,0.6491228070175439,0.0,86.14999675750732,643,5369.57421875,0.0,nearest_physical_car_same_track_location_crossing_headway_le_2s,0.0,0.0,0.0,0.0,0.0,8.23341642680921,11.05748364945416,16.12788779537791,0.0,0.0,0.0,0.0,0.0,10.159489631652832,10.75060248374939,11.574529886245728,0.0,0.0,0.0,0.0,0.0,8.338111605023094,10.730195776264344,16.550172492744267,0.006223119753766548
ALO,38,240.0,0.00403182610000016,image_color_derived_proxy,6.0,0.0,0.6666666666666666,0.0,85.84899139404297,634,5369.57421875,0.0,nearest_physical_car_same_track_location_crossing_headway_le_2s,0.0,0.0,0.0,0.0,0.0,9.108899161238437,12.10241646144701,18.173829444679054,0.0,0.0,0.0,0.0,0.0,11.802001237869263,12.39592719078064,13.013683795928955,0.0,0.0,0.0,0.0,0.0,9.45624327405955,12.206541716214735,18.77621322149501,0.006211681812198888
ALO,39,241.0,0.0,image_color_derived_proxy,6.0,0.0,0.6842105263157895,0.0,86.0094985961914,635,5369.57421875,0.0,nearest_physical_car_same_track_location_crossing_headway_le_2s,0.0,0.0,0.0,0.0,0.0,9.909431930608626,13.687093098958334,20.395491750616777,0.0,0.0,0.0,0.0,0.0,13.107561111450195,13.664461851119995,14.34534478187561,0.0,0.0,0.0,0.0,0.0,10.542286561727988,13.583115941558077,20.232032872376436,0.006200243870631339
ALO,40,240.0,0.00403182610000016,image_color_derived_proxy,6.0,0.0,0.7017543859649122,0.0,85.66899871826172,634,5369.57421875,0.0,nearest_physical_car_same_track_location_crossing_headway_le_2s,0.0,0.0,0.0,0.0,0.0,10.749261315387228,14.57497455742076,22.102249090309087,0.0,0.0,0.0,0.0,0.0,14.3054518699646,14.789908170700073,15.269065141677856,0.0,0.0,0.0,0.0,0.0,11.381564622360859,14.546961778436707,22.003568765344383,0.006188805929063679
ALO,41,160.0,0.38691273810000015,image_color_derived_proxy,8.0,0.0,0.7192982456140351,0.0030721966205837174,88.80900192260742,652,5369.57421875,0.34472858624338815,nearest_physical_car_same_track_location_crossing_headway_le_2s,0.3528246323023913,0.3528246323023913,0.3528246323023913,0.3528246323023913,0.3528246323023913,0.7831371793664272,12.291945082720588,24.029644698354534,0.34472858624338815,0.34472858624338815,0.34472858624338815,0.34472858624338815,0.34472858624338815,0.8686220645904541,15.372019052505493,15.724072694778442,0.34472858624338815,0.34472858624338815,0.34472858624338815,0.34472858624338815,0.34472858624338815,0.8744770189679607,12.467160751864993,20.35204289602483,0.3501268086058167
ALO,42,32.0,0.9995221973000001,image_color_derived_proxy,8.0,0.0,0.7368421052631579,0.0030211480362537764,86.177001953125,663,5369.57421875,1.0,nearest_physical_car_same_track_location_crossing_headway_le_2s,0.9647237695192429,0.9972034302516902,0.9972034302516902,0.9972034302516902,0.9972034302516902,0.7666106677446209,0.941840900074352,1.286870646456063,0.962472583952819,1.0,1.0,1.0,1.0,0.6709356307983398,0.8019759654998779,1.2721025943756104,0.9394850240699925,1.0,1.0,1.0,1.0,0.6599632708995055,0.8101849390104378,1.297303630496992,1.0
ALO,43,28.0,1.0,image_color_derived_proxy,8.0,0.0,0.7543859649122807,0.0,85.70899963378906,638,5369.57421875,1.0,nearest_physical_car_same_track_location_crossing_headway_le_2s,0.5533257679777106,0.9192500561907772,0.9931279096808364,0.9931279096808364,0.9931279096808364,1.1007574062660093,1.4743423615410545,1.7128816602246277,0.7524297559651238,1.0,1.0,1.0,1.0,1.1050267219543457,1.3827557563781738,1.5579986572265625,0.7620204423159946,0.980807188858871,1.0,1.0,1.0,1.123600450909583,1.3910779113879284,1.613610653948098,1.0
ALO,44,40.0,0.9612341061,image_color_derived_proxy,8.0,0.0,0.7719298245614035,0.0,85.47099876403809,625,5369.57421875,1.0,nearest_physical_car_same_track_location_crossing_headway_le_2s,0.1362099524230643,0.42881209167913203,0.8574956042454268,0.9691825383280096,0.994980784083182,1.4306666698270631,1.7887217991788622,2.035805808558564,0.08353710021992386,0.9877619586204133,1.0,1.0,1.0,1.5022242069244385,1.5661125183105469,1.7013239860534668,0.36397140341616946,0.8473518435111372,0.9573422513132199,1.0,1.0,1.3952261750935178,1.5482557990359493,1.831308659576233,1.0
ALO,45,159.0,0.39169874950000005,image_color_derived_proxy,8.0,0.0,0.7894736842105263,0.0,85.3010025024414,657,5369.57421875,0.6940129320742326,nearest_physical_car_same_track_location_crossing_headway_le_2s,0.10025678022047707,0.2198215657193956,0.6048579779715897,0.9151827149059132,0.9781362415274915,1.4956703786099894,1.948080612014938,2.233931396484375,0.0,0.04541564528937828,0.6940129320742326,0.9985228842922451,1.0,1.8414907455444336,1.9526629447937012,2.18678879737854,0.0,0.20582408321111986,0.5466875836775092,0.8532724854531158,0.9309504307158497,1.689248851173534,1.9474612379410194,2.385700042175104,0.5880219764005533
ALO,46,236.0,0.0231758717000001,image_color_derived_proxy,8.0,0.0,0.8070175438596491,0.0,84.92200374603271,637,5369.57421875,0.0,nearest_physical_car_same_track_location_crossing_headway_le_2s,0.010586186479245412,0.07787147093661309,0.16915530447765467,0.38053737246577446,0.7576129383806954,1.8620180212933086,2.300700822965367,2.759583282470703,0.0,0.0,0.0,0.07776547936529149,0.9594097847573492,2.265432357788086,2.36090087890625,2.4435184001922607,0.0,0.0,0.04696081599444339,0.41681769803477764,0.7559996653459248,2.0639760243384293,2.270463223142959,2.9930447394592,0.0
ALO,47,240.0,0.00403182610000016,image_color_derived_proxy,8.0,0.0,0.8245614035087719,0.0,84.81800079345703,639,5369.57421875,0.0,nearest_physical_car_same_track_location_crossing_headway_le_2s,0.008488756002488022,0.05457573760272873,0.1336038135278776,0.2175481896851429,0.5183805443886154,1.8988042563580454,2.485033233755189,2.975171797114647,0.0,0.0,0.0,0.015692423282614925,0.7072084276123669,2.344717264175415,2.4040255546569824,2.572047710418701,0.0,0.0,0.00999787267821717,0.3327005872172697,0.6918107050160269,2.1039567739047436,2.3767349978873025,3.127499676546498,0.0
ALO,48,241.0,0.0,image_color_derived_proxy,8.0,0.0,0.8421052631578947,0.0,85.12299728393555,646,5369.57421875,0.0,nearest_physical_car_same_track_location_crossing_headway_le_2s,0.0,0.01998287390301626,0.05732879291893073,0.1360502616170852,0.23079544908120883,2.1211614007023614,2.8349457496820496,3.4475813945484584,0.0,0.0,0.0,0.0,0.055766360349912655,2.531240701675415,2.631423234939575,2.92360520362854,0.0,0.0,0.018949083427117715,0.12345663576431504,0.4095838843767969,2.201656527336167,2.6106567013232556,3.5761820590545526,0.0
ALO,49,241.0,0.0,image_color_derived_proxy,8.0,0.0,0.8596491228070176,0.0,84.63899803161621,626,5369.57421875,0.0,nearest_physical_car_same_track_location_crossing_headway_le_2s,0.0,0.006143745434810439,0.020321570977994897,0.07638318046532781,0.1358237936040462,2.327687563584027,3.1377406570146666,3.8188206667155886,0.0,0.0,0.0,0.0,0.0,3.0189144611358643,3.110499620437622,3.2488300800323486,0.0,0.0,0.0,0.018431236304431317,0.05386408190825279,2.5960359446891363,3.016943536774985,4.21850302212312,0.0
ALO,50,240.0,0.00403182610000016,image_color_derived_proxy,8.0,0.0,0.8771929824561403,0.0,84.84400367736816,641,5369.57421875,0.0,nearest_physical_car_same_track_location_crossing_headway_le_2s,0.0,0.00801471259844812,0.03240065186700814,0.07800193774239343,0.1558742520377532,2.3515279541015626,3.0723185819738053,3.7891090957250273,0.0,0.0,0.0,0.0,0.0,3.070957660675049,3.18619704246521,3.5164449214935303,0.0,0.0,0.0,0.0,0.025364201758198406,2.6739837326275735,3.145852062404342,4.343165048895263,0.0
ALO,51,239.0,0.00881783750000011,image_color_derived_proxy,8.0,0.0,0.8947368421052632,0.0,84.94200134277344,645,5369.57421875,0.0,nearest_physical_car_same_track_location_crossing_headway_le_2s,0.0,0.002825477086398028,0.011855147672101487,0.052188591692221634,0.09690137924059583,2.5049915119753043,3.416490600197718,4.1547240158607215,0.0,0.0,0.0,0.0,0.0,3.3170154094696045,3.3999228477478027,3.5372116565704346,0.0,0.0,0.0,0.0,0.019307284543843194,2.776351437440544,3.313326074025132,4.675587002459794,0.0
ALO,52,240.0,0.00403182610000016,image_color_derived_proxy,8.0,0.0,0.9122807017543859,0.0,84.39899826049805,635,5369.57421875,0.0,nearest_physical_car_same_track_location_crossing_headway_le_2s,0.0,0.0,0.004419474152203979,0.02549792672810662,0.0555457023105995,2.768003310213673,3.708677777031569,4.720005615234375,0.0,0.0,0.0,0.0,0.0,3.3721063137054443,3.4930667877197266,3.6917266845703125,0.0,0.0,0.0,0.0,0.01129163792615228,2.829294118709953,3.387021283752022,4.742895760252416,0.0
ALO,53,239.0,0.00881783750000011,image_color_derived_proxy,8.0,0.0,0.9298245614035088,0.0,84.27899932861328,652,5369.57421875,0.0,nearest_physical_car_same_track_location_crossing_headway_le_2s,0.0,0.0027053078784210587,0.010299125967705769,0.05163808861120106,0.1087814656287984,2.4685455322265626,3.3689768146786054,4.194602399769667,0.0,0.0,0.0,0.0,0.0,3.302844285964966,3.401271343231201,3.468960762023926,0.0,0.0,0.0,0.0,0.026210558399915557,2.780793607458227,3.3156201161067895,4.613533037382205,0.0
ALO,54,239.0,0.00881783750000011,image_color_derived_proxy,8.0,0.0,0.9473684210526315,0.0,84.19899940490723,642,5369.57421875,0.0,nearest_physical_car_same_track_location_crossing_headway_le_2s,0.0,0.0010926609811749022,0.010926496547420093,0.05837358086874873,0.10267347423038305,2.4944154037541133,3.230694362095424,4.095552147239264,0.0,0.0,0.0,0.0,0.0,3.1127002239227295,3.305628776550293,3.393817663192749,0.0,0.0,0.0,0.0,0.018515682295822643,2.728441974863104,3.157793623752798,4.431790886276112,0.0
ALO,55,226.0,0.07103598570000016,image_color_derived_proxy,7.0,0.0,0.9649122807017544,0.003189792663476874,86.56800305843353,628,5369.57421875,0.05462757513720921,nearest_physical_car_same_track_location_crossing_headway_le_2s,0.08685658374266461,0.1037565682828309,0.13108771230916139,0.19407866542908128,0.26291480090426483,1.6848432638562354,3.0916878287841523,4.053777786176931,0.040985123952766406,0.046298854987570984,0.05462757513720921,0.06829313888801755,0.12965526198533947,2.363743782043457,2.8428173065185547,3.1386959552764893,0.04421956126683815,0.05994135023791725,0.091592720947848,0.1596432660208343,0.30249050447600584,2.128938576229039,2.8655979446653097,3.7908268077922322,0.06212510330377474
ALO,56,239.0,0.00881783750000011,image_color_derived_proxy,7.0,0.0,0.9824561403508771,0.0,84.49300003051758,620,5369.57421875,0.0,nearest_physical_car_same_track_location_crossing_headway_le_2s,0.0,0.0,0.0,0.0,0.005207532660238572,3.546792613636364,4.899098265469275,6.565994528065557,0.0,0.0,0.0,0.0,0.0,3.831723690032959,5.1069676876068115,5.396480560302734,0.0,0.0,0.0,0.0,0.0,3.5945647210511438,4.833584962000139,6.72623107909334,0.003989663278246569
ALO,57,239.0,0.00881783750000011,image_color_derived_proxy,7.0,0.0,1.0,0.001669449081803005,84.07100105285645,600,5369.57421875,0.0,nearest_physical_car_same_track_location_crossing_headway_le_2s,0.0,0.0,0.0,0.0,0.0,4.115783410217708,5.377942320178072,7.590491847488306,0.0,0.0,0.0,0.0,0.0,4.868793487548828,5.27262282371521,5.41782808303833,0.0,0.0,0.0,0.0,0.0,4.078174677006418,5.2560857686215705,8.230812437083138,0.005866889609817294
HAD,1,19.0,1.0,image_color_derived_proxy,8.0,0.006500796156972114,0.017543859649122806,0.09272467902995721,93.52700281143188,702,5369.57421875,0.9934992038430279,nearest_physical_car_same_track_location_crossing_headway_le_2s,0.9934992038430279,0.9934992038430279,0.9934992038430279,0.9934992038430279,0.9934992038430279,0.027880775223907407,0.1708693867766736,0.7413177632394873,0.9934992038430279,0.9934992038430279,0.9934992038430279,0.9934992038430279,0.9934992038430279,0.015751123428344727,0.1369953155517578,0.721825122833252,1.0,1.0,1.0,1.0,1.0,0.016463359291321224,0.13972548067032653,0.7499224402871227,0.9963550448631263
HAD,2,15.0,1.0,image_color_derived_proxy,8.0,0.0,0.03508771929824561,0.0029895366218236174,88.76300048828125,670,5369.57421875,1.0,nearest_physical_car_same_track_location_crossing_headway_le_2s,0.995482351983597,0.995482351983597,0.995482351983597,0.995482351983597,0.995482351983597,0.23067871001829585,0.44085023299507475,0.5861570587957093,1.0,1.0,1.0,1.0,1.0,0.36582326889038086,0.5783751010894775,0.7080364227294922,1.0,1.0,1.0,1.0,1.0,0.36541856079863505,0.57742310619727,0.7170907271693333,0.9993888035970949
HAD,3,20.0,1.0,image_color_derived_proxy,8.0,0.0,0.05263157894736842,0.0,88.47699737548828,657,5369.57421875,1.0,nearest_physical_car_same_track_location_crossing_headway_le_2s,0.9917492677110703,0.9917492677110703,0.9917492677110703,0.9917492677110703,0.9917492677110703,0.7686256877536881,0.9176222229003907,1.1154374813949701,1.0,1.0,1.0,1.0,1.0,0.8899173736572266,1.0422875881195068,1.3036067485809326,0.9873526076936191,1.0,1.0,1.0,1.0,0.8851311556732194,1.060670860727475,1.2853516779650096,0.9983172041959012
HAD,4,20.0,1.0,image_color_derived_proxy,8.0,0.0,0.07017543859649122,0.0,88.14100074768066,658,5369.57421875,1.0,nearest_physical_car_same_track_location_crossing_headway_le_2s,0.9803156323325594,0.9951895259709271,0.9951895259709271,0.9951895259709271,0.9951895259709271,0.837331495101305,0.9985339636941557,1.3192827948208514,0.987190981489818,1.0,1.0,1.0,1.0,0.9163229465484619,1.1082792282104492,1.3368635177612305,0.9512485580086537,0.9800319971736764,1.0,1.0,1.0,0.8960652632463157,1.090506391084774,1.4007638405955196,1.0
HAD,5,25.0,1.0,image_color_derived_proxy,8.0,0.0,0.08771929824561403,0.0,88.24599838256836,667,5369.57421875,1.0,nearest_physical_car_same_track_location_crossing_headway_le_2s,0.9562246411768708,0.9975636288611728,0.9975636288611728,0.9975636288611728,0.9975636288611728,0.953605226260228,1.1701919383034103,1.3765198865473667,0.9666953722144045,1.0,1.0,1.0,1.0,0.8605501651763916,1.04378342628479,1.3925230503082275,0.9448360198017054,0.9681911904033513,0.9937900882884175,1.0,1.0,0.8413752112608689,1.0569325930780533,1.3784205241383467,0.9998355593690182
HAD,6,20.0,1.0,image_color_derived_proxy,8.0,0.0,0.10526315789473684,0.0,88.04499900341034,653,5369.57421875,1.0,nearest_physical_car_same_track_location_crossing_headway_le_2s,0.938349723727374,0.9947753987898071,0.9947753987898071,0.9947753987898071,0.9947753987898071,1.0074495892192044,1.2286160386132852,1.426247576489594,0.9587256640129117,1.0,1.0,1.0,1.0,1.0927042961120605,1.2700145244598389,1.4464495182037354,0.8702254284180108,0.9667556245944496,1.0,1.0,1.0,1.0802613570983832,1.254206749276728,1.562955592016188,1.0
HAD,7,55.0,0.8894439351000001,image_color_derived_proxy,8.0,0.0,0.12280701754385964,0.0024906600249066002,106.56499862670898,804,5369.57421875,0.8419556207854736,nearest_physical_car_same_track_location_crossing_headway_le_2s,0.49671090418510583,0.7421198793644259,0.9090319755865099,0.9369681318042088,0.9728147241624643,1.1228145197088069,1.5047466430664063,1.9848374176025392,0.4208605665755337,0.670839464299298,0.8419556207854736,0.9049781862602525,0.9706094870750795,1.2375612258911133,1.5819847583770752,2.2096786499023438,0.4355651123351664,0.6419744454835491,0.8164313169234348,0.8770515520196167,0.9470746320749229,1.2052773855945926,1.592138831933264,2.3509461028190244,0.8560731830326497
HAD,8,203.0,0.18111424790000016,image_color_derived_proxy,8.0,0.0,0.14035087719298245,0.006958250497017893,137.59199905395508,1007,5369.57421875,0.22204773295522015,nearest_physical_car_same_track_location_crossing_headway_le_2s,0.08003362701463979,0.13499329283992642,0.19882692035083838,0.2763096624511903,0.33614591287146217,1.6156943077355086,2.9334169897526854,6.04890377338116,0.14777022207237328,0.16636141653490732,0.22204773295522015,0.31690067101266167,0.4260203875819171,1.1638336181640625,2.6619088649749756,5.08707594871521,0.1307126299356313,0.20120356677191056,0.23818248410397241,0.3207526736247723,0.4057648532252854,1.244850728325561,2.7534774905711648,5.241066835626278,0.20642746248870802
HAD,9,34.0,0.9899501745000001,image_color_derived_proxy,7.0,0.0,0.15789473684210525,0.0019047619047619048,140.78900527954102,1051,5369.57421875,0.9734851417589073,nearest_physical_car_same_track_location_crossing_headway_le_2s,0.8115264836124688,0.8896575684815002,0.9685841962888646,0.9985155090349341,0.9985155090349341,0.6834993636297865,1.1044740359465406,1.7935555775960286,0.7340843610586211,0.8935996577261117,0.9734851417589073,0.993088950310853,0.994893068096878,0.9579641819000244,1.2702882289886475,1.7658381462097168,0.7155600718405859,0.8759419844228437,0.9488099264142164,0.9689748549143519,0.9824347109503069,0.9615535669772629,1.23708755808616,1.8079168000117785,0.9739046951138404
HAD,10,20.0,1.0,image_color_derived_proxy,7.0,0.0,0.17543859649122806,0.0019138755980861245,137.02599334716797,1046,5369.57421875,1.0,nearest_physical_car_same_track_location_crossing_headway_le_2s,0.8696742423440464,0.9513085200228187,0.9968400156221892,0.9968400156221892,0.9968400156221892,0.38720921647470413,0.9536722519818475,1.541767250817834,0.8688424022109689,0.9599564783849865,1.0,1.0,1.0,0.26636290550231934,1.0293309688568115,1.5569977760314941,0.8590705006622673,0.9318960860891241,0.9593215770519276,0.9831783718630972,1.0,0.2630668715343132,1.0220320821124818,1.6107510031857146,0.9884450026049774
HAD,11,15.0,1.0,image_color_derived_proxy,7.0,0.0,0.19298245614035087,0.0,87.89499759674072,648,5369.57421875,1.0,nearest_physical_car_same_track_location_crossing_headway_le_2s,0.9930257694699108,0.9930257694699108,0.9930257694699108,0.9930257694699108,0.9930257694699108,0.44053660136897393,0.5500658388491031,0.6831919302888817,1.0,1.0,1.0,1.0,1.0,0.510474681854248,0.6691670417785645,0.901381254196167,1.0,1.0,1.0,1.0,1.0,0.5041996848691367,0.6650165341553395,0.893932426322932,0.9989344309084051
HAD,12,23.0,1.0,image_color_derived_proxy,7.0,0.0,0.21052631578947367,0.0,87.8859977722168,653,5369.57421875,1.0,nearest_physical_car_same_track_location_crossing_headway_le_2s,0.9940377306702388,0.9940377306702388,0.9940377306702388,0.9940377306702388,0.9940377306702388,0.5059475991033738,0.6042024114425808,0.8272114929970527,1.0,1.0,1.0,1.0,1.0,0.5307676792144775,0.5978488922119141,0.7524895668029785,1.0,1.0,1.0,1.0,1.0,0.5293029906166666,0.5937090363710434,0.7682223073479242,0.9991202714109948
HAD,13,14.0,1.0,image_color_derived_proxy,7.0,0.0,0.22807017543859648,0.0,87.83899688720703,667,5369.57421875,1.0,nearest_physical_car_same_track_location_crossing_headway_le_2s,0.9962203577097979,0.9962203577097979,0.9962203577097979,0.9962203577097979,0.9962203577097979,0.5941739123800527,0.7627127545945188,0.893819176930783,1.0,1.0,1.0,1.0,1.0,0.6886167526245117,0.8580241203308105,0.9715723991394043,1.0,1.0,1.0,1.0,1.0,0.6813834780175722,0.8493850327651508,1.0130081064252185,0.9995343292951568
HAD,14,23.0,1.0,image_color_derived_proxy,7.0,0.0,0.24561403508771928,0.0,87.87799453735352,675,5369.57421875,1.0,nearest_physical_car_same_track_location_crossing_headway_le_2s,0.9934113198732683,0.9934113198732683,0.9934113198732683,0.9934113198732683,0.9934113198732683,0.6579215554630056,0.8101944514683316,0.9514825071336208,1.0,1.0,1.0,1.0,1.0,0.3562185764312744,0.49535536766052246,0.6337034702301025,1.0,1.0,1.0,1.0,1.0,0.3503818666766612,0.49291614747906326,0.6261235113291456,0.9989752788425661
HAD,15,28.0,1.0,image_color_derived_proxy,7.0,0.0,0.2631578947368421,0.0,87.76699757575989,645,5369.57421875,1.0,nearest_physical_car_same_track_location_crossing_headway_le_2s,0.994576548997744,0.994576548997744,0.994576548997744,0.994576548997744,0.994576548997744,0.7329410244959482,0.8694286693203988,1.081273090408509,1.0,1.0,1.0,1.0,1.0,0.655184268951416,0.810014009475708,0.885446310043335,1.0,1.0,1.0,1.0,1.0,0.6639259496123753,0.7982778990479881,0.8913827160153961,0.9991909984132519
HAD,16,23.0,1.0,image_color_derived_proxy,7.0,0.0,0.2807017543859649,0.0,87.54600375890732,651,5369.57421875,1.0,nearest_physical_car_same_track_location_crossing_headway_le_2s,0.9967445687502929,0.9967445687502929,0.9967445687502929,0.9967445687502929,0.9967445687502929,0.6525959513757363,0.7712403875798575,0.9228486066531824,1.0,1.0,1.0,1.0,1.0,0.7812037467956543,0.8574590682983398,1.0327916145324707,1.0,1.0,1.0,1.0,1.0,0.7782413370932477,0.8511629679850989,1.0098200198477032,0.9996022086557713
HAD,17,28.0,1.0,image_color_derived_proxy,7.0,0.0,0.2982456140350877,0.0,87.6129961013794,653,5369.57421875,1.0,nearest_physical_car_same_track_location_crossing_headway_le_2s,0.9977628890279336,0.9977628890279336,0.9977628890279336,0.9977628890279336,0.9977628890279336,0.7166242774653937,0.8628123515671112,0.9963140927828276,1.0,1.0,1.0,1.0,1.0,0.8226702213287354,0.937157154083252,1.0386314392089844,1.0,1.0,1.0,1.0,1.0,0.8327537703865135,0.9328569821274666,1.0462562329350238,0.9997892888391691
HAD,18,23.0,1.0,image_color_derived_proxy,7.0,0.0,0.3157894736842105,0.0,87.56400299072266,655,5369.57421875,1.0,nearest_physical_car_same_track_location_crossing_headway_le_2s,0.997715956373061,0.997715956373061,0.997715956373061,0.997715956373061,0.997715956373061,0.718645357242007,0.8532382607460022,1.0019268446035852,1.0,1.0,1.0,1.0,1.0,0.8172247409820557,0.9078774452209473,1.0119473934173584,1.0,1.0,1.0,1.0,1.0,0.8128756271294746,0.9135256164232136,1.0312840701633237,0.9997687015338409
HAD,19,28.0,1.0,image_color_derived_proxy,7.0,0.0,0.3333333333333333,0.0,87.51900434494019,675,5369.57421875,1.0,nearest_physical_car_same_track_location_crossing_headway_le_2s,0.9952810250677159,0.9952810250677159,0.9952810250677159,0.9952810250677159,0.9952810250677159,0.644991930069462,0.7730993152931221,0.9012142924519329,1.0,1.0,1.0,1.0,1.0,0.6436605453491211,0.7267396450042725,0.8207974433898926,1.0,1.0,1.0,1.0,1.0,0.6485850430744665,0.7217547789317322,0.8184890999992642,0.9992825818955908
HAD,20,19.0,1.0,image_color_derived_proxy,7.0,0.0,0.3508771929824561,0.0,87.52300152927637,668,5369.57421875,1.0,nearest_physical_car_same_track_location_crossing_headway_le_2s,0.9956811354207035,0.9956811354207035,0.9956811354207035,0.9956811354207035,0.9956811354207035,0.6019391115531796,0.7548559683340568,0.9403259344271975,1.0,1.0,1.0,1.0,1.0,0.70294189453125,0.8545238971710205,1.038658857345581,1.0,1.0,1.0,1.0,1.0,0.7015198279798815,0.8515650313038721,1.0115985229558382,0.9993491441262661
HAD,21,32.0,0.9995221973000001,image_color_derived_proxy,7.0,0.0,0.3684210526315789,0.0,87.47700500488281,660,5369.57421875,1.0,nearest_physical_car_same_track_location_crossing_headway_le_2s,0.9956788645066504,0.9956788645066504,0.9956788645066504,0.9956788645066504,0.9956788645066504,0.5783581524133632,0.7300129679890422,0.8796335700814051,1.0,1.0,1.0,1.0,1.0,0.7239620685577393,0.8115010261535645,0.9820761680603027,1.0,1.0,1.0,1.0,1.0,0.7218620233278309,0.8126120235488752,0.9679265027649833,0.9993372634776154
HAD,22,36.0,0.9803781517,image_color_derived_proxy,7.0,0.0,0.38596491228070173,0.0,87.46799850463867,653,5369.57421875,1.0,nearest_physical_car_same_track_location_crossing_headway_le_2s,0.9969817532916855,0.9969817532916855,0.9969817532916855,0.9969817532916855,0.9969817532916855,0.48028034864609215,0.5932906749636628,0.7740472931967173,1.0,1.0,1.0,1.0,1.0,0.6342911720275879,0.7371358871459961,0.9450740814208984,1.0,1.0,1.0,1.0,1.0,0.6366367101172717,0.7362049387392517,0.9517394938418738,0.9995798193377257
HAD,23,32.0,0.9995221973000001,image_color_derived_proxy,7.0,0.0,0.40350877192982454,0.0,87.2659912109375,664,5369.57421875,1.0,nearest_physical_car_same_track_location_crossing_headway_le_2s,0.9958059263226903,0.9958059263226903,0.9958059263226903,0.9958059263226903,0.9958059263226903,0.6698244865573182,0.8030314892322034,0.9308415781153311,1.0,1.0,1.0,1.0,1.0,0.8207294940948486,0.9342677593231201,1.0713839530944824,1.0,1.0,1.0,1.0,1.0,0.8162628148977783,0.9442050705566312,1.0788682446112283,0.9993391578696371
HAD,24,23.0,1.0,image_color_derived_proxy,7.0,0.0,0.42105263157894735,0.0,87.1520004272461,642,5369.57421875,1.0,nearest_physical_car_same_track_location_crossing_headway_le_2s,0.9949628234769333,0.9949628234769333,0.9949628234769333,0.9949628234769333,0.9949628234769333,0.5947124363605858,0.7926350351456899,0.9373349795787793,1.0,1.0,1.0,1.0,1.0,0.7929468154907227,0.9585106372833252,1.1130285263061523,1.0,1.0,1.0,1.0,1.0,0.792269308759247,0.9537816732183639,1.1383815775931114,0.9991633598541638
HAD,25,23.0,1.0,image_color_derived_proxy,7.0,0.0,0.43859649122807015,0.0,87.29100036621094,649,5369.57421875,1.0,nearest_physical_car_same_track_location_crossing_headway_le_2s,0.9957727602353897,0.9957727602353897,0.9957727602353897,0.9957727602353897,0.9957727602353897,0.7071919738769532,0.8245745627663352,1.0147454257561237,1.0,1.0,1.0,1.0,1.0,0.8255696296691895,0.9684815406799316,1.1259520053863525,1.0,1.0,1.0,1.0,1.0,0.818815263086736,0.9696088182867724,1.1746303239390532,0.9993098163689472
HAD,26,20.0,1.0,image_color_derived_proxy,7.0,0.0,0.45614035087719296,0.0,87.81599807739258,640,5369.57421875,1.0,nearest_physical_car_same_track_location_crossing_headway_le_2s,0.9952514347631628,0.9952514347631628,0.9952514347631628,0.9952514347631628,0.9952514347631628,0.6543799667358399,0.8044716141440652,1.0503269294284279,1.0,1.0,1.0,1.0,1.0,0.7340903282165527,0.8409426212310791,1.0652258396148682,1.0,1.0,1.0,1.0,1.0,0.7416439790564231,0.8427035422002239,1.1004567242624876,0.9991967477739245
HAD,27,37.0,0.9755921403000001,image_color_derived_proxy,7.0,0.0,0.47368421052631576,0.0,86.89199829101562,630,5369.57421875,1.0,nearest_physical_car_same_track_location_crossing_headway_le_2s,0.9711826408508024,0.995362058589224,0.995362058589224,0.995362058589224,0.995362058589224,0.832449715092497,1.1196029569728287,1.3663311054180194,1.0,1.0,1.0,1.0,1.0,0.8649730682373047,1.0609183311462402,1.189107894897461,1.0,1.0,1.0,1.0,1.0,0.8470827065993268,1.0599142084834892,1.2185942808047936,0.998790569045108
HAD,28,15.0,1.0,image_color_derived_proxy,7.0,0.0,0.49122807017543857,0.0,86.85299682617188,651,5369.57421875,1.0,nearest_physical_car_same_track_location_crossing_headway_le_2s,0.38985415770305965,0.8121654335503105,0.9593450355108171,0.9966495110218767,0.9966495110218767,1.236479208106819,1.577549223466353,1.8495381082987064,0.4431856353428093,0.8571954874193561,1.0,1.0,1.0,1.3486578464508057,1.5441811084747314,1.8144867420196533,0.3948280715752184,0.8185094891108535,0.9652055833470075,1.0,1.0,1.293405001242062,1.592320304223773,1.8336059949216463,1.0
HAD,29,196.0,0.21461632770000008,image_color_derived_proxy,7.0,0.0,0.5087719298245614,0.0,86.77999877929688,635,5369.57421875,0.3481908277057976,nearest_physical_car_same_track_location_crossing_headway_le_2s,0.024890553837080862,0.12467160711290273,0.22743723766812712,0.3742912816692848,0.5745562862040183,1.7300082372239798,2.433594081712806,3.0500161890040105,0.0,0.09703849297410824,0.3481908277057976,0.7162594901475485,1.0,1.7566757202148438,2.204092025756836,2.29897141456604,0.0,0.11842592216505304,0.39960827590626974,0.7199470052472089,0.8789813650409497,1.7258859365218413,2.1087354416742548,2.550366550614467,0.29534755146418956
HAD,30,240.0,0.00403182610000016,image_color_derived_proxy,7.0,0.0,0.5263157894736842,0.0,86.64900207519531,630,5369.57421875,0.0,nearest_physical_car_same_track_location_crossing_headway_le_2s,0.0,0.023093184111869256,0.06024304017747946,0.13663171383444842,0.2688778441834288,2.154559020996094,2.890897299828911,3.5747112093394224,0.0,0.0,0.0,0.0,0.12529861961399485,2.4288411140441895,2.814250946044922,2.9200282096862793,0.0,0.0,0.014310584473822819,0.05862732228148731,0.2813420281550353,2.318343226036518,2.7311765302687547,3.499918256709481,0.0
HAD,31,239.0,0.00881783750000011,image_color_derived_proxy,7.0,0.0,0.543859649122807,0.0,86.5630030632019,633,5369.57421875,0.0,nearest_physical_car_same_track_location_crossing_headway_le_2s,0.0,0.0,0.008548651085440322,0.02956230528114913,0.07577142301565629,2.5972542222351263,3.481543123661564,4.473860079053379,0.0,0.0,0.0,0.0,0.0,3.1627941131591797,3.6351046562194824,3.8244552612304688,0.0,0.0,0.0,0.0,0.0,2.9046049695277127,3.493868723062247,4.6815548066356865,0.0
HAD,32,239.0,0.00881783750000011,image_color_derived_proxy,7.0,0.0,0.5614035087719298,0.0,90.68700408935547,665,5369.57421875,0.0,nearest_physical_car_same_track_location_crossing_headway_le_2s,0.0,0.0,0.0,0.010387306569866875,0.03642191386096208,2.928279441184843,3.967096322866587,5.176690115055568,0.0,0.0,0.0,0.0,0.0,3.6421356201171875,3.830204725265503,3.989732027053833,0.0,0.0,0.0,0.0,0.0,3.1956421498630196,3.729701644189336,5.341831295719992,0.0
HAD,33,210.0,0.14761216810000008,image_color_derived_proxy,8.0,0.0,0.5789473684210527,0.004901960784313725,107.80899810791016,817,5369.57421875,0.20980619487682917,nearest_physical_car_same_track_location_crossing_headway_le_2s,0.00963741038067289,0.05153562895250858,0.1719615190385274,0.3291190108147902,0.44075158107419843,1.8534627886806465,2.5616835195806966,3.789549865722656,0.02061051681578482,0.06363103145121689,0.20980619487682917,0.24654712021117647,0.47381016236161994,1.7921793460845947,2.505272388458252,3.5490188598632812,0.027289005933942175,0.1118459127514969,0.24230809976631798,0.43571503079704027,0.6132141796385625,1.7387568125079544,2.354229032803721,3.794354671558887,0.18288461021203356
HAD,34,66.0,0.8367978097000001,image_color_derived_proxy,8.0,0.0,0.5964912280701754,0.0015290519877675841,86.09000396728516,655,5369.57421875,0.9207341537199301,nearest_physical_car_same_track_location_crossing_headway_le_2s,0.3230340961427736,0.5056917095098197,0.754663693176234,0.9390521169253622,0.9821233216207939,1.2770361107516002,1.7433103688849645,2.18258056640625,0.39164829033420717,0.6521663792830709,0.9207341537199301,0.9920780674281054,0.9920780674281054,1.034468650817871,1.6502032279968262,1.9858458042144775,0.4486003132402912,0.6720176371139674,0.8798001974301818,0.9618887600386707,0.9690905184327989,1.0201634703854443,1.610886752491718,2.0520501774675077,0.8785832075898552
HAD,35,36.0,0.9803781517,image_color_derived_proxy,7.0,0.0,0.6140350877192983,0.0015698587127158557,85.8270034790039,638,5369.57421875,1.0,nearest_physical_car_same_track_location_crossing_headway_le_2s,0.895487467095254,0.994232584330065,0.994232584330065,0.994232584330065,0.994232584330065,0.804178707041639,1.1438155535355357,1.499314393955547,0.9988931222697162,1.0,1.0,1.0,1.0,0.5773274898529053,1.046351671218872,1.375762939453125,0.9558064446372453,1.0,1.0,1.0,1.0,0.5696816451195413,1.0162288286598942,1.4067194219356274,0.996120858188189
HAD,36,30.0,1.0,image_color_derived_proxy,7.0,0.0,0.631578947368421,0.0,85.90900230407715,652,5369.57421875,1.0,nearest_physical_car_same_track_location_crossing_headway_le_2s,0.9587237599697644,0.9920148067011479,0.9920148067011479,0.9920148067011479,0.9920148067011479,0.7180065758906334,0.8841792340548534,1.1715093577130242,1.0,1.0,1.0,1.0,1.0,0.7139298915863037,0.8291075229644775,1.0167288780212402,1.0,1.0,1.0,1.0,1.0,0.7139303714701037,0.8277660502362153,1.113851072531701,0.9978782135397435
HAD,37,23.0,1.0,image_color_derived_proxy,7.0,0.0,0.6491228070175439,0.0,86.15800380706787,642,5369.57421875,1.0,nearest_physical_car_same_track_location_crossing_headway_le_2s,0.9399243315477538,0.9944984797004401,0.9944984797004401,0.9944984797004401,0.9944984797004401,0.9232988291773304,1.1581189625057127,1.428486328125,1.0,1.0,1.0,1.0,1.0,0.8769690990447998,1.0992629528045654,1.2245447635650635,1.0,1.0,1.0,1.0,1.0,0.8680014404449998,1.0794519548289345,1.2535746812569983,0.9979845198088899
HAD,38,28.0,1.0,image_color_derived_proxy,7.0,0.0,0.6666666666666666,0.0,85.9124984741211,631,5369.57421875,1.0,nearest_physical_car_same_track_location_crossing_headway_le_2s,0.9952044230141794,0.9952044230141794,0.9952044230141794,0.9952044230141794,0.9952044230141794,0.931466295311488,1.1295207703788326,1.2754498823534102,1.0,1.0,1.0,1.0,1.0,0.8666074275970459,0.9415287971496582,1.0544328689575195,1.0,1.0,1.0,1.0,1.0,0.8356024842718255,0.9360182808785388,1.0560535865167366,0.9990503276922211
HAD,39,38.0,0.9708061289000001,image_color_derived_proxy,7.0,0.0,0.6842105263157895,0.0,85.91600036621094,638,5369.57421875,1.0,nearest_physical_car_same_track_location_crossing_headway_le_2s,0.9949252759945626,0.9949252759945626,0.9949252759945626,0.9949252759945626,0.9949252759945626,0.8274327328330593,1.1010778947310014,1.30986853147266,1.0,1.0,1.0,1.0,1.0,0.8443794250488281,1.1036982536315918,1.2174313068389893,1.0,1.0,1.0,1.0,1.0,0.8461044637569202,1.1009709252765412,1.2413611256894308,0.9989844709748117
HAD,40,38.0,0.9708061289000001,image_color_derived_proxy,7.0,0.0,0.7017543859649122,0.0,85.6760025024414,632,5369.57421875,1.0,nearest_physical_car_same_track_location_crossing_headway_le_2s,0.9948176853173163,0.9948176853173163,0.9948176853173163,0.9948176853173163,0.9948176853173163,0.869123503435077,1.068256379359471,1.306730987138278,1.0,1.0,1.0,1.0,1.0,0.8799862861633301,1.0084435939788818,1.1002106666564941,1.0,1.0,1.0,1.0,1.0,0.8740111869944248,1.0056985537134577,1.1107690538022377,0.9989520585913327
HAD,41,120.0,0.5783531941000001,image_color_derived_proxy,6.0,0.0,0.7192982456140351,0.001579778830963665,86.0009994506836,634,5369.57421875,0.6638527391381528,nearest_physical_car_same_track_location_crossing_headway_le_2s,0.6515738062459486,0.6515738062459486,0.6515738062459486,0.6515738062459486,0.6515738062459486,0.8020952238428376,1.021022926982921,18.665252433895287,0.6472831731312171,0.6638527391381528,0.6638527391381528,0.6638527391381528,0.6638527391381528,0.948676586151123,1.255863904953003,18.088956594467163,0.6286787559228031,0.6505389350535821,0.6541318945527023,0.6587365354949464,0.6593760664949009,0.9458150798821697,1.2465609976781307,24.155758351571603,0.6598157136783
HAD,42,225.0,0.07582199710000012,image_color_derived_proxy,6.0,0.0,0.7368421052631579,0.003048780487804878,85.55599975585938,657,5369.57421875,0.022850529820057006,nearest_physical_car_same_track_location_crossing_headway_le_2s,0.04413483605665634,0.04413483605665634,0.04413483605665634,0.04413483605665634,0.04413483605665634,13.24434236225329,17.933117267368015,27.479193863407257,0.022850529820057006,0.022850529820057006,0.022850529820057006,0.022850529820057006,0.022850529820057006,17.858393907546997,18.387765645980835,18.639490365982056,0.022850529820057006,0.022850529820057006,0.022850529820057006,0.022850529820057006,0.022850529820057006,13.810275092841188,17.605201906544618,27.417770423385235,0.033026398619422415
HAD,43,240.0,0.00403182610000016,image_color_derived_proxy,6.0,0.0,0.7543859649122807,0.0,85.33099555969238,635,5369.57421875,0.0,nearest_physical_car_same_track_location_crossing_headway_le_2s,0.0,0.0,0.0,0.0,0.0,14.632981952049914,18.90300222889012,28.856053815569194,0.0,0.0,0.0,0.0,0.0,18.860642194747925,19.02340030670166,19.44845700263977,0.0,0.0,0.0,0.0,0.0,14.7543245035216,18.414798184756915,28.770123842968097,0.00615449210436092
HAD,44,240.0,0.00403182610000016,image_color_derived_proxy,6.0,0.0,0.7719298245614035,0.0016025641025641025,85.20299911499023,625,5369.57421875,0.0,nearest_physical_car_same_track_location_crossing_headway_le_2s,0.0,0.0,0.0,0.0,0.0,15.350345503749919,19.31576709533006,29.458723238950277,0.0,0.0,0.0,0.0,0.0,19.792711973190308,19.91578769683838,44.144811153411865,0.0,0.0,0.0,0.0,0.0,15.357771356902742,19.524859654643627,31.576239987669794,0.006143054162793371
HAD,45,241.0,0.0,image_color_derived_proxy,6.0,0.0,0.7894736842105263,0.0,84.93399810791016,652,5369.57421875,0.0,nearest_physical_car_same_track_location_crossing_headway_le_2s,0.0,0.0,0.0,0.0,0.0,13.437598595252403,17.168746347601097,26.20933594625714,0.0,0.0,0.0,0.0,0.0,17.182762384414673,17.498071908950806,18.59791088104248,0.0,0.0,0.0,0.0,0.0,13.393723840824395,16.92753851824901,25.27797882958699,0.006131616221225822
HAD,46,241.0,0.0,image_color_derived_proxy,6.0,0.0,0.8070175438596491,0.0,84.79299926757812,636,5369.57421875,0.0,nearest_physical_car_same_track_location_crossing_headway_le_2s,0.0,0.0,0.0,0.0,0.0,13.349680223643619,17.51994816706731,26.559080553426217,0.0,0.0,0.0,0.0,0.0,17.37335729598999,17.69284963607788,18.21408247947693,0.0,0.0,0.0,0.0,0.0,13.785873917860254,17.2262505447054,26.236815277722798,0.006120178279658162
HAD,47,239.0,0.00881783750000011,image_color_derived_proxy,6.0,0.0,0.8245614035087719,0.0,84.85099792480469,641,5369.57421875,0.0,nearest_physical_car_same_track_location_crossing_headway_le_2s,0.0,0.0,0.0,0.0,0.0,14.512316524621212,19.015283779835137,30.209604984571957,0.0,0.0,0.0,0.0,0.0,18.39201045036316,18.740511417388916,19.383891582489014,0.0,0.0,0.0,0.0,0.0,14.587021484047732,18.114525325296945,28.216235805989655,0.0061087403380906125
HAD,48,239.0,0.00881783750000011,image_color_derived_proxy,6.0,0.0,0.8421052631578947,0.0,84.63399922847748,639,5369.57421875,0.0,nearest_physical_car_same_track_location_crossing_headway_le_2s,0.0,0.0,0.0,0.0,0.0,15.761631545255016,20.298046199956797,30.830244620901638,0.0,0.0,0.0,0.0,0.0,20.020122289657593,20.306410789489746,20.846214294433594,0.0,0.0,0.0,0.0,0.0,15.623903562605783,19.636095197652235,30.829566110017574,0.006097302396523063
HAD,49,239.0,0.00881783750000011,image_color_derived_proxy,6.0,0.0,0.8596491228070176,0.0,84.4579963684082,634,5369.57421875,0.0,nearest_physical_car_same_track_location_crossing_headway_le_2s,0.0,0.0,0.0,0.0,0.0,16.590899493243242,21.113057680753823,32.378748244382024,0.0,0.0,0.0,0.0,0.0,21.225839853286743,21.467105865478516,21.91722798347473,0.0,0.0,0.0,0.0,0.0,16.29250859449856,20.4336735088105,32.558540929781415,0.006085864454955403
HAD,50,239.0,0.00881783750000011,image_color_derived_proxy,6.0,0.0,0.8771929824561403,0.0,84.54999685287476,632,5369.57421875,0.0,nearest_physical_car_same_track_location_crossing_headway_le_2s,0.0,0.0,0.0,0.0,0.0,16.733335076887823,21.442254708293728,32.380370559813585,0.0,0.0,0.0,0.0,0.0,21.56147313117981,21.794952869415283,21.98767638206482,0.0,0.0,0.0,0.0,0.0,16.4249737600101,20.73877408486136,32.958595012167606,0.006074426513387854
HAD,51,240.0,0.00403182610000016,image_color_derived_proxy,6.0,0.0,0.8947368421052632,0.0,84.62699890136719,645,5369.57421875,0.0,nearest_physical_car_same_track_location_crossing_headway_le_2s,0.0,0.0,0.0,0.0,0.0,17.024154465744154,21.757545597391918,33.155172594565315,0.0,0.0,0.0,0.0,0.0,21.853584051132202,22.12854766845703,22.29870319366455,0.0,0.0,0.0,0.0,0.0,16.516712076291604,21.181815772499725,33.86934530015527,0.006062988571820194
HAD,52,240.0,0.00403182610000016,image_color_derived_proxy,6.0,0.0,0.9122807017543859,0.0,84.44600105285645,634,5369.57421875,0.0,nearest_physical_car_same_track_location_crossing_headway_le_2s,0.0,0.0,0.0,0.0,0.0,17.162170665533473,21.851991764579235,33.28957800843566,0.0,0.0,0.0,0.0,0.0,22.127758741378784,22.49718737602234,22.661677598953247,0.0,0.0,0.0,0.0,0.0,16.795290214563547,21.57931296477846,33.821751760613274,0.0060515506302526445
HAD,53,239.0,0.00881783750000011,image_color_derived_proxy,6.0,0.0,0.9298245614035088,0.0,84.4620008468628,649,5369.57421875,0.0,nearest_physical_car_same_track_location_crossing_headway_le_2s,0.0,0.0,0.0,0.0,0.0,17.500238348252005,22.290055147058823,34.06439620700814,0.0,0.0,0.0,0.0,0.0,22.65489435195923,22.825364351272583,23.055734157562256,0.0,0.0,0.0,0.0,0.0,17.0951924840433,21.890297311632636,34.66047645913586,0.006040112688685095
HAD,54,240.0,0.00403182610000016,image_color_derived_proxy,6.0,0.0,0.9473684210526315,0.0,84.53400039672852,646,5369.57421875,0.0,nearest_physical_car_same_track_location_crossing_headway_le_2s,0.0,0.0,0.0,0.0,0.0,17.650256631540696,22.577335099347934,34.37078649009146,0.0,0.0,0.0,0.0,0.0,22.90326976776123,23.20570206642151,23.345304489135742,0.0,0.0,0.0,0.0,0.0,17.261034430740334,22.295506240487015,34.945705702873894,0.006028674747117435
HAD,55,163.0,0.3725547039000001,image_color_derived_proxy,18.0,0.0,0.9649122807017544,0.014617368873602751,159.1750030517578,1164,5369.57421875,0.41331240528263247,nearest_physical_car_same_track_location_crossing_headway_le_2s,0.12582377568051514,0.14913764477156297,0.16358085403778658,0.1800721968140742,0.20218627264050043,1.1732113153162136,9.929560180364502,59.00791661369834,0.31719802097320154,0.36486883049568275,0.41331240528263247,0.4432919829024876,0.46821430375683026,0.39209961891174316,2.8790154457092285,23.946027994155884,0.3242908533638787,0.3782630369777945,0.41445574797877965,0.440716250468644,0.46119056369852907,0.3899818965872402,2.7615063080237157,23.813818644805025,0.3594218264299168
LEC,1,20.0,1.0,image_color_derived_proxy,10.0,0.005573735961825442,0.017543859649122806,0.0930888575458392,94.72999811172485,710,5369.57421875,0.9944262640381746,nearest_physical_car_same_track_location_crossing_headway_le_2s,0.9940990179837278,0.9940990179837278,0.9940990179837278,0.9940990179837278,0.9940990179837278,0.011565325255553295,0.1118925599027271,0.40997873509183846,0.9944262640381746,0.9944262640381746,0.9944262640381746,0.9944262640381746,0.9944262640381746,0.01065969467163086,0.21213030815124512,0.5659754276275635,1.0,1.0,1.0,1.0,1.0,0.011179805233387876,0.21988220196436434,0.5935594588864912,0.9965961678110618
LEC,2,15.0,1.0,image_color_derived_proxy,11.0,0.0,0.03508771929824561,0.014814814814814815,89.53599548339844,676,5369.57421875,1.0,nearest_physical_car_same_track_location_crossing_headway_le_2s,0.9959904394267447,0.9959904394267447,0.9959904394267447,0.9959904394267447,0.9959904394267447,0.2967254558513133,0.6271025584294245,0.8770930268043695,1.0,1.0,1.0,1.0,1.0,0.1007685661315918,0.5124094486236572,0.6289498805999756,1.0,1.0,1.0,1.0,1.0,0.10026930133178553,0.5169690374113581,0.6345089269850112,0.9991054396033594
LEC,3,15.0,1.0,image_color_derived_proxy,11.0,0.0,0.05263157894736842,0.0,89.11300146579742,663,5369.57421875,1.0,nearest_physical_car_same_track_location_crossing_headway_le_2s,0.9955786474776934,0.9955786474776934,0.9955786474776934,0.9955786474776934,0.9955786474776934,0.2124908229602593,0.5861383546073482,0.9083375996118223,1.0,1.0,1.0,1.0,1.0,0.2777411937713623,0.6734604835510254,1.050980806350708,1.0,1.0,1.0,1.0,1.0,0.2757276144123275,0.667024852602613,1.0664614740520924,0.9990137242015502
LEC,4,15.0,1.0,image_color_derived_proxy,11.0,0.0,0.07017543859649122,0.0,88.41199779510498,660,5369.57421875,1.0,nearest_physical_car_same_track_location_crossing_headway_le_2s,0.9912681532593454,0.9912681532593454,0.9912681532593454,0.9912681532593454,0.9912681532593454,0.6079463824984,0.8167076304807501,0.9818283356698626,1.0,1.0,1.0,1.0,1.0,0.7368628978729248,0.8980822563171387,0.99668288230896,1.0,1.0,1.0,1.0,1.0,0.7369546673606613,0.881819430515028,1.013272306249814,0.9981619698598387
LEC,5,23.0,1.0,image_color_derived_proxy,11.0,0.0,0.08771929824561403,0.0,88.38850212097168,667,5369.57421875,1.0,nearest_physical_car_same_track_location_crossing_headway_le_2s,0.9958026215741725,0.9958026215741725,0.9958026215741725,0.9958026215741725,0.9958026215741725,0.5151377409825508,0.6687837840362453,0.8482532581246968,1.0,1.0,1.0,1.0,1.0,0.5211913585662842,0.6687676906585693,0.8357503414154053,1.0,1.0,1.0,1.0,1.0,0.5221845096617822,0.6630955174833606,0.8374819691124695,0.9990345113178172
LEC,6,15.0,1.0,image_color_derived_proxy,11.0,0.0,0.10526315789473684,0.0015290519877675841,88.16999816894531,655,5369.57421875,1.0,nearest_physical_car_same_track_location_crossing_headway_le_2s,0.9977883634241004,0.9977883634241004,0.9977883634241004,0.9977883634241004,0.9977883634241004,0.29308384704982304,0.5122106865824663,0.9189846163592076,1.0,1.0,1.0,1.0,1.0,0.585080623626709,0.6866414546966553,0.9316389560699463,1.0,1.0,1.0,1.0,1.0,0.5785599993330067,0.7036287420434562,0.95155918063678,0.9994101870941717
LEC,7,199.0,0.2002582935000001,image_color_derived_proxy,9.0,0.0,0.12280701754385964,0.0012330456226880395,107.5789966583252,812,5369.57421875,0.13044367793222617,nearest_physical_car_same_track_location_crossing_headway_le_2s,0.13125238249045781,0.14091970555381025,0.14723133671077374,0.15846029608601425,0.1826285505551477,0.8167678780930034,3.4503572095342046,4.872823186393053,0.13044367793222617,0.13044367793222617,0.13044367793222617,0.13044367793222617,0.13044367793222617,1.0967209339141846,3.689321756362915,4.1869518756866455,0.13044367793222617,0.13044367793222617,0.13044367793222617,0.1507078593513887,0.16038447280333593,1.0891033487632347,3.4876662705374235,5.216716365652769,0.13190047926049242
LEC,8,216.0,0.11889609970000009,image_color_derived_proxy,10.0,0.0,0.14035087719298245,0.013078470824949699,135.9469952583313,995,5369.57421875,0.12256241604021231,nearest_physical_car_same_track_location_crossing_headway_le_2s,0.1059971952867188,0.1453433807276919,0.249862042997997,0.33180574527501716,0.418670454407585,1.2858970069885256,2.695430649806113,5.391401264867401,0.10226040522626058,0.11583930194716294,0.12256241604021231,0.14541695627550036,0.17583318209188178,1.4230537414550781,3.1171627044677734,3.931460380554199,0.10393759029261974,0.11148460039915678,0.12933711176061,0.17617164399264343,0.25913778384613484,1.3831288505072528,3.07340585222891,5.092840461944902,0.13188934656495777
LEC,9,28.0,1.0,image_color_derived_proxy,9.0,0.0,0.15789473684210525,0.0019011406844106464,141.24300050735474,1053,5369.57421875,0.919429638306139,nearest_physical_car_same_track_location_crossing_headway_le_2s,0.5056815884599838,0.6337022183928491,0.7331123657358782,0.9064449458598594,0.9939961545051371,0.6449331292123316,1.4885052588678176,2.235432069670972,0.5044355531185597,0.6867314314401073,0.919429638306139,0.9959856424019226,0.9998159199196082,0.695117712020874,1.4908175468444824,1.9643025398254395,0.5519778816537935,0.7453396310736885,0.8610267403240414,0.9585678600804763,0.9812592359705724,0.7060827704083852,1.4062001084450373,2.0744116345615633,0.8181044394851309
LEC,10,50.0,0.9133739921,image_color_derived_proxy,9.0,0.0,0.17543859649122806,0.0019474196689386564,134.78699493408203,1028,5369.57421875,0.9596326005766409,nearest_physical_car_same_track_location_crossing_headway_le_2s,0.8049441859904348,0.8509871495694099,0.9150956781698906,0.9726531290773864,0.9946137227072123,0.21757977374676685,0.7857623209102134,1.9180509418261196,0.8121629164782012,0.8894551946260673,0.9596326005766409,0.9864527008879537,1.0,0.20969700813293457,0.8282334804534912,1.7828946113586426,0.8036086796358888,0.9028541443354685,0.9363440005352412,0.9532595841771241,0.9655753254366763,0.20861227401249546,0.8219099278977597,1.7408674897099312,0.9332688756715254
LEC,11,15.0,1.0,image_color_derived_proxy,9.0,0.0,0.19298245614035087,0.0,88.30600070953369,652,5369.57421875,1.0,nearest_physical_car_same_track_location_crossing_headway_le_2s,0.996387561398332,0.996387561398332,0.996387561398332,0.996387561398332,0.996387561398332,0.21432721881508718,0.3762608520056723,0.5291726475996936,1.0,1.0,1.0,1.0,1.0,0.12727785110473633,0.26624059677124023,0.3436117172241211,1.0,1.0,1.0,1.0,1.0,0.12478668998018487,0.26470471523300254,0.34184281425486956,0.9993348583517511
LEC,12,15.0,1.0,image_color_derived_proxy,9.0,0.0,0.21052631578947367,0.0,88.12099742889404,657,5369.57421875,1.0,nearest_physical_car_same_track_location_crossing_headway_le_2s,0.996153016913794,0.996153016913794,0.996153016913794,0.996153016913794,0.996153016913794,0.1940245909769027,0.36065412535703273,0.5221895098809195,1.0,1.0,1.0,1.0,1.0,0.3547542095184326,0.5195496082305908,0.5993030071258545,1.0,1.0,1.0,1.0,1.0,0.35412051979374065,0.5210332023415523,0.6266985265632169,0.9992776967490586
LEC,13,15.0,1.0,image_color_derived_proxy,9.0,0.0,0.22807017543859648,0.0,87.54299926757812,662,5369.57421875,1.0,nearest_physical_car_same_track_location_crossing_headway_le_2s,0.9964703061576403,0.9964703061576403,0.9964703061576403,0.9964703061576403,0.9964703061576403,0.4150330414775297,0.4873700947616148,0.5551015555858613,1.0,1.0,1.0,1.0,1.0,0.33098840713500977,0.41742849349975586,0.5167372226715088,1.0,1.0,1.0,1.0,1.0,0.33043950394563537,0.4175047858200326,0.5381853241458007,0.9993281132821028
LEC,14,15.0,1.0,image_color_derived_proxy,9.0,0.0,0.24561403508771928,0.0,87.97900199890137,677,5369.57421875,1.0,nearest_physical_car_same_track_location_crossing_headway_le_2s,0.9935098152172723,0.9935098152172723,0.9935098152172723,0.9935098152172723,0.9935098152172723,0.3752426909779612,0.45055630003632946,0.5253881720047963,1.0,1.0,1.0,1.0,1.0,0.4432384967803955,0.5633175373077393,0.6849496364593506,1.0,1.0,1.0,1.0,1.0,0.4419546807714893,0.5619152581356255,0.7045112955148117,0.9987395375545526
LEC,15,15.0,1.0,image_color_derived_proxy,9.0,0.0,0.2631578947368421,0.0,87.83699715137482,645,5369.57421875,1.0,nearest_physical_car_same_track_location_crossing_headway_le_2s,0.9940002501553489,0.9940002501553489,0.9940002501553489,0.9940002501553489,0.9940002501553489,0.5562959884848829,0.6535509646663642,0.7943267135082626,1.0,1.0,1.0,1.0,1.0,0.46066904067993164,0.5517735481262207,0.6713399887084961,1.0,1.0,1.0,1.0,1.0,0.4570791736835414,0.5497409413355456,0.6657436200432106,0.998823708260345
LEC,16,15.0,1.0,image_color_derived_proxy,9.0,0.0,0.2807017543859649,0.0,87.67700004577637,652,5369.57421875,1.0,nearest_physical_car_same_track_location_crossing_headway_le_2s,0.9955860716685754,0.9955860716685754,0.9955860716685754,0.9955860716685754,0.9955860716685754,0.37338197241525284,0.5314427616032026,0.6628240364303917,1.0,1.0,1.0,1.0,1.0,0.5143120288848877,0.5881619453430176,0.83892822265625,1.0,1.0,1.0,1.0,1.0,0.5145507748203821,0.5990509126629566,0.8314943742263848,0.9991214209074948
LEC,17,20.0,1.0,image_color_derived_proxy,9.0,0.0,0.2982456140350877,0.0,87.75349426269531,655,5369.57421875,1.0,nearest_physical_car_same_track_location_crossing_headway_le_2s,0.9940059364324163,0.9940059364324163,0.9940059364324163,0.9940059364324163,0.9940059364324163,0.42903030395507813,0.533015028874677,0.7118526403121498,1.0,1.0,1.0,1.0,1.0,0.523850679397583,0.5813179016113281,0.790600061416626,1.0,1.0,1.0,1.0,1.0,0.5229993211176903,0.5848140862390446,0.7865762010140955,0.998801940897865
LEC,18,14.0,1.0,image_color_derived_proxy,9.0,0.0,0.3157894736842105,0.0,87.54099932312965,658,5369.57421875,1.0,nearest_physical_car_same_track_location_crossing_headway_le_2s,0.9969271541805436,0.9969271541805436,0.9969271541805436,0.9969271541805436,0.9969271541805436,0.5250041407668244,0.6284898995865099,0.8119862979220361,1.0,1.0,1.0,1.0,1.0,0.6451284885406494,0.7365806102752686,0.9114747047424316,1.0,1.0,1.0,1.0,1.0,0.6425623694280509,0.7272608130548605,0.9035260204146924,0.9993599845650869
LEC,19,20.0,1.0,image_color_derived_proxy,9.0,0.0,0.3333333333333333,0.0,87.5790023803711,673,5369.57421875,1.0,nearest_physical_car_same_track_location_crossing_headway_le_2s,0.9960492814883805,0.9960492814883805,0.9960492814883805,0.9960492814883805,0.9960492814883805,0.35880665588378907,0.48951042881987505,0.67916758225923,1.0,1.0,1.0,1.0,1.0,0.33499860763549805,0.45923304557800293,0.6709277629852295,1.0,1.0,1.0,1.0,1.0,0.33315461436209354,0.45744850118489483,0.6758336892947353,0.9991774082845968
LEC,20,15.0,1.0,image_color_derived_proxy,9.0,0.0,0.3508771929824561,0.0,87.5250015258789,668,5369.57421875,1.0,nearest_physical_car_same_track_location_crossing_headway_le_2s,0.994401599531628,0.994401599531628,0.994401599531628,0.994401599531628,0.994401599531628,0.222419396499848,0.3549740854899089,0.5579514401630291,1.0,1.0,1.0,1.0,1.0,0.6334323883056641,0.7614758014678955,1.0841763019561768,1.0,1.0,1.0,1.0,1.0,0.6490877413086737,0.7692355888855318,1.074554531470144,0.9988447602681876
LEC,21,15.0,1.0,image_color_derived_proxy,9.0,0.0,0.3684210526315789,0.0,87.46600246429443,658,5369.57421875,1.0,nearest_physical_car_same_track_location_crossing_headway_le_2s,0.9930487279249115,0.9930487279249115,0.9930487279249115,0.9930487279249115,0.9930487279249115,0.4561396981917455,0.5521756634545683,0.7130333404541016,1.0,1.0,1.0,1.0,1.0,0.36690425872802734,0.4420797824859619,0.7076573371887207,1.0,1.0,1.0,1.0,1.0,0.3654099483287351,0.4402969367845799,0.7233112303990803,0.9985695845413856
LEC,22,15.0,1.0,image_color_derived_proxy,9.0,0.0,0.38596491228070173,0.0,87.60300350189209,658,5369.57421875,1.0,nearest_physical_car_same_track_location_crossing_headway_le_2s,0.9956165886101204,0.9956165886101204,0.9956165886101204,0.9956165886101204,0.9956165886101204,0.4508330891545865,0.5724669906693667,0.7173318850375665,1.0,1.0,1.0,1.0,1.0,0.7320899963378906,0.8454370498657227,1.0777206420898438,1.0,1.0,1.0,1.0,1.0,0.7409948402830384,0.8451637807753317,1.0705385340508906,0.999058742433558
LEC,23,23.0,1.0,image_color_derived_proxy,9.0,0.0,0.40350877192982454,0.0,87.5260009765625,665,5369.57421875,1.0,nearest_physical_car_same_track_location_crossing_headway_le_2s,0.9960697391878486,0.9960697391878486,0.9960697391878486,0.9960697391878486,0.9960697391878486,0.5344833937078385,0.7191363815433723,0.849389405117208,1.0,1.0,1.0,1.0,1.0,0.7488534450531006,0.8645765781402588,0.9936697483062744,1.0,1.0,1.0,1.0,1.0,0.7460488480541445,0.8589178278667703,1.0024964209200047,0.9991356446782687
LEC,24,28.0,1.0,image_color_derived_proxy,9.0,0.0,0.42105263157894735,0.0,87.3599967956543,642,5369.57421875,1.0,nearest_physical_car_same_track_location_crossing_headway_le_2s,0.9936355309675834,0.9936355309675834,0.9936355309675834,0.9936355309675834,0.9936355309675834,0.8001204617052193,1.039315241249725,1.115246457797473,1.0,1.0,1.0,1.0,1.0,0.8831641674041748,1.0037713050842285,1.0540330410003662,1.0,1.0,1.0,1.0,1.0,0.8597739655171468,1.0031350040324578,1.1138306708937487,0.9986496660030313
LEC,25,31.0,1.0,image_color_derived_proxy,9.0,0.0,0.43859649122807015,0.0,87.49700164794922,652,5369.57421875,1.0,nearest_physical_car_same_track_location_crossing_headway_le_2s,0.6210498099937725,0.9597814991464159,0.9972799067282186,0.9972799067282186,0.9972799067282186,1.125742212022894,1.4109119330824524,1.6913433948195125,0.0776941001919447,0.9540441405680842,1.0,1.0,1.0,1.5162160396575928,1.6072304248809814,1.6973466873168945,0.26558622091106465,0.8022674759886007,0.9540555741525393,1.0,1.0,1.4244627598931068,1.5783888313899632,1.8834132544876983,1.0
LEC,26,36.0,0.9803781517,image_color_derived_proxy,9.0,0.0,0.45614035087719296,0.0,87.45199966430664,636,5369.57421875,1.0,nearest_physical_car_same_track_location_crossing_headway_le_2s,0.7456662300403092,0.9574509244093472,0.9940424458027665,0.9940424458027665,0.9940424458027665,1.1205953841320808,1.285978016100432,1.6386698602472696,0.8600375110954116,1.0,1.0,1.0,1.0,0.9858462810516357,1.1621692180633545,1.563546895980835,0.8556693736584797,0.9615789216208651,0.9810181602046358,0.9961121566452927,1.0,0.9335531215957878,1.1762721086685952,1.5732238143927215,1.0
LEC,27,33.0,0.9947361859,image_color_derived_proxy,9.0,0.0,0.47368421052631576,0.0,87.37300109863281,634,5369.57421875,1.0,nearest_physical_car_same_track_location_crossing_headway_le_2s,0.950419473898753,0.9964519931959961,0.9964519931959961,0.9964519931959961,0.9964519931959961,0.9930683995083888,1.2653829696330618,1.4346257309240797,1.0,1.0,1.0,1.0,1.0,1.173902988433838,1.2725839614868164,1.3357326984405518,0.9306193566293293,0.9826147661828508,1.0,1.0,1.0,1.1230760586057837,1.256772932411165,1.462523791782928,0.9978691111667353
LEC,28,34.0,0.9899501745000001,image_color_derived_proxy,9.0,0.0,0.49122807017543857,0.0,87.29399871826172,655,5369.57421875,1.0,nearest_physical_car_same_track_location_crossing_headway_le_2s,0.9963571380225041,0.9963571380225041,0.9963571380225041,0.9963571380225041,0.9963571380225041,0.8545713979035175,1.081492826470918,1.2919016065713897,0.9223085023605117,1.0,1.0,1.0,1.0,1.264735460281372,1.3235392570495605,1.4849236011505127,0.8758104713253572,0.9837331961521086,1.0,1.0,1.0,1.2113576819404348,1.3201943912912177,1.5217269730814158,1.0
LEC,29,30.0,1.0,image_color_derived_proxy,9.0,0.0,0.5087719298245614,0.0,87.30899810791016,636,5369.57421875,1.0,nearest_physical_car_same_track_location_crossing_headway_le_2s,0.9656163725536351,0.9944679240316671,0.9944679240316671,0.9944679240316671,0.9944679240316671,0.8915577325743528,1.2934550510363632,1.3952284950213873,0.5866634800697148,1.0,1.0,1.0,1.0,1.2485203742980957,1.4288954734802246,1.6245231628417969,0.619901770745904,0.9481840165802077,0.9968044607696855,1.0,1.0,1.223135859755412,1.4315633976026512,1.6420040047086526,1.0
LEC,30,60.0,0.8655138781000001,image_color_derived_proxy,9.0,0.0,0.5263157894736842,0.0,87.05400085449219,635,5369.57421875,0.3743997769742572,nearest_physical_car_same_track_location_crossing_headway_le_2s,0.1330897772389294,0.4204172414650236,0.7661911236150941,0.9663083067810325,0.984446446286404,1.4421192228485267,1.799521247376787,2.155208991750753,0.0,0.08101867695990181,0.3743997769742572,0.8559859555480458,1.0,1.8932623863220215,2.0849175453186035,2.2923672199249268,0.0,0.10561259360148889,0.3824292525587752,0.7987110673369825,0.9005215619303961,1.7417473293993848,2.0397157406529987,2.4926097881782048,0.5135494722680772
LEC,31,188.0,0.2529044189000001,image_color_derived_proxy,9.0,0.0,0.543859649122807,0.0,87.12799835205078,637,5369.57421875,0.0660981536756304,nearest_physical_car_same_track_location_crossing_headway_le_2s,0.040342931999981436,0.14137819207479202,0.3278050539617152,0.6206844944777343,0.830146559894137,1.6459764188878678,2.1522555608819003,2.5724105529878116,0.0,0.0,0.0660981536756304,0.382701340564364,0.8725094769799864,2.0940146446228027,2.294969081878662,2.5848348140716553,0.0,0.0,0.16807456076558744,0.46277890442775116,0.7678014192330833,1.9487381656145721,2.2769833649873763,2.7752121208859046,0.09749447188059501
LEC,32,241.0,0.0,image_color_derived_proxy,9.0,0.0,0.5614035087719298,0.0,91.56999969482422,670,5369.57421875,0.0,nearest_physical_car_same_track_location_crossing_headway_le_2s,0.01965708466811634,0.08625094805038017,0.1799716384735112,0.2823632301675109,0.549754245433757,1.7795000295170018,2.450982923589665,2.9994295719554445,0.0,0.0,0.0,0.0,0.6548979554938931,2.344708204269409,2.4402666091918945,2.677847146987915,0.0,0.006748977255372591,0.0605001740088515,0.23682423472973388,0.5614611802790856,2.101588200429509,2.440603130022184,3.3082355932616125,0.0
LEC,33,234.0,0.032747894500000145,image_color_derived_proxy,10.0,0.0,0.5789473684210527,0.015815085158150853,108.46199584007263,823,5369.57421875,0.11211298780478436,nearest_physical_car_same_track_location_crossing_headway_le_2s,0.07506776158439248,0.08207484393009348,0.11157825506323567,0.16247167048200814,0.21765231206383087,1.9338497922665487,2.9437958233862926,4.018242982054783,0.10678393162996702,0.11084988058286832,0.11211298780478436,0.11211298780478436,0.11211298780478436,1.2301783561706543,2.8871264457702637,3.0626492500305176,0.10715271965296126,0.1099094480433828,0.1202264210304108,0.16761628648362792,0.27552507324086833,1.2217780921810117,2.7872478683887616,3.7687917537081175,0.09757086800385623
LEC,34,240.0,0.00403182610000016,image_color_derived_proxy,10.0,0.0,0.5964912280701754,0.0015360983102918587,85.62899780273438,652,5369.57421875,0.0,nearest_physical_car_same_track_location_crossing_headway_le_2s,0.0,0.013289873876070026,0.03544358770529575,0.0982494063383075,0.16697613275961182,2.2652626731178978,3.092780344835793,3.990240899568987,0.0,0.0,0.0,0.0,0.0,3.013345956802368,3.288438558578491,3.4226431846618652,0.0,0.0,0.0,0.006072669964727781,0.023812044017390555,2.6466773483769854,3.2073064446456514,4.352573528195103,0.0
LEC,35,239.5,0.0064248318000001345,image_color_derived_proxy,9.0,0.0,0.6140350877192983,0.0015772870662460567,85.38200378417969,635,5369.57421875,0.007940781710881506,nearest_physical_car_same_track_location_crossing_headway_le_2s,0.022475461166328155,0.03182169900497624,0.039610236238282075,0.08772340606204523,0.1528659311197022,2.3121837283096283,3.252730343840843,4.114239223579546,0.004661403858749606,0.007729964373761861,0.007940781710881506,0.007940781710881506,0.010283196257502554,3.2118680477142334,3.331035852432251,3.4190423488616943,0.004661403858749606,0.004661403858749606,0.004661403858749606,0.007940781710881506,0.03136492159234183,2.7515589053149836,3.231857939905071,4.428276226825778,0.0
LEC,36,239.0,0.00881783750000011,image_color_derived_proxy,9.0,0.0,0.631578947368421,0.0,85.3649959564209,647,5369.57421875,0.0,nearest_physical_car_same_track_location_crossing_headway_le_2s,0.0,0.0011362985610616249,0.012182967931136946,0.031652297332439926,0.07873242383123026,2.617234902789028,3.4553335125526687,4.405522155761719,0.0,0.0,0.0,0.0,0.0,3.48732328414917,3.646450996398926,3.8442296981811523,0.0,0.0,0.0,0.0,0.0,3.043864808115591,3.4963288258596052,4.889634964455086,0.0
LEC,37,240.0,0.00403182610000016,image_color_derived_proxy,9.0,0.0,0.6491228070175439,0.0,85.33900165557861,637,5369.57421875,0.0,nearest_physical_car_same_track_location_crossing_headway_le_2s,0.0,0.0,0.010768812080144134,0.05387929558113401,0.10621173545176223,2.4629947326343915,3.3400648987408985,4.0780454038929665,0.0,0.0,0.0,0.0,0.0,2.947037696838379,3.1045475006103516,3.2632601261138916,0.0,0.0,0.0,0.006105062144387154,0.08788483189628443,2.5365517295991187,2.998534959748564,4.180528904119469,0.0
LEC,38,241.0,0.0,image_color_derived_proxy,9.0,0.0,0.6666666666666666,0.0,85.33199914544821,628,5369.57421875,0.0,nearest_physical_car_same_track_location_crossing_headway_le_2s,0.0,0.012175966435804987,0.04985230501642333,0.11040403084775409,0.2859066425105835,2.2079492714199316,2.7857871522294717,3.6241231386628496,0.0,0.0,0.0,0.10502503736717188,0.3199855014102982,2.2180001735687256,2.690497875213623,3.279265880584717,0.0,0.0,0.07336050232296855,0.22747624932244884,0.4039280201887993,2.049383738649434,2.617519732371269,3.71471054878179,0.0
LEC,39,176.0,0.31033655570000007,image_color_derived_proxy,9.0,0.0,0.6842105263157895,0.0,85.3975019454956,633,5369.57421875,0.6192277578357106,nearest_physical_car_same_track_location_crossing_headway_le_2s,0.04052812276305042,0.13174858363774655,0.27184650629676305,0.5924120079327923,0.8782868546913287,1.664008722719939,2.1496564559354128,2.523494259146757,0.0,0.027600320734297995,0.6192277578357106,0.7353201344930069,1.0,1.8235480785369873,1.9589290618896484,2.3626763820648193,0.016546130358294643,0.20605989310204276,0.5117303752960036,0.7611873932047556,0.8627593591214933,1.6719060589298027,1.9911582474187242,2.641544471283745,0.34729477401843173
LEC,40,71.0,0.8128677527000001,image_color_derived_proxy,9.0,0.0,0.7017543859649122,0.0,85.49600219726562,631,5369.57421875,0.6750725211205794,nearest_physical_car_same_track_location_crossing_headway_le_2s,0.5565875060636445,0.6838682439667854,0.7886334002153352,0.9509099695302424,0.9980934780771702,0.9161585589669181,1.397344337319428,2.1155772725710347,0.29094927669957843,0.5795709884552493,0.6750725211205794,1.0,1.0,1.322566270828247,1.7261366844177246,2.1205179691314697,0.3258631078056193,0.5403410828999694,0.7497895153519519,0.8977613105039277,0.9419739009856389,1.3058243270058179,1.6431581251104952,2.2898864960296805,0.7522009295350973
LEC,41,40.0,0.9612341061,image_color_derived_proxy,9.0,0.0,0.7192982456140351,0.0015698587127158557,86.31999969482422,638,5369.57421875,0.9911955266575836,nearest_physical_car_same_track_location_crossing_headway_le_2s,0.8782553592668596,0.9949837812805619,0.9949837812805619,0.9949837812805619,0.9949837812805619,0.09417793368953828,1.1899707356249638,1.5206428699923638,0.7810125011766256,0.9888786018551131,0.9911955266575836,0.9911955266575836,0.9953660620100432,0.46188926696777344,1.358736515045166,1.5273280143737793,0.8122914058388025,0.9474050435583454,0.9958758004920394,1.0,1.0,0.4647830525576995,1.331400987417539,1.6440645761181494,1.0
LEC,42,23.0,1.0,image_color_derived_proxy,9.0,0.0,0.7368421052631579,0.0,86.08899688720703,658,5369.57421875,1.0,nearest_physical_car_same_track_location_crossing_headway_le_2s,0.9953768772282385,0.9953768772282385,0.9953768772282385,0.9953768772282385,0.9953768772282385,0.5785197559155916,0.7716291804444102,0.9614849853515625,1.0,1.0,1.0,1.0,1.0,0.6223733425140381,0.741070032119751,0.9140362739562988,1.0,1.0,1.0,1.0,1.0,0.6197363048503337,0.7446725808093385,0.9274060652587919,0.9987832526717624
LEC,43,39.0,0.9660201175,image_color_derived_proxy,9.0,0.0,0.7543859649122807,0.0,85.65399932861328,639,5369.57421875,1.0,nearest_physical_car_same_track_location_crossing_headway_le_2s,0.9958670931314294,0.9958670931314294,0.9958670931314294,0.9958670931314294,0.9958670931314294,0.5868379592895507,0.7290784596595862,0.9034759153802712,1.0,1.0,1.0,1.0,1.0,0.7239675521850586,0.9040169715881348,1.1623485088348389,1.0,1.0,1.0,1.0,1.0,0.7348324339324883,0.89453482038807,1.1573387727199598,0.998867380677438
LEC,44,23.0,1.0,image_color_derived_proxy,9.0,0.0,0.7719298245614035,0.0,85.56000328063965,626,5369.57421875,1.0,nearest_physical_car_same_track_location_crossing_headway_le_2s,0.9916549794381538,0.9916549794381538,0.9916549794381538,0.9916549794381538,0.9916549794381538,0.6080910739077123,0.7673061814419059,0.9264947143123344,1.0,1.0,1.0,1.0,1.0,0.7890310287475586,0.9535584449768066,1.188631534576416,1.0,1.0,1.0,1.0,1.0,0.77846270754085,0.95337728378196,1.1540491755733395,0.998034805289342
LEC,45,30.0,1.0,image_color_derived_proxy,9.0,0.0,0.7894736842105263,0.0,85.22899675369263,656,5369.57421875,1.0,nearest_physical_car_same_track_location_crossing_headway_le_2s,0.9951894306862652,0.9951894306862652,0.9951894306862652,0.9951894306862652,0.9951894306862652,0.6756721944326238,0.8654061153017242,1.1005212040270789,1.0,1.0,1.0,1.0,1.0,0.670861005783081,0.8060994148254395,0.9654700756072998,1.0,1.0,1.0,1.0,1.0,0.6640783453105904,0.8020847530612425,0.9534274356338299,0.9987123967719769
LEC,46,28.0,1.0,image_color_derived_proxy,9.0,0.0,0.8070175438596491,0.0,84.91450023651123,637,5369.57421875,1.0,nearest_physical_car_same_track_location_crossing_headway_le_2s,0.9945003502778834,0.9945003502778834,0.9945003502778834,0.9945003502778834,0.9945003502778834,0.624730720329835,0.7979666245254438,0.9385678181076665,1.0,1.0,1.0,1.0,1.0,0.5221734046936035,0.6698062419891357,0.7732138633728027,1.0,1.0,1.0,1.0,1.0,0.5195354207730768,0.6622430224307689,0.767895382153165,0.9985666249144243
LEC,47,40.0,0.9612341061,image_color_derived_proxy,9.0,0.0,0.8245614035087719,0.0,85.00499725341797,639,5369.57421875,1.0,nearest_physical_car_same_track_location_crossing_headway_le_2s,0.9966237279012994,0.9966237279012994,0.9966237279012994,0.9966237279012994,0.9966237279012994,0.6033939312030743,0.8979653023384714,1.2384395725124484,1.0,1.0,1.0,1.0,1.0,0.5648989677429199,0.7784757614135742,1.0054101943969727,1.0,1.0,1.0,1.0,1.0,0.5623285572525724,0.7827158254681675,0.9812300871941261,0.9989691323234988
LEC,48,28.0,1.0,image_color_derived_proxy,9.0,0.0,0.8421052631578947,0.0,84.92000007629395,647,5369.57421875,1.0,nearest_physical_car_same_track_location_crossing_headway_le_2s,0.9970560527581795,0.9970560527581795,0.9970560527581795,0.9970560527581795,0.9970560527581795,0.6729626973433304,0.8632704875508294,1.0211915936634404,1.0,1.0,1.0,1.0,1.0,0.7745828628540039,0.909923791885376,1.0061886310577393,1.0,1.0,1.0,1.0,1.0,0.7661752133119176,0.902310965092053,1.0080345378585573,0.9990419746637329
LEC,49,32.0,0.9995221973000001,image_color_derived_proxy,9.0,0.0,0.8596491228070176,0.0,84.7400016784668,624,5369.57421875,1.0,nearest_physical_car_same_track_location_crossing_headway_le_2s,0.9968963888808735,0.9968963888808735,0.9968963888808735,0.9968963888808735,0.9968963888808735,0.6743047877720425,0.9493703850910743,1.1391488907185008,1.0,1.0,1.0,1.0,1.0,0.5746026039123535,0.7915124893188477,0.8621218204498291,1.0,1.0,1.0,1.0,1.0,0.5580974070936701,0.779661260358534,0.8643992609886701,0.9989994107844387
LEC,50,28.0,1.0,image_color_derived_proxy,9.0,0.0,0.8771929824561403,0.0,84.89699745178223,640,5369.57421875,1.0,nearest_physical_car_same_track_location_crossing_headway_le_2s,0.984734459435528,0.9974439615152293,0.9974439615152293,0.9974439615152293,0.9974439615152293,0.739731179514239,1.0388768614219328,1.3258852882398258,1.0,1.0,1.0,1.0,1.0,0.5667681694030762,0.8237662315368652,1.0188283920288086,1.0,1.0,1.0,1.0,1.0,0.5613336069636785,0.8108033907158084,1.0108280480877339,0.9988758958038106
LEC,51,23.0,1.0,image_color_derived_proxy,9.0,0.0,0.8947368421052632,0.0,84.94499969482422,649,5369.57421875,1.0,nearest_physical_car_same_track_location_crossing_headway_le_2s,0.9848608199577736,0.9970922362139302,0.9970922362139302,0.9970922362139302,0.9970922362139302,0.887922279920667,1.0639801119404588,1.3031398533107519,0.9736300209333449,1.0,1.0,1.0,1.0,1.0143101215362549,1.182835340499878,1.3765912055969238,0.978644970307379,1.0,1.0,1.0,1.0,1.0287621087733319,1.169950440184397,1.349709794828149,1.0
LEC,52,28.0,1.0,image_color_derived_proxy,9.0,0.0,0.9122807017543859,0.0,84.75299835205078,636,5369.57421875,1.0,nearest_physical_car_same_track_location_crossing_headway_le_2s,0.9898410983025085,0.9939943127295208,0.9939943127295208,0.9939943127295208,0.9939943127295208,0.7820564780535851,1.058254533574005,1.3551900532711518,0.934079052134152,1.0,1.0,1.0,1.0,0.9149491786956787,1.2421531677246094,1.450549602508545,0.9565325336030308,0.9922245042081711,1.0,1.0,1.0,0.8960050420295691,1.214365396771319,1.4420222535310963,1.0
LEC,53,71.0,0.8128677527000001,image_color_derived_proxy,9.0,0.0,0.9298245614035088,0.0,85.23699998855591,659,5369.57421875,0.8254631277473191,nearest_physical_car_same_track_location_crossing_headway_le_2s,0.23597731240386105,0.5378766304898586,0.7565376471123638,0.8620552874775017,0.9261236073776868,1.3040096356791835,1.7181119117165344,2.2961610418703686,0.13985710996694384,0.5566596437374082,0.8254631277473191,0.900184148751801,1.0,1.3951125144958496,1.7330899238586426,2.239733934402466,0.19659305648859113,0.5851918446228159,0.7684573984792421,0.9032814169140887,0.9507373796008832,1.3764787674677674,1.708014000977212,2.232701897110356,0.7949535318969839
LEC,54,240.0,0.00403182610000016,image_color_derived_proxy,9.0,0.0,0.9473684210526315,0.0,85.01599884033203,648,5369.57421875,0.0,nearest_physical_car_same_track_location_crossing_headway_le_2s,0.00462265519912248,0.02846524818640793,0.062200041738395655,0.13946791577333548,0.26851420577199564,2.125038364955357,2.9799590127053115,3.8106605113636367,0.0,0.0,0.0,0.038827987241027435,0.21054860100094971,2.3124032020568848,2.764683961868286,2.9094297885894775,0.0,0.0,0.020690198799861836,0.11594293752872263,0.36115564181331117,2.229592600950066,2.6843453810481845,3.427083943440535,0.0
LEC,55,115.0,0.6022832511,image_color_derived_proxy,8.0,0.0,0.9649122807017544,0.0032310177705977385,85.0680046081543,620,5369.57421875,0.54070864450766,nearest_physical_car_same_track_location_crossing_headway_le_2s,0.24262940555290707,0.48096812892983687,0.612509981472253,0.6848051454284868,0.7300747571744964,1.244368264841479,1.7952191978913072,3.2803349372550357,0.041860614140755724,0.050324422792092954,0.54070864450766,0.6500094147699198,0.6524545195312642,1.7861971855163574,1.9713032245635986,3.2811338901519775,0.03903934459030998,0.17703482684603594,0.5211713489470682,0.6212206671845425,0.6646917921816109,1.700460675648059,1.9725908025088066,3.6318429488955934,0.5136680270046484
LEC,56,28.0,1.0,image_color_derived_proxy,8.0,0.0,0.9824561403508771,0.0,84.56300163269043,615,5369.57421875,1.0,nearest_physical_car_same_track_location_crossing_headway_le_2s,0.3319655784060612,0.8272885621004332,0.9745160791298965,0.9948677320213679,0.9948677320213679,1.2406220203309548,1.580111815905461,1.809010698451078,0.9180255573389073,0.9984508304622808,1.0,1.0,1.0,0.9883449077606201,1.2102134227752686,1.4277064800262451,0.8710547044755488,0.9765973122541198,1.0,1.0,1.0,0.9339377426017478,1.2053789525813738,1.5349366733900347,1.0
LEC,57,152.0,0.42520082930000014,image_color_derived_proxy,8.0,0.0,1.0,0.001644736842105263,85.06100058555603,609,5369.57421875,0.2898507965997695,nearest_physical_car_same_track_location_crossing_headway_le_2s,0.04888256059663029,0.20795670043275155,0.35198277465649286,0.5414937390843183,0.7738093884521865,1.6139067561396931,2.1555960889308916,2.7375669013419905,0.0,0.10100986010114955,0.2898507965997695,0.6119608339445202,0.8353299439856068,1.7499146461486816,2.11152982711792,2.6433708667755127,0.0,0.13828896375874214,0.38609937932436034,0.5738705028155331,0.8077733184522948,1.7252238134095488,2.1223805796789383,2.636964742320309,0.2675149466700138
LAW,1,15.0,1.0,image_color_derived_proxy,13.0,0.006343707936592009,0.017543859649122806,0.10724233983286909,95.84299695491791,719,5369.57421875,0.993656292063408,nearest_physical_car_same_track_location_crossing_headway_le_2s,0.993656292063408,0.993656292063408,0.993656292063408,0.993656292063408,0.993656292063408,0.011284946241686421,0.10964285771649583,0.2743435678306533,0.993656292063408,0.993656292063408,0.993656292063408,0.993656292063408,0.993656292063408,0.016630172729492188,0.15088415145874023,0.3511779308319092,1.0,1.0,1.0,1.0,1.0,0.01674971518565605,0.15306831700017684,0.3630732895766027,0.9958125554764786
LAW,2,15.0,1.0,image_color_derived_proxy,13.0,0.0,0.03508771929824561,0.0,89.47400188446045,674,5369.57421875,1.0,nearest_physical_car_same_track_location_crossing_headway_le_2s,0.9963564834684855,0.9963564834684855,0.9963564834684855,0.9963564834684855,0.9963564834684855,0.43302724332037834,0.5361541119223201,0.7314292647198933,1.0,1.0,1.0,1.0,1.0,0.3136627674102783,0.4341154098510742,0.578223466873169,1.0,1.0,1.0,1.0,1.0,0.3131938078697352,0.43315768025782997,0.579016838672937,0.9989218560372117
LAW,3,15.0,1.0,image_color_derived_proxy,13.0,0.0,0.05263157894736842,0.0,89.06000077724457,663,5369.57421875,1.0,nearest_physical_car_same_track_location_crossing_headway_le_2s,0.9970581631234017,0.9970581631234017,0.9970581631234017,0.9970581631234017,0.9970581631234017,0.4831781584641029,0.5731828977828014,0.6560579049941165,1.0,1.0,1.0,1.0,1.0,0.3845658302307129,0.4566206932067871,0.5639400482177734,1.0,1.0,1.0,1.0,1.0,0.37971035293389566,0.45572853141675607,0.5635697709334371,0.9990472081925112
LAW,4,15.0,1.0,image_color_derived_proxy,13.0,0.0,0.07017543859649122,0.0,88.78100204467773,662,5369.57421875,1.0,nearest_physical_car_same_track_location_crossing_headway_le_2s,0.9953368401460302,0.9953368401460302,0.9953368401460302,0.9953368401460302,0.9953368401460302,0.46641104475782796,0.5458425094386467,0.6375061043962752,1.0,1.0,1.0,1.0,1.0,0.470944881439209,0.5284914970397949,0.5971410274505615,1.0,1.0,1.0,1.0,1.0,0.4702417593192388,0.5297285526523338,0.590111691624258,0.998700204105959
LAW,5,20.0,1.0,image_color_derived_proxy,13.0,0.0,0.08771929824561403,0.0,88.55300521850586,670,5369.57421875,1.0,nearest_physical_car_same_track_location_crossing_headway_le_2s,0.9949860537807106,0.9949860537807106,0.9949860537807106,0.9949860537807106,0.9949860537807106,0.6393245491128348,0.7977629962439221,0.9735328108149375,1.0,1.0,1.0,1.0,1.0,0.6477246284484863,0.7346055507659912,0.885521411895752,1.0,1.0,1.0,1.0,1.0,0.6612081522892986,0.7364165364822056,0.8772108389606518,0.9986203815382226
LAW,6,15.0,1.0,image_color_derived_proxy,13.0,0.0,0.10526315789473684,0.0,88.13399505615234,656,5369.57421875,1.0,nearest_physical_car_same_track_location_crossing_headway_le_2s,0.9965847457742663,0.9965847457742663,0.9965847457742663,0.9965847457742663,0.9965847457742663,0.6524389378752092,0.7325459424096801,0.8314929908430073,1.0,1.0,1.0,1.0,1.0,0.6838393211364746,0.7649686336517334,0.8445360660552979,1.0,1.0,1.0,1.0,1.0,0.6964535014273664,0.7558174083614831,0.8784009350765654,0.9989206032423739
LAW,7,25.0,1.0,image_color_derived_proxy,12.0,0.0,0.12280701754385964,0.0048543689320388345,109.52500629425049,825,5369.57421875,0.9587400068716792,nearest_physical_car_same_track_location_crossing_headway_le_2s,0.9246290496642297,0.9501940155701462,0.9570143560433078,0.9613969126710313,0.967359055150828,0.3468684199996201,0.8538247177281331,1.3552404153636568,0.8950102726456538,0.9401141150817561,0.9587400068716792,0.9777950324877486,1.0,0.47129058837890625,0.9887022972106934,1.5118205547332764,0.8785665512647524,0.9396211040186035,0.9587400068716792,0.9696872905361477,0.9824697734891059,0.46402604111324386,0.9859477403831554,1.5246953108854127,0.9569943158038234
LAW,8,130.0,0.5304930801000001,image_color_derived_proxy,12.0,0.0,0.14035087719298245,0.013197969543147208,134.86000442504883,986,5369.57421875,0.6869049329866671,nearest_physical_car_same_track_location_crossing_headway_le_2s,0.3645410041367089,0.4780512974404163,0.6531365546203334,0.7304464441137676,0.7855775936334045,0.9378677368164062,1.7690602497882155,3.096903815636268,0.3574670260362556,0.557956416660875,0.6869049329866671,0.7433412252956567,0.7643111410371264,0.9401311874389648,1.652259349822998,3.074610471725464,0.3761975503540164,0.529430509716347,0.6603588831344082,0.751801898825893,0.8061322900676924,0.9169710142677531,1.7018183588067097,3.202399819222815,0.6791949444236276
LAW,9,19.0,1.0,image_color_derived_proxy,11.0,0.0,0.15789473684210525,0.001885014137606032,141.90399599075317,1062,5369.57421875,0.9960536686984163,nearest_physical_car_same_track_location_crossing_headway_le_2s,0.7607608613011201,0.8858594615768264,0.9809237482526082,0.996532867096837,0.996532867096837,0.6113954554314103,1.1107000064849855,1.7829842755175014,0.6702488477860337,0.900510286742806,0.9960536686984163,0.9960536686984163,0.9960536686984163,0.6973624229431152,1.3784375190734863,1.7495052814483643,0.7156175739807391,0.8657190767822937,0.9749549276404196,0.9960536686984163,0.9960536686984163,0.7187458365325282,1.3417124779269187,1.8042260416955245,1.0
LAW,10,47.0,0.9277320263000002,image_color_derived_proxy,11.0,0.0,0.17543859649122806,0.0,132.6259994506836,1010,5369.57421875,0.856626895361737,nearest_physical_car_same_track_location_crossing_headway_le_2s,0.5998219509760806,0.7738679171205199,0.9004569207075308,0.9299006104476328,0.9550842250765162,0.3877510164221939,1.369022516899533,1.9665514659029526,0.2905387951428807,0.6438933556743716,0.856626895361737,0.934997674526298,1.0,0.5692691802978516,1.6513071060180664,2.1292624473571777,0.34318304713851683,0.6321461029592695,0.8226139554021027,0.9267112221867161,0.9580700552907618,0.5708631804222329,1.636761645864544,2.167931230468726,0.8711810746239621
LAW,11,14.5,1.0,image_color_derived_proxy,11.0,0.0,0.19298245614035087,0.0,88.33799743652344,651,5369.57421875,1.0,nearest_physical_car_same_track_location_crossing_headway_le_2s,0.9938644749548695,0.9938644749548695,0.9938644749548695,0.9938644749548695,0.9938644749548695,0.32282013652993624,0.5522260526777366,0.664135219669792,1.0,1.0,1.0,1.0,1.0,0.35858869552612305,0.5767199993133545,0.673499584197998,1.0,1.0,1.0,1.0,1.0,0.35762158088779894,0.5761019554146285,0.6737409767265623,0.9985880484811722
LAW,12,15.0,1.0,image_color_derived_proxy,11.0,0.0,0.21052631578947367,0.0,88.316002368927,657,5369.57421875,1.0,nearest_physical_car_same_track_location_crossing_headway_le_2s,0.9975315912302719,0.9975315912302719,0.9975315912302719,0.9975315912302719,0.9975315912302719,0.4925687435146822,0.6260639837334747,0.7602067231801484,1.0,1.0,1.0,1.0,1.0,0.29503607749938965,0.4293792247772217,0.5177562236785889,1.0,1.0,1.0,1.0,1.0,0.29333327075126886,0.42702691286146127,0.5162125849077009,0.9992915025662169
LAW,13,14.0,1.0,image_color_derived_proxy,11.0,0.0,0.22807017543859648,0.0,87.76599884033203,665,5369.57421875,1.0,nearest_physical_car_same_track_location_crossing_headway_le_2s,0.9969350318192072,0.9969350318192072,0.9969350318192072,0.9969350318192072,0.9969350318192072,0.5496646790483286,0.6837089709381559,0.8413450016204967,1.0,1.0,1.0,1.0,1.0,0.3579390048980713,0.547804594039917,0.7125904560089111,1.0,1.0,1.0,1.0,1.0,0.3583295043642042,0.5502777353228075,0.7267745965033767,0.9991637673669835
LAW,14,15.0,1.0,image_color_derived_proxy,11.0,0.0,0.24561403508771928,0.0073964497041420114,87.95599842071533,677,5369.57421875,1.0,nearest_physical_car_same_track_location_crossing_headway_le_2s,0.9974077947585948,0.9974077947585948,0.9974077947585948,0.9974077947585948,0.9974077947585948,0.5172394375791153,0.6825035257542388,0.7657068395673564,0.999147248863256,1.0,1.0,1.0,1.0,0.2198326587677002,0.9895684719085693,1.3204374313354492,0.9802628576537619,1.0,1.0,1.0,1.0,0.21897502019691312,1.0041208627246805,1.3509000868979073,0.9987930315352687
LAW,15,20.0,1.0,image_color_derived_proxy,11.0,0.0,0.2631578947368421,0.0,87.92400360107422,644,5369.57421875,1.0,nearest_physical_car_same_track_location_crossing_headway_le_2s,0.9894454308801995,0.9894454308801995,0.9894454308801995,0.9894454308801995,0.9894454308801995,0.5734234291796891,0.6646692831685224,0.8862013389746508,1.0,1.0,1.0,1.0,1.0,0.7559154033660889,0.8648178577423096,0.9541630744934082,1.0,1.0,1.0,1.0,1.0,0.7531570035616248,0.8572526800725285,0.9868211994726916,0.9976808188841007
LAW,16,15.0,1.0,image_color_derived_proxy,11.0,0.0,0.2807017543859649,0.0,87.7649976015091,655,5369.57421875,1.0,nearest_physical_car_same_track_location_crossing_headway_le_2s,0.9965817806629124,0.9965817806629124,0.9965817806629124,0.9965817806629124,0.9965817806629124,0.6084284575532273,0.772827865372709,0.87147557328387,1.0,1.0,1.0,1.0,1.0,0.70194411277771,0.819129228591919,0.932133674621582,1.0,1.0,1.0,1.0,1.0,0.6929251732853615,0.8141969527362097,0.939073925082992,0.9990605884133728
LAW,17,14.0,1.0,image_color_derived_proxy,11.0,0.0,0.2982456140350877,0.0,87.73399925231934,655,5369.57421875,1.0,nearest_physical_car_same_track_location_crossing_headway_le_2s,0.9946314998752225,0.9946314998752225,0.9946314998752225,0.9946314998752225,0.9946314998752225,0.3622167894056627,0.5423803476186899,0.8461300179467759,1.0,1.0,1.0,1.0,1.0,0.594597339630127,0.707772970199585,0.9239916801452637,1.0,1.0,1.0,1.0,1.0,0.5961616664028822,0.7101539995737719,0.9192396968377404,0.9986689497691095
LAW,18,15.0,1.0,image_color_derived_proxy,11.0,0.0,0.3157894736842105,0.0,87.73400115966797,659,5369.57421875,1.0,nearest_physical_car_same_track_location_crossing_headway_le_2s,0.9968883215367037,0.9968883215367037,0.9968883215367037,0.9968883215367037,0.9968883215367037,0.5261691008645534,0.6646236291092433,0.8400728466441331,1.0,1.0,1.0,1.0,1.0,0.7088589668273926,0.7845983505249023,0.8319239616394043,1.0,1.0,1.0,1.0,1.0,0.6958899290726229,0.7780847214748965,0.8632973097158614,0.999097471646133
LAW,19,15.0,1.0,image_color_derived_proxy,11.0,0.0,0.3333333333333333,0.0,87.66799926757812,673,5369.57421875,1.0,nearest_physical_car_same_track_location_crossing_headway_le_2s,0.9954715515570255,0.9954715515570255,0.9954715515570255,0.9954715515570255,0.9954715515570255,0.6108181881631507,0.7993672516386388,0.9316943454247524,1.0,1.0,1.0,1.0,1.0,0.8343074321746826,0.9580550193786621,1.1394100189208984,1.0,1.0,1.0,1.0,1.0,0.8247988651369159,0.9593672221889236,1.179196055964241,0.9988098391456939
LAW,20,15.0,1.0,image_color_derived_proxy,11.0,0.0,0.3508771929824561,0.0,87.50800055265427,668,5369.57421875,1.0,nearest_physical_car_same_track_location_crossing_headway_le_2s,0.9934634545059831,0.9934634545059831,0.9934634545059831,0.9934634545059831,0.9934634545059831,0.6909481641686224,0.8378049605120268,0.9908329887530328,1.0,1.0,1.0,1.0,1.0,0.9117836952209473,1.0067172050476074,1.2357447147369385,1.0,1.0,1.0,1.0,1.0,0.9061198173678953,1.0194087878394769,1.2632833425236258,0.998406929414676
LAW,21,15.0,1.0,image_color_derived_proxy,11.0,0.0,0.3684210526315789,0.0,87.47700357437134,658,5369.57421875,1.0,nearest_physical_car_same_track_location_crossing_headway_le_2s,0.9936211803636027,0.9936211803636027,0.9936211803636027,0.9936211803636027,0.9936211803636027,0.5468987035892008,0.7310757376930931,1.049801887656158,1.0,1.0,1.0,1.0,1.0,0.49913859367370605,0.7712423801422119,1.0059094429016113,1.0,1.0,1.0,1.0,1.0,0.49667954487430915,0.7710464195187794,1.023278791843591,0.9984262396003929
LAW,22,15.0,1.0,image_color_derived_proxy,11.0,0.0,0.38596491228070173,0.0,87.59200286865234,655,5369.57421875,1.0,nearest_physical_car_same_track_location_crossing_headway_le_2s,0.9972143575354967,0.9972143575354967,0.9972143575354967,0.9972143575354967,0.9972143575354967,0.6381944097119813,0.8379294883553645,1.0114333378882152,1.0,1.0,1.0,1.0,1.0,0.48456788063049316,0.7118310928344727,0.8567533493041992,1.0,1.0,1.0,1.0,1.0,0.48418587622652576,0.7035604519409634,0.8551666659284751,0.9991152795050344
LAW,23,19.0,1.0,image_color_derived_proxy,11.0,0.0,0.40350877192982454,0.0,87.74800109863281,670,5369.57421875,1.0,nearest_physical_car_same_track_location_crossing_headway_le_2s,0.9647513331855531,0.9934585404366252,0.9934585404366252,0.9934585404366252,0.9934585404366252,0.6360761332264409,0.9113172806676785,1.3640683734532257,0.9831335187064842,1.0,1.0,1.0,1.0,0.9032778739929199,1.254441499710083,1.4381029605865479,0.8732734569448026,0.9790308650600201,0.9995327541498331,1.0,1.0,0.8959125742705931,1.2199761817304666,1.5545970678047047,0.9972593232079879
LAW,24,27.0,1.0,image_color_derived_proxy,11.0,0.0,0.42105263157894735,0.0,87.43399810791016,644,5369.57421875,1.0,nearest_physical_car_same_track_location_crossing_headway_le_2s,0.9219753954551551,0.9871331543115189,0.9949218837599756,0.9949218837599756,0.9949218837599756,0.9751977947096971,1.1558364584543448,1.4769863068756646,0.9871788970632057,1.0,1.0,1.0,1.0,1.1693861484527588,1.2510020732879639,1.4335441589355469,0.8530434628293228,0.9729967952423655,1.0,1.0,1.0,1.1430436073971604,1.2575618282224261,1.5685819356734718,0.9980891975046927
LAW,25,23.0,1.0,image_color_derived_proxy,11.0,0.0,0.43859649122807015,0.0,87.43599700927734,650,5369.57421875,1.0,nearest_physical_car_same_track_location_crossing_headway_le_2s,0.9120270683900429,0.9925316800920142,0.9925316800920142,0.9925316800920142,0.9925316800920142,0.9208339176375974,1.101894740054482,1.486913553873698,0.9638592804394188,1.0,1.0,1.0,1.0,1.0038957595825195,1.249532699584961,1.4500312805175781,0.8542934236826236,0.9734319901354324,1.0,1.0,1.0,0.982430663830277,1.2082286063781518,1.5877645368758453,0.9978225259480199
LAW,26,14.0,1.0,image_color_derived_proxy,11.0,0.0,0.45614035087719296,0.0,87.32850074768066,635,5369.57421875,1.0,nearest_physical_car_same_track_location_crossing_headway_le_2s,0.9959234384748288,0.9959234384748288,0.9959234384748288,0.9959234384748288,0.9959234384748288,0.8811149110185339,1.0363333660623302,1.2945561787080482,0.9963356785919318,1.0,1.0,1.0,1.0,1.1547558307647705,1.256765365600586,1.3850290775299072,0.9145868699954581,0.9926598906176952,1.0,1.0,1.0,1.131543478164183,1.2506641828690823,1.4773214225203708,0.9974197401699394
LAW,27,14.0,1.0,image_color_derived_proxy,11.0,0.0,0.47368421052631576,0.0,87.73200225830078,638,5369.57421875,1.0,nearest_physical_car_same_track_location_crossing_headway_le_2s,0.9942096384086071,0.9942096384086071,0.9942096384086071,0.9942096384086071,0.9942096384086071,0.772308861728223,0.9624016518636048,1.1365691157399267,1.0,1.0,1.0,1.0,1.0,0.9558215141296387,1.0593392848968506,1.1710145473480225,0.9936169305210472,1.0,1.0,1.0,1.0,0.9375198783480803,1.0655315287639522,1.2481772811957956,0.9983045647792476
LAW,28,15.0,1.0,image_color_derived_proxy,11.0,0.0,0.49122807017543857,0.0,87.61599731445312,655,5369.57421875,1.0,nearest_physical_car_same_track_location_crossing_headway_le_2s,0.9931975890932727,0.9931975890932727,0.9931975890932727,0.9931975890932727,0.9931975890932727,0.7469768536498499,0.968419567188183,1.172932981646232,1.0,1.0,1.0,1.0,1.0,0.8876922130584717,1.0620954036712646,1.1617403030395508,0.9890545144359058,1.0,1.0,1.0,1.0,0.8896677692106599,1.0627527405735013,1.214860260973995,0.9979759180342789
LAW,29,29.0,1.0,image_color_derived_proxy,11.0,0.0,0.5087719298245614,0.0,87.74099731445312,638,5369.57421875,1.0,nearest_physical_car_same_track_location_crossing_headway_le_2s,0.9954411276574973,0.9954411276574973,0.9954411276574973,0.9954411276574973,0.9954411276574973,0.8524000018575917,0.9752049785278832,1.1903612376165933,1.0,1.0,1.0,1.0,1.0,0.6587777137756348,0.8348245620727539,0.9286999702453613,1.0,1.0,1.0,1.0,1.0,0.6544400301514658,0.8283415415218366,0.9404179545401813,0.9986895286927784
LAW,30,28.0,1.0,image_color_derived_proxy,11.0,0.0,0.5263157894736842,0.0,87.14600372314453,635,5369.57421875,1.0,nearest_physical_car_same_track_location_crossing_headway_le_2s,0.9809744329366479,0.9954329517716984,0.9954329517716984,0.9954329517716984,0.9954329517716984,1.0011721811748027,1.2567336652746153,1.3738435862753628,1.0,1.0,1.0,1.0,1.0,1.2808079719543457,1.3437743186950684,1.4459874629974365,0.8841255222960567,0.9736305002774811,1.0,1.0,1.0,1.231856929956085,1.3287503531392224,1.5274905979953761,0.9973853748069348
LAW,31,20.0,1.0,image_color_derived_proxy,11.0,0.0,0.543859649122807,0.0,86.9540023803711,637,5369.57421875,1.0,nearest_physical_car_same_track_location_crossing_headway_le_2s,0.9787128711344243,0.9945833432269976,0.9945833432269976,0.9945833432269976,0.9945833432269976,1.030182912207189,1.2260327948898566,1.3507650720067772,1.0,1.0,1.0,1.0,1.0,1.1962080001831055,1.2428944110870361,1.3029396533966064,0.9413713501564195,1.0,1.0,1.0,1.0,1.1397692666929087,1.2267542780068592,1.4271108536695174,0.9966852559412502
LAW,32,29.0,1.0,image_color_derived_proxy,11.0,0.0,0.5614035087719298,0.0,91.58899688720703,672,5369.57421875,1.0,nearest_physical_car_same_track_location_crossing_headway_le_2s,0.9369029174840166,0.9897804319151756,0.9897804319151756,0.9897804319151756,0.9897804319151756,0.9834368643717578,1.24924947249776,1.448536948389655,0.7882497040963692,1.0,1.0,1.0,1.0,1.201702356338501,1.298964500427246,1.546372652053833,0.7559859415683104,0.9500157979093781,0.9768532513746847,0.9943443234525525,1.0,1.1556013464465489,1.3699242253766724,1.6047388302206493,0.9989350267083752
LAW,33,82.0,0.7602216273000001,image_color_derived_proxy,12.0,0.0,0.5789473684210527,0.015738498789346248,108.82249450683594,827,5369.57421875,0.8413977682814878,nearest_physical_car_same_track_location_crossing_headway_le_2s,0.7623377406180298,0.8506834206556599,0.9091456112891207,0.9202003028806158,0.9258792936137991,0.7403161946464988,1.2101528955885203,1.9600633259061016,0.13658023016238138,0.5059891293435268,0.8413977682814878,0.9603023279846535,0.9603023279846535,1.4596021175384521,1.7462472915649414,2.029066324234009,0.16577457541871318,0.4565141534924397,0.7625997365177976,0.899680669273679,0.9270279285385676,1.3803412795916192,1.8048581920309905,2.270537076773358,0.8355730409291324
LAW,34,40.0,0.9612341061,image_color_derived_proxy,12.0,0.0,0.5964912280701754,0.0,85.72999954223633,648,5369.57421875,0.968727402657473,nearest_physical_car_same_track_location_crossing_headway_le_2s,0.5767059623945513,0.7433920537003298,0.9610171350874727,0.9862475220236139,0.9948559428799919,1.2821376155388837,1.4421911800608918,1.884255601693125,0.27398817412693693,0.613449199627741,0.968727402657473,1.0,1.0,1.4421353340148926,1.579890251159668,1.881894588470459,0.3408724590469575,0.6730549793858173,0.8938761382519627,0.9477312329285844,0.9951358883009647,1.4031527506976107,1.6137466924589228,2.0385981613677764,0.9507888173571104
LAW,35,36.0,0.9803781517,image_color_derived_proxy,11.0,0.0,0.6140350877192983,0.0031397174254317113,85.64600372314453,638,5369.57421875,0.9833850977721574,nearest_physical_car_same_track_location_crossing_headway_le_2s,0.9004974418204799,0.9919786071154394,0.9957032437624896,0.9957032437624896,0.9957032437624896,1.0798711144008473,1.237455546061198,1.4962723177765054,0.9032646109611143,0.9833850977721574,0.9833850977721574,0.9833850977721574,0.9833850977721574,1.223062515258789,1.3285863399505615,1.4960920810699463,0.8599934084278055,0.9453331256308575,0.9798823162760083,0.9833850977721574,0.9833850977721574,1.204421147427085,1.3147459150760739,1.5643527993584136,0.9888611487222125
LAW,36,31.0,1.0,image_color_derived_proxy,11.0,0.0,0.631578947368421,0.0,86.48799896240234,658,5369.57421875,1.0,nearest_physical_car_same_track_location_crossing_headway_le_2s,0.9956178890406403,0.9956178890406403,0.9956178890406403,0.9956178890406403,0.9956178890406403,0.4156153961852357,0.7419471596771816,1.1904363569124112,1.0,1.0,1.0,1.0,1.0,0.3894641399383545,0.6866028308868408,1.1854579448699951,1.0,1.0,1.0,1.0,1.0,0.38913296652062473,0.6908855922576931,1.2002114426876087,0.9986439221409881
LAW,37,35.0,0.9851641631000001,image_color_derived_proxy,11.0,0.0,0.6491228070175439,0.0,86.13299942016602,640,5369.57421875,1.0,nearest_physical_car_same_track_location_crossing_headway_le_2s,0.9923954816876327,0.9923954816876327,0.9923954816876327,0.9923954816876327,0.9923954816876327,0.48191900520681225,0.8036403762429756,0.9628414836411607,1.0,1.0,1.0,1.0,1.0,0.5109107494354248,0.8583488464355469,0.9896690845489502,1.0,1.0,1.0,1.0,1.0,0.5080008814138943,0.8750954527278223,0.9751479203354018,0.9980042866866736
LAW,38,38.0,0.9708061289000001,image_color_derived_proxy,11.0,0.0,0.6666666666666666,0.0,85.74800109863281,634,5369.57421875,1.0,nearest_physical_car_same_track_location_crossing_headway_le_2s,0.9941689602836937,0.9941689602836937,0.9941689602836937,0.9941689602836937,0.9941689602836937,0.6987581681539449,0.9304968572725917,1.067939696992998,1.0,1.0,1.0,1.0,1.0,0.649940013885498,0.8106701374053955,0.900592565536499,1.0,1.0,1.0,1.0,1.0,0.6484523799947968,0.8020900533076954,0.8946862913844618,0.9983385824531412
LAW,39,32.0,0.9995221973000001,image_color_derived_proxy,11.0,0.0,0.6842105263157895,0.0,85.74099731445312,638,5369.57421875,1.0,nearest_physical_car_same_track_location_crossing_headway_le_2s,0.9977140457772473,0.9977140457772473,0.9977140457772473,0.9977140457772473,0.9977140457772473,0.7232054096943623,0.9775695668096128,1.1767127079750175,1.0,1.0,1.0,1.0,1.0,0.696821928024292,0.9210669994354248,1.0593280792236328,1.0,1.0,1.0,1.0,1.0,0.7025824888986234,0.9342638900522492,1.0354487390333122,0.9990182470462818
LAW,40,32.0,0.9995221973000001,image_color_derived_proxy,11.0,0.0,0.7017543859649122,0.0,85.63900184631348,627,5369.57421875,1.0,nearest_physical_car_same_track_location_crossing_headway_le_2s,0.8876563053980265,0.9965202769597595,0.9965202769597595,0.9965202769597595,0.9965202769597595,1.0431158202165947,1.253170762908884,1.5125442880665523,1.0,1.0,1.0,1.0,1.0,1.0527327060699463,1.227837324142456,1.3857271671295166,0.9543666420702538,1.0,1.0,1.0,1.0,1.0560558240624551,1.2095403813978014,1.3889920392209172,0.9957003605812913
LAW,41,20.0,1.0,image_color_derived_proxy,11.0,0.0,0.7192982456140351,0.0,85.78299903869629,635,5369.57421875,1.0,nearest_physical_car_same_track_location_crossing_headway_le_2s,0.9632910971205846,0.9959199375405183,0.9959199375405183,0.9959199375405183,0.9959199375405183,1.0477692163907566,1.2655277041051662,1.43926319323088,0.4504971840242702,0.9356516243903251,1.0,1.0,1.0,1.3692600727081299,1.5125892162322998,1.7086408138275146,0.49643869348118025,0.8947576361150175,0.9771632891937714,1.0,1.0,1.3611642806399473,1.5002759105014911,1.7566533065834569,1.0
LAW,42,23.0,1.0,image_color_derived_proxy,11.0,0.0,0.7368421052631579,0.0,85.75599670410156,661,5369.57421875,1.0,nearest_physical_car_same_track_location_crossing_headway_le_2s,0.9441088025157003,0.9928051680640309,0.9928051680640309,0.9928051680640309,0.9928051680640309,1.0731192823721007,1.2584236145019532,1.4454590344038167,0.9120761088983212,1.0,1.0,1.0,1.0,1.2688097953796387,1.337249517440796,1.4921092987060547,0.8789823488618095,0.9857269125754768,1.0,1.0,1.0,1.2277348665753582,1.3329403221722977,1.5265482869837832,1.0
LAW,43,23.0,1.0,image_color_derived_proxy,11.0,0.0,0.7543859649122807,0.0,85.60200309753418,637,5369.57421875,1.0,nearest_physical_car_same_track_location_crossing_headway_le_2s,0.9568818663083282,0.9889488604504763,0.9926870871653303,0.9926870871653303,0.9926870871653303,1.067536491895244,1.2616788432545905,1.4278912751570991,1.0,1.0,1.0,1.0,1.0,0.9460127353668213,1.0740199089050293,1.2249975204467773,0.9916590877699188,1.0,1.0,1.0,1.0,0.9100163476923422,1.0745714823218517,1.2420431934078475,0.9978762454766483
LAW,44,32.0,0.9995221973000001,image_color_derived_proxy,11.0,0.0,0.7719298245614035,0.0,85.51199722290039,624,5369.57421875,1.0,nearest_physical_car_same_track_location_crossing_headway_le_2s,0.9865048223136912,0.9948779117809519,0.9948779117809519,0.9948779117809519,0.9948779117809519,1.0401736932051808,1.1854091099330357,1.3552275514888192,1.0,1.0,1.0,1.0,1.0,1.174485683441162,1.2563443183898926,1.4001905918121338,0.9602395463297344,1.0,1.0,1.0,1.0,1.1424733018505981,1.2486040212825174,1.4342134493567273,0.9972189827240199
LAW,45,31.0,1.0,image_color_derived_proxy,11.0,0.0,0.7894736842105263,0.0,85.6719970703125,660,5369.57421875,1.0,nearest_physical_car_same_track_location_crossing_headway_le_2s,0.9936735454495867,0.9936735454495867,0.9936735454495867,0.9936735454495867,0.9936735454495867,0.762739025894293,1.0235034683951023,1.19300344575101,1.0,1.0,1.0,1.0,1.0,0.7328481674194336,0.8878059387207031,0.9507589340209961,1.0,1.0,1.0,1.0,1.0,0.7093685071668195,0.8749187255120968,0.9509147532890984,0.9981619374007684
LAW,46,19.0,1.0,image_color_derived_proxy,11.0,0.0,0.8070175438596491,0.0,85.43800163269043,640,5369.57421875,1.0,nearest_physical_car_same_track_location_crossing_headway_le_2s,0.9943350735255001,0.9943350735255001,0.9943350735255001,0.9943350735255001,0.9943350735255001,0.7963416483054382,0.9241135055954393,1.0373914616812168,1.0,1.0,1.0,1.0,1.0,0.8965141773223877,1.003675937652588,1.1324458122253418,1.0,1.0,1.0,1.0,1.0,0.8822404701083828,1.0049118352757913,1.1311299813665505,0.9982794621403197
LAW,47,39.0,0.9660201175,image_color_derived_proxy,11.0,0.0,0.8245614035087719,0.0,85.5900011062622,643,5369.57421875,1.0,nearest_physical_car_same_track_location_crossing_headway_le_2s,0.9927561631410821,0.9927561631410821,0.9927561631410821,0.9927561631410821,0.9927561631410821,0.6887659762768036,0.9693118587014524,1.1230374678807937,1.0,1.0,1.0,1.0,1.0,0.7279658317565918,1.0502727031707764,1.1782200336456299,1.0,1.0,1.0,1.0,1.0,0.7290527497303283,1.0535737845517024,1.1876726612135964,0.9979602209114316
LAW,48,28.0,1.0,image_color_derived_proxy,11.0,0.0,0.8421052631578947,0.0,85.4379997253418,650,5369.57421875,1.0,nearest_physical_car_same_track_location_crossing_headway_le_2s,0.9948734755615681,0.9948734755615681,0.9948734755615681,0.9948734755615681,0.9948734755615681,0.8040292516931311,0.9153246417310478,1.0639252564617407,1.0,1.0,1.0,1.0,1.0,0.8016002178192139,0.8795204162597656,0.9963476657867432,1.0,1.0,1.0,1.0,1.0,0.7977096735005869,0.8732328936158823,0.9957437800334635,0.9983615459295239
LAW,49,43.0,0.9468760719000001,image_color_derived_proxy,10.0,0.0,0.8596491228070176,0.001584786053882726,85.52900314331055,632,5369.57421875,0.9836078500810516,nearest_physical_car_same_track_location_crossing_headway_le_2s,0.9755053747736767,0.9755053747736767,0.9755053747736767,0.9783114154727294,0.9783114154727294,0.5527886146756655,0.8382715861002604,1.0403669198699745,0.9836078500810516,0.9836078500810516,0.9836078500810516,0.9836078500810516,0.9836078500810516,0.6252775192260742,1.040390968322754,1.254248857498169,0.9836078500810516,0.9836078500810516,0.9836078500810516,0.9836078500810516,0.9836078500810516,0.6300510009348943,1.0725570619691807,1.2760555052981128,0.9812935755573067
LAW,50,239.0,0.00881783750000011,image_color_derived_proxy,10.0,0.0,0.8771929824561403,0.0,84.27600479125977,636,5369.57421875,0.0,nearest_physical_car_same_track_location_crossing_headway_le_2s,0.0,0.0,0.0,0.0,0.0,6.005480085100446,7.564609475521865,11.15122860179228,0.0,0.0,0.0,0.0,0.0,7.582719326019287,7.746854305267334,8.287940502166748,0.0,0.0,0.0,0.0,0.0,5.943195333645557,7.666580348005272,11.307980854446438,0.005564541262998213
LAW,51,240.0,0.00403182610000016,image_color_derived_proxy,10.0,0.0,0.8947368421052632,0.0,84.4280014038086,643,5369.57421875,0.0,nearest_physical_car_same_track_location_crossing_headway_le_2s,0.0,0.0,0.0,0.0,0.0,5.645696302704615,7.206802333353136,10.456898648336029,0.0,0.0,0.0,0.0,0.0,7.30944299697876,7.50520396232605,7.783827781677246,0.0,0.0,0.0,0.0,0.0,5.738595138907487,7.296731359645938,11.132640547892631,0.0055531033214305525
LAW,52,240.0,0.00403182610000016,image_color_derived_proxy,10.0,0.0,0.9122807017543859,0.0,84.25799870491028,635,5369.57421875,0.0,nearest_physical_car_same_track_location_crossing_headway_le_2s,0.0,0.0,0.0,0.0,0.0,5.095831221568434,6.6343595561244495,9.561146355985219,0.0,0.0,0.0,0.0,0.0,6.541589021682739,6.6655614376068115,7.143977403640747,0.0,0.0,0.0,0.0,0.0,5.146604172170933,6.6276694397217675,10.043435001156801,0.005541665379863003
LAW,53,240.0,0.00403182610000016,image_color_derived_proxy,10.0,0.0,0.9298245614035088,0.0,84.25849723815918,647,5369.57421875,0.0,nearest_physical_car_same_track_location_crossing_headway_le_2s,0.0,0.0,0.0,0.0,0.0,4.6672963692233305,6.128342787539486,8.567098431254543,0.0,0.0,0.0,0.0,0.0,5.843701601028442,6.249863386154175,6.689876556396484,0.0,0.0,0.0,0.0,0.0,4.674212830574817,6.121130190983851,8.935171947305461,0.005530227438295343
LAW,54,240.0,0.00403182610000016,image_color_derived_proxy,10.0,0.0,0.9473684210526315,0.0,84.09900283813477,642,5369.57421875,0.0,nearest_physical_car_same_track_location_crossing_headway_le_2s,0.0,0.0,0.0,0.0,0.0,3.760264677159926,5.038237457959641,6.811754086143092,0.0,0.0,0.0,0.0,0.0,4.817481756210327,5.0711846351623535,5.708759546279907,0.0,0.0,0.0,0.0,0.0,3.9076558857840764,4.923886030232719,7.210846862002158,0.005518789496727794
LAW,55,236.0,0.0231758717000001,image_color_derived_proxy,9.0,0.0,0.9649122807017544,0.003284072249589491,84.53400039672852,610,5369.57421875,0.03264960989989161,nearest_physical_car_same_track_location_crossing_headway_le_2s,0.04011406817511182,0.059964040745157925,0.06482598145737825,0.06799632185459972,0.07476283593006722,2.9014264499439912,4.399553173084549,5.802563031821875,0.021293243467837505,0.02697142668386456,0.03264960989989161,0.04032697353407688,0.04258644180948617,3.8685638904571533,4.598643779754639,4.792749404907227,0.01974356501675242,0.025421748232779474,0.029337347638756374,0.03548867894481072,0.04032697353407688,3.381485582805454,4.254548701070379,6.410596369805849,0.04045021245364522
LAW,56,240.0,0.00403182610000016,image_color_derived_proxy,9.0,0.0,0.9824561403508771,0.0,84.50700378417969,622,5369.57421875,0.0,nearest_physical_car_same_track_location_crossing_headway_le_2s,0.0,0.0,0.0,0.007916511006814245,0.014200015492255587,3.012008663509952,4.2321895075070355,5.389107990180958,0.0,0.0,0.0,0.0,0.0,3.861158847808838,4.002933025360107,4.310548543930054,0.0,0.0,0.0,0.0,0.0,3.1807780212894214,3.967511111403201,5.576541683445677,0.0024651701017347483
LAW,57,240.0,0.00403182610000016,image_color_derived_proxy,9.0,0.0,1.0,0.001658374792703151,84.18600030243397,604,5369.57421875,0.0,nearest_physical_car_same_track_location_crossing_headway_le_2s,0.0,0.0,0.0,0.009039526574254657,0.02613264274801852,2.8869339277159494,3.8503659132050303,4.865561333084365,0.0,0.0,0.0,0.0,0.0,3.488726854324341,3.874563455581665,4.203876733779907,0.0,0.0,0.0,0.0,0.0,3.0469460495533465,3.7354157913113473,5.823952949212418,0.0
TSU,1,20.0,1.0,image_color_derived_proxy,16.0,0.09897421858176923,0.017543859649122806,0.07934336525307797,97.38900184631348,732,5369.57421875,0.9010257814182308,nearest_physical_car_same_track_location_crossing_headway_le_2s,0.9202373993057368,0.9202373993057368,0.9202373993057368,0.9202373993057368,0.9202373993057368,0.012619266361684445,0.10582576014778831,1.160300023005559,0.9010257814182308,0.9010257814182308,0.9010257814182308,0.9010257814182308,0.9010257814182308,0.020177602767944336,0.4270448684692383,0.7477316856384277,0.9069504746730237,0.9069504746730237,0.9069504746730237,0.9069504746730237,0.9069504746730237,0.023535085884470713,0.5319672337413054,0.9835320277849122,0.892890852666494
TSU,2,15.0,1.0,image_color_derived_proxy,16.0,0.0,0.03508771929824561,0.00741839762611276,89.38199615478516,675,5369.57421875,1.0,nearest_physical_car_same_track_location_crossing_headway_le_2s,0.9939697030955291,0.9939697030955291,0.9939697030955291,0.9939697030955291,0.9939697030955291,0.0980673819646082,0.42566234043666296,0.741431668507967,1.0,1.0,1.0,1.0,1.0,0.7154505252838135,0.9226467609405518,1.0522501468658447,1.0,1.0,1.0,1.0,1.0,0.7025618441885736,0.9098680805348841,1.0891794522274156,0.998074147265616
TSU,3,15.0,1.0,image_color_derived_proxy,16.0,0.0,0.05263157894736842,0.0030257186081694403,89.24699729681015,662,5369.57421875,1.0,nearest_physical_car_same_track_location_crossing_headway_le_2s,0.992279852192685,0.992279852192685,0.992279852192685,0.992279852192685,0.992279852192685,0.05563868501760664,0.41479040753893454,0.7702518156845205,1.0,1.0,1.0,1.0,1.0,0.39990758895874023,0.5257518291473389,0.8157656192779541,1.0,1.0,1.0,1.0,1.0,0.40338049201542175,0.5266130234088733,0.8286986255586781,0.9977332785545063
TSU,4,15.0,1.0,image_color_derived_proxy,16.0,0.0,0.07017543859649122,0.006051437216338881,88.76900005340576,662,5369.57421875,1.0,nearest_physical_car_same_track_location_crossing_headway_le_2s,0.9966992980380549,0.9966992980380549,0.9966992980380549,0.9966992980380549,0.9966992980380549,0.3912549187155331,0.5794501097172172,0.8226163404815051,1.0,1.0,1.0,1.0,1.0,0.20010733604431152,0.5058572292327881,0.737309455871582,1.0,1.0,1.0,1.0,1.0,0.20087872733334308,0.5122003359309566,0.7539164744197233,0.9985833967675912
TSU,5,15.0,1.0,image_color_derived_proxy,16.0,0.0,0.08771929824561403,0.0,88.73299789428711,674,5369.57421875,1.0,nearest_physical_car_same_track_location_crossing_headway_le_2s,0.9962133591398508,0.9962133591398508,0.9962133591398508,0.9962133591398508,0.9962133591398508,0.14513083841199073,0.35671427590506416,0.6172743072999426,1.0,1.0,1.0,1.0,1.0,0.38378167152404785,0.6843559741973877,0.9935128688812256,1.0,1.0,1.0,1.0,1.0,0.38970075599890514,0.6888286119923468,0.9910849241826554,0.9984772266665671
TSU,6,20.0,1.0,image_color_derived_proxy,16.0,0.0,0.10526315789473684,0.0,88.45099639892578,653,5369.57421875,1.0,nearest_physical_car_same_track_location_crossing_headway_le_2s,0.9944375978381196,0.9944375978381196,0.9944375978381196,0.9944375978381196,0.9944375978381196,0.2697095590479234,0.48705632384394254,0.7504847097605077,1.0,1.0,1.0,1.0,1.0,0.23770761489868164,0.4965500831604004,0.733830451965332,1.0,1.0,1.0,1.0,1.0,0.2374751276102746,0.49688228311611676,0.7482224414812926,0.9981196100111449
TSU,7,19.0,1.0,image_color_derived_proxy,14.0,0.0,0.12280701754385964,0.0036319612590799033,109.3430004119873,827,5369.57421875,1.0,nearest_physical_car_same_track_location_crossing_headway_le_2s,0.9429592889489867,0.947468071800722,0.9902782913014991,0.9966161528092857,0.9966161528092857,0.4466490973087563,0.8154482987126693,1.205215762094881,1.0,1.0,1.0,1.0,1.0,0.20974373817443848,0.34163570404052734,0.6038501262664795,1.0,1.0,1.0,1.0,1.0,0.20902311351608133,0.3409074093224445,0.6088079119047923,1.0
TSU,8,51.0,0.9085879807,image_color_derived_proxy,13.0,0.0,0.14035087719298245,0.014300306435137897,134.5049934387207,980,5369.57421875,0.8297981023053614,nearest_physical_car_same_track_location_crossing_headway_le_2s,0.3869075788133992,0.628549121644322,0.7510129136410552,0.8934834934197639,0.923460100976322,0.9632021396718127,1.640578982704564,2.283770751953125,0.28352106182084424,0.5402847369390252,0.8297981023053614,0.9424036360996727,0.950232337990504,1.1819939613342285,1.7233457565307617,2.183657169342041,0.3114010818221619,0.5578528218650443,0.7913535782673222,0.8954685280440884,0.9274450688388325,1.129238011606054,1.676398352320198,2.264794577923119,0.7908322137285579
TSU,9,31.0,1.0,image_color_derived_proxy,12.0,0.0,0.15789473684210525,0.0018814675446848542,142.10800552368164,1064,5369.57421875,0.9897753836957213,nearest_physical_car_same_track_location_crossing_headway_le_2s,0.5425872160941977,0.7362146243418709,0.8504869194879945,0.9241773232677304,0.9552031578360729,0.8935056450661649,1.4508783392004063,2.128181673857205,0.6928532793851172,0.8820333561987527,0.9897753836957213,0.9897753836957213,0.9897753836957213,0.7952208518981934,1.238938331604004,1.7822473049163818,0.7090029414195635,0.8882750512774074,0.975940838653543,0.9897753836957213,0.9897753836957213,0.7954840048114236,1.2668449834772528,1.7795133559971839,0.9575375867738671
TSU,10,44.0,0.9420900605,image_color_derived_proxy,12.0,0.0,0.17543859649122806,0.008008008008008008,131.1780014038086,1000,5369.57421875,0.9496866865327852,nearest_physical_car_same_track_location_crossing_headway_le_2s,0.9270533157866605,0.9315891393291859,0.9453566945776355,0.971473874939782,0.9971946515667484,0.1142237467308567,0.6030840864805417,1.2519763096813907,0.9075378525340846,0.9127216435983211,0.9496866865327852,0.9792571912559223,1.0,0.16921210289001465,0.6889374256134033,1.2420382499694824,0.9052127652335327,0.9185762883901564,0.9469423229225621,0.9656878485529898,0.9713290329464237,0.17130371477456546,0.676779552516228,1.2840770100079748,0.9363927516828006
TSU,11,14.5,1.0,image_color_derived_proxy,12.0,0.0,0.19298245614035087,0.0,88.36399894952774,653,5369.57421875,1.0,nearest_physical_car_same_track_location_crossing_headway_le_2s,0.9936965281333464,0.9936965281333464,0.9936965281333464,0.9936965281333464,0.9936965281333464,0.25580155427627027,0.3946621721519225,0.4762299318364598,1.0,1.0,1.0,1.0,1.0,0.28626108169555664,0.4703519344329834,0.5273034572601318,1.0,1.0,1.0,1.0,1.0,0.28596734820001907,0.4708574009267744,0.5306762381700536,0.9984278364986356
TSU,12,15.0,1.0,image_color_derived_proxy,12.0,0.0,0.21052631578947367,0.006097560975609756,88.43699741363525,657,5369.57421875,1.0,nearest_physical_car_same_track_location_crossing_headway_le_2s,0.9945724074390934,0.9945724074390934,0.9945724074390934,0.9945724074390934,0.9945724074390934,0.11015049451532871,0.2876752818822477,0.38549158753467205,1.0,1.0,1.0,1.0,1.0,0.22043418884277344,0.4737842082977295,0.6632022857666016,1.0,1.0,1.0,1.0,1.0,0.21897938390491786,0.47181335796817453,0.6596097765239126,0.9985871482919901
TSU,13,15.0,1.0,image_color_derived_proxy,12.0,0.0,0.22807017543859648,0.0,87.99800109863281,668,5369.57421875,1.0,nearest_physical_car_same_track_location_crossing_headway_le_2s,0.9939430443224138,0.9939430443224138,0.9939430443224138,0.9939430443224138,0.9939430443224138,0.4398185067939325,0.7034429622955404,0.9071442672510468,1.0,1.0,1.0,1.0,1.0,0.44339513778686523,0.6486783027648926,0.7991328239440918,1.0,1.0,1.0,1.0,1.0,0.4454537431350974,0.6391656975607614,0.7915942274408976,0.9984530181202971
TSU,14,15.0,1.0,image_color_derived_proxy,12.0,0.0,0.24561403508771928,0.005979073243647235,87.82400226593018,670,5369.57421875,1.0,nearest_physical_car_same_track_location_crossing_headway_le_2s,0.9961286209372836,0.9961286209372836,0.9961286209372836,0.9961286209372836,0.9961286209372836,0.6642039512520406,0.7738768038542375,0.9729858720806283,0.9630965925006022,1.0,1.0,1.0,1.0,0.1549232006072998,0.4279594421386719,1.3630642890930176,0.9849129561002626,1.0,1.0,1.0,1.0,0.15384640052539864,0.4251873105769817,1.2876147916789282,1.0
TSU,15,15.0,1.0,image_color_derived_proxy,12.0,0.0,0.2631578947368421,0.0,88.00199842453003,649,5369.57421875,1.0,nearest_physical_car_same_track_location_crossing_headway_le_2s,0.9962273585451751,0.9962273585451751,0.9962273585451751,0.9962273585451751,0.9962273585451751,0.4888313474034417,0.7319127739794173,0.8925814544641987,1.0,1.0,1.0,1.0,1.0,0.42368149757385254,0.6312849521636963,0.7587740421295166,1.0,1.0,1.0,1.0,1.0,0.4221483308092236,0.635464026789846,0.7600035626668353,0.9988754616384263
TSU,16,19.0,1.0,image_color_derived_proxy,12.0,0.0,0.2807017543859649,0.0,87.6799988746643,654,5369.57421875,1.0,nearest_physical_car_same_track_location_crossing_headway_le_2s,0.9960538322265732,0.9960538322265732,0.9960538322265732,0.9960538322265732,0.9960538322265732,0.44010056608494574,0.5672822350275117,0.7295150811629261,1.0,1.0,1.0,1.0,1.0,0.47826337814331055,0.6283063888549805,0.7263407707214355,1.0,1.0,1.0,1.0,1.0,0.4807323305788484,0.6312396667899768,0.7350828522189179,0.998830195322665
TSU,17,15.0,1.0,image_color_derived_proxy,12.0,0.0,0.2982456140350877,0.0,87.98700141906738,659,5369.57421875,1.0,nearest_physical_car_same_track_location_crossing_headway_le_2s,0.9949765306858935,0.9949765306858935,0.9949765306858935,0.9949765306858935,0.9949765306858935,0.5516488915326827,0.7405498152729331,0.9427692472017729,1.0,1.0,1.0,1.0,1.0,0.5727479457855225,0.7807259559631348,0.9810824394226074,1.0,1.0,1.0,1.0,1.0,0.5871150686792044,0.7765850171310257,0.9927577654018697,0.9986087410565935
TSU,18,14.0,1.0,image_color_derived_proxy,12.0,0.0,0.3157894736842105,0.0,87.7229995727539,657,5369.57421875,1.0,nearest_physical_car_same_track_location_crossing_headway_le_2s,0.9951438049186517,0.9951438049186517,0.9951438049186517,0.9951438049186517,0.9951438049186517,0.687538123528868,0.8093463081995913,0.9834894387962272,1.0,1.0,1.0,1.0,1.0,0.6673920154571533,0.7493081092834473,0.8235313892364502,1.0,1.0,1.0,1.0,1.0,0.6618205723916586,0.7455569955073352,0.8246550828404057,0.9986299126660397
TSU,19,15.0,1.0,image_color_derived_proxy,12.0,0.0,0.3333333333333333,0.0,87.5999984741211,673,5369.57421875,1.0,nearest_physical_car_same_track_location_crossing_headway_le_2s,0.9931506845400333,0.9931506845400333,0.9931506845400333,0.9931506845400333,0.9931506845400333,0.6216139621586368,0.7307436514512292,0.8817211135925049,1.0,1.0,1.0,1.0,1.0,0.5003807544708252,0.634537935256958,0.805394172668457,1.0,1.0,1.0,1.0,1.0,0.49402655574282844,0.6313238672159899,0.8095616812832828,0.9982299225871129
TSU,20,20.0,1.0,image_color_derived_proxy,12.0,0.0,0.3508771929824561,0.0,87.66000366210938,668,5369.57421875,1.0,nearest_physical_car_same_track_location_crossing_headway_le_2s,0.9949463840943711,0.9949463840943711,0.9949463840943711,0.9949463840943711,0.9949463840943711,0.6281420689721152,0.9451475049628586,1.1426467965474165,1.0,1.0,1.0,1.0,1.0,0.5572900772094727,0.7561538219451904,0.8873794078826904,1.0,1.0,1.0,1.0,1.0,0.5543861225582055,0.751673349038474,0.8866420877057355,0.9985685502549173
TSU,21,14.0,1.0,image_color_derived_proxy,12.0,0.0,0.3684210526315789,0.0,87.56500244140625,660,5369.57421875,1.0,nearest_physical_car_same_track_location_crossing_headway_le_2s,0.9946668189960722,0.9946668189960722,0.9946668189960722,0.9946668189960722,0.9946668189960722,0.7663642665318081,0.9643345440135282,1.133311070388034,1.0,1.0,1.0,1.0,1.0,0.8433065414428711,0.9482457637786865,1.086282730102539,1.0,1.0,1.0,1.0,1.0,0.8325682542549033,0.9520311322959931,1.0969006842515308,0.9985026120344702
TSU,22,20.0,1.0,image_color_derived_proxy,12.0,0.0,0.38596491228070173,0.0,87.54900312423706,653,5369.57421875,1.0,nearest_physical_car_same_track_location_crossing_headway_le_2s,0.9969845459211585,0.9969845459211585,0.9969845459211585,0.9969845459211585,0.9969845459211585,0.8763272116606025,1.0046877653702446,1.2165624618530273,1.0,1.0,1.0,1.0,1.0,0.863173246383667,0.9991374015808105,1.1049368381500244,0.9872300084453153,1.0,1.0,1.0,1.0,0.8429300164583204,0.986253405141332,1.143490869181364,0.9986073757408771
TSU,23,23.0,1.0,image_color_derived_proxy,12.0,0.0,0.40350877192982454,0.0,87.54000091552734,669,5369.57421875,1.0,nearest_physical_car_same_track_location_crossing_headway_le_2s,0.9968357321553963,0.9968357321553963,0.9968357321553963,0.9968357321553963,0.9968357321553963,0.8159749942510257,0.98433156465959,1.2063905175668035,1.0,1.0,1.0,1.0,1.0,0.7530879974365234,0.9507272243499756,1.0751519203186035,1.0,1.0,1.0,1.0,1.0,0.7633283088085318,0.9548690596371977,1.082525903469688,0.9989025585020785
TSU,24,23.0,1.0,image_color_derived_proxy,12.0,0.0,0.42105263157894735,0.0,87.66499948501587,646,5369.57421875,1.0,nearest_physical_car_same_track_location_crossing_headway_le_2s,0.9950379284213817,0.9950379284213817,0.9950379284213817,0.9950379284213817,0.9950379284213817,0.6779456103515625,1.023645877838135,1.244631519956452,1.0,1.0,1.0,1.0,1.0,0.6415610313415527,0.8954119682312012,0.9871439933776855,1.0,1.0,1.0,1.0,1.0,0.6384882271479994,0.8747334141541631,0.9994888473592659,0.9985406447483636
TSU,25,28.0,1.0,image_color_derived_proxy,12.0,0.0,0.43859649122807015,0.0,87.80500030517578,653,5369.57421875,1.0,nearest_physical_car_same_track_location_crossing_headway_le_2s,0.9930186211086982,0.9930186211086982,0.9930186211086982,0.9930186211086982,0.9930186211086982,0.8165237862723215,1.1029205945073342,1.2585851022967285,0.7736803397963137,0.9881555616204919,1.0,1.0,1.0,1.0319390296936035,1.4150478839874268,1.6227707862854004,0.6998917652153657,0.9639883977246235,0.9929389543302473,1.0,1.0,1.0309875733328808,1.3709615832002944,1.6086733467830345,1.0
TSU,26,36.0,0.9803781517,image_color_derived_proxy,12.0,0.0,0.45614035087719296,0.0,87.42000198364258,636,5369.57421875,1.0,nearest_physical_car_same_track_location_crossing_headway_le_2s,0.8487073615571906,0.9754403771329108,0.9937428508518857,0.9937428508518857,0.9937428508518857,1.0440810230579454,1.374822950363159,1.5321339175361541,1.0,1.0,1.0,1.0,1.0,1.1969175338745117,1.3139190673828125,1.3958840370178223,0.8824639304498056,0.993365363640525,1.0,1.0,1.0,1.135098560491676,1.3141257858947806,1.529589097102923,0.9967053989033803
TSU,27,28.0,1.0,image_color_derived_proxy,12.0,0.0,0.47368421052631576,0.0,87.5459976196289,635,5369.57421875,1.0,nearest_physical_car_same_track_location_crossing_headway_le_2s,0.5681012939822458,0.9284147713388583,0.9743334948335614,0.9948826899457499,0.9948826899457499,1.2425125011052447,1.4922475885998603,1.6919924680353695,0.9001782074486687,1.0,1.0,1.0,1.0,1.3448517322540283,1.4111695289611816,1.4996802806854248,0.7749526430851388,0.9698444362438865,1.0,1.0,1.0,1.2807249456331613,1.4021725353540448,1.6236225772578656,0.9982830681425399
TSU,28,23.0,1.0,image_color_derived_proxy,12.0,0.0,0.49122807017543857,0.0,87.76300048828125,658,5369.57421875,1.0,nearest_physical_car_same_track_location_crossing_headway_le_2s,0.7344666546287874,0.9222450971449688,0.9735309834562723,0.9926734500518635,0.9926734500518635,1.140682235402905,1.422467893204599,1.679268292682927,0.3560042307962465,0.8821940835616162,1.0,1.0,1.0,1.2681958675384521,1.5976264476776123,1.7676069736480713,0.3382177153595951,0.8527625226978898,0.974465308653051,1.0,1.0,1.262710495674743,1.5657854524458974,1.879991414436451,1.0
TSU,29,46.0,0.9325180377000001,image_color_derived_proxy,12.0,0.0,0.5087719298245614,0.0,87.54499816894531,636,5369.57421875,1.0,nearest_physical_car_same_track_location_crossing_headway_le_2s,0.6648809467850483,0.9273631162504233,0.9860757725660841,0.9938431665314852,0.9938431665314852,1.1945826256793477,1.434351264745579,1.6904883451240007,0.7946313489034744,1.0,1.0,1.0,1.0,1.3630387783050537,1.42445969581604,1.5692806243896484,0.7546519906231954,0.9536352612504486,0.998857704141756,1.0,1.0,1.3051712509092261,1.4152298441469708,1.6685807501108258,1.0
TSU,30,40.0,0.9612341061,image_color_derived_proxy,12.0,0.0,0.5263157894736842,0.0,87.43149948120117,637,5369.57421875,1.0,nearest_physical_car_same_track_location_crossing_headway_le_2s,0.6935828574805899,0.9486226065726678,0.9934462977619242,0.9934462977619242,0.9934462977619242,1.1109262449995105,1.3661649167689627,1.677526044845581,0.4585647341889226,0.9903925205117724,1.0,1.0,1.0,1.2124903202056885,1.502504587173462,1.614501714706421,0.6011106063039463,0.9414627007933762,0.99177639896049,1.0,1.0,1.209213243649161,1.4673077944508708,1.6946081940759106,1.0
TSU,31,32.0,0.9995221973000001,image_color_derived_proxy,12.0,0.0,0.543859649122807,0.0,87.11199951171875,634,5369.57421875,0.9120442787247862,nearest_physical_car_same_track_location_crossing_headway_le_2s,0.34572738095404915,0.8413765863708694,0.9703944288125559,0.9949375514623079,0.9949375514623079,1.2378234735056133,1.564281622043262,1.8054158260947781,0.0,0.41165398297626965,0.9120442787247862,0.9931122450766968,1.0,1.6520884037017822,1.7689087390899658,1.9836368560791016,0.010354486693817206,0.48402061811653657,0.8792473550842428,0.9646432404993404,0.9901505910346031,1.5640655491927058,1.760902512003502,2.035928976308557,0.9138316454100406
TSU,32,48.0,0.9229460149000001,image_color_derived_proxy,12.0,0.0,0.5614035087719298,0.0,91.27899932861328,675,5369.57421875,0.886512849544066,nearest_physical_car_same_track_location_crossing_headway_le_2s,0.120969798993173,0.33450193368781544,0.697520861279738,0.8969533039138438,0.9580735901429783,1.461267151620224,1.8605657519846153,2.2423209205497816,0.06039724940929635,0.25264297519224355,0.886512849544066,0.9750216083571873,1.0,1.5940697193145752,1.8689000606536865,2.012606382369995,0.06661997985476743,0.34314584205559273,0.7828853296034034,0.8930422468980379,0.9752516921218032,1.6131657609213854,1.8163982382399557,2.2576999489436287,0.7799000605766242
TSU,33,36.0,0.9803781517,image_color_derived_proxy,13.0,0.0,0.5789473684210527,0.014563106796116505,108.61699104309082,825,5369.57421875,0.900586468442313,nearest_physical_car_same_track_location_crossing_headway_le_2s,0.5461852722380104,0.794074636455373,0.8621762486942808,0.8905603739232124,0.9124538465519926,1.098179867393092,1.4251288245372697,2.287744581089107,0.7460434128754165,0.8943167333914755,0.900586468442313,0.9024185888407531,0.9050056623237372,0.8862524032592773,1.3525242805480957,1.8382666110992432,0.7392673612473865,0.8653985989677871,0.8948599090709303,0.9071968472736337,0.9097839207566178,0.8668121981351639,1.3099872916807742,2.0528764428494664,0.8970362248062764
TSU,34,38.0,0.9708061289000001,image_color_derived_proxy,13.0,0.0,0.5964912280701754,0.0,85.64099502563477,645,5369.57421875,1.0,nearest_physical_car_same_track_location_crossing_headway_le_2s,0.995702992467508,0.995702992467508,0.995702992467508,0.995702992467508,0.995702992467508,0.8346378172396443,1.0470515933558913,1.1672430992126466,1.0,1.0,1.0,1.0,1.0,1.081470012664795,1.1986958980560303,1.2827720642089844,0.9911373906232677,1.0,1.0,1.0,1.0,1.0604235471814352,1.1796455621506352,1.3135900956650195,0.9981955116193908
TSU,35,23.0,1.0,image_color_derived_proxy,12.0,0.0,0.6140350877192983,0.003129890453834116,85.79499816894531,640,5369.57421875,0.9878897351160776,nearest_physical_car_same_track_location_crossing_headway_le_2s,0.9945917594667365,0.9945917594667365,0.9945917594667365,0.9945917594667365,0.9945917594667365,0.9259950636940155,1.1235228838879099,1.2553936712342688,0.9878897351160776,0.9878897351160776,0.9878897351160776,0.9878897351160776,0.9878897351160776,1.0588669776916504,1.178887128829956,1.2541990280151367,0.9804184506121746,0.9878897351160776,0.9878897351160776,0.9878897351160776,0.9878897351160776,1.0315531324383094,1.1694728813483857,1.2811878548891213,0.98845593297301
TSU,36,14.0,1.0,image_color_derived_proxy,12.0,0.0,0.631578947368421,0.0,85.97799587249756,656,5369.57421875,1.0,nearest_physical_car_same_track_location_crossing_headway_le_2s,0.9980692735158879,0.9980692735158879,0.9980692735158879,0.9980692735158879,0.9980692735158879,0.5312848185679611,0.6457369624405478,1.288737822741997,1.0,1.0,1.0,1.0,1.0,0.6690480709075928,0.7646288871765137,1.2665464878082275,1.0,1.0,1.0,1.0,1.0,0.6708401044568781,0.7648971476657139,1.2539413632023688,0.9989943400153987
TSU,37,19.0,1.0,image_color_derived_proxy,12.0,0.0,0.6491228070175439,0.0,86.32099628448486,641,5369.57421875,1.0,nearest_physical_car_same_track_location_crossing_headway_le_2s,0.994532037126802,0.994532037126802,0.994532037126802,0.994532037126802,0.994532037126802,0.5879148832280585,0.8514029531040878,1.0636938227439414,1.0,1.0,1.0,1.0,1.0,0.6362977027893066,0.9775235652923584,1.2353620529174805,1.0,1.0,1.0,1.0,1.0,0.6356406278265844,0.9687722793102954,1.2364670137174585,0.9982933296957306
TSU,38,19.5,1.0,image_color_derived_proxy,12.0,0.0,0.6666666666666666,0.0,85.85299873352051,635,5369.57421875,1.0,nearest_physical_car_same_track_location_crossing_headway_le_2s,0.9952360428251572,0.9952360428251572,0.9952360428251572,0.9952360428251572,0.9952360428251572,0.8048717792217548,0.9648849731055312,1.0916751067650499,1.0,1.0,1.0,1.0,1.0,0.947563886642456,1.078080654144287,1.2228367328643799,1.0,1.0,1.0,1.0,1.0,0.9284059513941609,1.056510236418707,1.2346327905481427,0.9984191353054022
TSU,39,23.0,1.0,image_color_derived_proxy,12.0,0.0,0.6842105263157895,0.0,85.822998046875,639,5369.57421875,1.0,nearest_physical_car_same_track_location_crossing_headway_le_2s,0.9582629277194348,0.994337182194858,0.994337182194858,0.994337182194858,0.994337182194858,0.9819407513267115,1.1375462849934896,1.3833442938132363,1.0,1.0,1.0,1.0,1.0,0.9945688247680664,1.0574135780334473,1.1855640411376953,1.0,1.0,1.0,1.0,1.0,0.9776937865588397,1.0559582018619222,1.2167198377323645,0.9976113628897194
TSU,40,30.0,1.0,image_color_derived_proxy,12.0,0.0,0.7017543859649122,0.0,85.71299934387207,627,5369.57421875,1.0,nearest_physical_car_same_track_location_crossing_headway_le_2s,0.9973632938084525,0.9973632938084525,0.9973632938084525,0.9973632938084525,0.9973632938084525,0.6822370055093931,0.9860385067813047,1.1226102823963207,0.9864665098457114,1.0,1.0,1.0,1.0,0.8783359527587891,1.0894243717193604,1.3895418643951416,0.9699579180759788,1.0,1.0,1.0,1.0,0.867492324305739,1.073445773896506,1.3554787947510354,0.99908923042093
TSU,41,23.0,1.0,image_color_derived_proxy,12.0,0.0,0.7192982456140351,0.0,85.80899810791016,634,5369.57421875,1.0,nearest_physical_car_same_track_location_crossing_headway_le_2s,0.9782773427348129,0.995769674352483,0.995769674352483,0.995769674352483,0.995769674352483,0.9813348692466771,1.236628667046042,1.3937277614480197,1.0,1.0,1.0,1.0,1.0,0.8301589488983154,0.9967300891876221,1.0900342464447021,1.0,1.0,1.0,1.0,1.0,0.809275724279123,0.987381627230854,1.1120466280919261,0.998187678815001
TSU,42,31.0,1.0,image_color_derived_proxy,12.0,0.0,0.7368421052631579,0.0,85.5780029296875,660,5369.57421875,1.0,nearest_physical_car_same_track_location_crossing_headway_le_2s,0.9962607214249862,0.9962607214249862,0.9962607214249862,0.9962607214249862,0.9962607214249862,0.8693289403068287,1.0841520610608555,1.2152602387170446,1.0,1.0,1.0,1.0,1.0,0.8572747707366943,1.0087132453918457,1.117720365524292,1.0,1.0,1.0,1.0,1.0,0.8393253809964942,1.007010708575114,1.1385967499268845,0.9985731411976964
TSU,43,32.0,0.9995221973000001,image_color_derived_proxy,12.0,0.0,0.7543859649122807,0.0,85.55099868774414,637,5369.57421875,1.0,nearest_physical_car_same_track_location_crossing_headway_le_2s,0.9926827565623731,0.9950088252303139,0.9950088252303139,0.9950088252303139,0.9950088252303139,0.9501222076906654,1.152455924539005,1.3566142872744817,1.0,1.0,1.0,1.0,1.0,0.9856088161468506,1.0799651145935059,1.199399471282959,1.0,1.0,1.0,1.0,1.0,0.9690802848922335,1.0837300411173807,1.1965540114939455,0.9982776014512382
TSU,44,38.0,0.9708061289000001,image_color_derived_proxy,12.0,0.0,0.7719298245614035,0.0,85.7280023097992,624,5369.57421875,1.0,nearest_physical_car_same_track_location_crossing_headway_le_2s,0.994284247896434,0.994284247896434,0.994284247896434,0.994284247896434,0.994284247896434,0.8991125272401277,1.1071828042307208,1.3250169657044493,1.0,1.0,1.0,1.0,1.0,0.7673735618591309,0.8750882148742676,0.9663534164428711,1.0,1.0,1.0,1.0,1.0,0.7403231126182839,0.8729667727378466,0.9733343761658297,0.998164958424826
TSU,45,15.0,1.0,image_color_derived_proxy,12.0,0.0,0.7894736842105263,0.0,85.49300003051758,660,5369.57421875,1.0,nearest_physical_car_same_track_location_crossing_headway_le_2s,0.9960464599510778,0.9960464599510778,0.9960464599510778,0.9960464599510778,0.9960464599510778,0.9522691609306767,1.1043061159094985,1.2217788905524376,1.0,1.0,1.0,1.0,1.0,0.8995647430419922,0.9675509929656982,1.1160156726837158,1.0,1.0,1.0,1.0,1.0,0.8742086467540356,0.9790762391637529,1.12347994718066,0.9984970578168072
TSU,46,15.0,1.0,image_color_derived_proxy,12.0,0.0,0.8070175438596491,0.0,85.54400444030762,640,5369.57421875,1.0,nearest_physical_car_same_track_location_crossing_headway_le_2s,0.9969723184572381,0.9969723184572381,0.9969723184572381,0.9969723184572381,0.9969723184572381,0.7821015023943132,0.9481891338641827,1.0841893829848828,1.0,1.0,1.0,1.0,1.0,0.77890944480896,0.8496212959289551,0.9631516933441162,1.0,1.0,1.0,1.0,1.0,0.7548033253023008,0.8517997616874122,0.9647114623031641,0.9986661128877641
TSU,47,14.0,1.0,image_color_derived_proxy,12.0,0.0,0.8245614035087719,0.0,85.55400085449219,644,5369.57421875,1.0,nearest_physical_car_same_track_location_crossing_headway_le_2s,0.9956869347528442,0.9956869347528442,0.9956869347528442,0.9956869347528442,0.9956869347528442,0.9111736548874907,1.0585754943408556,1.2209368973500345,1.0,1.0,1.0,1.0,1.0,0.7505068778991699,0.8373568058013916,1.0908844470977783,0.994857048731493,1.0,1.0,1.0,1.0,0.749418872903019,0.8356394129939066,1.074742243009385,0.9982689224154253
TSU,48,15.0,1.0,image_color_derived_proxy,12.0,0.0,0.8421052631578947,0.0,85.31399917602539,650,5369.57421875,1.0,nearest_physical_car_same_track_location_crossing_headway_le_2s,0.9964484140231866,0.9964484140231866,0.9964484140231866,0.9964484140231866,0.9964484140231866,0.7476401832365482,0.9163556836315037,1.0505752511848707,1.0,1.0,1.0,1.0,1.0,0.842911958694458,0.9482481479644775,1.0889832973480225,1.0,1.0,1.0,1.0,1.0,0.8348312426940728,0.950104157114727,1.0766953589588584,0.9985411035912102
TSU,49,20.0,1.0,image_color_derived_proxy,11.0,0.0,0.8596491228070176,0.0031746031746031746,85.46000289916992,631,5369.57421875,1.0,nearest_physical_car_same_track_location_crossing_headway_le_2s,0.9952960449757078,0.9952960449757078,0.9952960449757078,0.9952960449757078,0.9952960449757078,0.542135517682499,0.7283915093604555,0.90542231100014,0.9950971366247662,0.9967236277814403,1.0,1.0,1.0,0.5322866439819336,0.6644179821014404,0.8453519344329834,0.9933769965727987,0.9933769965727987,0.9950971366247662,0.9967236277814403,0.9967236277814403,0.5323461370433429,0.6647554857861894,0.854832780985928,0.9958820648430947
TSU,50,36.0,0.9803781517,image_color_derived_proxy,11.0,0.0,0.8771929824561403,0.0,84.38299942016602,636,5369.57421875,1.0,nearest_physical_car_same_track_location_crossing_headway_le_2s,0.9711316107776647,0.9957929915775626,0.9957929915775626,0.9957929915775626,0.9957929915775626,0.7998285349817136,1.0907317477236225,1.2952123699703417,1.0,1.0,1.0,1.0,1.0,0.793750524520874,0.9685125350952148,1.0927605628967285,1.0,1.0,1.0,1.0,1.0,0.7919777486252009,0.9697422472524172,1.10748896419071,0.9980933219330441
TSU,51,32.0,0.9995221973000001,image_color_derived_proxy,11.0,0.0,0.8947368421052632,0.0,84.64900207519531,642,5369.57421875,1.0,nearest_physical_car_same_track_location_crossing_headway_le_2s,0.97849944389091,0.9945657952596296,0.9945657952596296,0.9945657952596296,0.9945657952596296,0.7730874824523926,1.1426441553157116,1.3600382324996267,1.0,1.0,1.0,1.0,1.0,0.649639368057251,0.8040854930877686,0.8629665374755859,1.0,1.0,1.0,1.0,1.0,0.6380071808205363,0.7894978562847169,0.8601489996135828,0.9979906301798607
TSU,52,28.0,1.0,image_color_derived_proxy,11.0,0.0,0.9122807017543859,0.0,84.57100296020508,640,5369.57421875,1.0,nearest_physical_car_same_track_location_crossing_headway_le_2s,0.5111798962543879,0.8525735933775124,0.9619964153711081,0.9949036867600316,0.9969493091322147,1.1446675813192086,1.48875732421875,1.810403423359742,0.7716119974301956,1.0,1.0,1.0,1.0,1.1953656673431396,1.4139506816864014,1.558257818222046,0.8156222652808343,0.9887432356684083,1.0,1.0,1.0,1.1819546506358556,1.3984186347015628,1.5856342505429046,1.0
TSU,53,15.0,1.0,image_color_derived_proxy,11.0,0.0,0.9298245614035088,0.0,84.41800308227539,648,5369.57421875,1.0,nearest_physical_car_same_track_location_crossing_headway_le_2s,0.2763035645059012,0.6318556869039592,0.9001160222464651,0.992702975519566,0.9964817932183182,1.3279096212731787,1.6749179216942909,1.987620281861775,0.7997583274558553,1.0,1.0,1.0,1.0,1.344728946685791,1.4493086338043213,1.5147197246551514,0.7303063685125397,0.9661802051932715,1.0,1.0,1.0,1.276453982286519,1.4314829892607035,1.6219052612956313,1.0
TSU,54,54.0,0.8942299465000001,image_color_derived_proxy,11.0,0.0,0.9473684210526315,0.0,84.27200317382812,640,5369.57421875,1.0,nearest_physical_car_same_track_location_crossing_headway_le_2s,0.20451627103759834,0.5491028550702989,0.8907348476103824,0.9880743100256208,0.9966062274233413,1.3009831295737737,1.7308249773297992,2.0136186627667003,0.06753133572340368,0.5455905012810415,1.0,1.0,1.0,1.5320377349853516,1.7235939502716064,1.8863401412963867,0.14671542998632953,0.5407371873217632,0.9236875888354744,0.977548955702219,1.0,1.4720446472454336,1.7209891430217241,1.9659611992721988,0.9816631132918276
TSU,55,88.0,0.7315055589,image_color_derived_proxy,10.0,0.0,0.9649122807017544,0.0032626427406199023,84.47300720214844,614,5369.57421875,0.45296122324636295,nearest_physical_car_same_track_location_crossing_headway_le_2s,0.11933992935903626,0.2576207008171751,0.6613591962460574,0.9343222059734375,0.9774720899244255,1.4611843333524817,1.9188782048104376,2.2028483906730276,0.010891031341452157,0.010891031341452157,0.45296122324636295,0.8686917485711313,0.9764184957324057,1.8329651355743408,2.0336220264434814,2.290041208267212,0.00960066459261459,0.0955926190154918,0.4355000760473719,0.7938159645471126,0.9123624937974427,1.7526224650817366,2.0530474590984746,2.438848617872093,0.5109564422353734
TSU,56,28.0,1.0,image_color_derived_proxy,10.0,0.0,0.9824561403508771,0.0,84.34399795532227,620,5369.57421875,1.0,nearest_physical_car_same_track_location_crossing_headway_le_2s,0.16302283445346877,0.4289457297745713,0.8397514139976924,0.9645261849831072,0.9938466280187948,1.3883970842166755,1.7855669473864368,2.09712022634653,0.12173951900096394,0.9714146818766101,1.0,1.0,1.0,1.462766408920288,1.614281177520752,1.66514253616333,0.26248453603444877,0.8417196923574847,0.9594161444772753,1.0,1.0,1.4137310395828326,1.5924006053094946,1.868748364076603,1.0
TSU,57,52.0,0.9038019693000001,image_color_derived_proxy,10.0,0.0,1.0,0.0016556291390728477,84.26999950408936,605,5369.57421875,0.9709980361913917,nearest_physical_car_same_track_location_crossing_headway_le_2s,0.1310786482097093,0.32703218433835446,0.7108817758987792,0.8920138517121193,0.9660495799713635,1.435576856005323,1.8687111534366538,2.1959642682756697,0.0,0.42893081904780617,0.9709980361913917,0.9794351851096345,0.9794351851096345,1.5931127071380615,1.777611494064331,1.9395980834960938,0.06029430772088371,0.4756852826753726,0.8665480301996642,0.9330485430415109,0.9794351851096345,1.5354222628825904,1.783630520816108,2.1154425157759182,0.8715019367628953
ALB,1,15.0,1.0,image_color_derived_proxy,17.0,0.005736098747868537,0.017543859649122806,0.08755129958960328,97.4529972076416,732,5369.57421875,0.9942639012521315,nearest_physical_car_same_track_location_crossing_headway_le_2s,0.9942639012521315,0.9942639012521315,0.9942639012521315,0.9942639012521315,0.9942639012521315,0.023391791421975665,0.17009375606264387,0.4146299574104204,0.9942639012521315,0.9942639012521315,0.9942639012521315,0.9942639012521315,0.9942639012521315,0.011297941207885742,0.12669110298156738,0.4593193531036377,1.0,1.0,1.0,1.0,1.0,0.011902162926725732,0.12809170338893763,0.47450313290829244,0.9956696116040771
ALB,2,15.0,1.0,image_color_derived_proxy,17.0,0.0,0.03508771929824561,0.007374631268436578,89.95900201797485,679,5369.57421875,1.0,nearest_physical_car_same_track_location_crossing_headway_le_2s,0.9947198169901371,0.9947198169901371,0.9947198169901371,0.9947198169901371,0.9947198169901371,0.10699345091485,0.760026680964584,0.9859739287003227,1.0,1.0,1.0,1.0,1.0,0.0571436882019043,0.28255152702331543,0.5073480606079102,1.0,1.0,1.0,1.0,1.0,0.05696141507163855,0.28124091825979725,0.5170335551134606,0.998092908142574
ALB,3,15.0,1.0,image_color_derived_proxy,17.0,0.0,0.05263157894736842,0.0,89.02299499511719,662,5369.57421875,1.0,nearest_physical_car_same_track_location_crossing_headway_le_2s,0.9972142029600275,0.9972142029600275,0.9972142029600275,0.9972142029600275,0.9972142029600275,0.1968552589416504,0.45322466958780755,0.5695269327677653,1.0,1.0,1.0,1.0,1.0,0.45207786560058594,0.573462963104248,0.6858532428741455,1.0,1.0,1.0,1.0,1.0,0.4342861992524858,0.5771959998241405,0.6903255713980405,0.9985677423852646
ALB,4,15.0,1.0,image_color_derived_proxy,17.0,0.0,0.07017543859649122,0.0030211480362537764,89.04700016975403,663,5369.57421875,1.0,nearest_physical_car_same_track_location_crossing_headway_le_2s,0.9964513120718146,0.9964513120718146,0.9964513120718146,0.9964513120718146,0.9964513120718146,0.14359429059709822,0.38372049469093444,0.7255411484662224,1.0,1.0,1.0,1.0,1.0,0.42696166038513184,0.6030440330505371,0.8778562545776367,1.0,1.0,1.0,1.0,1.0,0.4301620238886264,0.6170527278278928,0.8971558205209481,0.9984075814220637
ALB,5,14.0,1.0,image_color_derived_proxy,17.0,0.0,0.08771929824561403,0.0,88.71200180053711,673,5369.57421875,1.0,nearest_physical_car_same_track_location_crossing_headway_le_2s,0.9864618095541927,0.9864618095541927,0.9864618095541927,0.9864618095541927,0.9864618095541927,0.3730373126357349,0.5637521374550873,0.69857468490294,1.0,1.0,1.0,1.0,1.0,0.258882999420166,0.4547545909881592,0.7025458812713623,1.0,1.0,1.0,1.0,1.0,0.2570371054918015,0.45024139866129137,0.7102813039736888,0.9964487234470565
ALB,6,15.0,1.0,image_color_derived_proxy,17.0,0.0,0.10526315789473684,0.0,88.50899505615234,654,5369.57421875,1.0,nearest_physical_car_same_track_location_crossing_headway_le_2s,0.996633110480141,0.996633110480141,0.996633110480141,0.996633110480141,0.996633110480141,0.29244388146959926,0.5643312595506245,0.7009177509107087,1.0,1.0,1.0,1.0,1.0,0.6477341651916504,0.8025679588317871,1.004551887512207,1.0,1.0,1.0,1.0,1.0,0.6649661885441632,0.8195878178094493,0.9938710123451987,0.9984201465292879
ALB,7,15.0,1.0,image_color_derived_proxy,15.0,0.0,0.12280701754385964,0.0024096385542168677,109.81299781799316,831,5369.57421875,1.0,nearest_physical_car_same_track_location_crossing_headway_le_2s,0.9552147892142023,0.9941992292626919,0.9941992292626919,0.9941992292626919,0.9941992292626919,0.6892825997394064,0.9221787568934913,1.3047916412353517,0.9551874063471099,1.0,1.0,1.0,1.0,0.738419771194458,0.9997513294219971,1.3343744277954102,0.9664248065481776,0.9882800872906465,1.0,1.0,1.0,0.7330775427957543,0.988589191832196,1.3763645691034365,1.0
ALB,8,36.0,0.9803781517,image_color_derived_proxy,14.0,0.0,0.14035087719298245,0.015353121801432957,134.56200075149536,978,5369.57421875,0.9240424318660914,nearest_physical_car_same_track_location_crossing_headway_le_2s,0.7406101713392251,0.8506413318794364,0.8852796557233753,0.9009378536680881,0.9493319099486855,0.8603164056591287,1.2228809901646205,2.2034613990783694,0.8520458470976703,0.8873307175740786,0.9240424318660914,0.930047097706425,0.9341567378776489,0.822770357131958,1.1965968608856201,1.8140184879302979,0.8237465636989176,0.8899169448556338,0.9163656768404199,0.9163656768404199,0.9334061539831776,0.7901488653676533,1.1776299738415583,1.8710151555115302,0.8938912795582877
ALB,9,23.0,1.0,image_color_derived_proxy,13.0,0.0,0.15789473684210525,0.0037735849056603774,141.50600051879883,1061,5369.57421875,0.9913360576395455,nearest_physical_car_same_track_location_crossing_headway_le_2s,0.8787190029985619,0.9492954411815608,0.9877249016183444,0.997993017905551,0.997993017905551,0.7485213646521935,1.0870827122738487,1.5440707533678821,0.9475216625853833,0.9691815184865196,0.9913360576395455,0.9913360576395455,0.9913360576395455,0.7074217796325684,0.9967460632324219,1.3475666046142578,0.9342925232219621,0.9561856049458378,0.9710824983207282,0.981159806959163,0.9913360576395455,0.6921172655164624,0.9945142252070204,1.3835994579029445,0.9836603195023047
ALB,10,15.0,1.0,image_color_derived_proxy,13.0,0.0,0.17543859649122806,0.00802407221664995,131.04199981689453,998,5369.57421875,1.0,nearest_physical_car_same_track_location_crossing_headway_le_2s,0.9620198577084906,0.9939714187790745,0.996710978198744,0.996710978198744,0.996710978198744,0.4725615116565339,1.0229999122970324,1.384583757801675,0.9839669736795146,1.0,1.0,1.0,1.0,0.1384115219116211,0.6139864921569824,1.1407034397125244,0.9696280543530172,0.9887135415086816,1.0,1.0,1.0,0.1389622257435292,0.6028969958354727,1.1433267766085915,1.0
ALB,11,15.0,1.0,image_color_derived_proxy,13.0,0.0,0.19298245614035087,0.012232415902140673,88.37300157546997,655,5369.57421875,1.0,nearest_physical_car_same_track_location_crossing_headway_le_2s,0.9977821281230714,0.9977821281230714,0.9977821281230714,0.9977821281230714,0.9977821281230714,0.3827033074347527,0.5132882592516628,0.6453040018670442,1.0,1.0,1.0,1.0,1.0,0.15339112281799316,0.6584737300872803,0.8088243007659912,1.0,1.0,1.0,1.0,1.0,0.15300577694090864,0.6534502215022784,0.7992923960400942,0.9990968392101025
ALB,12,15.0,1.0,image_color_derived_proxy,13.0,0.0,0.21052631578947367,0.0061068702290076335,88.43899917602539,656,5369.57421875,1.0,nearest_physical_car_same_track_location_crossing_headway_le_2s,0.9933287352947127,0.9933287352947127,0.9933287352947127,0.9933287352947127,0.9933287352947127,0.08263299628297177,0.39025833212009264,0.7280053077860081,1.0,1.0,1.0,1.0,1.0,0.09912776947021484,0.5314655303955078,0.7226953506469727,1.0,1.0,1.0,1.0,1.0,0.0984877730900158,0.5291950952870516,0.7094720710602276,0.9982172272633307
ALB,13,15.0,1.0,image_color_derived_proxy,13.0,0.0,0.22807017543859648,0.0,88.27799987792969,672,5369.57421875,1.0,nearest_physical_car_same_track_location_crossing_headway_le_2s,0.9972246765320107,0.9972246765320107,0.9972246765320107,0.9972246765320107,0.9972246765320107,0.42620720734467377,0.6031111092403018,0.7711658189954932,1.0,1.0,1.0,1.0,1.0,0.547476053237915,0.7554464340209961,0.9008121490478516,1.0,1.0,1.0,1.0,1.0,0.5463753726078089,0.7547476378558546,0.9016155562961252,0.9989652900077315
ALB,14,15.0,1.0,image_color_derived_proxy,13.0,0.0,0.24561403508771928,0.005988023952095809,87.80599784851074,669,5369.57421875,1.0,nearest_physical_car_same_track_location_crossing_headway_le_2s,0.9962189372537329,0.9962189372537329,0.9962189372537329,0.9962189372537329,0.9962189372537329,0.49181482950846356,0.6399167299187196,0.8409946869210022,1.0,1.0,1.0,1.0,1.0,0.6084415912628174,0.7855093479156494,0.9080183506011963,1.0,1.0,1.0,1.0,1.0,0.6007614989989225,0.7839775234174605,0.9252838344078632,0.9987577865648559
ALB,15,20.0,1.0,image_color_derived_proxy,13.0,0.0,0.2631578947368421,0.0,87.97700357437134,648,5369.57421875,1.0,nearest_physical_car_same_track_location_crossing_headway_le_2s,0.996567284927857,0.996567284927857,0.996567284927857,0.996567284927857,0.996567284927857,0.37671353008346625,0.5515908882834695,0.8372011582358562,1.0,1.0,1.0,1.0,1.0,0.7451314926147461,0.8738913536071777,0.9759700298309326,1.0,1.0,1.0,1.0,1.0,0.75428919725318,0.8577443605892061,1.000760917206455,0.9988142578347825
ALB,16,15.0,1.0,image_color_derived_proxy,13.0,0.0,0.2807017543859649,0.0,87.7840027809143,656,5369.57421875,1.0,nearest_physical_car_same_track_location_crossing_headway_le_2s,0.9938371458187745,0.9938371458187745,0.9938371458187745,0.9938371458187745,0.9938371458187745,0.6672083616256714,0.95977783203125,1.2714555867513022,1.0,1.0,1.0,1.0,1.0,0.6637036800384521,0.8224244117736816,1.1579694747924805,1.0,1.0,1.0,1.0,1.0,0.669101829905149,0.8380125327071926,1.1574043416667112,0.9982705884246583
ALB,17,15.0,1.0,image_color_derived_proxy,13.0,0.0,0.2982456140350877,0.0,87.8189926147461,656,5369.57421875,1.0,nearest_physical_car_same_track_location_crossing_headway_le_2s,0.9934752153632418,0.9934752153632418,0.9934752153632418,0.9934752153632418,0.9934752153632418,0.5797669145397675,0.746237726680568,0.8455584182230302,1.0,1.0,1.0,1.0,1.0,0.5731840133666992,0.7128221988677979,0.8188478946685791,1.0,1.0,1.0,1.0,1.0,0.5707164078239455,0.7158389717954378,0.8587475705067984,0.9981885933538871
ALB,18,15.0,1.0,image_color_derived_proxy,13.0,0.0,0.3157894736842105,0.0030441400304414,87.74600219726562,658,5369.57421875,1.0,nearest_physical_car_same_track_location_crossing_headway_le_2s,0.9971394709634621,0.9971394709634621,0.9971394709634621,0.9971394709634621,0.9971394709634621,0.2008494592482044,0.5408879893449332,0.8023799659656202,1.0,1.0,1.0,1.0,1.0,0.4196023941040039,0.6684637069702148,0.9145817756652832,1.0,1.0,1.0,1.0,1.0,0.41973675032684643,0.6837191774427063,0.9092450248817098,0.9988914897598933
ALB,19,15.0,1.0,image_color_derived_proxy,13.0,0.0,0.3333333333333333,0.0,87.6750020980835,675,5369.57421875,1.0,nearest_physical_car_same_track_location_crossing_headway_le_2s,0.99723980618309,0.99723980618309,0.99723980618309,0.99723980618309,0.99723980618309,0.586070407679508,0.725735232790184,0.8464727542008266,1.0,1.0,1.0,1.0,1.0,0.6414377689361572,0.7551591396331787,0.895197868347168,1.0,1.0,1.0,1.0,1.0,0.6339915610691409,0.7500226038090294,0.9099892602335212,0.9988996118330931
ALB,20,15.0,1.0,image_color_derived_proxy,13.0,0.0,0.3508771929824561,0.0,87.71949523687363,667,5369.57421875,1.0,nearest_physical_car_same_track_location_crossing_headway_le_2s,0.9948700116563153,0.9948700116563153,0.9948700116563153,0.9948700116563153,0.9948700116563153,0.8108413775017508,0.9339939990675594,1.0618242021040483,1.0,1.0,1.0,1.0,1.0,0.7228729724884033,0.8144063949584961,0.8860492706298828,1.0,1.0,1.0,1.0,1.0,0.7162335599628814,0.8099324131834243,0.921274504239979,0.9984261903915028
ALB,21,23.0,1.0,image_color_derived_proxy,13.0,0.0,0.3684210526315789,0.0,87.73899841308594,662,5369.57421875,1.0,nearest_physical_car_same_track_location_crossing_headway_le_2s,0.9951560877191693,0.9951560877191693,0.9951560877191693,0.9951560877191693,0.9951560877191693,0.7526612681727255,0.9195186671926016,1.0320132004587275,1.0,1.0,1.0,1.0,1.0,0.8113498687744141,0.9144425392150879,1.0315041542053223,1.0,1.0,1.0,1.0,1.0,0.7903674271919172,0.9075298507919065,1.0489560069921007,0.9984705220195316
ALB,22,28.0,1.0,image_color_derived_proxy,13.0,0.0,0.38596491228070173,0.0,87.86199951171875,654,5369.57421875,1.0,nearest_physical_car_same_track_location_crossing_headway_le_2s,0.9855796580296812,0.9967221325578435,0.9967221325578435,0.9967221325578435,0.9967221325578435,0.9427768801854662,1.1982039916992187,1.3894508498055593,1.0,1.0,1.0,1.0,1.0,1.0443494319915771,1.1667606830596924,1.3429112434387207,0.9667660856209418,1.0,1.0,1.0,1.0,1.0154674436233642,1.1803352977391213,1.3695360793877933,0.9976990537693065
ALB,23,37.0,0.9755921403000001,image_color_derived_proxy,13.0,0.0,0.40350877192982454,0.0,87.70800018310547,670,5369.57421875,1.0,nearest_physical_car_same_track_location_crossing_headway_le_2s,0.6574542461705151,0.9556824743909067,0.9898640676894125,0.9951201714529356,0.9951201714529356,1.1829808544799156,1.4106816347678175,1.6195490842609737,0.9006134099995798,1.0,1.0,1.0,1.0,1.229722261428833,1.3638019561767578,1.498457431793213,0.8065854534287086,0.968281162864191,0.989077412849947,1.0,1.0,1.1751558998089175,1.334744415862534,1.5961236463708186,0.9979175233827443
ALB,24,38.0,0.9708061289000001,image_color_derived_proxy,13.0,0.0,0.42105263157894735,0.0,87.65599644184113,647,5369.57421875,1.0,nearest_physical_car_same_track_location_crossing_headway_le_2s,0.24920145949569994,0.7510838165966964,0.9395705800614026,0.9961097739051222,0.9975015970878084,1.3515246560395404,1.6240889071680635,1.8928284140194163,0.545952337999392,0.9114264824527301,1.0,1.0,1.0,1.3441240787506104,1.4854736328125,1.7489712238311768,0.4877817946270855,0.8432052401476988,0.9255955140107484,0.9903942680271959,1.0,1.2849144056894806,1.5073317106720703,1.932737890347102,0.9874756160516218
ALB,25,23.0,1.0,image_color_derived_proxy,13.0,0.0,0.43859649122807015,0.0,87.51899719238281,651,5369.57421875,1.0,nearest_physical_car_same_track_location_crossing_headway_le_2s,0.8376238308856284,0.9949153897196827,0.9949153897196827,0.9949153897196827,0.9949153897196827,1.0303933203761346,1.2122020374644886,1.5144917998733967,0.9940584330533009,1.0,1.0,1.0,1.0,1.0080316066741943,1.1481130123138428,1.4709415435791016,0.9243821477357821,0.9810326911794576,1.0,1.0,1.0,0.9626599604915576,1.1709836241113736,1.4782681655369836,0.995592036209707
ALB,26,32.0,0.9995221973000001,image_color_derived_proxy,13.0,0.0,0.45614035087719296,0.0,87.55200004577637,637,5369.57421875,1.0,nearest_physical_car_same_track_location_crossing_headway_le_2s,0.9743580889112639,0.9956026134153193,0.9956026134153193,0.9956026134153193,0.9956026134153193,1.0649813011629419,1.2623069785557186,1.4498381386001822,1.0,1.0,1.0,1.0,1.0,1.2128384113311768,1.2902758121490479,1.3825700283050537,0.9195335498663765,0.9981725163636644,1.0,1.0,1.0,1.1773379642595765,1.261898567992742,1.4788467834262773,0.9961585563457238
ALB,27,36.0,0.9803781517,image_color_derived_proxy,13.0,0.0,0.47368421052631576,0.0,87.48300170898438,633,5369.57421875,1.0,nearest_physical_car_same_track_location_crossing_headway_le_2s,0.6431992541967861,0.9026668069230935,0.9941016860657004,0.995484837019621,0.995484837019621,1.2197252740998972,1.383509937146402,1.7434746799698797,0.6733079533272891,0.9769212193496016,1.0,1.0,1.0,1.2048254013061523,1.3765912055969238,1.662534475326538,0.7092006769765192,0.9259170155648959,0.9794360075530856,1.0,1.0,1.2263374983889637,1.3725583176255853,1.706796553132693,1.0
ALB,28,20.0,1.0,image_color_derived_proxy,13.0,0.0,0.49122807017543857,0.0,87.6500015258789,660,5369.57421875,1.0,nearest_physical_car_same_track_location_crossing_headway_le_2s,0.931614411707321,0.9889104237667256,0.9952994866707995,0.9952994866707995,0.9952994866707995,1.0923106711251396,1.277775597760058,1.4384647960394201,1.0,1.0,1.0,1.0,1.0,0.9778003692626953,1.119861125946045,1.302619218826294,0.9772162041547602,1.0,1.0,1.0,1.0,0.9521185049090035,1.1194477807822865,1.357924896676552,0.9979526946030228
ALB,29,37.0,0.9755921403000001,image_color_derived_proxy,13.0,0.0,0.5087719298245614,0.0,87.54900360107422,634,5369.57421875,1.0,nearest_physical_car_same_track_location_crossing_headway_le_2s,0.8919119756022389,0.9721184561211795,0.995648151361089,0.995648151361089,0.995648151361089,0.8911324596654417,1.1222733744074789,1.5036134068047615,0.9348821805031589,1.0,1.0,1.0,1.0,0.8513123989105225,1.0499775409698486,1.4737486839294434,0.9296279906717281,0.9657220386915357,1.0,1.0,1.0,0.8404728986429292,1.1048450488283073,1.43842736785178,1.0
ALB,30,36.0,0.9803781517,image_color_derived_proxy,13.0,0.0,0.5263157894736842,0.0,87.5109977722168,639,5369.57421875,1.0,nearest_physical_car_same_track_location_crossing_headway_le_2s,0.991646788643247,0.9943892766719428,0.9943892766719428,0.9943892766719428,0.9943892766719428,0.9580377730601183,1.1806364316976685,1.354753080870816,1.0,1.0,1.0,1.0,1.0,1.0383625030517578,1.1606230735778809,1.298980712890625,0.978962648694014,1.0,1.0,1.0,1.0,1.0103164961501219,1.151766433515262,1.3300396402652566,0.9976179537949588
ALB,31,38.0,0.9708061289000001,image_color_derived_proxy,13.0,0.0,0.543859649122807,0.0,87.26100158691406,634,5369.57421875,1.0,nearest_physical_car_same_track_location_crossing_headway_le_2s,0.922279145727457,0.9935939307927607,0.9935939307927607,0.9935939307927607,0.9935939307927607,1.0162447629275022,1.3191727469949162,1.4581500244140624,0.9896860967727664,1.0,1.0,1.0,1.0,1.2450814247131348,1.4222371578216553,1.4728271961212158,0.8440997767514051,0.9706283485322021,1.0,1.0,1.0,1.2226632362423846,1.3812915786826543,1.5423381238423055,0.9957714737509137
ALB,32,28.0,1.0,image_color_derived_proxy,13.0,0.0,0.5614035087719298,0.0,91.37899780273438,676,5369.57421875,1.0,nearest_physical_car_same_track_location_crossing_headway_le_2s,0.9553726735382762,0.9930399764400828,0.9930399764400828,0.9930399764400828,0.9930399764400828,0.7403469319246253,1.2346863827462924,1.4047324167170996,1.0,1.0,1.0,1.0,1.0,1.2375209331512451,1.360111951828003,1.4344935417175293,0.8425785895534426,0.9715579848692869,0.9973735993002721,1.0,1.0,1.1715379282272274,1.3819884760687833,1.5617131228820416,0.9941195386433017
ALB,33,52.0,0.9038019693000001,image_color_derived_proxy,14.0,0.0,0.5789473684210527,0.014634146341463415,108.30449867248535,821,5369.57421875,0.6864211302978657,nearest_physical_car_same_track_location_crossing_headway_le_2s,0.451943411903367,0.6108656578129478,0.6964484463461341,0.7620135795171259,0.8378922147695332,1.1210000115471919,1.5479680297851564,2.9980748748779296,0.428601796823891,0.6223702686532488,0.6864211302978657,0.8055205243761622,0.8457681707167788,1.2427937984466553,1.5392918586730957,2.713352918624878,0.47276423689878067,0.5904417422622494,0.7364837382212686,0.8013101875360068,0.864086894595399,1.2195675492189653,1.5473117351941692,2.689563131521487,0.7078612809373721
ALB,34,28.0,1.0,image_color_derived_proxy,14.0,0.0,0.5964912280701754,0.0,85.54399871826172,647,5369.57421875,1.0,nearest_physical_car_same_track_location_crossing_headway_le_2s,0.9466006073687195,0.9940615353055268,0.9940615353055268,0.9940615353055268,0.9940615353055268,1.0270293040255623,1.2485160420373667,1.4129725422607686,1.0,1.0,1.0,1.0,1.0,0.8368701934814453,1.0699236392974854,1.1703848838806152,1.0,1.0,1.0,1.0,1.0,0.8308200256633594,1.0517070222540168,1.210478188319155,0.9971638247062352
ALB,35,23.0,1.0,image_color_derived_proxy,13.0,0.0,0.6140350877192983,0.003129890453834116,85.79499816894531,640,5369.57421875,0.985092371910293,nearest_physical_car_same_track_location_crossing_headway_le_2s,0.9966431610962319,0.9966431610962319,0.9966431610962319,0.9966431610962319,0.9966431610962319,0.9652010258940078,1.120240377645732,1.231231781136836,0.985092371910293,0.985092371910293,0.985092371910293,0.985092371910293,0.985092371910293,1.0048072338104248,1.0806317329406738,1.1193079948425293,0.985092371910293,0.985092371910293,0.985092371910293,0.985092371910293,0.985092371910293,0.9847211268267636,1.0703161690040046,1.1757602355059187,0.9866897764886198
ALB,36,20.0,1.0,image_color_derived_proxy,13.0,0.0,0.631578947368421,0.0,86.01499891281128,657,5369.57421875,1.0,nearest_physical_car_same_track_location_crossing_headway_le_2s,0.9832122325715601,0.9968610124496715,0.9968610124496715,0.9968610124496715,0.9968610124496715,0.9035793740810943,1.1001445469564086,1.2789070502151607,0.9846421789582989,1.0,1.0,1.0,1.0,0.9901764392852783,1.2029752731323242,1.3788278102874756,0.9415335104267516,1.0,1.0,1.0,1.0,0.9852402706942072,1.1949481978705647,1.3649832096673598,0.9980714716851933
ALB,37,20.0,1.0,image_color_derived_proxy,13.0,0.0,0.6491228070175439,0.0,86.23399925231934,639,5369.57421875,1.0,nearest_physical_car_same_track_location_crossing_headway_le_2s,0.9835099878789557,0.9905025858382648,0.9905025858382648,0.9905025858382648,0.9905025858382648,0.6774065578503321,0.9351792293715762,1.292139063544452,1.0,1.0,1.0,1.0,1.0,0.613746166229248,0.8365530967712402,1.284134864807129,0.9659067179684191,0.9941670363554578,1.0,1.0,1.0,0.609423035641676,0.8196769420275076,1.265132391550978,0.9968070059825709
ALB,38,20.0,1.0,image_color_derived_proxy,13.0,0.0,0.6666666666666666,0.0,85.97700309753418,636,5369.57421875,1.0,nearest_physical_car_same_track_location_crossing_headway_le_2s,0.9967200530946013,0.9967200530946013,0.9967200530946013,0.9967200530946013,0.9967200530946013,0.8770000244760271,1.0669158406776957,1.2578351995918189,1.0,1.0,1.0,1.0,1.0,0.8162374496459961,0.9226961135864258,0.9708220958709717,1.0,1.0,1.0,1.0,1.0,0.8041642192698678,0.9153881129055228,1.0038066734649338,0.9985809668207932
ALB,39,39.0,0.9660201175,image_color_derived_proxy,13.0,0.0,0.6842105263157895,0.0,86.06600189208984,640,5369.57421875,1.0,nearest_physical_car_same_track_location_crossing_headway_le_2s,0.9504915059248564,0.9971882044783245,0.9971882044783245,0.9971882044783245,0.9971882044783245,1.044669236403245,1.3018982580591574,1.4570475442068918,0.9172379670561854,1.0,1.0,1.0,1.0,1.223884105682373,1.392122745513916,1.483919620513916,0.8076012193858207,0.9858248182338856,1.0,1.0,1.0,1.188886216703238,1.3823820199219141,1.5362717685591047,1.0
ALB,40,29.0,1.0,image_color_derived_proxy,13.0,0.0,0.7017543859649122,0.0,86.0,631,5369.57421875,1.0,nearest_physical_car_same_track_location_crossing_headway_le_2s,0.6516162961028343,0.9607558139534884,0.9870348642038744,0.9941860465116279,0.9941860465116279,1.128069305419922,1.4662139811629642,1.6211807509600107,0.3875697490780853,0.9464534936949264,1.0,1.0,1.0,1.3879683017730713,1.57722806930542,1.6923978328704834,0.388767353324003,0.8610115550285162,0.9588719966799714,0.9960930402888808,1.0,1.331999973288034,1.55706411292965,1.82344062391288,1.0
ALB,41,51.0,0.9085879807,image_color_derived_proxy,13.0,0.0,0.7192982456140351,0.0,85.89200210571289,633,5369.57421875,1.0,nearest_physical_car_same_track_location_crossing_headway_le_2s,0.08884414480269273,0.34213891408262,0.7605366071439278,0.9422996525915065,0.9913379551409787,1.525005453141009,1.835181488861909,2.135297382061298,0.0,0.8093070892068968,1.0,1.0,1.0,1.590794563293457,1.703174114227295,1.7772650718688965,0.0872258008756678,0.7223954805529366,0.9102593567270811,0.9785428391531685,0.9976715078157723,1.506262062313848,1.6754601442570705,1.9808050138190119,0.9794222173319702
ALB,42,78.0,0.7793656729,image_color_derived_proxy,13.0,0.0,0.7368421052631579,0.0,85.73500061035156,661,5369.57421875,1.0,nearest_physical_car_same_track_location_crossing_headway_le_2s,0.10195362910366383,0.2871289986133875,0.7767422864060982,0.967901098746042,0.9865515800203658,1.4867804985385618,1.84774822597086,2.099683367460272,0.0,0.28745549037869594,1.0,1.0,1.0,1.6706128120422363,1.7924997806549072,1.899843692779541,0.04389106504335767,0.4476000989280672,0.8321572759159589,0.9501837348357609,0.9879162395979589,1.5574648104625866,1.768630367798044,2.1430197796334123,0.8900277866436748
ALB,43,146.0,0.45391689770000015,image_color_derived_proxy,13.0,0.0,0.7543859649122807,0.0,85.74699401855469,641,5369.57421875,0.7310343508292085,nearest_physical_car_same_track_location_crossing_headway_le_2s,0.02770942532407156,0.15022099883174972,0.3817042589251475,0.6992313685544926,0.8867366181178447,1.6337511616368448,2.117909891097272,2.5264514857700893,0.0,0.0,0.7310343508292085,1.0,1.0,1.8558714389801025,1.94451904296875,2.0446348190307617,0.008385109747015534,0.17481658781941145,0.6257478292165783,0.892334380725027,0.9676373594963267,1.7026847359217567,1.9295506062485304,2.2700283362803204,0.5126922798509536
ALB,44,213.0,0.13325413390000007,image_color_derived_proxy,13.0,0.0,0.7719298245614035,0.0,85.71699714660645,623,5369.57421875,0.028115730986153147,nearest_physical_car_same_track_location_crossing_headway_le_2s,0.15731999161645072,0.335440997367335,0.772005554112533,0.9576163631485154,0.9948434964314843,1.3069324984872268,1.8283725155101103,2.197662761599519,0.0,0.0,0.028115730986153147,0.7297619315434113,1.0,2.0313432216644287,2.1728556156158447,2.3261220455169678,0.0,0.03825382657423579,0.2519569755431378,0.6459044817431837,0.8639126998733634,1.8159890338965337,2.164633387564572,2.599971965628746,0.36684619555018577
ALB,45,232.0,0.042319917300000044,image_color_derived_proxy,13.0,0.0,0.7894736842105263,0.0,85.56100082397461,657,5369.57421875,0.02221807784218707,nearest_physical_car_same_track_location_crossing_headway_le_2s,0.04812941021840937,0.13288756676923932,0.3009431456697518,0.6559998877361459,0.8935731083574019,1.6557676323221928,2.1603756991299714,2.500544857550524,0.0,0.0,0.02221807784218707,0.7329740919724523,1.0,2.0915114879608154,2.178090810775757,2.2833850383758545,0.0,0.03194214282985075,0.21022420982051918,0.7072498753082073,0.8305887392042455,1.8905171549879016,2.1329826946217367,2.7016681067542256,0.13650765540076043
ALB,46,239.0,0.00881783750000011,image_color_derived_proxy,13.0,0.0,0.8070175438596491,0.0,85.81400108337402,646,5369.57421875,0.0,nearest_physical_car_same_track_location_crossing_headway_le_2s,0.012993170605547288,0.08746831133902011,0.18429401974174936,0.35623548787296444,0.6903769676797828,1.7634464824343505,2.320721569690076,2.69768896484375,0.0,0.0,0.0,0.27043373943969684,0.9293821147582672,2.1680572032928467,2.301180839538574,2.472611665725708,0.0,0.0,0.1303750366932451,0.4557065717065747,0.7391801074835639,1.9436188376878003,2.289933625197014,2.8502183770443494,0.0
ALB,47,239.0,0.00881783750000011,image_color_derived_proxy,13.0,0.0,0.8245614035087719,0.0,85.36300086975098,641,5369.57421875,0.0,nearest_physical_car_same_track_location_crossing_headway_le_2s,0.0200789425991587,0.07497395195424526,0.16039745415446752,0.287407855966814,0.6048404152073352,1.817595818339632,2.395659551761058,2.8749968848525596,0.0,0.0,0.0,0.0,0.04911964800108467,2.513052225112915,2.5641024112701416,2.631049871444702,0.0,0.0,0.00554103731048093,0.13535134568926768,0.5091900819033991,2.188558411804277,2.4949749173931095,3.240801739295955,0.0
ALB,48,239.0,0.00881783750000011,image_color_derived_proxy,13.0,0.0,0.8421052631578947,0.0,85.4575023651123,651,5369.57421875,0.0,nearest_physical_car_same_track_location_crossing_headway_le_2s,0.016850487016403744,0.10166458639958184,0.21631802524143698,0.45870766367447907,0.770821743357558,1.7327292627337092,2.2661428726136736,2.689961617891906,0.0,0.0,0.0,0.0,0.2395459632116467,2.4171230792999268,2.6774816513061523,2.904440402984619,0.0,0.0,0.0,0.09047775932123366,0.3446040878224685,2.259643635513652,2.6082313002301984,3.3437323430486807,0.0
ALB,49,239.0,0.00881783750000011,image_color_derived_proxy,12.0,0.0,0.8596491228070176,0.0015873015873015873,85.31699752807617,631,5369.57421875,0.010009729787686205,nearest_physical_car_same_track_location_crossing_headway_le_2s,0.05023610417888144,0.11156032555553931,0.19636184589019642,0.4684646798780917,0.5989309842341313,1.7006348342038273,2.2995602222199136,2.9850143349079414,0.005075129869482417,0.00852117645075713,0.010009729787686205,0.010009729787686205,0.24735987402203025,2.4250926971435547,2.619699478149414,2.884397029876709,0.005075129869482417,0.00852117645075713,0.010009729787686205,0.1345570035848775,0.42608158096776444,2.188319029996359,2.5372780102988703,3.492665976587411,0.0
ALB,50,239.0,0.00881783750000011,image_color_derived_proxy,12.0,0.0,0.8771929824561403,0.0,85.15749931335449,639,5369.57421875,0.0,nearest_physical_car_same_track_location_crossing_headway_le_2s,0.0,0.020514925340540377,0.03985552910488721,0.09393187859759171,0.19266658727546532,2.2694179425920757,2.954549243878646,3.6586717085404827,0.0,0.0,0.0,0.0,0.0619910148608906,2.7155184745788574,2.859253168106079,2.955627679824829,0.0,0.0,0.0,0.03780052654088831,0.21560054744932225,2.3523289175534248,2.769497902448652,3.6140941980494277,0.0
ALB,51,239.0,0.00881783750000011,image_color_derived_proxy,12.0,0.0,0.8947368421052632,0.0,84.91899871826172,648,5369.57421875,0.0,nearest_physical_car_same_track_location_crossing_headway_le_2s,0.0,0.005428685478095644,0.023799137828721666,0.08541078511905527,0.1349874473327935,2.314940419298537,3.239687189275568,3.9441786441057087,0.0,0.0,0.0,0.0,0.0,3.125283718109131,3.207019805908203,3.3246402740478516,0.0,0.0,0.0,0.006912445915517026,0.048198854984361446,2.6102889706359327,3.142260027805576,4.319642512993273,0.0
ALB,52,240.0,0.00403182610000016,image_color_derived_proxy,12.0,0.0,0.9122807017543859,0.0,84.99700164794922,640,5369.57421875,0.0,nearest_physical_car_same_track_location_crossing_headway_le_2s,0.0,0.005564897156173022,0.01741238475729636,0.07700273958782043,0.1243337059601227,2.3527745283410906,3.395908182252898,4.12440334666859,0.0,0.0,0.0,0.0,0.0,3.3510046005249023,3.477900505065918,3.6585309505462646,0.0,0.0,0.0,0.0,0.02014190815374975,2.7735701747117862,3.4438990986259546,4.7267526714125285,0.0
ALB,53,239.0,0.00881783750000011,image_color_derived_proxy,12.0,0.0,0.9298245614035088,0.0,84.72100448608398,653,5369.57421875,0.0,nearest_physical_car_same_track_location_crossing_headway_le_2s,0.0,0.0,0.0,0.009596211517412478,0.027797109815736368,2.9621871887450197,3.96813531234918,5.105503570776192,0.0,0.0,0.0,0.0,0.0,3.7856154441833496,4.010576963424683,4.192888021469116,0.0,0.0,0.0,0.0,0.0,3.2027981252404643,3.931574664557471,5.492176689403913,0.0
ALB,54,239.0,0.00881783750000011,image_color_derived_proxy,12.0,0.0,0.9473684210526315,0.0,84.71299743652344,641,5369.57421875,0.0,nearest_physical_car_same_track_location_crossing_headway_le_2s,0.0,0.0,0.0,0.0,0.008487479895982367,3.2623187201961037,4.376578929011983,5.800053161982249,0.0,0.0,0.0,0.0,0.0,4.149256706237793,4.436710834503174,4.559934377670288,0.0,0.0,0.0,0.0,0.0,3.5044759653000757,4.312377528978002,6.116435967316009,0.002185613647780693
ALB,55,235.0,0.02796188310000005,image_color_derived_proxy,11.0,0.0,0.9649122807017544,0.003236245954692557,84.8330020904541,619,5369.57421875,0.014015762105856014,nearest_physical_car_same_track_location_crossing_headway_le_2s,0.03667200464060859,0.04077422168911182,0.04374475078931379,0.046432391627793515,0.05506109066667716,3.1928996558328278,4.669378024428639,6.262776424194956,0.011316339877363375,0.011316339877363375,0.014015762105856014,0.016031503976500175,0.019332091865613462,4.524301767349243,4.767162084579468,4.920709609985352,0.010950891951275857,0.011316339877363375,0.014015762105856014,0.017787875398310473,0.019897913356195375,3.686532205774047,4.739309705339959,6.780733226518327,0.022188701456430038
ALB,56,239.0,0.00881783750000011,image_color_derived_proxy,11.0,0.0,0.9824561403508771,0.0,84.54400253295898,619,5369.57421875,0.0,nearest_physical_car_same_track_location_crossing_headway_le_2s,0.0,0.0,0.0,0.0,0.002247334181214268,3.606527288309008,4.936022717843149,6.498623169580098,0.0,0.0,0.0,0.0,0.0,4.838999032974243,5.010160446166992,5.11984920501709,0.0,0.0,0.0,0.0,0.0,3.9069718556997124,4.912993029196225,7.01481720211242,0.004553380724853784
ALB,57,239.0,0.00881783750000011,image_color_derived_proxy,11.0,0.0,1.0,0.0016474464579901153,84.39100646972656,608,5369.57421875,0.0,nearest_physical_car_same_track_location_crossing_headway_le_2s,0.0,0.0,0.0,0.0,0.0032230846687251354,3.3973267786711165,4.666700568836405,6.409300453588799,0.0,0.0,0.0,0.0,0.0,4.799655199050903,5.040677547454834,5.212620496749878,0.0,0.0,0.0,0.0,0.0,3.946578101310217,5.030897283275306,8.124617252435511,0.00418805828452351
STR,1,14.0,1.0,image_color_derived_proxy,19.0,0.005854182868528772,0.017543859649122806,0.09336941813261164,98.56199836730957,740,5369.57421875,0.9941458171314712,nearest_physical_car_same_track_location_crossing_headway_le_2s,0.993831294104003,0.993831294104003,0.993831294104003,0.993831294104003,0.993831294104003,0.011499830995082958,0.07530232695646065,0.27273822005506587,0.9941458171314712,0.9941458171314712,0.9941458171314712,0.9941458171314712,0.9941458171314712,0.009318351745605469,0.0786905288696289,0.340423583984375,1.0,1.0,1.0,1.0,1.0,0.009991520930517302,0.08044911370058856,0.3508608093094999,0.9952820415656467
STR,2,14.0,1.0,image_color_derived_proxy,18.0,0.0,0.03508771929824561,0.007385524372230428,89.68300199508667,678,5369.57421875,1.0,nearest_physical_car_same_track_location_crossing_headway_le_2s,0.9972570052147852,0.9972570052147852,0.9972570052147852,0.9972570052147852,0.9972570052147852,0.1056490058141039,0.33287882696480253,0.7609655077704067,1.0,1.0,1.0,1.0,1.0,0.5071356296539307,0.7132773399353027,0.9103360176086426,1.0,1.0,1.0,1.0,1.0,0.4984558955863593,0.7195899786183183,0.9099357969003277,0.9984600531703369
STR,3,14.0,1.0,image_color_derived_proxy,18.0,0.0,0.05263157894736842,0.0,88.98099708557129,662,5369.57421875,1.0,nearest_physical_car_same_track_location_crossing_headway_le_2s,0.9962351511073484,0.9962351511073484,0.9962351511073484,0.9962351511073484,0.9962351511073484,0.7218113790729089,0.882959722162603,1.005976270592731,1.0,1.0,1.0,1.0,1.0,0.6665534973144531,0.801520824432373,0.8622806072235107,1.0,1.0,1.0,1.0,1.0,0.6610649149611324,0.7985433381116156,0.8836943730944768,0.9982494081955298
STR,4,14.0,1.0,image_color_derived_proxy,18.0,0.0,0.07017543859649122,0.010638297872340425,88.98199796676636,659,5369.57421875,1.0,nearest_physical_car_same_track_location_crossing_headway_le_2s,0.9945494591559266,0.9945494591559266,0.9945494591559266,0.9945494591559266,0.9945494591559266,0.6552777971540179,0.9681358099573374,1.2171793574174958,1.0,1.0,1.0,1.0,1.0,0.0345306396484375,0.7870151996612549,1.1026549339294434,1.0,1.0,1.0,1.0,1.0,0.034556201296566884,0.7840511801665009,1.0652997684881562,0.99790935025806
STR,5,14.0,1.0,image_color_derived_proxy,18.0,0.0,0.08771929824561403,0.0,88.90700078010559,679,5369.57421875,1.0,nearest_physical_car_same_track_location_crossing_headway_le_2s,0.9901582553418471,0.9901582553418471,0.9901582553418471,0.9901582553418471,0.9901582553418471,0.56996822768533,0.7847100252230492,0.9851991891860962,1.0,1.0,1.0,1.0,1.0,0.6108484268188477,0.8045046329498291,1.0691101551055908,1.0,1.0,1.0,1.0,1.0,0.6029847488205948,0.8183220920080717,1.049894955350199,0.9970418618511796
STR,6,14.0,1.0,image_color_derived_proxy,18.0,0.0,0.10526315789473684,0.0,88.39299774169922,650,5369.57421875,1.0,nearest_physical_car_same_track_location_crossing_headway_le_2s,0.9952937447624676,0.9952937447624676,0.9952937447624676,0.9952937447624676,0.9952937447624676,0.8146629259643403,1.0178497985169128,1.1991230537111488,1.0,1.0,1.0,1.0,1.0,0.6880466938018799,0.8595268726348877,0.9682531356811523,1.0,1.0,1.0,1.0,1.0,0.67589773860075,0.8491217234034731,0.9766442473691944,0.9980315703592566
STR,7,20.0,1.0,image_color_derived_proxy,17.0,0.0,0.12280701754385964,0.0035419126328217238,111.83200263977051,848,5369.57421875,0.9883843473865894,nearest_physical_car_same_track_location_crossing_headway_le_2s,0.9368784902656778,0.9797911046139393,0.9797911046139393,0.9797911046139393,0.9807568371331326,0.3678440303977476,0.789914873813061,1.3434299912960426,0.9716807206391126,0.9784766306732905,0.9883843473865894,0.995654178080408,1.0,0.2914164066314697,0.8143436908721924,1.1933448314666748,0.9692842549578194,0.9840921990667343,0.9923188252075307,0.9973263486361763,0.9981579397947308,0.292139682733343,0.8149367075180787,1.182801551719637,0.9868684611574325
STR,8,20.0,1.0,image_color_derived_proxy,17.0,0.0,0.14035087719298245,0.01131687242798354,134.09099254012108,973,5369.57421875,0.9740325665842258,nearest_physical_car_same_track_location_crossing_headway_le_2s,0.9540834170332737,0.9604522201996974,0.9699979820916643,0.9718400129091086,0.9718400129091086,0.43326843663265835,0.7597833656295753,1.2420943062260468,0.9729362955252834,0.9729362955252834,0.9740325665842258,0.9740325665842258,0.9750244296056243,0.18226313591003418,0.44138312339782715,1.0044867992401123,0.9710345973839875,0.9742712127651678,0.9742712127651678,0.975568837483136,0.975568837483136,0.1804211150853075,0.4403450042452564,1.010371491157014,0.9739004666156992
STR,9,15.0,1.0,image_color_derived_proxy,16.0,0.0,0.15789473684210525,0.007518796992481203,142.14599990844727,1065,5369.57421875,0.9931056816140722,nearest_physical_car_same_track_location_crossing_headway_le_2s,0.9614199166289413,0.9970101114512678,0.9985156107410272,0.9985156107410272,0.9985156107410272,0.31260832786560055,0.8320566213355874,1.3272735732553251,0.9916071866437236,0.9931056816140722,0.9931056816140722,0.9931056816140722,0.9931056816140722,0.6317398548126221,0.9807817935943604,1.3018815517425537,0.9830245069193954,0.9931056816140722,0.9931056816140722,0.9931056816140722,0.9931056816140722,0.6192880939305697,0.9642024321088131,1.2914696925925968,0.9928763698356878
STR,10,14.0,1.0,image_color_derived_proxy,16.0,0.0,0.17543859649122806,0.0,128.73200225830078,984,5369.57421875,1.0,nearest_physical_car_same_track_location_crossing_headway_le_2s,0.9422132803094808,0.9589457259964508,0.995346922547589,0.995346922547589,0.995346922547589,0.22890353494985935,0.717141789379839,1.3140507877605172,0.9500823526783155,1.0,1.0,1.0,1.0,0.4685485363006592,0.9388861656188965,1.3518104553222656,0.9456934003059652,0.981511970400804,0.9925038053035824,1.0,1.0,0.4650297663068235,0.949086516507989,1.3747120422739834,1.0
STR,11,15.0,1.0,image_color_derived_proxy,16.0,0.0,0.19298245614035087,0.0,89.4359974861145,661,5369.57421875,1.0,nearest_physical_car_same_track_location_crossing_headway_le_2s,0.9938168076743039,0.9938168076743039,0.9938168076743039,0.9938168076743039,0.9938168076743039,0.35018431504701064,0.43951656881887996,0.5903955374191057,1.0,1.0,1.0,1.0,1.0,0.12856602668762207,0.2432715892791748,0.3581888675689697,1.0,1.0,1.0,1.0,1.0,0.12758725712874108,0.24330167873479397,0.3576409367461452,0.997941399341608
STR,12,15.0,1.0,image_color_derived_proxy,16.0,0.0,0.21052631578947367,0.0,88.58399391174316,659,5369.57421875,1.0,nearest_physical_car_same_track_location_crossing_headway_le_2s,0.9976971009414122,0.9976971009414122,0.9976971009414122,0.9976971009414122,0.9976971009414122,0.3225207889453385,0.4680264427548363,0.754091851941399,1.0,1.0,1.0,1.0,1.0,0.6909117698669434,0.7966568470001221,0.9837117195129395,1.0,1.0,1.0,1.0,1.0,0.6946797128511643,0.7899566561903433,1.0521681402673675,0.9986864115666685
STR,13,15.0,1.0,image_color_derived_proxy,16.0,0.0,0.22807017543859648,0.0,88.26100158691406,670,5369.57421875,1.0,nearest_physical_car_same_track_location_crossing_headway_le_2s,0.9928167594754345,0.9928167594754345,0.9928167594754345,0.9928167594754345,0.9928167594754345,0.7295289031730211,0.8402827532839857,0.9433150205355227,1.0,1.0,1.0,1.0,1.0,0.6025826930999756,0.6822221279144287,0.7923388481140137,1.0,1.0,1.0,1.0,1.0,0.5947905443766321,0.6778484645946045,0.8066934473361252,0.9977235674140204
STR,14,14.0,1.0,image_color_derived_proxy,16.0,0.0,0.24561403508771928,0.0,88.20200157165527,671,5369.57421875,1.0,nearest_physical_car_same_track_location_crossing_headway_le_2s,0.9957143830701911,0.9957143830701911,0.9957143830701911,0.9957143830701911,0.9957143830701911,0.6478810250094389,0.7614078002347171,0.9242446342480203,1.0,1.0,1.0,1.0,1.0,0.6978754997253418,0.7944025993347168,0.9110503196716309,1.0,1.0,1.0,1.0,1.0,0.6996792881469319,0.8081180381610928,0.9049254939305033,0.9982770114801245
STR,15,14.0,1.0,image_color_derived_proxy,16.0,0.0,0.2631578947368421,0.0,87.91399995237589,649,5369.57421875,1.0,nearest_physical_car_same_track_location_crossing_headway_le_2s,0.9937325113253315,0.9937325113253315,0.9937325113253315,0.9937325113253315,0.9937325113253315,0.6179703863344903,0.7321286036779381,0.8511966807836671,1.0,1.0,1.0,1.0,1.0,0.49076056480407715,0.6173057556152344,0.8276543617248535,1.0,1.0,1.0,1.0,1.0,0.4845911918826351,0.6158890318789367,0.8259831122555896,0.9978792142846462
STR,16,20.0,1.0,image_color_derived_proxy,16.0,0.0,0.2807017543859649,0.0,87.91799736022949,658,5369.57421875,1.0,nearest_physical_car_same_track_location_crossing_headway_le_2s,0.9084828668186476,0.985520636587876,0.9971223185380135,0.9971223185380135,0.9971223185380135,0.7299198171034216,1.1328817306026338,1.479588605608259,1.0,1.0,1.0,1.0,1.0,0.5272016525268555,0.7357573509216309,0.9232313632965088,1.0,1.0,1.0,1.0,1.0,0.5286246932633065,0.7391905861726685,0.9207732198879774,0.9992352500682349
STR,17,14.0,1.0,image_color_derived_proxy,16.0,0.0,0.2982456140350877,0.0,87.81999778747559,657,5369.57421875,1.0,nearest_physical_car_same_track_location_crossing_headway_le_2s,0.9978137097869945,0.9978137097869945,0.9978137097869945,0.9978137097869945,0.9978137097869945,0.729172675043559,0.8607666778564453,0.9323740395802156,1.0,1.0,1.0,1.0,1.0,0.4481382369995117,0.6150200366973877,0.7562522888183594,1.0,1.0,1.0,1.0,1.0,0.44804526880908074,0.6170007316781856,0.7896158550378003,0.9986519543624325
STR,18,15.0,1.0,image_color_derived_proxy,16.0,0.0,0.3157894736842105,0.0,87.66600036621094,657,5369.57421875,1.0,nearest_physical_car_same_track_location_crossing_headway_le_2s,0.9951178335807321,0.9951178335807321,0.9951178335807321,0.9951178335807321,0.9951178335807321,0.832411147374187,1.0553871400894659,1.2590434530506964,1.0,1.0,1.0,1.0,1.0,0.8607101440429688,1.0634992122650146,1.2888233661651611,1.0,1.0,1.0,1.0,1.0,0.8550529949901813,1.0649893490830826,1.2776190696282264,0.9981149643903722
STR,19,15.0,1.0,image_color_derived_proxy,16.0,0.0,0.3333333333333333,0.0,87.80799865722656,673,5369.57421875,1.0,nearest_physical_car_same_track_location_crossing_headway_le_2s,0.99203944957586,0.99203944957586,0.99203944957586,0.99203944957586,0.99203944957586,0.657747221528814,0.7802581620649858,0.883251670180567,1.0,1.0,1.0,1.0,1.0,0.41043519973754883,0.5977723598480225,0.8550162315368652,1.0,1.0,1.0,1.0,1.0,0.40787152019544853,0.601010111048253,0.8451426219741262,0.9975034058050456
STR,20,15.0,1.0,image_color_derived_proxy,16.0,0.0,0.3508771929824561,0.0,87.82499694824219,670,5369.57421875,1.0,nearest_physical_car_same_track_location_crossing_headway_le_2s,0.9970964986724462,0.9970964986724462,0.9970964986724462,0.9970964986724462,0.9970964986724462,0.7489299309649591,0.8246162769406341,1.0039290766047764,1.0,1.0,1.0,1.0,1.0,0.735173225402832,0.7953221797943115,0.9390637874603271,1.0,1.0,1.0,1.0,1.0,0.7232036978731498,0.8109755499176202,0.9603725129447309,0.998477822634865
STR,21,14.0,1.0,image_color_derived_proxy,16.0,0.0,0.3684210526315789,0.009146341463414634,87.75900089740753,657,5369.57421875,1.0,nearest_physical_car_same_track_location_crossing_headway_le_2s,0.9968664182232209,0.9968664182232209,0.9968664182232209,0.9968664182232209,0.9968664182232209,0.7167521903003728,0.8251945780632234,1.0114358548339932,1.0,1.0,1.0,1.0,1.0,0.7382526397705078,0.793710470199585,0.8850767612457275,1.0,1.0,1.0,1.0,1.0,0.7203203578291525,0.797847549479099,0.884666028143186,0.9984215312808943
STR,22,15.0,1.0,image_color_derived_proxy,16.0,0.0,0.38596491228070173,0.0,87.87300109863281,657,5369.57421875,1.0,nearest_physical_car_same_track_location_crossing_headway_le_2s,0.9959259385047045,0.9959259385047045,0.9959259385047045,0.9959259385047045,0.9959259385047045,0.5761357007707868,0.6737539140347844,0.8158635401026979,1.0,1.0,1.0,1.0,1.0,0.6301436424255371,0.69773268699646,0.8448288440704346,1.0,1.0,1.0,1.0,1.0,0.6252367833166311,0.6968393129805163,0.8622387571370967,0.99822674997046
STR,23,14.0,1.0,image_color_derived_proxy,16.0,0.0,0.40350877192982454,0.0,87.8270034790039,673,5369.57421875,1.0,nearest_physical_car_same_track_location_crossing_headway_le_2s,0.9930773001882612,0.9930773001882612,0.9930773001882612,0.9930773001882612,0.9930773001882612,0.7057238478276882,1.0371191818740617,1.2166444320492842,1.0,1.0,1.0,1.0,1.0,0.6824905872344971,0.9706466197967529,1.071610450744629,1.0,1.0,1.0,1.0,1.0,0.6781076683483731,0.9601971816589537,1.1080414739138051,0.9976599795370413
STR,24,14.0,1.0,image_color_derived_proxy,19.0,0.0,0.42105263157894735,0.0043859649122807015,92.45999825000763,685,5369.57421875,1.0,nearest_physical_car_same_track_location_crossing_headway_le_2s,0.9452736359364293,0.9524009230347358,0.9558619584043608,0.9645250998032607,0.9692732138896369,0.778785437871167,0.9073488852960601,1.1183448261242976,0.989173702469938,0.995014075882743,1.0,1.0,1.0,0.6060376167297363,0.7849898338317871,0.8426680564880371,0.9865780084583441,0.995014075882743,1.0,1.0,1.0,0.6056379635001997,0.7643763290293021,0.9050958710822078,0.9877845632159161
STR,25,238.5,0.011210843200000084,image_color_derived_proxy,19.0,0.0,0.43859649122807015,0.0,107.62999725341797,790,5369.57421875,0.01766236245841597,nearest_physical_car_same_track_location_crossing_headway_le_2s,0.0,0.0,0.0,0.0,0.0,16.765542342758387,21.216591210535213,44.57323883056641,0.01192046850423813,0.01580414399899513,0.01766236245841597,0.023432129877774446,0.025095234080930843,9.130088329315186,21.170236587524414,21.633801460266113,0.01192046850423813,0.01580414399899513,0.020273157832208465,0.023432129877774446,0.025095234080930843,13.231657240181557,19.230282421990342,30.68948509140169,0.02065597967388233
STR,26,240.0,0.00403182610000016,image_color_derived_proxy,19.0,0.0,0.45614035087719296,0.0,86.29000091552734,623,5369.57421875,0.0,nearest_physical_car_same_track_location_crossing_headway_le_2s,0.0,0.0,0.0,0.0,0.0,15.461060517409752,18.448474959335556,28.018241862250395,0.0,0.0,0.0,0.0,0.0,18.82832646369934,19.419095516204834,20.724202156066895,0.0,0.0,0.0,0.0,0.0,15.255891044231346,18.960840285848345,28.767178194563407,0.004691810047243616
STR,27,241.0,0.0,image_color_derived_proxy,19.0,0.0,0.47368421052631576,0.0,86.76399993896484,641,5369.57421875,0.0,nearest_physical_car_same_track_location_crossing_headway_le_2s,0.0,0.0,0.0,0.0,0.0,14.041407201197242,17.41274310249424,26.62305385044643,0.0,0.0,0.0,0.0,0.0,17.964126110076904,18.206563234329224,18.92299723625183,0.0,0.0,0.0,0.0,0.0,14.207293839103103,17.674687469106686,27.597419528774104,0.004680372105675956
STR,28,241.0,0.0,image_color_derived_proxy,19.0,0.0,0.49122807017543857,0.0,86.61799621582031,646,5369.57421875,0.0,nearest_physical_car_same_track_location_crossing_headway_le_2s,0.0,0.0,0.0,0.0,0.0,13.16807431574192,16.415031535634885,25.471845703125,0.0,0.0,0.0,0.0,0.0,16.979887008666992,17.473937511444092,17.907936811447144,0.0,0.0,0.0,0.0,0.0,13.658378592894907,16.79402346126895,26.31964918796375,0.004668934164108407
STR,29,241.0,0.0,image_color_derived_proxy,19.0,0.0,0.5087719298245614,0.0,86.41600036621094,629,5369.57421875,0.0,nearest_physical_car_same_track_location_crossing_headway_le_2s,0.0,0.0,0.0,0.0,0.0,12.144346435546874,15.27484912313677,23.80213255564216,0.0,0.0,0.0,0.0,0.0,15.676323175430298,16.072944402694702,16.860047101974487,0.0,0.0,0.0,0.0,0.0,12.576057943427802,15.602524134689796,24.103427833280854,0.004657496222540747
STR,30,241.0,0.0,image_color_derived_proxy,19.0,0.0,0.5263157894736842,0.0,86.4469985961914,630,5369.57421875,0.0,nearest_physical_car_same_track_location_crossing_headway_le_2s,0.0,0.0,0.0,0.0,0.0,11.299345768012873,14.393665089326745,22.784901136363636,0.0,0.0,0.0,0.0,0.0,14.690391302108765,15.106412172317505,15.708834409713745,0.0,0.0,0.0,0.0,0.0,11.645391891288831,14.676805664733045,22.79592435036552,0.004646058280973198
STR,31,240.0,0.00403182610000016,image_color_derived_proxy,19.0,0.0,0.543859649122807,0.0,86.52999877929688,626,5369.57421875,0.0,nearest_physical_car_same_track_location_crossing_headway_le_2s,0.0,0.0,0.0,0.0,0.0,10.599100341796875,13.276744941487971,21.17837730351677,0.0,0.0,0.0,0.0,0.0,13.792495489120483,14.13149881362915,14.838877201080322,0.0,0.0,0.0,0.0,0.0,10.985857687534356,14.005417421912597,21.675969751061782,0.0046346203394056484
STR,32,241.0,0.0,image_color_derived_proxy,19.0,0.0,0.5614035087719298,0.0,86.30100131034851,641,5369.57421875,0.0,nearest_physical_car_same_track_location_crossing_headway_le_2s,0.0,0.0,0.009941953208700432,0.011772721437906487,0.017126142698604827,7.7537900390625,10.419943372977457,17.08488335170629,0.0,0.0,0.0,0.0,0.0,10.854967594146729,12.57729983329773,13.861109256744385,0.0,0.0,0.0,0.0,0.0,9.651407379103468,12.85605530945655,19.70423312973123,0.006158594788351346
STR,33,56.5,0.8822649180000001,image_color_derived_proxy,11.0,0.0,0.5789473684210527,0.008968609865470852,87.538001537323,670,5369.57421875,0.9705270840456117,nearest_physical_car_same_track_location_crossing_headway_le_2s,0.4371015834906644,0.550218132174118,0.7916675737392472,0.8866549143061195,0.9576755747526446,0.7191585702622452,1.6900499517267402,2.2704622629486213,0.9602115682278773,0.9668372639478938,0.9705270840456117,0.9741483674504745,0.9741483674504745,0.5192475318908691,1.0657942295074463,1.359595537185669,0.9636500707768546,0.9659347960686129,0.9684594106797675,0.9723434371391144,0.9723434371391144,0.513641438571447,1.0394590083521758,1.3127302498229807,0.9390310689173391
STR,34,27.0,1.0,image_color_derived_proxy,11.0,0.0,0.5964912280701754,0.0,86.13400268554688,653,5369.57421875,1.0,nearest_physical_car_same_track_location_crossing_headway_le_2s,0.18478183826005629,0.3619592834590491,0.4826549167393432,0.7434810143095653,0.8324819192006896,1.3693952038921524,2.025785609654018,2.6270966207570043,0.42170337870898184,0.9053451642356133,1.0,1.0,1.0,1.3085341453552246,1.568957805633545,1.709825038909912,0.4252327563589505,0.8739638394310736,0.987229174837791,1.0,1.0,1.2750497743897018,1.5533168809699414,1.7970204834625068,0.8726358009445694
STR,35,187.0,0.25769043030000005,image_color_derived_proxy,10.0,0.0,0.6140350877192983,0.003134796238244514,85.85199737548828,639,5369.57421875,0.4010156640944608,nearest_physical_car_same_track_location_crossing_headway_le_2s,0.04701114814339871,0.12525043921318024,0.2735172742919247,0.41222097212054376,0.6645273217530305,1.674914786096957,2.3588470458984374,2.913293310839259,0.0,0.011182034984558945,0.4010156640944608,0.8823324358505928,0.9778805366643197,1.865492820739746,2.067674160003662,2.264160633087158,0.01213716452439852,0.12230344724194252,0.4279457060404915,0.748497429288222,0.8965662354059566,1.730665339123468,2.072035038356447,2.523842428813836,0.3091403469077349
STR,36,240.0,0.00403182610000016,image_color_derived_proxy,10.0,0.0,0.631578947368421,0.0,87.09949684143066,661,5369.57421875,0.0,nearest_physical_car_same_track_location_crossing_headway_le_2s,0.0,0.016062086943584485,0.03862248909295764,0.07273292293931961,0.16868069438446384,2.386301609727203,3.8410838118551283,5.059945075066535,0.0,0.0,0.0,0.018564970921743706,0.19879564362559418,2.3304755687713623,3.544283390045166,3.7554688453674316,0.0,0.0,0.02640658412668144,0.0741221424423852,0.17492640077226387,2.291273973515918,3.3254136788562128,4.554952915369831,0.0
STR,37,239.0,0.00881783750000011,image_color_derived_proxy,10.0,0.0,0.6491228070175439,0.0,85.80599594116211,638,5369.57421875,0.0,nearest_physical_car_same_track_location_crossing_headway_le_2s,0.0,0.0,0.0,0.0018646697781099424,0.012854559224971699,3.2468644243450093,4.43511170732214,5.870029465532413,0.0,0.0,0.0,0.0,0.0,4.14684534072876,4.387804985046387,4.50381326675415,0.0,0.0,0.0,0.0,0.0,3.494124941422846,4.266862317182735,6.046677215026666,0.0015203129810700267
STR,38,239.0,0.00881783750000011,image_color_derived_proxy,10.0,0.0,0.6666666666666666,0.0,85.76299858093262,634,5369.57421875,0.0,nearest_physical_car_same_track_location_crossing_headway_le_2s,0.0,0.0,0.0,0.0,0.00672786144610802,3.383335894920985,4.7083646426647165,6.303218924615225,0.0,0.0,0.0,0.0,0.0,4.576594352722168,4.679245233535767,4.7783098220825195,0.0,0.0,0.0,0.0,0.0,3.673994110631131,4.577031669633046,6.615040300154106,0.0032617405166673885
STR,39,239.0,0.00881783750000011,image_color_derived_proxy,10.0,0.0,0.6842105263157895,0.0,85.63300323486328,637,5369.57421875,0.0,nearest_physical_car_same_track_location_crossing_headway_le_2s,0.0,0.0,0.0,0.0,0.0,3.7448541663800525,5.130574976656423,6.8499519941257185,0.0,0.0,0.0,0.0,0.0,5.054280042648315,5.201984882354736,5.279927730560303,0.0,0.0,0.0,0.0,0.0,4.073526891365095,5.012579159744352,7.333557324441641,0.005690358620241698
STR,40,239.0,0.00881783750000011,image_color_derived_proxy,10.0,0.0,0.7017543859649122,0.0,85.35799407958984,623,5369.57421875,0.0,nearest_physical_car_same_track_location_crossing_headway_le_2s,0.0,0.0,0.0,0.0,0.0,3.88891552734375,5.328490702311198,7.199852118738593,0.0,0.0,0.0,0.0,0.0,4.955435752868652,5.1707587242126465,5.366330146789551,0.0,0.0,0.0,0.0,0.0,3.9554411491714467,5.000442902259942,7.358335985715148,0.005678920678674038
STR,41,239.0,0.00881783750000011,image_color_derived_proxy,10.0,0.0,0.7192982456140351,0.0,85.75700378417969,638,5369.57421875,0.0,nearest_physical_car_same_track_location_crossing_headway_le_2s,0.0,0.0,0.0,0.0,0.0,3.9220407646589655,5.292350982090213,7.134811987349721,0.0,0.0,0.0,0.0,0.0,4.881934404373169,5.082824230194092,5.209124326705933,0.0,0.0,0.0,0.0,0.0,3.89022416353471,4.923998522000838,7.37991933561877,0.005667482737106488
STR,42,239.0,0.00881783750000011,image_color_derived_proxy,10.0,0.0,0.7368421052631579,0.0,85.87200164794922,660,5369.57421875,0.0,nearest_physical_car_same_track_location_crossing_headway_le_2s,0.0,0.0,0.0,0.0,0.007918766211641242,3.307318459787677,4.595693297678814,5.959534968886265,0.0,0.0,0.0,0.0,0.0,4.2874627113342285,4.465214967727661,4.7349629402160645,0.0,0.0,0.0,0.0,0.0,3.422853272432897,4.316002280802669,6.4334260090035835,0.0027840722497965986
STR,43,239.0,0.00881783750000011,image_color_derived_proxy,10.0,0.0,0.7543859649122807,0.0,85.60899925231934,637,5369.57421875,0.0,nearest_physical_car_same_track_location_crossing_headway_le_2s,0.0,0.0,0.002324537303249319,0.011388971751058975,0.017112710961830726,3.0132523890904017,4.263589175384824,5.576927586605674,0.0,0.0,0.0,0.0,0.0,4.006011724472046,4.161212682723999,4.517975807189941,0.0,0.0,0.0,0.0,0.0,3.215932568834867,4.115549080286411,5.891724782138825,0.003422406205822681
STR,44,239.0,0.00881783750000011,image_color_derived_proxy,10.0,0.0,0.7719298245614035,0.0,85.83299815654755,625,5369.57421875,0.0,nearest_physical_car_same_track_location_crossing_headway_le_2s,0.0,0.0,0.0,0.0,0.008330131394033668,3.338272445707588,4.562470973672269,5.999710314520475,0.0,0.0,0.0,0.0,0.0,4.29226541519165,4.38093900680542,4.488259315490723,0.0,0.0,0.0,0.0,0.0,3.4279571662571557,4.268270369848905,6.403283457529628,0.0026120027323843775
STR,45,239.0,0.00881783750000011,image_color_derived_proxy,10.0,0.0,0.7894736842105263,0.0,85.62349700927734,661,5369.57421875,0.0,nearest_physical_car_same_track_location_crossing_headway_le_2s,0.0,0.0,0.0,0.0,0.004846788821691616,3.513618297230114,4.858032636345179,6.539524119768818,0.0,0.0,0.0,0.0,0.0,4.822987794876099,4.935170888900757,5.053379058837891,0.0,0.0,0.0,0.0,0.0,3.838912167339706,4.764823292747845,7.306925895184365,0.0038639010186845013
STR,46,240.0,0.00403182610000016,image_color_derived_proxy,10.0,0.0,0.8070175438596491,0.0,85.61600494384766,642,5369.57421875,0.0,nearest_physical_car_same_track_location_crossing_headway_le_2s,0.0,0.0,0.0,0.0,0.0,4.0814269128507075,5.477322063641092,7.611641998500558,0.0,0.0,0.0,0.0,0.0,5.2012619972229,5.339275598526001,5.623341798782349,0.0,0.0,0.0,0.0,0.0,4.147346808458259,5.244806221518359,7.713835431714127,0.0056102930292685205
STR,47,240.0,0.00403182610000016,image_color_derived_proxy,10.0,0.0,0.8245614035087719,0.0,85.5,643,5369.57421875,0.0,nearest_physical_car_same_track_location_crossing_headway_le_2s,0.0,0.0,0.0,0.0,0.0,4.314284061666344,5.90820295427229,8.323922158066875,0.0,0.0,0.0,0.0,0.0,5.810539960861206,6.050345420837402,6.1625049114227295,0.0,0.0,0.0,0.0,0.0,4.6664549953678325,5.842414634035914,8.82323995562129,0.005598855087700971
STR,48,240.0,0.00403182610000016,image_color_derived_proxy,10.0,0.0,0.8421052631578947,0.0,85.56100082397461,651,5369.57421875,0.0,nearest_physical_car_same_track_location_crossing_headway_le_2s,0.0,0.0,0.0,0.0,0.0,4.99292471749442,6.603216507185751,9.411288279378278,0.0,0.0,0.0,0.0,0.0,6.3364691734313965,6.449323654174805,6.622761249542236,0.0,0.0,0.0,0.0,0.0,5.0011017316945665,6.338275476730721,9.758995072089114,0.005587417146133311
STR,49,240.0,0.00403182610000016,image_color_derived_proxy,13.0,0.0,0.8596491228070176,0.004518072289156626,89.82599830627441,665,5369.57421875,0.050475347615069915,nearest_physical_car_same_track_location_crossing_headway_le_2s,0.017812198075056993,0.020049817502791663,0.023289418194105224,0.02805411641604713,0.03457784510878965,4.980019603056067,6.988649558704283,10.665966796875,0.043116641613950006,0.04578853502665364,0.050475347615069915,0.05269071400465441,0.05469459159655208,6.770580530166626,6.97390341758728,7.110444784164429,0.043116641613950006,0.04578853502665364,0.050475347615069915,0.05269071400465441,0.05469459159655208,5.08794739052371,6.7515202050087995,10.468403401420732,0.04762957137370305
STR,50,240.0,0.00403182610000016,image_color_derived_proxy,18.0,0.0,0.8771929824561403,0.007050528789659225,113.26200103759766,852,5369.57421875,0.13585315623405028,nearest_physical_car_same_track_location_crossing_headway_le_2s,0.004882484577625899,0.006003777278426285,0.008122756008446209,0.008122756008446209,0.009994522447813566,10.369300231933595,14.431567022013546,63.434734786184215,0.09463898183433243,0.11243842569019506,0.13585315623405028,0.14831983000613588,0.15838498739380352,1.562856674194336,10.06798243522644,10.43373990058899,0.09693455475529685,0.11396586061195609,0.13904044856557993,0.1495559030369991,0.1600978323229358,1.5382823881753276,8.848575669314405,12.856441862900839,0.11593690555947472
STR,51,240.0,0.00403182610000016,image_color_derived_proxy,18.0,0.0,0.8947368421052632,0.0,83.61100196838379,633,5369.57421875,0.0,nearest_physical_car_same_track_location_crossing_headway_le_2s,0.0,0.0,0.0,0.0,0.0,7.90300711750114,9.342449237175709,13.537203808982287,0.0,0.0,0.0,0.0,0.0,9.617473840713501,10.006473064422607,10.368051052093506,0.0,0.0,0.0,0.0,0.0,7.852944890525106,9.725388093764996,13.863621595560142,0.00453333282065127
STR,52,240.0,0.00403182610000016,image_color_derived_proxy,18.0,0.0,0.9122807017543859,0.0,83.92299795150757,635,5369.57421875,0.0,nearest_physical_car_same_track_location_crossing_headway_le_2s,0.0,0.0,0.0,0.0,0.0,7.300693358844868,8.89300010944235,13.02049406027492,0.0,0.0,0.0,0.0,0.0,8.6804358959198,9.069053411483765,9.753482818603516,0.0,0.0,0.0,0.0,0.0,7.12614258673437,8.985947708075058,13.017522598897017,0.00452189487908361
STR,53,240.0,0.00403182610000016,image_color_derived_proxy,18.0,0.0,0.9298245614035088,0.0015313935681470138,85.26100158691406,654,5369.57421875,0.0,nearest_physical_car_same_track_location_crossing_headway_le_2s,0.0,0.0,0.0,0.0,0.0,6.187176263527792,7.886226265385466,11.320187535180036,0.0,0.0,0.0,0.0,0.0,7.639720678329468,8.2187020778656,9.18822193145752,0.0,0.0,0.0,0.0,0.0,6.357833965514682,7.931599163367421,12.329269541388866,0.004510456937516061
STR,54,189.0,0.24811840750000017,image_color_derived_proxy,18.0,0.0,0.9473684210526315,0.0014947683109118087,88.52500915527344,670,5369.57421875,0.2793447899923728,nearest_physical_car_same_track_location_crossing_headway_le_2s,0.0,0.0,0.0,0.0,0.0,6.180899963378907,10.153799874441964,14.023722232680724,0.14052528839151437,0.1546343018921586,0.2793447899923728,0.30148541559835046,0.32634849157340895,0.9992320537567139,3.274153709411621,8.07555079460144,0.13487716697620905,0.19404687520199257,0.2793447899923728,0.3032928558193249,0.3132335184842047,0.9754378667647976,3.209976145975864,10.253136357204935,0.22017836475470637
STR,55,235.0,0.02796188310000005,image_color_derived_proxy,17.0,0.0,0.9649122807017544,0.002967359050445104,93.0819959640503,675,5369.57421875,0.017189129407356476,nearest_physical_car_same_track_location_crossing_headway_le_2s,0.023216041523572907,0.02956531897350001,0.03437825881471295,0.05006338550380756,0.07777011935846963,2.734359361499136,4.11040869140625,11.20728501073572,0.012891826564458768,0.012891826564458768,0.017189129407356476,0.020959975973004343,0.02310866837657037,3.359215497970581,3.577709197998047,7.766369104385376,0.012891826564458768,0.016748653611943016,0.01954191275446168,0.03737560890077079,0.04854860448872826,2.816188313582008,3.892770497413131,8.036407510665383,0.01616499675635419
HAM,1,15.0,1.0,image_color_derived_proxy,14.0,0.007769329858851605,0.017543859649122806,0.10679611650485436,96.27600312232971,722,5369.57421875,0.9922306701411484,nearest_physical_car_same_track_location_crossing_headway_le_2s,0.9623166627591027,0.9638746992480947,0.9656300558559816,0.9670842089238197,0.9670842089238197,0.015234568383958605,0.13519241286401898,0.55698115316483,0.9922306701411484,0.9922306701411484,0.9922306701411484,0.9922306701411484,0.9922306701411484,0.017217159271240234,0.12088465690612793,0.7862405776977539,1.0,1.0,1.0,1.0,1.0,0.0191809364182588,0.1241417332935299,0.7979515148506776,0.9897576937469159
HAM,2,15.0,1.0,image_color_derived_proxy,14.0,0.0,0.03508771929824561,0.002962962962962963,89.54100036621094,676,5369.57421875,1.0,nearest_physical_car_same_track_location_crossing_headway_le_2s,0.9949408649980769,0.9949408649980769,0.9949408649980769,0.9949408649980769,0.9949408649980769,0.2814737926429973,0.3926335399935704,0.5197920458407428,1.0,1.0,1.0,1.0,1.0,0.4149141311645508,0.5847702026367188,0.8822357654571533,1.0,1.0,1.0,1.0,1.0,0.4149860963913296,0.5909059466337105,0.8874397683450914,0.9985184146486152
HAM,3,15.0,1.0,image_color_derived_proxy,14.0,0.0,0.05263157894736842,0.0030257186081694403,89.03000211715698,662,5369.57421875,1.0,nearest_physical_car_same_track_location_crossing_headway_le_2s,0.9941255757669295,0.9941255757669295,0.9941255757669295,0.9941255757669295,0.9941255757669295,0.28404739963489595,0.3712145891312366,0.4763260726259005,1.0,1.0,1.0,1.0,1.0,0.22658348083496094,0.3321387767791748,0.45733046531677246,1.0,1.0,1.0,1.0,1.0,0.22686730518439804,0.3288594858983151,0.4563523772712741,0.9983480388040857
HAM,4,15.0,1.0,image_color_derived_proxy,14.0,0.0,0.07017543859649122,0.0030165912518853697,89.14499950408936,664,5369.57421875,1.0,nearest_physical_car_same_track_location_crossing_headway_le_2s,0.9970385327271511,0.9970385327271511,0.9970385327271511,0.9970385327271511,0.9970385327271511,0.290553518885677,0.5025176348570707,0.6298081876793686,1.0,1.0,1.0,1.0,1.0,0.22125935554504395,0.41739439964294434,0.5100653171539307,1.0,1.0,1.0,1.0,1.0,0.22043575658712958,0.41750808252839305,0.5087007296152479,0.9989044720583936
HAM,5,15.0,1.0,image_color_derived_proxy,14.0,0.0,0.08771929824561403,0.0,88.39500045776367,670,5369.57421875,1.0,nearest_physical_car_same_track_location_crossing_headway_le_2s,0.9962554443291556,0.9962554443291556,0.9962554443291556,0.9962554443291556,0.9962554443291556,0.2748424759243767,0.44643577435694703,0.7528351720328323,1.0,1.0,1.0,1.0,1.0,0.5582773685455322,0.654395580291748,0.8391356468200684,1.0,1.0,1.0,1.0,1.0,0.5560701533860594,0.6552245377836827,0.8463080636917284,0.9987403736583578
HAM,6,14.0,1.0,image_color_derived_proxy,14.0,0.0,0.10526315789473684,0.0,88.4000015258789,653,5369.57421875,1.0,nearest_physical_car_same_track_location_crossing_headway_le_2s,0.9947398190548656,0.9947398190548656,0.9947398190548656,0.9947398190548656,0.9947398190548656,0.5191250137660814,0.6593760340666969,0.8771487192007211,1.0,1.0,1.0,1.0,1.0,0.6153314113616943,0.6947565078735352,0.8469593524932861,1.0,1.0,1.0,1.0,1.0,0.6227166701038537,0.7005051063274719,0.8421308917605833,0.9984334696495727
HAM,7,15.0,1.0,image_color_derived_proxy,13.0,0.0,0.12280701754385964,0.004830917874396135,109.3330020904541,829,5369.57421875,1.0,nearest_physical_car_same_track_location_crossing_headway_le_2s,0.9982347507156548,0.9982347507156548,0.9982347507156548,0.9982347507156548,0.9982347507156548,0.6486495639798181,0.9290819512038936,1.1907114220945627,1.0,1.0,1.0,1.0,1.0,0.6021621227264404,0.9144549369812012,1.101252794265747,1.0,1.0,1.0,1.0,1.0,0.5958330418026323,0.9176225095951998,1.1138687918522492,0.9992308282337167
HAM,8,20.0,1.0,image_color_derived_proxy,15.0,0.0,0.14035087719298245,0.015952143569292122,137.95700454711914,1004,5369.57421875,0.902433397509349,nearest_physical_car_same_track_location_crossing_headway_le_2s,0.8483295503004443,0.8670890480203279,0.9131323546366514,0.9218887107485301,0.9233384364070545,0.5720885852809885,1.0270000345566694,1.7726874732971192,0.8459882565827285,0.8767224543691219,0.902433397509349,0.9046079894535544,0.9061954395681014,0.5782506465911865,0.9910006523132324,1.7726359367370605,0.8427118793595981,0.8820719811066076,0.9123784954795989,0.9241213424420195,0.9345448605944803,0.5829405097579331,0.9834498448220257,1.790339744399373,0.9168594433592241
HAM,9,15.0,1.0,image_color_derived_proxy,14.0,0.0,0.15789473684210525,0.003777148253068933,141.56299263238907,1060,5369.57421875,0.9945324698564545,nearest_physical_car_same_track_location_crossing_headway_le_2s,0.9850949660842699,0.9896582780186787,0.9945960453966848,0.9945960453966848,0.9945960453966848,0.10490476063319615,0.4138666534423828,0.8064353961681182,0.9945324698564545,0.9945324698564545,0.9945324698564545,0.9945324698564545,0.9945324698564545,0.32967162132263184,0.5089945793151855,0.8024179935455322,0.9861051272466476,0.9945324698564545,0.9945324698564545,0.9945324698564545,0.9945324698564545,0.3305468697242147,0.5048448297600856,0.8077724016826985,0.9945680322720533
HAM,10,20.0,1.0,image_color_derived_proxy,14.0,0.0,0.17543859649122806,0.008064516129032258,130.0300064086914,993,5369.57421875,0.9931246267960071,nearest_physical_car_same_track_location_crossing_headway_le_2s,0.9435438173996803,0.9666077288163297,0.9753903332109147,0.9815427240663673,0.9871183484483457,0.19434426104436156,0.5288885269464864,1.2282098088945663,0.9150965133322534,0.9728832333047376,0.9931246267960071,1.0,1.0,0.4263570308685303,0.8065049648284912,1.2615137100219727,0.9220564359246772,0.9473967853512816,0.9923017811170647,1.0,1.0,0.4193577487942855,0.8004174569089357,1.3765353064564467,0.9921793342661775
HAM,11,15.0,1.0,image_color_derived_proxy,14.0,0.0,0.19298245614035087,0.0121765601217656,89.13199710845947,658,5369.57421875,1.0,nearest_physical_car_same_track_location_crossing_headway_le_2s,0.9956020284245286,0.9956020284245286,0.9956020284245286,0.9956020284245286,0.9956020284245286,0.06712326213876449,0.4193167328295125,0.5732961801382211,1.0,1.0,1.0,1.0,1.0,0.05023002624511719,0.2734403610229492,0.4817819595336914,1.0,1.0,1.0,1.0,1.0,0.05078801202769086,0.2720844304544415,0.49150498602183523,0.9985443647684356
HAM,12,15.0,1.0,image_color_derived_proxy,14.0,0.0,0.21052631578947367,0.0061068702290076335,88.27700138092041,656,5369.57421875,1.0,nearest_physical_car_same_track_location_crossing_headway_le_2s,0.9974285488344452,0.9974285488344452,0.9974285488344452,0.9974285488344452,0.9974285488344452,0.49772673318552424,0.7893237067098086,0.95992822265625,1.0,1.0,1.0,1.0,1.0,0.4247870445251465,0.7125985622406006,0.8227667808532715,1.0,1.0,1.0,1.0,1.0,0.422312532823976,0.7003029457462098,0.8243434555676047,0.9988890008587312
HAM,13,15.0,1.0,image_color_derived_proxy,14.0,0.0,0.22807017543859648,0.0,88.30699920654297,673,5369.57421875,1.0,nearest_physical_car_same_track_location_crossing_headway_le_2s,0.9946097136665926,0.9946097136665926,0.9946097136665926,0.9946097136665926,0.9946097136665926,0.40580086883408073,0.5838730967248215,0.7262392570636024,1.0,1.0,1.0,1.0,1.0,0.426192045211792,0.6126012802124023,0.7164902687072754,1.0,1.0,1.0,1.0,1.0,0.4249369059742428,0.6166418377744837,0.7153184220070218,0.9983280404492372
HAM,14,15.0,1.0,image_color_derived_proxy,14.0,0.0,0.24561403508771928,0.0,87.87499809265137,669,5369.57421875,1.0,nearest_physical_car_same_track_location_crossing_headway_le_2s,0.993456614502878,0.993456614502878,0.993456614502878,0.993456614502878,0.993456614502878,0.6011195902471637,0.6983419159919985,0.8645734524839862,1.0,1.0,1.0,1.0,1.0,0.679462194442749,0.8656706809997559,1.07835054397583,1.0,1.0,1.0,1.0,1.0,0.673876511165471,0.8743550142464824,1.0749039348637548,0.99809180969061
HAM,15,20.0,1.0,image_color_derived_proxy,14.0,0.0,0.2631578947368421,0.0,87.95800018310547,648,5369.57421875,1.0,nearest_physical_car_same_track_location_crossing_headway_le_2s,0.9927806454314405,0.9927806454314405,0.9927806454314405,0.9927806454314405,0.9927806454314405,0.5815939594928484,0.6831173900716505,0.7913031706779245,1.0,1.0,1.0,1.0,1.0,0.7248432636260986,0.7769832611083984,0.857081413269043,1.0,1.0,1.0,1.0,1.0,0.7207645864475799,0.7726143918510074,0.8775084141787455,0.9979485938442489
HAM,16,14.0,1.0,image_color_derived_proxy,14.0,0.0,0.2807017543859649,0.0,87.78200340270996,656,5369.57421875,1.0,nearest_physical_car_same_track_location_crossing_headway_le_2s,0.9948394888302821,0.9948394888302821,0.9948394888302821,0.9948394888302821,0.9948394888302821,0.2907499897864557,0.502449926401912,0.7021692598783054,1.0,1.0,1.0,1.0,1.0,0.271559476852417,0.5397109985351562,0.6857113838195801,1.0,1.0,1.0,1.0,1.0,0.2709590619811096,0.533773656869532,0.7110710456910924,0.9983385205225455
HAM,17,15.0,1.0,image_color_derived_proxy,14.0,0.0,0.2982456140350877,0.0,87.83099937438965,656,5369.57421875,1.0,nearest_physical_car_same_track_location_crossing_headway_le_2s,0.9967209756275845,0.9967209756275845,0.9967209756275845,0.9967209756275845,0.9967209756275845,0.6534792702578934,0.8113408463724543,0.9671675661727231,1.0,1.0,1.0,1.0,1.0,0.6104459762573242,0.7096869945526123,0.8040695190429688,1.0,1.0,1.0,1.0,1.0,0.6144483994208101,0.7113695294597213,0.7927442492417496,0.9986938721258282
HAM,18,15.0,1.0,image_color_derived_proxy,14.0,0.0,0.3157894736842105,0.00303951367781155,87.9010009765625,659,5369.57421875,1.0,nearest_physical_car_same_track_location_crossing_headway_le_2s,0.9968942332979787,0.9968942332979787,0.9968942332979787,0.9968942332979787,0.9968942332979787,0.5305797576251385,0.874538622531837,1.1898018448145256,1.0,1.0,1.0,1.0,1.0,0.422954797744751,0.7115411758422852,0.9439268112182617,1.0,1.0,1.0,1.0,1.0,0.4204461601066672,0.7054778420089688,0.9514452898961209,0.9987162101863865
HAM,19,15.0,1.0,image_color_derived_proxy,14.0,0.0,0.3333333333333333,0.0,87.67500257492065,675,5369.57421875,1.0,nearest_physical_car_same_track_location_crossing_headway_le_2s,0.9964756204575823,0.9964756204575823,0.9964756204575823,0.9964756204575823,0.9964756204575823,0.679136140352322,0.8349201426786536,0.9364186072617346,1.0,1.0,1.0,1.0,1.0,0.8341846466064453,0.9292318820953369,1.020512342453003,1.0,1.0,1.0,1.0,1.0,0.8222126393650433,0.9347694930876677,1.0286326833016521,0.9986231650746716
HAM,20,15.0,1.0,image_color_derived_proxy,14.0,0.0,0.3508771929824561,0.0,87.80600166320801,667,5369.57421875,1.0,nearest_physical_car_same_track_location_crossing_headway_le_2s,0.9931895317101429,0.9931895317101429,0.9931895317101429,0.9931895317101429,0.9931895317101429,0.559159811171442,0.7670171941849424,0.9048924946241348,1.0,1.0,1.0,1.0,1.0,0.6713182926177979,0.794064998626709,0.8924815654754639,1.0,1.0,1.0,1.0,1.0,0.6669273515567287,0.792206539280203,0.9218942882504605,0.9979711151459569
HAM,21,15.0,1.0,image_color_derived_proxy,14.0,0.0,0.3684210526315789,0.0075528700906344415,87.69599723815918,663,5369.57421875,0.9990535465047502,nearest_physical_car_same_track_location_crossing_headway_le_2s,0.9981527092959912,0.9981527092959912,0.9981527092959912,0.9981527092959912,0.9981527092959912,0.706210946787062,0.8673487110070062,1.055320291307438,0.5691593878710449,0.9511836965185863,0.9990535465047502,1.0,1.0,0.2543182373046875,1.2535908222198486,1.6523096561431885,0.5641648208003317,0.935937826209293,0.9819946770581965,1.0,1.0,0.25555449797667057,1.2947982151635573,1.6784778592231073,1.0
HAM,22,20.0,1.0,image_color_derived_proxy,14.0,0.0,0.38596491228070173,0.0,87.93500518798828,652,5369.57421875,1.0,nearest_physical_car_same_track_location_crossing_headway_le_2s,0.9878660377719861,0.9878660377719861,0.9878660377719861,0.9878660377719861,0.9878660377719861,0.7570782233349929,0.9276476637220354,1.1347354632322029,1.0,1.0,1.0,1.0,1.0,0.7709896564483643,0.8709201812744141,1.0279972553253174,1.0,1.0,1.0,1.0,1.0,0.7718879841381262,0.8679104040476008,1.024213064338212,0.9969104419626288
HAM,23,23.0,1.0,image_color_derived_proxy,14.0,0.0,0.40350877192982454,0.0,87.87100219726562,674,5369.57421875,1.0,nearest_physical_car_same_track_location_crossing_headway_le_2s,0.9661435590399393,0.9961875931767274,0.9961875931767274,0.9961875931767274,0.9961875931767274,0.7485796565503146,1.06777593894083,1.3826620649991825,1.0,1.0,1.0,1.0,1.0,0.8896262645721436,1.2196063995361328,1.3741767406463623,0.9972687044364419,1.0,1.0,1.0,1.0,0.8605276394988103,1.1981694293971066,1.3684808133063604,0.997932197258149
HAM,24,32.0,0.9995221973000001,image_color_derived_proxy,14.0,0.0,0.42105263157894735,0.0,87.82999801635742,648,5369.57421875,1.0,nearest_physical_car_same_track_location_crossing_headway_le_2s,0.9958670156702495,0.9958670156702495,0.9958670156702495,0.9958670156702495,0.9958670156702495,0.7159525543613866,1.0111565886121099,1.1832256302511972,1.0,1.0,1.0,1.0,1.0,1.0827593803405762,1.2616961002349854,1.4051086902618408,0.940908631114336,1.0,1.0,1.0,1.0,1.0343504362535114,1.2642576002377335,1.4563950941169848,0.996894241822225
HAM,25,23.0,1.0,image_color_derived_proxy,14.0,0.0,0.43859649122807015,0.0,87.77400207519531,652,5369.57421875,1.0,nearest_physical_car_same_track_location_crossing_headway_le_2s,0.5951990561488534,0.8843165431198463,0.9884362109360129,0.9925490467700891,0.9925490467700891,1.1637842963723575,1.4433398345062416,1.7584104854819829,0.604712077153765,0.9407682798546753,1.0,1.0,1.0,1.338571310043335,1.465301752090454,1.6354570388793945,0.607434884952377,0.9562626241730129,1.0,1.0,1.0,1.291085365128094,1.4631185347607962,1.6809739895536902,1.0
HAM,26,36.0,0.9803781517,image_color_derived_proxy,14.0,0.0,0.45614035087719296,0.0,87.49599933624268,637,5369.57421875,1.0,nearest_physical_car_same_track_location_crossing_headway_le_2s,0.35615334171042823,0.7883217294927893,0.9698271879474469,0.9942854530059309,0.9942854530059309,1.2677832993380542,1.588341022359914,1.848918767687647,0.5782550242813858,1.0,1.0,1.0,1.0,1.3887441158294678,1.4805960655212402,1.622734546661377,0.5563797979436861,0.8987153910071811,0.9892566618968054,1.0,1.0,1.3188285443851682,1.4647252801984187,1.750042553729783,1.0
HAM,27,32.0,0.9995221973000001,image_color_derived_proxy,14.0,0.0,0.47368421052631576,0.0,87.30000305175781,631,5369.57421875,1.0,nearest_physical_car_same_track_location_crossing_headway_le_2s,0.821924492199578,0.9967239403968648,0.9967239403968648,0.9967239403968648,0.9967239403968648,1.0504421013445893,1.296003580436432,1.5609966999775655,0.8711683705064572,1.0,1.0,1.0,1.0,1.1990091800689697,1.3806707859039307,1.5314984321594238,0.7473196399834793,0.9869301178946787,1.0,1.0,1.0,1.208987961889262,1.337240612236295,1.5861355765020986,1.0
HAM,28,23.0,1.0,image_color_derived_proxy,14.0,0.0,0.49122807017543857,0.0,87.58799743652344,658,5369.57421875,1.0,nearest_physical_car_same_track_location_crossing_headway_le_2s,0.9378453514505762,0.9935379275550694,0.9935379275550694,0.9935379275550694,0.9935379275550694,1.0248790866726047,1.249149166964015,1.4611426075085057,1.0,1.0,1.0,1.0,1.0,1.21043062210083,1.263939619064331,1.357654094696045,0.9479495653175247,1.0,1.0,1.0,1.0,1.154416589686283,1.2499158482169945,1.4412642980314332,0.9956206168174802
HAM,29,33.0,0.9947361859,image_color_derived_proxy,14.0,0.0,0.5087719298245614,0.0,87.4209976196289,637,5369.57421875,1.0,nearest_physical_car_same_track_location_crossing_headway_le_2s,0.8460667458313497,0.9730385120701369,0.9940860887701167,0.9940860887701167,0.9940860887701167,1.0746562549046108,1.3279208942995233,1.5948465688796956,1.0,1.0,1.0,1.0,1.0,0.9785430431365967,1.2080655097961426,1.321235179901123,1.0,1.0,1.0,1.0,1.0,0.959966906857811,1.1964969084498647,1.3362634923539765,0.999545123708076
HAM,30,29.0,1.0,image_color_derived_proxy,14.0,0.0,0.5263157894736842,0.0,87.3280029296875,635,5369.57421875,1.0,nearest_physical_car_same_track_location_crossing_headway_le_2s,0.9963814583645298,0.9963814583645298,0.9963814583645298,0.9963814583645298,0.9963814583645298,0.8992669768252616,1.056974322979267,1.2301271768236446,1.0,1.0,1.0,1.0,1.0,0.9620885848999023,1.0680572986602783,1.1442580223083496,1.0,1.0,1.0,1.0,1.0,0.9440778797176977,1.0553718188303818,1.1787429015648394,0.9984789911329959
HAM,31,29.0,1.0,image_color_derived_proxy,14.0,0.0,0.543859649122807,0.0,87.23699951171875,632,5369.57421875,1.0,nearest_physical_car_same_track_location_crossing_headway_le_2s,0.9935004645386681,0.9935004645386681,0.9935004645386681,0.9935004645386681,0.9935004645386681,0.762967641996336,0.9507954666881258,1.110267723263718,1.0,1.0,1.0,1.0,1.0,0.5263473987579346,0.6469113826751709,0.743715763092041,1.0,1.0,1.0,1.0,1.0,0.5142078996281448,0.6577157682149385,0.7335756295808772,0.9979059131014638
HAM,32,25.0,1.0,image_color_derived_proxy,14.0,0.0,0.5614035087719298,0.0,91.7969970703125,683,5369.57421875,1.0,nearest_physical_car_same_track_location_crossing_headway_le_2s,0.9228733266987428,0.9903373327306496,0.9970696209855855,0.9970696209855855,0.9970696209855855,0.6975359547759582,0.9962390593662094,1.2882747535541845,1.0,1.0,1.0,1.0,1.0,0.6941938400268555,0.9518885612487793,1.2010343074798584,0.9790843030793842,0.9895639267766931,1.0,1.0,1.0,0.6975084674127467,0.9410569049833962,1.2087861410160745,0.998851573041323
HAM,33,29.0,1.0,image_color_derived_proxy,15.0,0.0,0.5789473684210527,0.012254901960784314,107.83300018310547,817,5369.57421875,0.9289735039801861,nearest_physical_car_same_track_location_crossing_headway_le_2s,0.8837832622914524,0.9027292093617807,0.9116318625208161,0.916092471976658,0.9242625130630201,0.43808751583099365,0.8465294510659662,1.6894705716301415,0.8942809597423553,0.9274989980640145,0.9289735039801861,0.9289735039801861,0.9289735039801861,0.37163305282592773,0.6466689109802246,1.6002655029296875,0.8903767612723945,0.906716852289112,0.9147014215728483,0.9226210715247688,0.9293166177499509,0.3715930346723722,0.6409423695389379,1.68284531876858,0.9179859534238961
HAM,34,15.0,1.0,image_color_derived_proxy,15.0,0.0,0.5964912280701754,0.0,85.49099731445312,646,5369.57421875,1.0,nearest_physical_car_same_track_location_crossing_headway_le_2s,0.9967949842949554,0.9967949842949554,0.9967949842949554,0.9967949842949554,0.9967949842949554,0.6090244874539005,0.8448932570619352,1.023569592512441,1.0,1.0,1.0,1.0,1.0,0.570542573928833,0.7491495609283447,0.8170275688171387,1.0,1.0,1.0,1.0,1.0,0.5729291072540617,0.7413286816213698,0.8015508437515328,0.9983863835482267
HAM,35,23.0,1.0,image_color_derived_proxy,14.0,0.0,0.6140350877192983,0.003115264797507788,85.96400451660156,643,5369.57421875,0.9920897129982283,nearest_physical_car_same_track_location_crossing_headway_le_2s,0.9954981157905268,0.9954981157905268,0.9954981157905268,0.9954981157905268,0.9954981157905268,0.5698781674800296,0.8379823592265797,1.091769881797048,0.9920897129982283,0.9920897129982283,0.9920897129982283,0.9920897129982283,0.9920897129982283,0.676588773727417,0.964604377746582,1.2240188121795654,0.9920897129982283,0.9920897129982283,0.9920897129982283,0.9920897129982283,0.9920897129982283,0.6713582039703396,0.9339788471591538,1.209729843452621,0.9919296385364811
HAM,36,38.0,0.9708061289000001,image_color_derived_proxy,14.0,0.0,0.631578947368421,0.0,86.3270034790039,656,5369.57421875,1.0,nearest_physical_car_same_track_location_crossing_headway_le_2s,0.9517069056702606,0.9958298099111864,0.9958298099111864,0.9958298099111864,0.9958298099111864,1.0371140000733687,1.2611420039998336,1.4347561679367737,1.0,1.0,1.0,1.0,1.0,0.9099826812744141,1.0471796989440918,1.1281602382659912,1.0,1.0,1.0,1.0,1.0,0.8909679431742432,1.0320134522644464,1.1590762392823932,0.9975431400955865
HAM,37,33.0,0.9947361859,image_color_derived_proxy,14.0,0.0,0.6491228070175439,0.0,86.20999526977539,639,5369.57421875,0.9554111379697003,nearest_physical_car_same_track_location_crossing_headway_le_2s,0.36310176990253473,0.7320495550084708,0.9285930258114772,0.9877740680969186,0.9972508987766971,1.2725258365326277,1.6293280214795527,1.942267116719951,0.3154622507564681,0.5664191663569612,0.9554111379697003,1.0,1.0,1.3362932205200195,1.7241718769073486,1.9166693687438965,0.3526969570431258,0.6752348167319066,0.9283029799906927,1.0,1.0,1.3158010661487036,1.7013689352809944,1.8784927193477896,0.9465070951818808
HAM,38,38.0,0.9708061289000001,image_color_derived_proxy,14.0,0.0,0.6666666666666666,0.0,86.24100494384766,639,5369.57421875,0.3300518207137948,nearest_physical_car_same_track_location_crossing_headway_le_2s,0.23433171733090902,0.5445902604679355,0.8793960214783443,0.9829779114671896,0.9906656931041481,1.3212716170183316,1.722613703477288,2.011516887485363,0.059890303518796054,0.19249543581921835,0.3300518207137948,0.433482876216374,0.7443326706347195,1.5929651260375977,2.3046255111694336,2.6795313358306885,0.08025184228179934,0.1582541883552061,0.339560066229167,0.47293047344070094,0.7569369487961595,1.559080856224046,2.25859266004145,2.7439355866990978,0.4694547988830705
HAM,39,48.0,0.9229460149000001,image_color_derived_proxy,14.0,0.0,0.6842105263157895,0.0,85.97900199890137,640,5369.57421875,1.0,nearest_physical_car_same_track_location_crossing_headway_le_2s,0.2822782904979815,0.716709923124173,0.914048792609677,0.9862757194185274,0.9862757194185274,1.2676214147497107,1.6052807499812198,1.958627267522239,0.17256535534519363,0.9467427828433086,1.0,1.0,1.0,1.4798340797424316,1.5649750232696533,1.691577672958374,0.28347617058780583,0.8201072839490534,0.9738075599543446,1.0,1.0,1.3951178638788444,1.5557342477093412,1.841333432729057,1.0
HAM,40,41.0,0.9564480947000001,image_color_derived_proxy,14.0,0.0,0.7017543859649122,0.0,85.97199630737305,629,5369.57421875,1.0,nearest_physical_car_same_track_location_crossing_headway_le_2s,0.35052117862134796,0.7519540350468782,0.9303377520234132,0.9948238960131105,0.9948238960131105,1.281949730441995,1.5798581706943797,1.9058578973067435,0.8710394149756027,1.0,1.0,1.0,1.0,1.156510353088379,1.3465750217437744,1.5089921951293945,0.8425650050896206,0.9830177255285887,1.0,1.0,1.0,1.1189253438388356,1.3139206010159326,1.5551971283798272,1.0
HAM,41,39.0,0.9660201175,image_color_derived_proxy,14.0,0.0,0.7192982456140351,0.0,85.94000244140625,636,5369.57421875,1.0,nearest_physical_car_same_track_location_crossing_headway_le_2s,0.562741503878993,0.9195135745253734,0.991005367022893,0.9957179428640794,0.9957179428640794,1.1833567250314072,1.4608770824467447,1.7185632490522724,0.20414242642792363,0.8827670412296232,1.0,1.0,1.0,1.4374570846557617,1.576366901397705,1.7531306743621826,0.26667443566096444,0.8439608370335097,0.966034458513637,1.0,1.0,1.411893583734835,1.5852308453006265,1.8850056791000587,1.0
HAM,42,36.0,0.9803781517,image_color_derived_proxy,14.0,0.0,0.7368421052631579,0.0,85.677001953125,660,5369.57421875,1.0,nearest_physical_car_same_track_location_crossing_headway_le_2s,0.2898794238768511,0.7339658841128506,0.917667527304001,0.9935455260957932,0.9935455260957932,1.3023143243205566,1.601946844592066,1.9365515691583806,0.09710893387680126,0.9598025121604409,1.0,1.0,1.0,1.5014219284057617,1.5620076656341553,1.7287724018096924,0.3561748754837106,0.8361170715368034,0.9647396413631661,1.0,1.0,1.4362165345563642,1.5565494853034454,1.8129815722289533,1.0
HAM,43,28.0,1.0,image_color_derived_proxy,14.0,0.0,0.7543859649122807,0.0,86.12000274658203,643,5369.57421875,1.0,nearest_physical_car_same_track_location_crossing_headway_le_2s,0.249175546738744,0.48229209007741547,0.8600673796989499,0.9750928790801026,0.996272642829335,1.357434601379839,1.7604047502790179,2.0455000035903033,0.09244077695972536,0.45096373371146026,1.0,1.0,1.0,1.531710147857666,1.7649750709533691,1.869447946548462,0.12085460090480789,0.5449720878627694,0.905353009646329,0.972538322158704,1.0,1.4697740142224989,1.7382060650637663,1.9734263496833078,0.9474907927781042
HAM,44,167.0,0.35341065830000007,image_color_derived_proxy,14.0,0.0,0.7719298245614035,0.0,85.97999954223633,626,5369.57421875,0.4616771109422493,nearest_physical_car_same_track_location_crossing_headway_le_2s,0.03394972993868755,0.14127703447083453,0.3056873401918911,0.5803326117219818,0.835647787664135,1.6760124722304826,2.19271240234375,2.6505725016673103,0.0,0.0,0.4616771109422493,0.9446383072007934,1.0,1.8136441707611084,2.0099923610687256,2.2109029293060303,0.013503132173493214,0.12437769922110163,0.5248313311940327,0.8387648180558434,0.9399744648653646,1.707274821072959,1.9854471998205037,2.384448161395267,0.37015066300519794
HAM,45,223.0,0.08539401990000016,image_color_derived_proxy,14.0,0.0,0.7894736842105263,0.0,85.65399551391602,658,5369.57421875,0.0,nearest_physical_car_same_track_location_crossing_headway_le_2s,0.04972327811194966,0.16236250973726757,0.3082869018224673,0.6740842104296841,0.8643028877147136,1.599109411239624,2.11641149356789,2.5736090581431257,0.0,0.0,0.0,0.7283372378898587,1.0,2.0642549991607666,2.202770233154297,2.329200029373169,0.0,0.027774510557979335,0.21249451259238963,0.6107711915921492,0.8381978994891751,1.9100780960085437,2.1587763659825763,2.6310763605501704,0.12360206410593688
HAM,46,240.0,0.00403182610000016,image_color_derived_proxy,14.0,0.0,0.8070175438596491,0.0,85.81100273132324,642,5369.57421875,0.0,nearest_physical_car_same_track_location_crossing_headway_le_2s,0.022840922025693936,0.07411633232590968,0.17257697593263557,0.3799394672692597,0.6811364151292344,1.8170706943843904,2.3415348619851364,2.9961726670482123,0.0,0.0,0.0,0.18792461266505148,0.6909370702556024,2.1710875034332275,2.397853136062622,2.7148783206939697,0.0,0.0,0.07663348742719414,0.29232843603974146,0.6321333555191625,2.092163254410002,2.388236390887645,2.985606000133571,0.0
HAM,47,237.0,0.01838986030000015,image_color_derived_proxy,14.0,0.0,0.8245614035087719,0.0,86.12400817871094,651,5369.57421875,0.0,nearest_physical_car_same_track_location_crossing_headway_le_2s,0.03049092740488815,0.0763898547240249,0.17430679231667495,0.32219817114330884,0.46218227524408584,1.8139631771073572,2.5533271365148944,3.215581550296567,0.0,0.0,0.0,0.33364678805213754,0.5101364705115301,2.138667345046997,2.487001419067383,2.705448865890503,0.0,0.009358595505528396,0.10359479506745216,0.36829451547183734,0.4983627894840441,1.9919954030466944,2.5035674620112136,3.051784252973678,0.06578620302281063
HAM,48,240.0,0.00403182610000016,image_color_derived_proxy,14.0,0.0,0.8421052631578947,0.0,85.7360029220581,649,5369.57421875,0.0,nearest_physical_car_same_track_location_crossing_headway_le_2s,0.0,0.009412628142056489,0.028459451073331286,0.07614074037119727,0.14849067106974623,2.337767309072066,3.1978257735841513,4.109935297663224,0.0,0.0,0.0,0.029847415562823946,0.0923065851033554,2.5317866802215576,2.7477712631225586,2.9028491973876953,0.0,0.018895244604005653,0.03924836415372225,0.11696365262500971,0.30669744951416683,2.1970861556398815,2.7464580027800602,3.48509863197985,0.0
HAM,49,240.0,0.00403182610000016,image_color_derived_proxy,14.0,0.0,0.8596491228070176,0.0015748031496062992,85.60100173950195,636,5369.57421875,0.0,nearest_physical_car_same_track_location_crossing_headway_le_2s,0.017184430744870194,0.01960263530107168,0.040011244089683734,0.059847465588914406,0.1122767074592368,2.44941363099326,3.3891531417273337,4.5774527459395555,0.0,0.0,0.0,0.0,0.0,3.223663330078125,3.3897953033447266,3.535808563232422,0.0,0.0,0.0,0.006471896861418795,0.026880511220493206,2.776557829407905,3.3223281011281043,4.76394406812643,0.0
HAM,50,240.0,0.00403182610000016,image_color_derived_proxy,13.0,0.0,0.8771929824561403,0.0015600624024961,85.3499995470047,642,5369.57421875,0.008435852054211905,nearest_physical_car_same_track_location_crossing_headway_le_2s,0.0071939077407164945,0.017035759696133437,0.025787953539897802,0.05483309666506473,0.11224377124091141,2.4335332892922796,3.5329252565061893,4.483203920016507,0.006561217876411739,0.00803749189860438,0.008435852054211905,0.008435852054211905,0.010626830116631143,3.3454184532165527,3.5950887203216553,3.7808897495269775,0.006561217876411739,0.00803749189860438,0.008435852054211905,0.02210896070199615,0.04030459396890465,2.8643887053860135,3.531171551974969,4.8892511765573365,0.0
HAM,51,240.0,0.00403182610000016,image_color_derived_proxy,13.0,0.0,0.8947368421052632,0.0,85.45100021362305,650,5369.57421875,0.0,nearest_physical_car_same_track_location_crossing_headway_le_2s,0.0,0.0,0.003896972326514443,0.012720739259587758,0.034159951888503036,2.89945226552673,4.061137651645515,5.556255389274435,0.0,0.0,0.0,0.0,0.0,3.663330078125,4.071491718292236,4.220489025115967,0.0,0.0,0.0,0.0,0.016758132765714216,3.194076563066275,3.9197912533345,5.4116222101685825,0.0
HAM,52,240.0,0.00403182610000016,image_color_derived_proxy,13.0,0.0,0.9122807017543859,0.0,84.97900009155273,640,5369.57421875,0.0,nearest_physical_car_same_track_location_crossing_headway_le_2s,0.0,0.0,0.0,0.0,0.012226544868446834,3.2943600846193393,4.441656990568398,6.02422998046875,0.0,0.0,0.0,0.0,0.0,4.154160737991333,4.315895080566406,4.546008586883545,0.0,0.0,0.0,0.0,0.0,3.5298625655772704,4.200006071741013,6.117085181139874,0.0007249367706961829
HAM,53,240.0,0.00403182610000016,image_color_derived_proxy,13.0,0.0,0.9298245614035088,0.0,85.8689956665039,658,5369.57421875,0.0,nearest_physical_car_same_track_location_crossing_headway_le_2s,0.0,0.0,0.0,0.001537225030499721,0.0111798103264312,3.425360950744093,4.818647750907683,6.782853560014204,0.0,0.0,0.0,0.0,0.0,4.19326376914978,4.59468674659729,5.056010723114014,0.0,0.0,0.0,0.0,0.0,3.579713336605846,4.663367972825524,6.472248232146119,0.001479901866753175
HAM,54,239.0,0.00881783750000011,image_color_derived_proxy,13.0,0.0,0.9473684210526315,0.0,85.20600128173828,648,5369.57421875,0.0,nearest_physical_car_same_track_location_crossing_headway_le_2s,0.0,0.0,0.0,0.0,0.0,4.141934204101562,5.608364386307565,8.06511026534621,0.0,0.0,0.0,0.0,0.0,5.364370346069336,5.922343015670776,6.15582013130188,0.0,0.0,0.0,0.0,0.0,4.473581645360448,5.846007570493069,8.32785992163621,0.005136375558935535
HAM,55,238.0,0.013603848900000059,image_color_derived_proxy,12.0,0.0,0.9649122807017544,0.003189792663476874,86.33500289916992,628,5369.57421875,0.02665197904066166,nearest_physical_car_same_track_location_crossing_headway_le_2s,0.04669019626591366,0.05363989532967692,0.05790236151558026,0.06336943867108297,0.06800252719543033,3.647018780062709,6.525461760390229,8.935630399957667,0.020628968377492903,0.024798734793957087,0.02665197904066166,0.029663528557074183,0.03151677280377876,5.722087383270264,5.994133949279785,7.03033971786499,0.018903108990317913,0.020628968377492903,0.024798734793957087,0.02665197904066166,0.03151677280377876,4.4939075928789105,6.464476123053842,9.357823705109123,0.03518503996693506
HAM,56,240.0,0.00403182610000016,image_color_derived_proxy,12.0,0.0,0.9824561403508771,0.0,86.3650016784668,630,5369.57421875,0.0,nearest_physical_car_same_track_location_crossing_headway_le_2s,0.0,0.0,0.0,0.0,0.0,6.270403856995632,8.380677745106457,12.668828254346026,0.0,0.0,0.0,0.0,0.0,7.4277215003967285,8.28873586654663,9.16965103149414,0.0,0.0,0.0,0.0,0.0,6.375148849142745,8.374286928531314,11.844210187427903,0.0052409709883978195
HAM,57,240.0,0.00403182610000016,image_color_derived_proxy,12.0,0.0,1.0,0.001607717041800643,86.01400375366211,623,5369.57421875,0.0,nearest_physical_car_same_track_location_crossing_headway_le_2s,0.0,0.0,0.0,0.0,0.0,7.326055589109426,10.00818057817187,14.073062292080238,0.0,0.0,0.0,0.0,0.0,9.199992656707764,9.700016498565674,79.48485565185547,0.0,0.0,0.0,0.0,0.0,7.481059512441881,10.078478453604232,66.63657888921408,0.005229533046830159
GAS,1,15.0,1.0,image_color_derived_proxy,9.0,0.010193343544912444,0.017543859649122806,0.0950354609929078,94.08100366592407,706,5369.57421875,0.9898066564550876,nearest_physical_car_same_track_location_crossing_headway_le_2s,0.9898066564550876,0.9898066564550876,0.9898066564550876,0.9920494042728827,0.9920494042728827,0.013137840435260327,0.09566315399973016,0.2898168711402166,0.9898066564550876,0.9898066564550876,0.9898066564550876,0.9898066564550876,0.9898066564550876,0.01815342903137207,0.14105606079101562,0.6212842464447021,1.0,1.0,1.0,1.0,1.0,0.01900283537217073,0.14569194345519176,0.6429113870223598,0.9937484957976215
GAS,2,23.0,1.0,image_color_derived_proxy,9.0,0.0,0.03508771929824561,0.0029717682020802376,89.4219970703125,674,5369.57421875,1.0,nearest_physical_car_same_track_location_crossing_headway_le_2s,0.9954373643428048,0.9954373643428048,0.9954373643428048,0.9954373643428048,0.9954373643428048,0.035076963266677405,0.42014465332031253,0.5645488392223011,1.0,1.0,1.0,1.0,1.0,0.24416303634643555,0.45137476921081543,0.9814114570617676,1.0,1.0,1.0,1.0,1.0,0.2433643098058961,0.45179809481537414,0.9621159847535082,0.9992525620947126
GAS,3,31.0,1.0,image_color_derived_proxy,9.0,0.0,0.05263157894736842,0.0,88.51900053024292,659,5369.57421875,1.0,nearest_physical_car_same_track_location_crossing_headway_le_2s,0.9762085562649878,0.9959669676432654,0.9959669676432654,0.9959669676432654,0.9959669676432654,0.9040972797967605,1.2488097856596225,1.436737860522224,0.9454015504676394,1.0,1.0,1.0,1.0,1.1905012130737305,1.363403558731079,1.4860758781433105,0.8420112597865912,0.9774285839275653,1.0,1.0,1.0,1.1441297581477565,1.368514657565792,1.5564394976197902,1.0
GAS,4,27.0,1.0,image_color_derived_proxy,9.0,0.0,0.07017543859649122,0.0,88.4640007019043,659,5369.57421875,1.0,nearest_physical_car_same_track_location_crossing_headway_le_2s,0.8812849992671508,0.9940088627330376,0.9940088627330376,0.9940088627330376,0.9940088627330376,0.9786022460263079,1.256986548223209,1.5106148713518683,0.42048740450050964,0.8520753951209011,1.0,1.0,1.0,1.3060939311981201,1.529151439666748,1.8370909690856934,0.4472101587529652,0.8167276095137507,0.9565699151805106,0.990493355693825,1.0,1.283390730872893,1.520545262638263,1.8357442137395596,0.9933656662251137
GAS,5,38.0,0.9708061289000001,image_color_derived_proxy,9.0,0.0,0.08771929824561403,0.0,88.21799850463867,667,5369.57421875,1.0,nearest_physical_car_same_track_location_crossing_headway_le_2s,0.475764631298031,0.8415969701710888,0.9824979043174644,0.994150853776249,0.994150853776249,1.1595975550209605,1.5199667527355563,1.7878629443380116,0.10144188298801439,0.8635085745503759,1.0,1.0,1.0,1.4907400608062744,1.6395821571350098,1.7636377811431885,0.17550844361447263,0.7804416678172565,0.9380738472440695,1.0,1.0,1.4368135460200246,1.6210018311055838,1.9057548820979409,1.0
GAS,6,67.0,0.8320117983,image_color_derived_proxy,9.0,0.0,0.10526315789473684,0.0,88.38800048828125,658,5369.57421875,0.7618114572464574,nearest_physical_car_same_track_location_crossing_headway_le_2s,0.09597459627773108,0.2871544068928681,0.49262339048847875,0.7347604651265167,0.922874093282183,1.5100750350952148,2.0088502445322947,2.455300930327019,0.07545141461617555,0.3785129327161777,0.7618114572464574,1.0,1.0,1.53126859664917,1.8690516948699951,2.100801944732666,0.08537357430071077,0.4070574963280712,0.7082183391954143,0.952765133283937,1.0,1.5316384946445982,1.8274049211472059,2.1751319214800366,0.6382519915178115
GAS,7,151.5,0.42759383500000014,image_color_derived_proxy,19.0,0.0,0.12280701754385964,0.014071294559099437,142.15400314331055,1067,5369.57421875,0.33294876596609796,nearest_physical_car_same_track_location_crossing_headway_le_2s,0.2849163946026412,0.3162485506772487,0.3740239235430071,0.3896970709156,0.39738593155383367,0.3709342984387474,5.308815104215297,18.31172511888587,0.21713773997198269,0.25319016249951465,0.33294876596609796,0.3768518572436914,0.41573222185783326,0.531073808670044,4.873532295227051,22.94307279586792,0.2259099011892423,0.2542805475084959,0.3309790764044768,0.3610450751149496,0.3799682147926171,0.5426346373229483,4.638951721049239,32.40334670347953,0.34650787204436184
GAS,8,240.0,0.00403182610000016,image_color_derived_proxy,19.0,0.0,0.14035087719298245,0.0011389521640091116,120.98599433898926,879,5369.57421875,0.0,nearest_physical_car_same_track_location_crossing_headway_le_2s,0.0,0.0,0.0,0.0,0.0,9.614411233771794,16.469725341796877,38.020881338710566,0.0,0.0,0.0,0.0,0.0,11.530035972595215,17.506946325302124,24.75710368156433,0.0,0.0,0.0,0.0,0.0,10.584129372024584,15.774410962769931,36.1578856326787,0.004897692995460168
GAS,9,97.0,0.6884314563000001,image_color_derived_proxy,18.0,0.0,0.15789473684210525,0.009036144578313253,132.89999771118164,997,5369.57421875,0.7760572064813573,nearest_physical_car_same_track_location_crossing_headway_le_2s,0.5225808231462401,0.6607373633414819,0.7972761589999143,0.8377953236632909,0.8687509377080018,0.1975578541717902,1.4731019315181526,2.5777201442242297,0.6326637312441536,0.7437020071823661,0.7760572064813573,0.8423325638494653,0.8783446162550826,0.6930315494537354,1.2808308601379395,5.229145526885986,0.6107148698308448,0.7266140503942471,0.7802482786716484,0.8164409336025379,0.8446501037043697,0.6799096243172528,1.3099373871434814,4.5370218515767355,0.7944739839953812
GAS,10,31.0,1.0,image_color_derived_proxy,18.0,0.0,0.17543859649122806,0.0020470829068577278,128.1830062866211,978,5369.57421875,0.970401643263283,nearest_physical_car_same_track_location_crossing_headway_le_2s,0.8402752848542304,0.9210581083929674,0.9935327364002595,0.9977454109331486,0.9977454109331486,0.18008459412576533,0.84060004889704,1.6796089631141302,0.8043110681568457,0.9293978532370569,0.970401643263283,0.9872447824123071,1.0,0.6548557281494141,0.9084217548370361,1.6973376274108887,0.8109032411994546,0.876301792943041,0.9475983951863447,0.9733193807610087,0.9846703239047823,0.6448673610973927,0.9151931059795536,1.841065733578353,0.981977944658465
GAS,11,15.0,1.0,image_color_derived_proxy,19.0,0.0,0.19298245614035087,0.0045045045045045045,89.97499895095825,667,5369.57421875,1.0,nearest_physical_car_same_track_location_crossing_headway_le_2s,0.9951986661156713,0.9951986661156713,0.9951986661156713,0.9951986661156713,0.9951986661156713,0.1355377621155713,0.33835897592397834,0.49877777099609377,1.0,1.0,1.0,1.0,1.0,0.22428655624389648,0.48310256004333496,0.6389853954315186,1.0,1.0,1.0,1.0,1.0,0.2226986538736692,0.4815276319633082,0.6393855223528163,0.9978283740753087
GAS,12,15.0,1.0,image_color_derived_proxy,19.0,0.0,0.21052631578947367,0.0,88.81199836730957,659,5369.57421875,1.0,nearest_physical_car_same_track_location_crossing_headway_le_2s,0.9961379092795974,0.9961379092795974,0.9961379092795974,0.9961379092795974,0.9961379092795974,0.4455353973690051,0.5679676449493263,0.665596653168666,1.0,1.0,1.0,1.0,1.0,0.5210020542144775,0.5923871994018555,0.6805384159088135,1.0,1.0,1.0,1.0,1.0,0.5166949505688647,0.5867650867563697,0.686688310780633,0.9980000384404348
GAS,13,20.0,1.0,image_color_derived_proxy,19.0,0.0,0.22807017543859648,0.0,88.94000244140625,678,5369.57421875,1.0,nearest_physical_car_same_track_location_crossing_headway_le_2s,0.9943107716610377,0.9943107716610377,0.9943107716610377,0.9943107716610377,0.9943107716610377,0.519917228961813,0.7158182040127841,1.159965338734533,1.0,1.0,1.0,1.0,1.0,0.6623425483703613,1.0368595123291016,1.2765109539031982,0.9822352160969755,1.0,1.0,1.0,1.0,0.6571848974022535,1.0371090197218966,1.3239375161112352,0.9971654974456443
GAS,14,20.0,1.0,image_color_derived_proxy,19.0,0.0,0.24561403508771928,0.0,88.39700126647949,670,5369.57421875,1.0,nearest_physical_car_same_track_location_crossing_headway_le_2s,0.9962555290847414,0.9962555290847414,0.9962555290847414,0.9962555290847414,0.9962555290847414,0.5735174418034459,0.7710144990813541,1.0480430712540183,1.0,1.0,1.0,1.0,1.0,0.7946228981018066,1.018815517425537,1.1507930755615234,1.0,1.0,1.0,1.0,1.0,0.7885641336581589,1.0076818641342349,1.171858571618726,0.9980000921440797
GAS,15,20.0,1.0,image_color_derived_proxy,19.0,0.0,0.2631578947368421,0.0,88.33900272846222,653,5369.57421875,1.0,nearest_physical_car_same_track_location_crossing_headway_le_2s,0.9951437080227914,0.9951437080227914,0.9951437080227914,0.9951437080227914,0.9951437080227914,0.8070750782187395,1.018850293693109,1.0983147372078157,1.0,1.0,1.0,1.0,1.0,1.0195388793945312,1.238316535949707,1.3368549346923828,0.9555688980424052,1.0,1.0,1.0,1.0,1.0185519519879025,1.2107813130455412,1.3943064906405023,0.9966041335554434
GAS,16,27.0,1.0,image_color_derived_proxy,19.0,0.0,0.2807017543859649,0.0,87.98100106418133,659,5369.57421875,1.0,nearest_physical_car_same_track_location_crossing_headway_le_2s,0.9269614870092836,0.9951466796125651,0.9951466796125651,0.9951466796125651,0.9951466796125651,0.973985528689159,1.1718841552734376,1.463657507211775,0.8870097184943291,0.9863720428529655,1.0,1.0,1.0,1.246471643447876,1.3455917835235596,1.5226235389709473,0.821711525783322,0.9443175001882335,0.9938964237473548,1.0,1.0,1.2263548610018191,1.3123230112811684,1.6669584831003048,0.9998102607334869
GAS,17,14.0,1.0,image_color_derived_proxy,19.0,0.0,0.2982456140350877,0.0,88.13000297546387,658,5369.57421875,1.0,nearest_physical_car_same_track_location_crossing_headway_le_2s,0.5010325379966105,0.8875978243868484,0.9699988751880918,0.9897651354969559,0.9947577442777757,1.1664520439704051,1.497857142857143,1.7634969137928969,0.6169975035224701,1.0,1.0,1.0,1.0,1.2326040267944336,1.4783494472503662,1.584756851196289,0.6524792187631849,0.9027800000359265,1.0,1.0,1.0,1.1952226948517688,1.4425867094136011,1.7337688001968612,1.0
GAS,18,49.0,0.9181600035000002,image_color_derived_proxy,19.0,0.0,0.3157894736842105,0.0,88.21800231933594,665,5369.57421875,1.0,nearest_physical_car_same_track_location_crossing_headway_le_2s,0.24847542162829253,0.7781971987912213,0.9502368861947382,0.9937767801314721,0.9937767801314721,1.3054463195617463,1.613608098668555,1.8627880233780911,0.0,0.433403645254525,1.0,1.0,1.0,1.6422231197357178,1.7685670852661133,1.8631916046142578,0.023147200834392034,0.5288943483949975,0.8311115076135679,0.9520958608170434,0.9854904874724442,1.550392132281778,1.7209203915573008,2.1335890625216822,0.9049603888022464
GAS,19,28.0,1.0,image_color_derived_proxy,19.0,0.0,0.3333333333333333,0.0,87.80599975585938,667,5369.57421875,1.0,nearest_physical_car_same_track_location_crossing_headway_le_2s,0.40753490687387545,0.7316242367433992,0.91907162532275,0.9910256717014334,0.9928478689072847,1.2394979453948607,1.5531702244535406,1.9164353785399697,0.1610140597179159,0.7107372936685218,1.0,1.0,1.0,1.4138336181640625,1.6207516193389893,1.8315799236297607,0.24045061442840623,0.7349384657084755,0.8711477557210466,0.9653668543097225,1.0,1.4016816741140583,1.6322077491704317,2.051564420684836,0.948882395480632
GAS,20,37.0,0.9755921403000001,image_color_derived_proxy,19.0,0.0,0.3508771929824561,0.0,87.81400299072266,675,5369.57421875,0.9569202995284866,nearest_physical_car_same_track_location_crossing_headway_le_2s,0.16586183848525674,0.4933723053466881,0.8703509834599078,0.9409319704262362,0.9644248036314341,1.4050230875180636,1.7523571014404298,2.0607866240710746,0.04173594002132241,0.24328695363501357,0.9569202995284866,1.0,1.0,1.7067234516143799,1.8043591976165771,1.9241828918457031,0.052463143976124324,0.479980436721006,0.8034027081943051,0.9175643749146934,0.9733755521415067,1.5686279954358278,1.7616461133123855,2.179975789332573,0.857419979476057
GAS,21,85.0,0.7458635931,image_color_derived_proxy,19.0,0.0,0.3684210526315789,0.0,87.82299721240997,657,5369.57421875,0.5711829573639071,nearest_physical_car_same_track_location_crossing_headway_le_2s,0.20773598259295373,0.6277171757499925,0.8352140094851657,0.9613312766075484,0.9722510069620803,1.2895344701306575,1.7036233877206777,2.1185000232814515,0.0,0.036129489974027144,0.5711829573639071,0.9341744370668829,1.0,1.8491873741149902,1.9869341850280762,2.1940014362335205,0.0,0.14252528893227423,0.5497875123496073,0.8039123900154527,0.9063229013412809,1.7064544986914207,1.9758617414156407,2.4816275773083376,0.6089379941606338
GAS,22,108.0,0.6357853309000001,image_color_derived_proxy,19.0,0.0,0.38596491228070173,0.0,87.86850166320801,655,5369.57421875,0.9331046078634246,nearest_physical_car_same_track_location_crossing_headway_le_2s,0.12581310343287147,0.34884529094031286,0.6888531858719168,0.9205858761382884,0.9773411127700091,1.438571470272467,1.8462912088811558,2.190050804008872,0.0,0.11289599567391106,0.9331046078634246,1.0,1.0,1.736292839050293,1.902942180633545,1.9827897548675537,0.04506737709433414,0.2856997467743671,0.7546447075512779,0.8581516970819109,0.9310333562478107,1.5623173053557446,1.8514787324193271,2.3943120714983572,0.7457435783893521
GAS,23,88.0,0.7315055589,image_color_derived_proxy,19.0,0.0,0.40350877192982454,0.0,87.64900207519531,673,5369.57421875,0.6743716014425073,nearest_physical_car_same_track_location_crossing_headway_le_2s,0.09742271613889922,0.340802634064307,0.6910062176954788,0.8870152655727594,0.9696174584067049,1.5065494411594267,1.8831498613611093,2.2684679471529448,0.0,0.12148458479169731,0.6743716014425073,1.0,1.0,1.7405872344970703,1.947981357574463,2.054776430130005,0.0,0.21600930030735538,0.6739380963116485,0.8539743809587642,0.9305867998220804,1.6740342115135274,1.8730990389611024,2.379211947642969,0.6686456752289671
GAS,24,40.0,0.9612341061,image_color_derived_proxy,18.0,0.0,0.42105263157894735,0.0030816640986132513,87.96600341796875,650,5369.57421875,0.9833913275766963,nearest_physical_car_same_track_location_crossing_headway_le_2s,0.10642743029415744,0.2856103520537508,0.7128889940474229,0.8833412884338345,0.9747857245424497,1.4706624431326658,1.906991175601357,2.288429310010827,0.052133760281980385,0.6728622663462239,0.9833913275766963,0.9854489378900735,0.9854489378900735,1.5814847946166992,1.7228264808654785,1.7959089279174805,0.1137712187811148,0.6558442715795828,0.8408134939392258,0.947002272573522,0.9854489378900735,1.4802846830527228,1.6610525351049046,2.09067746240211,0.8950022197480858
GAS,25,58.0,0.8750859009000002,image_color_derived_proxy,18.0,0.0,0.43859649122807015,0.0,87.51100158691406,649,5369.57421875,1.0,nearest_physical_car_same_track_location_crossing_headway_le_2s,0.25343095965194107,0.6686702462745555,0.9119081981743498,0.9820251146265049,0.9957491058029769,1.250999950062145,1.6371237838941353,1.9773203845671252,0.0,0.6786804525353519,1.0,1.0,1.0,1.545245885848999,1.705862045288086,1.8214166164398193,0.17281264641147065,0.6638594678298854,0.8594347878623659,0.9600279030730128,0.9885842861903,1.4591293230429565,1.6810212681128873,2.077283194113144,0.9566943118186362
GAS,26,50.0,0.9133739921,image_color_derived_proxy,18.0,0.0,0.45614035087719296,0.0,88.14699935913086,637,5369.57421875,1.0,nearest_physical_car_same_track_location_crossing_headway_le_2s,0.6673624596862788,0.8035440847524324,0.9718651793356072,0.9941007636708322,0.9941007636708322,1.0862825129630644,1.3989521721227423,1.859020650018122,0.16835509371599952,0.6719003242148651,1.0,1.0,1.0,1.4836959838867188,1.6722450256347656,1.835418939590454,0.20511185103418167,0.7079423424042551,0.8962868922237118,0.9813947170248659,0.99727727262754,1.4100041755716561,1.655630941963196,2.0238441273176857,0.974181677540793
GAS,27,23.0,1.0,image_color_derived_proxy,18.0,0.0,0.47368421052631576,0.0,87.7490005493164,639,5369.57421875,1.0,nearest_physical_car_same_track_location_crossing_headway_le_2s,0.2115124994815865,0.7628918476393428,0.9484438845282985,0.9942563447452262,0.9942563447452262,1.3448406512920672,1.6595476261657827,1.8932013613075882,0.21815634863713118,0.9717489649336861,1.0,1.0,1.0,1.4298501014709473,1.5463480949401855,1.687840223312378,0.38090468608400846,0.8468473167744169,0.9648884961070516,0.985857386776974,1.0,1.337999543083829,1.5334410248446126,1.837542815995658,1.0
GAS,28,35.0,0.9851641631000001,image_color_derived_proxy,18.0,0.0,0.49122807017543857,0.0,87.66200256347656,654,5369.57421875,1.0,nearest_physical_car_same_track_location_crossing_headway_le_2s,0.6404371945831492,0.9363806400072445,0.9934407192028326,0.997091100045918,0.997091100045918,1.1873649628930494,1.4500061529433732,1.6870289014733357,0.856950570163674,1.0,1.0,1.0,1.0,1.1667029857635498,1.3346729278564453,1.5208024978637695,0.8318655704151964,0.9571079706987812,0.9913303400581757,1.0,1.0,1.1117849960815274,1.3388588898977916,1.6090621911768723,1.0
GAS,29,36.0,0.9803781517,image_color_derived_proxy,18.0,0.0,0.5087719298245614,0.0,87.55899810791016,639,5369.57421875,1.0,nearest_physical_car_same_track_location_crossing_headway_le_2s,0.49370135344881594,0.9482635021395399,0.9875284090587289,0.9875284090587289,0.9875284090587289,1.1682710762483528,1.5001763797066043,1.65084714611798,0.1984147891179331,1.0,1.0,1.0,1.0,1.4327826499938965,1.5696852207183838,1.664773941040039,0.42292625525496247,0.83325529909599,0.9627679151883238,1.0,1.0,1.368289715852662,1.5565206190281264,1.824359183238949,1.0
GAS,30,34.0,0.9899501745000001,image_color_derived_proxy,18.0,0.0,0.5263157894736842,0.0,87.33599853515625,635,5369.57421875,1.0,nearest_physical_car_same_track_location_crossing_headway_le_2s,0.7552784972339338,0.9663941675972352,0.9945841348593957,0.9945841348593957,0.9945841348593957,0.8276360426145789,1.2277144072575459,1.6344598510839963,0.6807960101893861,1.0,1.0,1.0,1.0,1.0959985256195068,1.3607211112976074,1.6265995502471924,0.6913529159354901,0.9205482083379632,0.9791723939977482,0.994503984300583,1.0,1.127851293032134,1.3704264893412053,1.679874094781781,1.0
GAS,31,36.0,0.9803781517,image_color_derived_proxy,18.0,0.0,0.543859649122807,0.0,87.5469970703125,638,5369.57421875,1.0,nearest_physical_car_same_track_location_crossing_headway_le_2s,0.984751051147455,0.9941174454529689,0.9941174454529689,0.9941174454529689,0.9941174454529689,0.967992957265587,1.121707599567917,1.2379354835539609,1.0,1.0,1.0,1.0,1.0,1.0926508903503418,1.1722166538238525,1.2793023586273193,1.0,1.0,1.0,1.0,1.0,1.0825337929749648,1.1728727042542075,1.3403158255296637,0.9973550413230596
GAS,32,152.0,0.42520082930000014,image_color_derived_proxy,18.0,0.0,0.5614035087719298,0.002844950213371266,94.37200164794922,704,5369.57421875,0.49406602208799094,nearest_physical_car_same_track_location_crossing_headway_le_2s,0.26702835518437773,0.32700378916823175,0.41601319510590423,0.4564595274515145,0.5143368820181038,1.0001559293068063,2.444212297162119,3.9281305727751357,0.2740643195168255,0.4215763060301336,0.49406602208799094,0.5394078528629268,0.6063874956576755,0.9821252822875977,2.069211721420288,3.182713270187378,0.30268513905180044,0.41818547305810483,0.4815411696825594,0.5669901929152181,0.6089094190909644,0.9763568296985797,2.060015645903006,4.425151507624373,0.4728268024615785
GAS,33,48.0,0.9229460149000001,image_color_derived_proxy,19.0,0.0,0.5789473684210527,0.0070921985815602835,111.42599818110466,847,5369.57421875,0.8202214630977407,nearest_physical_car_same_track_location_crossing_headway_le_2s,0.7193923261592662,0.7857053053221058,0.8355051885119033,0.851246557953203,0.8532209649194412,0.2328116323119626,1.0309370155370754,3.696160611511688,0.7404016837080489,0.8182650039630154,0.8202214630977407,0.8202214630977407,0.8202214630977407,0.21536874771118164,0.9750230312347412,6.797028541564941,0.7513506483417028,0.8374525881427389,0.841751440422002,0.843564299786998,0.843564299786998,0.2133724932158927,1.027150848588314,6.002749873558197,0.843723815171239
GAS,34,147.0,0.44913088630000003,image_color_derived_proxy,19.0,0.0,0.5964912280701754,0.0,85.98299789428711,641,5369.57421875,0.6519544628516322,nearest_physical_car_same_track_location_crossing_headway_le_2s,0.10935883077616002,0.25215453815855304,0.43792374007300466,0.6650384507816951,0.8081481866739186,1.4973554947051495,2.085005009839983,2.6099815497449526,0.06933929122751817,0.2692974338381841,0.6519544628516322,0.9966737691741415,1.0,1.517333984375,1.8784189224243164,2.1906371116638184,0.12947907950189902,0.3981019769939805,0.6477676258667564,0.8840700770681289,0.9401160216712325,1.47836531170039,1.8533835453892942,2.2997970538319996,0.5683157664809664
GAS,35,239.0,0.00881783750000011,image_color_derived_proxy,19.0,0.0,0.6140350877192983,0.0,85.92699813842773,651,5369.57421875,0.0,nearest_physical_car_same_track_location_crossing_headway_le_2s,0.012801546637868167,0.06332120908596474,0.14968522875687001,0.24160048056298783,0.4581096824376665,1.8649109628036435,2.5200104058519543,2.968193370891067,0.0,0.0,0.0,0.0,0.48498140775104487,2.4184441566467285,2.508187770843506,2.8153579235076904,0.0,0.0,0.01910922441827164,0.18737993194924787,0.4996335056836447,2.1651235983209873,2.5054857716309566,3.1772156588121,0.0
GAS,36,239.0,0.00881783750000011,image_color_derived_proxy,19.0,0.0,0.631578947368421,0.0,85.84799575805664,646,5369.57421875,0.0,nearest_physical_car_same_track_location_crossing_headway_le_2s,0.0,0.010949569857846887,0.051987217066496415,0.11707905832499464,0.1842092496726327,2.168391458611739,2.919376297278598,3.644523169609579,0.0,0.0,0.0,0.0,0.0,2.7899317741394043,2.971412181854248,3.0759193897247314,0.0,0.0,0.0,0.00679107506188641,0.13487792483800046,2.4490530661676884,2.86727334879384,3.955228975583093,0.0
GAS,37,239.0,0.00881783750000011,image_color_derived_proxy,19.0,0.0,0.6491228070175439,0.0,85.83100128173828,635,5369.57421875,0.0,nearest_physical_car_same_track_location_crossing_headway_le_2s,0.006792441911989476,0.020482069798678955,0.07510116518686465,0.14329327777560988,0.2264799912729207,2.1113450538834106,2.897639085239452,3.4801452281863194,0.0,0.0,0.0,0.0,0.0,2.747340202331543,2.830648422241211,2.994649887084961,0.0,0.0,0.005627357269186842,0.06036280223334297,0.2110076976608352,2.342225431592668,2.8015844234946043,3.6809737172051578,0.0
GAS,38,239.0,0.00881783750000011,image_color_derived_proxy,19.0,0.0,0.6666666666666666,0.0,85.84400177001953,636,5369.57421875,0.0,nearest_physical_car_same_track_location_crossing_headway_le_2s,0.0018638664491596637,0.017205620106036885,0.0701738541444016,0.1127626370398547,0.18569739071584007,2.1582893560740573,3.0389462139687686,3.7026619436325,0.0,0.0,0.0,0.0,0.0,3.1395232677459717,3.2478644847869873,3.4188613891601562,0.0,0.0,0.0,0.0,0.019104458908373766,2.6771196286435153,3.202474672418292,4.380934937898208,0.0
GAS,39,239.0,0.00881783750000011,image_color_derived_proxy,19.0,0.0,0.6842105263157895,0.0,86.0260009765625,640,5369.57421875,0.0,nearest_physical_car_same_track_location_crossing_headway_le_2s,0.0,0.0037546782432863884,0.015309318351129874,0.05001974396041009,0.09229766597786371,2.503690792343069,3.503262643288158,4.3921006197740375,0.0,0.0,0.0,0.0,0.0,3.231220006942749,3.335984230041504,3.6428799629211426,0.0,0.0,0.0,0.002789829366064777,0.038383722373975665,2.6920394372234826,3.3595866959540848,4.505770165007738,0.0
GAS,40,240.0,0.00403182610000016,image_color_derived_proxy,18.0,0.0,0.7017543859649122,0.001589825119236884,85.81200218200684,630,5369.57421875,0.009858768585685199,nearest_physical_car_same_track_location_crossing_headway_le_2s,0.023318410010286016,0.02751363446837526,0.030543538556605312,0.0349251813778213,0.048629564974401206,2.8361060226576726,4.095074507274134,5.525059668697528,0.006351071587741002,0.007947596946828624,0.009858768585685199,0.009858768585685199,0.011210618453977635,4.0630717277526855,4.305301666259766,4.462080717086792,0.006351071587741002,0.007947596946828624,0.009858768585685199,0.009858768585685199,0.011210618453977635,3.4873619477953515,4.229301503315689,6.297950602817913,0.01330579617704497
GAS,41,240.0,0.00403182610000016,image_color_derived_proxy,18.0,0.0,0.7192982456140351,0.0,85.75399780273438,638,5369.57421875,0.0,nearest_physical_car_same_track_location_crossing_headway_le_2s,0.0,0.0,0.0,0.0,0.003498392519253648,3.5768885336631584,4.93863917157849,6.587973282185007,0.0,0.0,0.0,0.0,0.0,4.590232849121094,4.763484954833984,4.905198574066162,0.0,0.0,0.0,0.0,0.0,3.6304238054999165,4.70707612313934,6.7603316670975975,0.0033789177043258567
GAS,42,240.0,0.00403182610000016,image_color_derived_proxy,18.0,0.0,0.7368421052631579,0.0,85.60900163650513,650,5369.57421875,0.0,nearest_physical_car_same_track_location_crossing_headway_le_2s,0.0,0.0,0.0,0.0,0.009298082114744711,3.347491855308658,4.599117483656596,6.062173461914063,0.0,0.0,0.0,0.0,0.0,3.8665213584899902,4.284050464630127,4.587568283081055,0.0,0.0,0.0,0.0,0.0,3.209633946295564,4.1594171738964265,6.048511626642671,0.001264052429900464
GAS,43,240.0,0.00403182610000016,image_color_derived_proxy,18.0,0.0,0.7543859649122807,0.0,85.58499908447266,640,5369.57421875,0.0,nearest_physical_car_same_track_location_crossing_headway_le_2s,0.0,0.00730265933676639,0.014488539951293468,0.023613994797730783,0.07109895329715808,2.703509948730469,3.854077600030303,4.995177028696353,0.0,0.0,0.0,0.0,0.0,3.7297372817993164,3.9797203540802,4.238816976547241,0.0,0.0,0.0,0.0,0.019162229446655167,3.079701468575828,3.912941960131616,5.446738688708023,0.0
GAS,44,240.0,0.00403182610000016,image_color_derived_proxy,18.0,0.0,0.7719298245614035,0.0,85.69100189208984,634,5369.57421875,0.0,nearest_physical_car_same_track_location_crossing_headway_le_2s,0.0,0.0,0.0,0.021694217727321736,0.05485986037187099,2.7629464393804883,3.7769753823431977,4.931674541541916,0.0,0.0,0.0,0.0,0.0,3.91292405128479,4.043863773345947,4.250967741012573,0.0,0.0,0.0,0.0,0.0,3.26714097650948,3.9264545744796715,5.585667203093751,0.0
GAS,45,240.0,0.00403182610000016,image_color_derived_proxy,18.0,0.0,0.7894736842105263,0.0,85.8910026550293,659,5369.57421875,0.0,nearest_physical_car_same_track_location_crossing_headway_le_2s,0.0,0.005122755738178829,0.02517140066595869,0.07868108770321443,0.14734959469148146,2.342659626412899,3.1321603217849843,3.871955930593923,0.0,0.0,0.0,0.0,0.0,3.2087230682373047,3.3117449283599854,3.4677088260650635,0.0,0.0,0.0,0.0,0.019000825686447627,2.7657243424136264,3.251018624261985,4.483200972028936,0.0
GAS,46,239.0,0.00881783750000011,image_color_derived_proxy,18.0,0.0,0.8070175438596491,0.0,85.77499890327454,638,5369.57421875,0.0,nearest_physical_car_same_track_location_crossing_headway_le_2s,0.0,0.0,0.0025648474847517803,0.018874957760440906,0.07277178878236666,2.6263061848001503,3.414850127830934,4.394520479109871,0.0,0.0,0.0,0.0,0.0,3.0063180923461914,3.288250207901001,3.4949305057525635,0.0,0.0,0.0,0.0,0.022081082436540125,2.6974381616519905,3.1423120833602987,4.379911851023675,0.0
GAS,47,239.0,0.00881783750000011,image_color_derived_proxy,18.0,0.0,0.8245614035087719,0.0,85.64599704742432,651,5369.57421875,0.0,nearest_physical_car_same_track_location_crossing_headway_le_2s,0.0,0.003666244621468082,0.025150029223438876,0.0652686792024487,0.13457716241115592,2.3767723767510778,3.0579125522780504,4.07205066006863,0.0,0.0,0.0,0.04243050242657152,0.16025265566727212,2.3538475036621094,2.9413270950317383,3.424804449081421,0.0,0.0,0.030824550833200112,0.08557311495735541,0.25531834128809866,2.2688897367446996,2.8845791597849657,4.029480598306807,0.0
GAS,48,240.0,0.00403182610000016,image_color_derived_proxy,18.0,0.0,0.8421052631578947,0.0,85.70349884033203,647,5369.57421875,0.03213401833063022,nearest_physical_car_same_track_location_crossing_headway_le_2s,0.0,0.009334521405008258,0.04586748060169875,0.13347183190308057,0.2504097572055443,2.1465728759765623,2.739384397396371,3.4615074974579407,0.0,0.0,0.03213401833063022,0.2046473489737548,0.4285647647282475,2.103987455368042,2.5270867347717285,2.717698812484741,0.0,0.018750719399387307,0.09434852304245696,0.30071111377580056,0.6616823430636635,2.010143463872621,2.403642366123926,3.2421877015682563,0.01316553839943213
GAS,49,240.0,0.00403182610000016,image_color_derived_proxy,18.0,0.0,0.8596491228070176,0.0016,85.72700119018555,626,5369.57421875,0.0,nearest_physical_car_same_track_location_crossing_headway_le_2s,0.006614034492067951,0.05467355363828632,0.1225401673016634,0.23353207267855447,0.47175338794834776,1.9335275503305291,2.517788653306558,3.082979676756666,0.0,0.0,0.0,0.0,0.21014386312638392,2.4242358207702637,2.5896928310394287,2.67720103263855,0.0,0.0,0.002414650338259744,0.15639187277750957,0.5311278260195127,2.19720680584623,2.481223739626376,3.290754180708979,0.0
GAS,50,228.0,0.06146396290000013,image_color_derived_proxy,17.0,0.0,0.8771929824561403,0.0015384615384615385,85.58200073242188,651,5369.57421875,0.12479264364553509,nearest_physical_car_same_track_location_crossing_headway_le_2s,0.01521350216146267,0.07103127983087709,0.16745348901581864,0.38207796897570956,0.6437217838013145,1.8272377797719597,2.3838074781949095,2.863351384943182,0.0,0.0,0.12479264364553509,0.5870392672850153,0.9073052742417052,1.9656407833099365,2.2047767639160156,2.4871726036071777,0.0,0.050641529894082445,0.27068774112085114,0.6477529248300231,0.7727794516895353,1.843731876882539,2.164201790864214,2.960020249128614,0.13827301078826654
GAS,51,148.0,0.4443448749000001,image_color_derived_proxy,17.0,0.0,0.8947368421052632,0.0,85.54899644851685,645,5369.57421875,0.26991545458172,nearest_physical_car_same_track_location_crossing_headway_le_2s,0.08997181633595713,0.22470160387327634,0.5748049979296218,0.7617154913234155,0.9324480722562971,1.5233170299995236,1.9540098392577703,2.401405869521104,0.0,0.0,0.26991545458172,0.8741306085061423,1.0,1.9118564128875732,2.093383312225342,2.2626888751983643,0.0,0.06000060788393356,0.44278704382737816,0.763831261564447,0.8534056179010036,1.7872428128728417,2.036237519763509,2.6742167618661843,0.4203796381331443
GAS,52,40.0,0.9612341061,image_color_derived_proxy,17.0,0.0,0.9122807017543859,0.0,85.54900360107422,652,5369.57421875,0.9097476371119833,nearest_physical_car_same_track_location_crossing_headway_le_2s,0.5689721407028346,0.7259932909596017,0.9225473234899397,0.9684274626559976,0.9949502625042819,1.0639091075550426,1.4131150953444225,1.9626828091815836,0.4078715132569743,0.6321172801868247,0.9097476371119833,1.0,1.0,1.3175384998321533,1.5214829444885254,1.9876325130462646,0.4084209609153739,0.6671381215576471,0.8766671937297508,0.946650458362061,0.9785035459484411,1.2861582688179412,1.5451374435999359,2.091535663973696,0.9092411758617871
GAS,53,28.0,1.0,image_color_derived_proxy,17.0,0.0,0.9298245614035088,0.0014903129657228018,87.36200332641602,672,5369.57421875,0.9835168772248889,nearest_physical_car_same_track_location_crossing_headway_le_2s,0.10505710820942366,0.273127891468544,0.3901124459231249,0.43168652919523565,0.48866778691173146,1.4925633544921875,2.5694022343076512,3.3834400634765625,0.5945605895702997,0.9710057343593248,0.9835168772248889,0.9961997124633074,1.0,0.7341852188110352,1.2781469821929932,1.6598901748657227,0.6718710735249007,0.8662118841949792,0.9584716999051369,0.980632318731258,0.9945056257416296,0.7264997298398791,1.262671380858389,1.8292430607379089,0.8746766692276964
GAS,54,33.0,0.9947361859,image_color_derived_proxy,17.0,0.0,0.9473684210526315,0.001557632398753894,85.50400161743164,643,5369.57421875,1.0,nearest_physical_car_same_track_location_crossing_headway_le_2s,0.5788969590467022,0.7988749008671271,0.9376403669002654,0.9673582674016449,0.983415963625954,1.1505599920099432,1.4153842579731934,1.879122488839286,0.6251637733504872,1.0,1.0,1.0,1.0,0.9074544906616211,1.3962059020996094,1.5737271308898926,0.7631222288692504,0.9181091310164943,0.9854977574422041,1.0,1.0,0.8996168509517546,1.3462660862083933,1.6923602137580074,1.0
GAS,55,15.0,1.0,image_color_derived_proxy,16.0,0.0,0.9649122807017544,0.0031847133757961785,86.18000316619873,629,5369.57421875,1.0,nearest_physical_car_same_track_location_crossing_headway_le_2s,0.9971803203552148,0.9971803203552148,0.9971803203552148,0.9971803203552148,0.9971803203552148,0.6212544595041583,0.7318980627460816,0.8604587309951082,0.9987468334843428,1.0,1.0,1.0,1.0,0.5146694183349609,0.6828813552856445,0.7756304740905762,0.9987468334843428,1.0,1.0,1.0,1.0,0.5119696723209448,0.6747347141121587,0.8178757096208101,0.9981597799026349
GAS,56,14.0,1.0,image_color_derived_proxy,16.0,0.0,0.9824561403508771,0.001607717041800643,86.08700561523438,623,5369.57421875,0.9914736401409622,nearest_physical_car_same_track_location_crossing_headway_le_2s,0.9823898262630548,0.9868155873413493,0.9868155873413493,0.9868155873413493,0.9868155873413493,0.6754796008674465,0.8815826536163571,1.1874158047213412,0.9914736401409622,0.9914736401409622,0.9914736401409622,0.9914736401409622,0.9914736401409622,0.6875832080841064,0.8477039337158203,1.1106517314910889,0.9914736401409622,0.9914736401409622,0.9914736401409622,0.9914736401409622,0.9914736401409622,0.6952137411499619,0.8629975266422677,1.103407643543438,0.9891734551626633
BOR,1,15.0,1.0,image_color_derived_proxy,18.0,0.032751620380337625,0.017543859649122806,0.09336941813261164,98.55999946594238,740,5369.57421875,0.9672483796196624,nearest_physical_car_same_track_location_crossing_headway_le_2s,0.9396611727504205,0.9480722396687298,0.9480722396687298,0.9480722396687298,0.9480722396687298,0.012693644433862967,0.08415340321075813,0.232884767320421,0.9672483796196624,0.9672483796196624,0.9672483796196624,0.9672483796196624,0.9672483796196624,0.01228785514831543,0.23816347122192383,0.41419029235839844,0.9729200518831342,0.9729200518831342,0.9729200518831342,0.9729200518831342,0.9729200518831342,0.013865481267187625,0.24725433341094427,0.4410104702450417,0.9606925685628307
BOR,2,15.0,1.0,image_color_derived_proxy,19.0,0.0,0.03508771929824561,0.0014705882352941176,90.01199340820312,681,5369.57421875,1.0,nearest_physical_car_same_track_location_crossing_headway_le_2s,0.9972448116461302,0.9972448116461302,0.9972448116461302,0.9972448116461302,0.9972448116461302,0.24950684847897045,0.3964458274841308,0.593854038210681,1.0,1.0,1.0,1.0,1.0,0.18371009826660156,0.3285853862762451,0.6260571479797363,1.0,1.0,1.0,1.0,1.0,0.18607727360581444,0.32785644031401745,0.6143954652402382,0.9983302047624001
BOR,3,15.0,1.0,image_color_derived_proxy,19.0,0.0,0.05263157894736842,0.0,89.05199527740479,661,5369.57421875,1.0,nearest_physical_car_same_track_location_crossing_headway_le_2s,0.9972151101704758,0.9972151101704758,0.9972151101704758,0.9972151101704758,0.9972151101704758,0.19838889272589433,0.28208478572010837,0.5963391150297064,1.0,1.0,1.0,1.0,1.0,0.2629423141479492,0.3901383876800537,0.6458480358123779,1.0,1.0,1.0,1.0,1.0,0.2609151792246848,0.3917125638415614,0.6519411107095592,0.9983129766177059
BOR,4,15.0,1.0,image_color_derived_proxy,19.0,0.0,0.07017543859649122,0.0121765601217656,89.00000381469727,658,5369.57421875,1.0,nearest_physical_car_same_track_location_crossing_headway_le_2s,0.9967752810317358,0.9967752810317358,0.9967752810317358,0.9967752810317358,0.9967752810317358,0.2635371360326964,0.37353366199552707,0.5786023778239573,1.0,1.0,1.0,1.0,1.0,0.07845497131347656,0.36550307273864746,1.0124297142028809,1.0,1.0,1.0,1.0,1.0,0.07828028309942264,0.36177745448112864,1.0091974264857095,0.9982157954597406
BOR,5,15.0,1.0,image_color_derived_proxy,19.0,0.0,0.08771929824561403,0.0,88.7979986667633,681,5369.57421875,1.0,nearest_physical_car_same_track_location_crossing_headway_le_2s,0.9948309646804153,0.9948309646804153,0.9948309646804153,0.9948309646804153,0.9948309646804153,0.29115247143225675,0.3695720422736422,0.5199165247912344,1.0,1.0,1.0,1.0,1.0,0.25212788581848145,0.3342888355255127,0.4728732109069824,1.0,1.0,1.0,1.0,1.0,0.25326114282548534,0.3347263943412046,0.47246085143767,0.9978253195623563
BOR,6,15.0,1.0,image_color_derived_proxy,19.0,0.0,0.10526315789473684,0.0,88.73300170898438,652,5369.57421875,1.0,nearest_physical_car_same_track_location_crossing_headway_le_2s,0.9960668522399507,0.9960668522399507,0.9960668522399507,0.9960668522399507,0.9960668522399507,0.23774150147729992,0.6633674972048919,0.7652721171476403,1.0,1.0,1.0,1.0,1.0,0.20655393600463867,0.4339127540588379,0.5473430156707764,1.0,1.0,1.0,1.0,1.0,0.20221098525111098,0.43805165182285316,0.5491802834776935,0.9980548137581271
BOR,7,66.5,0.8344048040000002,image_color_derived_proxy,16.0,0.0,0.12280701754385964,0.003579952267303103,110.68000221252441,839,5369.57421875,0.7653144384272357,nearest_physical_car_same_track_location_crossing_headway_le_2s,0.6658203968710246,0.7670401194138429,0.8678352552682276,0.930167951905347,0.9605077882438774,0.5801183617355141,1.245312977565154,2.0268355164346814,0.6474972675783809,0.7060715500086966,0.7653144384272357,0.7942355851587117,0.9053307480844184,0.603614091873169,1.378603458404541,2.475280284881592,0.6304662714231841,0.7312251490426284,0.7615467873316829,0.7922389006847826,0.8580049971223472,0.6080987380075821,1.3149759969162826,2.8687352688689693,0.7738893827730544
BOR,8,15.0,1.0,image_color_derived_proxy,16.0,0.0,0.14035087719298245,0.012332990750256937,134.00800037384033,974,5369.57421875,0.9418765989503676,nearest_physical_car_same_track_location_crossing_headway_le_2s,0.7519252396282137,0.9280640294007925,0.9567115406270218,0.960293413799568,0.9718375084036642,0.8041327417424295,1.311032729782818,1.677374365495488,0.7810279554856815,0.9233179806628171,0.9418765989503676,0.9501373023998927,0.9598456779850588,0.852496862411499,1.3640120029449463,1.6786127090454102,0.7535073211092252,0.8984314082908335,0.9388245767666369,0.949159746731464,0.9595695719495525,0.8470592067833694,1.3295053854006071,1.7507603817288173,0.9476732070956108
BOR,9,20.0,1.0,image_color_derived_proxy,15.0,0.0,0.15789473684210525,0.003770028275212064,141.6160011291504,1062,5369.57421875,0.9952900798638932,nearest_physical_car_same_track_location_crossing_headway_le_2s,0.861604703022604,0.9616498223443541,0.9801858633218569,0.9929457152604456,0.995770252144279,0.7123788257628427,1.1010915836817783,1.5848064621610483,0.9755182947401511,0.9952900798638932,0.9952900798638932,0.9952900798638932,0.9952900798638932,0.5667374134063721,0.7652359008789062,1.2388155460357666,0.9708719339232247,0.9952900798638932,0.9952900798638932,0.9952900798638932,0.9952900798638932,0.5624583201616247,0.7557811599480915,1.260022203741122,0.991673722006062
BOR,10,15.0,1.0,image_color_derived_proxy,15.0,0.0,0.17543859649122806,0.0,129.53499603271484,986,5369.57421875,1.0,nearest_physical_car_same_track_location_crossing_headway_le_2s,0.9215424669489094,0.9655923488842684,0.9876712996176439,0.9947736132558282,0.9947736132558282,0.48899573792802525,1.0030149872448981,1.4355087146427847,1.0,1.0,1.0,1.0,1.0,0.29110240936279297,0.7726328372955322,1.2036967277526855,0.9888833162891392,1.0,1.0,1.0,1.0,0.2895777970971073,0.7596121298690675,1.229660147690364,0.9989118044844243
BOR,11,15.0,1.0,image_color_derived_proxy,15.0,0.0,0.19298245614035087,0.012121212121212121,89.05100297927856,661,5369.57421875,1.0,nearest_physical_car_same_track_location_crossing_headway_le_2s,0.996541307924373,0.996541307924373,0.996541307924373,0.996541307924373,0.996541307924373,0.3158095223563058,0.5239358755258414,0.6421762319711539,1.0,1.0,1.0,1.0,1.0,0.4391465187072754,0.6580300331115723,0.7650914192199707,1.0,1.0,1.0,1.0,1.0,0.44512650887758365,0.653958880641609,0.7672485482757629,0.9986000028460975
BOR,12,15.0,1.0,image_color_derived_proxy,15.0,0.0,0.21052631578947367,0.0,88.50699996948242,655,5369.57421875,1.0,nearest_physical_car_same_track_location_crossing_headway_le_2s,0.9943055350618594,0.9943055350618594,0.9943055350618594,0.9943055350618594,0.9943055350618594,0.22689879962376186,0.6845318834257984,0.7956654500618255,1.0,1.0,1.0,1.0,1.0,0.2076554298400879,0.5074577331542969,0.5832788944244385,1.0,1.0,1.0,1.0,1.0,0.20693877291402668,0.5014385820204714,0.5924452411658734,0.998152708478747
BOR,13,15.0,1.0,image_color_derived_proxy,15.0,0.0,0.22807017543859648,0.0,88.37200164794922,673,5369.57421875,1.0,nearest_physical_car_same_track_location_crossing_headway_le_2s,0.9980649979560731,0.9980649979560731,0.9980649979560731,0.9980649979560731,0.9980649979560731,0.26791403930111707,0.40023391508844325,0.49032317370903206,1.0,1.0,1.0,1.0,1.0,0.37613415718078613,0.4554569721221924,0.5005366802215576,1.0,1.0,1.0,1.0,1.0,0.37651047389582415,0.4550772852679805,0.5030004103437442,0.9988741652276056
BOR,14,15.0,1.0,image_color_derived_proxy,15.0,0.0,0.24561403508771928,0.0,88.04900169372559,670,5369.57421875,1.0,nearest_physical_car_same_track_location_crossing_headway_le_2s,0.9949459961579649,0.9949459961579649,0.9949459961579649,0.9949459961579649,0.9949459961579649,0.47090321678104285,0.6056740824381511,0.7863320877302938,1.0,1.0,1.0,1.0,1.0,0.38780713081359863,0.527808666229248,0.6351234912872314,1.0,1.0,1.0,1.0,1.0,0.3837868041912786,0.5230643976644219,0.6365857363152287,0.9982546883396286
BOR,15,20.0,1.0,image_color_derived_proxy,15.0,0.0,0.2631578947368421,0.0,87.94099998474121,650,5369.57421875,1.0,nearest_physical_car_same_track_location_crossing_headway_le_2s,0.9962361128450228,0.9962361128450228,0.9962361128450228,0.9962361128450228,0.9962361128450228,0.6430788074840199,0.729116962139423,0.8091041463608282,1.0,1.0,1.0,1.0,1.0,0.5562963485717773,0.6270980834960938,0.7067248821258545,1.0,1.0,1.0,1.0,1.0,0.559287591718873,0.6211083003205228,0.7056525841883685,0.998494754322047
BOR,16,15.0,1.0,image_color_derived_proxy,15.0,0.0,0.2807017543859649,0.0,87.86499631404877,655,5369.57421875,1.0,nearest_physical_car_same_track_location_crossing_headway_le_2s,0.9940249246209301,0.9940249246209301,0.9940249246209301,0.9940249246209301,0.9940249246209301,0.35884524754115515,0.5241656598012747,0.8855786783065981,1.0,1.0,1.0,1.0,1.0,0.6139340400695801,0.7951943874359131,0.9535415172576904,1.0,1.0,1.0,1.0,1.0,0.6108286915570631,0.7904800626861236,0.9759452240077461,0.998052252647555
BOR,17,14.0,1.0,image_color_derived_proxy,15.0,0.0,0.2982456140350877,0.0,87.86800384521484,660,5369.57421875,1.0,nearest_physical_car_same_track_location_crossing_headway_le_2s,0.9968361635069269,0.9968361635069269,0.9968361635069269,0.9968361635069269,0.9968361635069269,0.7030316509777986,0.8077059057495987,0.9647263891072004,1.0,1.0,1.0,1.0,1.0,0.9371614456176758,1.0358452796936035,1.1365084648132324,1.0,1.0,1.0,1.0,1.0,0.9453306668455798,1.0354601189022559,1.1616490809922106,0.9985888563042269
BOR,18,15.0,1.0,image_color_derived_proxy,15.0,0.0,0.3157894736842105,0.003067484662576687,87.60199737548828,653,5369.57421875,1.0,nearest_physical_car_same_track_location_crossing_headway_le_2s,0.9939156639307434,0.9939156639307434,0.9939156639307434,0.9939156639307434,0.9939156639307434,0.630987361326056,0.7948730938251203,0.9186043101297539,1.0,1.0,1.0,1.0,1.0,0.6535415649414062,0.7408201694488525,0.870464563369751,1.0,1.0,1.0,1.0,1.0,0.6449732457714467,0.7464002534688916,0.8759950610952323,0.9980080767590832
BOR,19,15.0,1.0,image_color_derived_proxy,15.0,0.0,0.3333333333333333,0.0,87.89600372314453,676,5369.57421875,1.0,nearest_physical_car_same_track_location_crossing_headway_le_2s,0.9973946483065707,0.9973946483065707,0.9973946483065707,0.9973946483065707,0.9973946483065707,0.5181437531980082,0.7276302337776,0.8561024712734535,1.0,1.0,1.0,1.0,1.0,0.5246820449829102,0.676297664642334,0.7703397274017334,1.0,1.0,1.0,1.0,1.0,0.5383871700797412,0.6688880760486355,0.765403351878571,0.9986748551608778
BOR,20,15.0,1.0,image_color_derived_proxy,15.0,0.0,0.3508771929824561,0.0,87.8270034790039,670,5369.57421875,1.0,nearest_physical_car_same_track_location_crossing_headway_le_2s,0.9943525342748105,0.9943525342748105,0.9943525342748105,0.9943525342748105,0.9943525342748105,0.5532396624041599,0.7534540094480924,0.8819095060345058,1.0,1.0,1.0,1.0,1.0,0.5486330986022949,0.7477879524230957,0.8464052677154541,1.0,1.0,1.0,1.0,1.0,0.5518858031327021,0.7480862575123033,0.8485061292632752,0.9980703672852413
BOR,21,16.0,1.0,image_color_derived_proxy,15.0,0.0,0.3684210526315789,0.00916030534351145,87.68399667739868,656,5369.57421875,0.9867820760840472,nearest_physical_car_same_track_location_crossing_headway_le_2s,0.9959855844688774,0.9959855844688774,0.9959855844688774,0.9959855844688774,0.9959855844688774,0.7898869589100713,0.9921727336536753,1.1288413365032008,0.8546257205844541,0.9498768233166484,0.9867820760840472,1.0,1.0,0.12674736976623535,0.4573483467102051,1.7175450325012207,0.8546257205844541,0.9619315090209176,0.9876602691628505,1.0,1.0,0.12499729778739616,0.44646493017374067,1.6413698133275183,0.9920949983568685
BOR,22,15.0,1.0,image_color_derived_proxy,15.0,0.0,0.38596491228070173,0.0,87.98599924147129,657,5369.57421875,1.0,nearest_physical_car_same_track_location_crossing_headway_le_2s,0.9964767121467426,0.9964767121467426,0.9964767121467426,0.9964767121467426,0.9964767121467426,0.760000008596501,0.9273923753183101,1.12891137652905,1.0,1.0,1.0,1.0,1.0,0.676802396774292,0.8095829486846924,0.9215071201324463,1.0,1.0,1.0,1.0,1.0,0.6836411865257074,0.8044964193842554,0.9160861294704122,0.9984615927585142
BOR,23,15.0,1.0,image_color_derived_proxy,15.0,0.0,0.40350877192982454,0.0,87.71500205993652,673,5369.57421875,1.0,nearest_physical_car_same_track_location_crossing_headway_le_2s,0.9962720175060961,0.9962720175060961,0.9962720175060961,0.9962720175060961,0.9962720175060961,0.7068432879092089,0.8013297710012882,0.9223441093198714,1.0,1.0,1.0,1.0,1.0,0.5044577121734619,0.6051621437072754,0.7724127769470215,1.0,1.0,1.0,1.0,1.0,0.5021036670638288,0.5999231580302682,0.773124223379705,0.9984102502828389
BOR,24,23.0,1.0,image_color_derived_proxy,15.0,0.0,0.42105263157894735,0.0,88.13699722290039,650,5369.57421875,1.0,nearest_physical_car_same_track_location_crossing_headway_le_2s,0.9960289094810619,0.9960289094810619,0.9960289094810619,0.9960289094810619,0.9960289094810619,0.5503466166142404,0.7884112491785924,1.133512983650997,1.0,1.0,1.0,1.0,1.0,0.3998148441314697,0.5076935291290283,0.7197682857513428,1.0,1.0,1.0,1.0,1.0,0.3915650953700195,0.5034798269308733,0.7129598278658393,0.9983514192466296
BOR,25,28.0,1.0,image_color_derived_proxy,15.0,0.0,0.43859649122807015,0.0,87.72100067138672,653,5369.57421875,1.0,nearest_physical_car_same_track_location_crossing_headway_le_2s,0.9975490475264676,0.9975490475264676,0.9975490475264676,0.9975490475264676,0.9975490475264676,0.8492688988437171,1.0672162229593953,1.2312685648600261,1.0,1.0,1.0,1.0,1.0,0.7223589420318604,0.8485136032104492,0.9277241230010986,1.0,1.0,1.0,1.0,1.0,0.7105892031180576,0.8458525817169257,0.939899634395652,0.9986363271218828
BOR,26,30.0,1.0,image_color_derived_proxy,15.0,0.0,0.45614035087719296,0.0,88.01600646972656,642,5369.57421875,1.0,nearest_physical_car_same_track_location_crossing_headway_le_2s,0.5613070390187297,0.807307752930845,0.9700849594749122,0.9937056901096994,0.9937056901096994,0.9308769103663935,1.4435242019023657,1.8143510592713648,1.0,1.0,1.0,1.0,1.0,0.943178653717041,1.214646577835083,1.3872549533843994,0.9672673548862672,1.0,1.0,1.0,1.0,0.9626628031130743,1.19983448214582,1.372240162976836,1.0
BOR,27,49.0,0.9181600035000002,image_color_derived_proxy,15.0,0.0,0.47368421052631576,0.0,87.53800201416016,633,5369.57421875,1.0,nearest_physical_car_same_track_location_crossing_headway_le_2s,0.34889981790331365,0.8832393318351205,0.996138819806871,0.996138819806871,0.996138819806871,1.201580861198457,1.5746293704942387,1.7636999511718752,0.61502423438272,1.0,1.0,1.0,1.0,1.3259544372558594,1.4646756649017334,1.6000802516937256,0.6056797122936197,0.9275858095513588,0.9965729692766491,1.0,1.0,1.265584698540797,1.4627509111618073,1.6878244334128742,1.0
BOR,28,34.0,0.9899501745000001,image_color_derived_proxy,15.0,0.0,0.49122807017543857,0.0,87.76100158691406,659,5369.57421875,0.9744761588488579,nearest_physical_car_same_track_location_crossing_headway_le_2s,0.13608541916420136,0.35851915777098775,0.7404655515844332,0.9705906123294034,0.9961258418041234,1.4331932773109244,1.842927399846434,2.103945384618871,0.0,0.3901619119691281,0.9744761588488579,1.0,1.0,1.6452043056488037,1.765373945236206,1.975663423538208,0.07178590647143661,0.48199086586902035,0.8578183775377054,0.9672064148861906,0.9933911211065626,1.5475933592111681,1.777727742987304,2.060232439123283,0.8842794610378412
BOR,29,203.0,0.18111424790000016,image_color_derived_proxy,15.0,0.0,0.5087719298245614,0.0,87.93299865722656,638,5369.57421875,0.4478296227669403,nearest_physical_car_same_track_location_crossing_headway_le_2s,0.09731274088863755,0.19057694536852632,0.3659832337289383,0.642750699744021,0.906553756412707,1.5004823213465075,2.1599962687942216,2.4899896529035086,0.0,0.0,0.4478296227669403,0.745567631716445,1.0,1.8452212810516357,2.020601749420166,2.331395387649536,0.01954899521532761,0.14715750323151494,0.4353200830953549,0.6905029847155286,0.9060647540239715,1.6805982422731218,2.0579050461057498,2.4855329714082663,0.30067165944571816
BOR,30,240.0,0.00403182610000016,image_color_derived_proxy,15.0,0.0,0.5263157894736842,0.0,87.81999969482422,638,5369.57421875,0.0,nearest_physical_car_same_track_location_crossing_headway_le_2s,0.004554788513651986,0.024368018641368328,0.09382827741875568,0.17764748656972013,0.3393076224396418,2.0283632697545895,2.7227714811449713,3.2984331641007816,0.0,0.0,0.0,0.0,0.6400022678814044,2.2988882064819336,2.454183340072632,2.680163621902466,0.0,0.0,0.05967885826310256,0.25304038800970535,0.557811417994477,2.0784456365399464,2.4469739269459287,3.080532160478529,0.0
BOR,31,240.0,0.00403182610000016,image_color_derived_proxy,15.0,0.0,0.543859649122807,0.0,87.31700134277344,635,5369.57421875,0.0,nearest_physical_car_same_track_location_crossing_headway_le_2s,0.0,0.010078232813569534,0.03778188859163635,0.09780452744797775,0.15940764196779433,2.253075579087511,3.1078740688962436,3.7977890326052295,0.0,0.0,0.0,0.0,0.0,2.9809086322784424,3.0789284706115723,3.2252533435821533,0.0,0.0,0.0,0.005955317404022468,0.05770928212551117,2.5486491783568432,3.0082516388614775,4.159620990371033,0.0
BOR,32,240.0,0.00403182610000016,image_color_derived_proxy,16.0,0.0,0.5614035087719298,0.0029282576866764276,91.73999786376953,684,5369.57421875,0.010911265249537509,nearest_physical_car_same_track_location_crossing_headway_le_2s,0.0056463674924913995,0.013298465763153616,0.04141049619756922,0.09435362730980673,0.14344883735725553,2.2619503557189438,3.203133329738505,4.0634498488400785,0.010911265249537509,0.010911265249537509,0.010911265249537509,0.010911265249537509,0.010911265249537509,2.9618847370147705,3.0660226345062256,3.335966110229492,0.010911265249537509,0.010911265249537509,0.010911265249537509,0.020950522452200894,0.08397652468347035,2.5420291213376056,3.0425357218959026,4.345784430333371,0.0
BOR,33,240.0,0.00403182610000016,image_color_derived_proxy,16.0,0.0,0.5789473684210527,0.00975609756097561,108.15999937057495,821,5369.57421875,0.10907913693302684,nearest_physical_car_same_track_location_crossing_headway_le_2s,0.0983450479312385,0.1009522926580669,0.11685465767471813,0.17977071446470141,0.24331545146954306,1.725992545805097,3.0992853078102125,4.074835660564366,0.09854843776114919,0.10409578741569508,0.10907913693302684,0.116290668559073,0.14514609285886138,1.5743811130523682,3.134432554244995,3.482246160507202,0.1009522860451255,0.10833950148094398,0.12721894658497546,0.16155694457401523,0.254779949768009,1.4213483211001394,2.9515228192151994,4.209823065157757,0.09297543884451331
BOR,34,240.0,0.00403182610000016,image_color_derived_proxy,16.0,0.0,0.5964912280701754,0.0015503875968992248,85.7280044555664,646,5369.57421875,0.0,nearest_physical_car_same_track_location_crossing_headway_le_2s,0.0,0.0,0.010265036188627799,0.06117023690831547,0.10283683497439292,2.4704840717790817,3.382132481383766,4.044497105189732,0.0,0.0,0.0,0.0,0.0,3.315977096557617,3.4768335819244385,3.6576528549194336,0.0,0.0,0.0,0.0,0.0,2.8640607154428754,3.3611587341884506,4.7723505315171195,0.0
BOR,35,240.0,0.00403182610000016,image_color_derived_proxy,15.0,0.0,0.6140350877192983,0.0015625,85.86800384521484,641,5369.57421875,0.006952530126680036,nearest_physical_car_same_track_location_crossing_headway_le_2s,0.02422322437418541,0.026773651672859382,0.03466950015886427,0.049925457824291676,0.09475005549809412,2.5118493181918202,3.4763797493868096,4.370047443629466,0.006952530126680036,0.006952530126680036,0.006952530126680036,0.00861787832951914,0.00861787832951914,3.138659715652466,3.414517879486084,3.685507297515869,0.006952530126680036,0.00861787832951914,0.009747517768053018,0.009747517768053018,0.028858253713874262,2.706244002396454,3.2224547362903375,4.72334290742294,0.0004570055059672784
BOR,36,240.0,0.00403182610000016,image_color_derived_proxy,15.0,0.0,0.631578947368421,0.0,85.85849571228027,651,5369.57421875,0.0,nearest_physical_car_same_track_location_crossing_headway_le_2s,0.0,0.020685209562884062,0.06122869659627384,0.11374533237331844,0.19310843715765952,2.1721574239527928,2.852464193433852,3.53252197265625,0.0,0.0,0.0,0.0,0.0,2.7780239582061768,2.9155871868133545,3.3775553703308105,0.0,0.0,0.0,0.02282824859919272,0.14020742035596956,2.443591595602072,2.8667726420976036,3.9583322119610536,0.0
BOR,37,240.0,0.00403182610000016,image_color_derived_proxy,15.0,0.0,0.6491228070175439,0.0,86.3644962310791,639,5369.57421875,0.0,nearest_physical_car_same_track_location_crossing_headway_le_2s,0.0,0.017136644101156742,0.07530864322951111,0.15116170057824152,0.22577574153317448,2.0779749719497067,2.846556772603097,3.3870047784581065,0.0,0.0,0.0,0.0,0.2984675596124185,2.3962340354919434,2.5817043781280518,2.8793795108795166,0.0,0.008290439179494976,0.061275133106060885,0.1972338965909994,0.48048676995951556,2.069958053054568,2.5208503208538313,3.416550884629326,0.01285554980138992
BOR,38,240.0,0.00403182610000016,image_color_derived_proxy,15.0,0.0,0.6666666666666666,0.0,86.38200283050537,639,5369.57421875,0.1360815989782077,nearest_physical_car_same_track_location_crossing_headway_le_2s,0.006749093144429677,0.03354859693174161,0.08623323884212844,0.15744015702692798,0.23580147054318154,2.0747050333366124,2.839318071486633,3.3444265471068144,0.0,0.018985429092983244,0.1360815989782077,0.36838690414056513,0.7006088613367283,1.9264552593231201,2.29736065864563,3.021426200866699,0.026822732361505286,0.1108332428497199,0.21360939419182973,0.4221018117018248,0.6550090725577746,1.717930921440007,2.321197377249974,3.186581593329476,0.1329817109268211
BOR,39,240.0,0.00403182610000016,image_color_derived_proxy,15.0,0.0,0.6842105263157895,0.0,86.24899911880493,647,5369.57421875,0.0,nearest_physical_car_same_track_location_crossing_headway_le_2s,0.0,0.006492844891099938,0.016220457915934496,0.07207041353860395,0.14101040594594144,2.387797904444946,3.2597024356617648,3.9122190155252055,0.0,0.0,0.0,0.0,0.0,3.2545876502990723,3.524200201034546,4.093883514404297,0.0,0.0,0.0,0.0,0.0,2.9025093729711364,3.588036342094978,4.773911425955042,0.0
BOR,40,240.0,0.00403182610000016,image_color_derived_proxy,15.0,0.0,0.7017543859649122,0.0,86.16300201416016,630,5369.57421875,0.0,nearest_physical_car_same_track_location_crossing_headway_le_2s,0.0,0.0,0.010224790117055238,0.0315100570174658,0.06187111266184781,2.5989204702038577,3.582713165891123,4.457898156117585,0.0,0.0,0.0,0.0,0.0,3.283498764038086,3.467944383621216,3.657372236251831,0.0,0.0,0.0,0.0,0.01723478262871476,2.8117859400268475,3.4081973376984487,4.7695835540340035,0.0
BOR,41,240.0,0.00403182610000016,image_color_derived_proxy,15.0,0.0,0.7192982456140351,0.0,86.26399993896484,634,5369.57421875,0.0,nearest_physical_car_same_track_location_crossing_headway_le_2s,0.0,0.0,0.008984022439603796,0.014548353445870382,0.045894006657058874,2.79208457270914,3.8435665848861023,4.895600175971431,0.0,0.0,0.0,0.0,0.0,3.6490790843963623,3.75700306892395,4.009930610656738,0.0,0.0,0.0,0.0,0.0,2.995497117635344,3.7251472261476706,5.187432242982795,0.0
BOR,42,240.0,0.00403182610000016,image_color_derived_proxy,15.0,0.0,0.7368421052631579,0.0,85.97799682617188,666,5369.57421875,0.0,nearest_physical_car_same_track_location_crossing_headway_le_2s,0.0,0.0,0.0023261854232753247,0.010235189241433459,0.02646025936108943,2.9820044948630136,4.13327761655022,5.295491055575284,0.0,0.0,0.0,0.0,0.0,3.9545295238494873,4.099564075469971,4.42176365852356,0.0,0.0,0.0,0.0,0.0,3.2475243252091737,4.097809422400496,5.791268896553792,0.0
BOR,43,240.0,0.00403182610000016,image_color_derived_proxy,15.0,0.0,0.7543859649122807,0.0,86.08099746704102,636,5369.57421875,0.0,nearest_physical_car_same_track_location_crossing_headway_le_2s,0.0,0.0,0.00418209260575503,0.01440503488116456,0.023745040962097334,2.8859533537222863,4.111386299683755,5.382127499601915,0.0,0.0,0.0,0.0,0.0,4.035693645477295,4.188761234283447,4.309566974639893,0.0,0.0,0.0,0.0,0.0,3.271797539688357,4.129913220240721,5.8343864939993155,0.0020324591679709014
BOR,44,240.0,0.00403182610000016,image_color_derived_proxy,15.0,0.0,0.7719298245614035,0.0,86.04599952697754,635,5369.57421875,0.0,nearest_physical_car_same_track_location_crossing_headway_le_2s,0.0,0.0,0.0,0.007193820568114852,0.01255140299717032,3.1420061472602225,4.295280928545187,5.490321350097656,0.0,0.0,0.0,0.0,0.0,4.054830551147461,4.142212152481079,4.279441595077515,0.0,0.0,0.0,0.0,0.0,3.3042326892466916,4.116388509491569,5.7950666996527875,0.002253682337793217
BOR,45,240.0,0.00403182610000016,image_color_derived_proxy,15.0,0.0,0.7894736842105263,0.0,85.86999893188477,661,5369.57421875,0.0,nearest_physical_car_same_track_location_crossing_headway_le_2s,0.0,0.0,0.0,0.0,0.007918950898266372,3.360154625323179,4.573360813685826,5.987356567382813,0.0,0.0,0.0,0.0,0.0,4.240889549255371,4.303516864776611,4.377726078033447,0.0,0.0,0.0,0.0,0.0,3.406567628232587,4.200222144762003,6.051372308447188,0.0021123348800917707
BOR,46,240.0,0.00403182610000016,image_color_derived_proxy,15.0,0.0,0.8070175438596491,0.0,85.81000423431396,635,5369.57421875,0.0,nearest_physical_car_same_track_location_crossing_headway_le_2s,0.0,0.0,0.0,0.003204727859361574,0.0067590955335892,3.3124422913488307,4.578128085293613,5.93785502684183,0.0,0.0,0.0,0.0,0.0,4.076725721359253,4.2490668296813965,4.50588846206665,0.0,0.0,0.0,0.0,0.0,3.284226639263073,4.232387723504621,5.902847570732122,0.0033278792436816085
BOR,47,240.0,0.00403182610000016,image_color_derived_proxy,15.0,0.0,0.8245614035087719,0.0,86.06700134277344,654,5369.57421875,0.0,nearest_physical_car_same_track_location_crossing_headway_le_2s,0.0,0.0,0.0,0.0,0.00668085043011357,3.3767011199909898,4.682508886591537,6.15591568828588,0.0,0.0,0.0,0.0,0.0,4.170851707458496,4.290360927581787,4.553248167037964,0.0,0.0,0.0,0.0,0.0,3.3302569610853707,4.266120277003041,6.072397908618231,0.0025384924017032295
BOR,48,240.0,0.00403182610000016,image_color_derived_proxy,15.0,0.0,0.8421052631578947,0.0,85.89199984073639,653,5369.57421875,0.0,nearest_physical_car_same_track_location_crossing_headway_le_2s,0.0,0.0,0.0,0.004587145490406681,0.01018721186632576,3.31573095703125,4.575155834441489,6.024293975830078,0.0,0.0,0.0,0.0,0.0,4.434541463851929,4.527023553848267,4.754188299179077,0.0,0.0,0.0,0.0,0.0,3.5625675519773474,4.491657984579214,6.412379220828512,0.0024095202633664936
BOR,49,240.0,0.00403182610000016,image_color_derived_proxy,15.0,0.0,0.8596491228070176,0.0015923566878980893,85.94800186157227,629,5369.57421875,0.0,nearest_physical_car_same_track_location_crossing_headway_le_2s,0.0,0.0,0.0017103289890044954,0.0017103289890044954,0.010552865232688849,3.444824620297081,4.854881941120913,6.673271016871676,0.0,0.0,0.0,0.0,0.0,4.547893047332764,4.68689227104187,4.9337379932403564,0.0,0.0,0.0,0.0,0.0,3.6624115380789544,4.717652570629813,7.234055868606612,0.0023647518537024403
BOR,50,241.0,0.0,image_color_derived_proxy,14.0,0.0,0.8771929824561403,0.0015360983102918587,86.18899726867676,652,5369.57421875,0.0,nearest_physical_car_same_track_location_crossing_headway_le_2s,0.006636577582114593,0.009885252123706596,0.009885252123706596,0.009885252123706596,0.009885252123706596,3.9624425669185452,5.513245606736899,7.697609759391623,0.0,0.0,0.0,0.0,0.0,4.993900537490845,5.315006256103516,5.743595361709595,0.0,0.0,0.0,0.0,0.0,4.015598906033382,5.380825803276514,7.871849901071284,0.006925819075718542
BOR,51,240.0,0.00403182610000016,image_color_derived_proxy,14.0,0.0,0.8947368421052632,0.0,86.15499877929688,655,5369.57421875,0.0,nearest_physical_car_same_track_location_crossing_headway_le_2s,0.0,0.0,0.0,0.0,0.0,4.81928360047128,6.425867776792383,9.22183349609375,0.0,0.0,0.0,0.0,0.0,5.979878187179565,6.428932428359985,6.666187524795532,0.0,0.0,0.0,0.0,0.0,4.872275574075016,6.324746506767923,9.244743629138947,0.005043218071040911
BOR,52,240.0,0.00403182610000016,image_color_derived_proxy,14.0,0.0,0.9122807017543859,0.0,86.11100149154663,651,5369.57421875,0.0,nearest_physical_car_same_track_location_crossing_headway_le_2s,0.0,0.0,0.0,0.0,0.0,5.3925375661542345,7.20621551385131,10.794200474330358,0.0,0.0,0.0,0.0,0.0,6.587621450424194,7.044111013412476,7.630295276641846,0.0,0.0,0.0,0.0,0.0,5.344603514047382,7.096182127809295,10.282560145654351,0.005031780129473362
BOR,53,240.0,0.00403182610000016,image_color_derived_proxy,14.0,0.0,0.9298245614035088,0.0,85.91699981689453,662,5369.57421875,0.0,nearest_physical_car_same_track_location_crossing_headway_le_2s,0.0,0.0,0.0,0.0,0.0,5.985038268166866,7.623254329902982,11.469631118774416,0.0,0.0,0.0,0.0,0.0,7.746372938156128,7.953290224075317,8.09427547454834,0.0,0.0,0.0,0.0,0.0,6.125598102693911,7.804535667251636,11.685739136331817,0.005020342187905702
BOR,54,240.0,0.00403182610000016,image_color_derived_proxy,14.0,0.0,0.9473684210526315,0.0,85.36199951171875,644,5369.57421875,0.0,nearest_physical_car_same_track_location_crossing_headway_le_2s,0.0,0.0,0.0,0.0,0.0,6.090974951992516,7.72195269237425,11.583946119035994,0.0,0.0,0.0,0.0,0.0,7.158080101013184,7.35323691368103,7.636878728866577,0.0,0.0,0.0,0.0,0.0,5.526630406039696,7.37853851505982,10.746855247829712,0.005008904246338153
BOR,55,235.0,0.02796188310000005,image_color_derived_proxy,13.0,0.0,0.9649122807017544,0.0032258064516129032,85.80399322509766,621,5369.57421875,0.01911332244579892,nearest_physical_car_same_track_location_crossing_headway_le_2s,0.026945136091660864,0.032527627926232344,0.03625705452744814,0.04045267056838389,0.04475316367286145,4.612225784793977,7.255500183105469,10.679084596795551,0.014824477408573565,0.018553904009789356,0.01911332244579892,0.023775127926454635,0.024148043911613043,7.339078187942505,7.818093299865723,7.965088605880737,0.014824477408573565,0.01911332244579892,0.01911332244579892,0.024148043911613043,0.026945136091660864,5.722692376396379,7.6078634660222875,12.71111976775549,0.02650538437628025
BOR,56,239.0,0.00881783750000011,image_color_derived_proxy,13.0,0.0,0.9824561403508771,0.0,85.45000076293945,627,5369.57421875,0.0,nearest_physical_car_same_track_location_crossing_headway_le_2s,0.0,0.0,0.0,0.0,0.0,5.064747802734375,6.570557680885283,9.853188686051364,0.0,0.0,0.0,0.0,0.0,6.155652761459351,6.641111612319946,7.26098370552063,0.0,0.0,0.0,0.0,0.0,4.954834097816201,6.538673594251512,9.768683558158648,0.005113499675800326
BOR,57,240.0,0.00403182610000016,image_color_derived_proxy,13.0,0.08165997852424474,1.0,0.0,86.75000381469727,627,5369.57421875,0.0,nearest_physical_car_same_track_location_crossing_headway_le_2s,0.0,0.0,0.0,0.0,0.0,4.952580802671371,6.665222444354363,9.66617544713622,0.0,0.0,0.0,0.0,0.0,6.2831501960754395,6.466621160507202,7.0492775440216064,0.0,0.0,0.0,0.0,0.0,5.042804893264809,6.761285584697636,9.753284014851396,0.0
OCO,1,15.0,1.0,image_color_derived_proxy,15.0,0.005966537159956903,0.017543859649122806,0.10911602209944751,96.7060033082962,725,5369.57421875,0.9940334628400431,nearest_physical_car_same_track_location_crossing_headway_le_2s,0.9937129034429084,0.9937129034429084,0.9937129034429084,0.9937129034429084,0.9937129034429084,0.010957075227984153,0.09410091627628432,0.31601011311791183,0.9940334628400431,0.9940334628400431,0.9940334628400431,0.9940334628400431,0.9940334628400431,0.01468801498413086,0.12089920043945312,0.3203439712524414,1.0,1.0,1.0,1.0,1.0,0.015171671163784668,0.12206198402363741,0.3317292450812395,0.9957228981450033
OCO,2,15.0,1.0,image_color_derived_proxy,15.0,0.0,0.03508771929824561,0.002962962962962963,89.61799812316895,676,5369.57421875,1.0,nearest_physical_car_same_track_location_crossing_headway_le_2s,0.9979579994848852,0.9979579994848852,0.9979579994848852,0.9979579994848852,0.9979579994848852,0.4135259713509094,0.7121034472244403,0.9429513929582068,1.0,1.0,1.0,1.0,1.0,0.09350252151489258,0.24732017517089844,0.4209146499633789,1.0,1.0,1.0,1.0,1.0,0.09491142384245178,0.24900782550756587,0.419560073547151,0.9989791235915237
OCO,3,15.0,1.0,image_color_derived_proxy,15.0,0.0,0.05263157894736842,0.0030165912518853697,89.17000198364258,664,5369.57421875,1.0,nearest_physical_car_same_track_location_crossing_headway_le_2s,0.998026242064247,0.998026242064247,0.998026242064247,0.998026242064247,0.998026242064247,0.14796667098999022,0.5156336136446654,0.8208559753417969,1.0,1.0,1.0,1.0,1.0,0.19919180870056152,0.4559903144836426,0.5335400104522705,1.0,1.0,1.0,1.0,1.0,0.1997608611256819,0.4601482337599667,0.5335876769713026,0.9989809893120702
OCO,4,15.0,1.0,image_color_derived_proxy,15.0,0.0,0.07017543859649122,0.006042296072507553,88.97899985313416,663,5369.57421875,1.0,nearest_physical_car_same_track_location_crossing_headway_le_2s,0.9962125893418221,0.9962125893418221,0.9962125893418221,0.9962125893418221,0.9962125893418221,0.0979376245122413,0.3158396379002985,0.6796699599464341,1.0,1.0,1.0,1.0,1.0,0.1315464973449707,0.5766489505767822,0.6786723136901855,1.0,1.0,1.0,1.0,1.0,0.1329947180120712,0.5755524851081965,0.684610470970407,0.9986159858511867
OCO,5,15.0,1.0,image_color_derived_proxy,15.0,0.0,0.08771929824561403,0.0,88.53199982643127,671,5369.57421875,1.0,nearest_physical_car_same_track_location_crossing_headway_le_2s,0.9949170922495674,0.9949170922495674,0.9949170922495674,0.9949170922495674,0.9949170922495674,0.48079540477860505,0.8938429311461631,1.1508780955792113,1.0,1.0,1.0,1.0,1.0,0.4370729923248291,0.5587630271911621,0.7566483020782471,1.0,1.0,1.0,1.0,1.0,0.43424449028788553,0.5558664547548448,0.7579832540343642,0.9983519950936737
OCO,6,20.0,1.0,image_color_derived_proxy,15.0,0.0,0.10526315789473684,0.0,88.45600128173828,655,5369.57421875,1.0,nearest_physical_car_same_track_location_crossing_headway_le_2s,0.9972076513708368,0.9972076513708368,0.9972076513708368,0.9972076513708368,0.9972076513708368,0.5687771329158807,0.7980041440853403,0.9742111206054688,1.0,1.0,1.0,1.0,1.0,0.5988256931304932,0.8416454792022705,1.0325431823730469,1.0,1.0,1.0,1.0,1.0,0.5899587834433364,0.830269382341494,1.0362367937351868,0.9987870939754031
OCO,7,36.0,0.9803781517,image_color_derived_proxy,10.0,0.0,0.12280701754385964,0.006273525721455458,105.40500068664551,798,5369.57421875,0.9518049257818723,nearest_physical_car_same_track_location_crossing_headway_le_2s,0.8479766973452939,0.941463904791302,0.9498411109429442,0.9715478438736217,0.9950761349990971,0.6000975294790261,1.156464676011563,1.5917142595563616,0.5865660589805647,0.9174232500956299,0.9518049257818723,0.9637493560968031,0.9793937948279177,0.7074337005615234,1.413928747177124,1.7370731830596924,0.6090697869554653,0.8992171863429387,0.9528200793097289,0.9653906476348362,0.9797542919505907,0.7126554987162376,1.3970558984653985,1.7534609957672564,0.9585837512515232
OCO,8,191.0,0.2385463847000001,image_color_derived_proxy,4.0,0.0,0.14035087719298245,0.011853448275862068,127.74100112915039,929,5369.57421875,0.2847559224883421,nearest_physical_car_same_track_location_crossing_headway_le_2s,0.3321173101222739,0.37799138361560053,0.4022984245317753,0.41054952593709526,0.41769681620482285,0.1673136772987822,3.7016131941079387,14.435187309740245,0.2676822848052338,0.2804190153904239,0.2847559224883421,0.2961305385019359,0.3211733415245357,0.5340142250061035,5.269948482513428,18.455904960632324,0.26429268191796007,0.27316995101270103,0.287574127831582,0.2953555199474643,0.31335284227434446,0.5317182381534967,6.196483247168738,16.05562328129407,0.31383882251713213
OCO,9,19.0,1.0,image_color_derived_proxy,19.0,0.0,0.15789473684210525,0.0175,160.73599243164062,1201,5369.57421875,0.9385203038847374,nearest_physical_car_same_track_location_crossing_headway_le_2s,0.7741824970943476,0.8053453588196818,0.822230263479301,0.8398118397313854,0.8434637769144709,0.12736781876662684,0.44373949515719374,10.618200908145793,0.9201983893763372,0.9326411799503588,0.9385203038847374,0.943746277527783,0.945992173054209,0.2226543426513672,0.4359099864959717,1.206132411956787,0.9215173424486477,0.9353785942919656,0.9429126193730507,0.945992173054209,0.9492335243403405,0.22421673417547397,0.43068081639959294,1.1952537050104919,0.9169371972414402
OCO,10,173.0,0.32469458990000005,image_color_derived_proxy,19.0,0.0,0.17543859649122806,0.002079002079002079,125.9540023803711,963,5369.57421875,0.2489242410962283,nearest_physical_car_same_track_location_crossing_headway_le_2s,0.26437431897172964,0.267351596334203,0.26913795063711443,0.2724248764752748,0.27421916582324,0.28421052631578947,11.043177490234376,46.98897351716694,0.2364197004029852,0.24463695442552302,0.2489242410962283,0.2501945146063282,0.2548073077755779,0.1606311798095703,12.394259452819824,25.08618187904358,0.23451419927854086,0.23892057219791601,0.24786033933039,0.25400541558496154,0.2603648942203979,0.15965261021908606,12.081384387342332,33.011269025909975,0.2555264367084543
OCO,11,15.0,1.0,image_color_derived_proxy,18.0,0.0,0.19298245614035087,0.0045385779122541605,89.24099731445312,662,5369.57421875,1.0,nearest_physical_car_same_track_location_crossing_headway_le_2s,0.9961116525666077,0.9961116525666077,0.9961116525666077,0.9961116525666077,0.9961116525666077,0.22662722796378051,0.5248071616768037,0.7993467796505905,1.0,1.0,1.0,1.0,1.0,0.14975309371948242,0.31867170333862305,0.6282176971435547,1.0,1.0,1.0,1.0,1.0,0.14895851291739703,0.31682509246834817,0.6029297626924259,0.9981338290364086
OCO,12,15.0,1.0,image_color_derived_proxy,18.0,0.0,0.21052631578947367,0.0,88.84799575805664,658,5369.57421875,1.0,nearest_physical_car_same_track_location_crossing_headway_le_2s,0.9951377630128871,0.9951377630128871,0.9951377630128871,0.9951377630128871,0.9951377630128871,0.34561010147259985,0.5131054424249326,0.6349736809051975,1.0,1.0,1.0,1.0,1.0,0.3971431255340576,0.5195102691650391,0.6610355377197266,1.0,1.0,1.0,1.0,1.0,0.3949105158093224,0.5177408900708784,0.6656714390167126,0.997932534590583
OCO,13,15.0,1.0,image_color_derived_proxy,18.0,0.0,0.22807017543859648,0.0,88.55599975585938,674,5369.57421875,1.0,nearest_physical_car_same_track_location_crossing_headway_le_2s,0.995065269347734,0.995065269347734,0.995065269347734,0.995065269347734,0.995065269347734,0.40672269548688617,0.5707052692614104,0.7230030304795012,1.0,1.0,1.0,1.0,1.0,0.3608112335205078,0.49726247787475586,0.6767005920410156,1.0,1.0,1.0,1.0,1.0,0.36260710454387907,0.4946590286291377,0.6814642036213919,0.9979069642519748
OCO,14,15.0,1.0,image_color_derived_proxy,18.0,0.0,0.24561403508771928,0.0,88.3899974822998,671,5369.57421875,1.0,nearest_physical_car_same_track_location_crossing_headway_le_2s,0.9972055662297107,0.9972055662297107,0.9972055662297107,0.9972055662297107,0.9972055662297107,0.5140242604376043,0.6649601484199918,0.7548004069869311,1.0,1.0,1.0,1.0,1.0,0.2752835750579834,0.4821286201477051,0.6272227764129639,1.0,1.0,1.0,1.0,1.0,0.27482071827139054,0.478519606422738,0.6218112944101112,0.9983127700137966
OCO,15,23.0,1.0,image_color_derived_proxy,18.0,0.0,0.2631578947368421,0.0,88.20500028133392,653,5369.57421875,1.0,nearest_physical_car_same_track_location_crossing_headway_le_2s,0.9969162744298578,0.9969162744298578,0.9969162744298578,0.9969162744298578,0.9969162744298578,0.6636953641451322,0.9539645446877412,1.2662424739923637,1.0,1.0,1.0,1.0,1.0,0.6556017398834229,0.833808183670044,1.0368311405181885,1.0,1.0,1.0,1.0,1.0,0.6555778950567444,0.8304820441202905,1.0099118708220698,0.998244935605483
OCO,16,30.0,1.0,image_color_derived_proxy,18.0,0.0,0.2807017543859649,0.0,88.0869961977005,659,5369.57421875,1.0,nearest_physical_car_same_track_location_crossing_headway_le_2s,0.9949595283652817,0.9949595283652817,0.9949595283652817,0.9949595283652817,0.9949595283652817,0.6569476903871049,0.9217095060721455,1.142383099840833,1.0,1.0,1.0,1.0,1.0,0.5462770462036133,0.6904640197753906,0.7670702934265137,1.0,1.0,1.0,1.0,1.0,0.5468985235282287,0.6920938306211943,0.7761827037522531,0.9978520365771608
OCO,17,31.0,1.0,image_color_derived_proxy,18.0,0.0,0.2982456140350877,0.0,87.53599834442139,655,5369.57421875,1.0,nearest_physical_car_same_track_location_crossing_headway_le_2s,0.9971097606017693,0.9971097606017693,0.9971097606017693,0.9971097606017693,0.9971097606017693,0.6298155256845419,0.7312041693267649,0.9121084855435759,1.0,1.0,1.0,1.0,1.0,0.6250102519989014,0.7085525989532471,0.850013017654419,1.0,1.0,1.0,1.0,1.0,0.6208545076689109,0.709698294494303,0.8479174661774467,0.9982597792030437
OCO,18,23.0,1.0,image_color_derived_proxy,18.0,0.0,0.3157894736842105,0.0,88.26300048828125,664,5369.57421875,1.0,nearest_physical_car_same_track_location_crossing_headway_le_2s,0.9949355902878023,0.9949355902878023,0.9949355902878023,0.9949355902878023,0.9949355902878023,0.5022529458545929,0.8884807842528957,1.1831316530492382,1.0,1.0,1.0,1.0,1.0,0.5070428848266602,0.8497734069824219,1.0474295616149902,1.0,1.0,1.0,1.0,1.0,0.493748574478042,0.8639850247911572,1.024461820892462,0.9978244940460557
OCO,19,28.0,1.0,image_color_derived_proxy,18.0,0.0,0.3333333333333333,0.0,87.9780044555664,671,5369.57421875,1.0,nearest_physical_car_same_track_location_crossing_headway_le_2s,0.9704244603596355,0.995430675968371,0.995430675968371,0.995430675968371,0.995430675968371,0.7643925984700521,0.9602448522797264,1.3128162289676735,1.0,1.0,1.0,1.0,1.0,0.6158814430236816,0.7551724910736084,0.9315409660339355,1.0,1.0,1.0,1.0,1.0,0.6147536629897389,0.7518047505108391,0.9271125789030893,0.9974790295635059
OCO,20,20.0,1.0,image_color_derived_proxy,18.0,0.0,0.3508771929824561,0.0,87.5739974975586,669,5369.57421875,1.0,nearest_physical_car_same_track_location_crossing_headway_le_2s,0.9964943930849539,0.9964943930849539,0.9964943930849539,0.9964943930849539,0.9964943930849539,0.5765171157563986,0.7295622308570219,0.881971714860302,1.0,1.0,1.0,1.0,1.0,0.6993963718414307,0.8071987628936768,0.9104087352752686,1.0,1.0,1.0,1.0,1.0,0.7059316760253153,0.805845698967193,0.9100271870353026,0.9981055015434992
OCO,21,32.0,0.9995221973000001,image_color_derived_proxy,18.0,0.0,0.3684210526315789,0.0,87.65399765968323,659,5369.57421875,1.0,nearest_physical_car_same_track_location_crossing_headway_le_2s,0.9975357654942167,0.9975357654942167,0.9975357654942167,0.9975357654942167,0.9975357654942167,0.6229781604204022,0.8595860715772284,1.1035884485835523,1.0,1.0,1.0,1.0,1.0,0.5701289176940918,0.688636064529419,0.8229858875274658,1.0,1.0,1.0,1.0,1.0,0.57160681351821,0.6829136372827556,0.8187353074589919,0.9982970756626917
OCO,22,36.0,0.9803781517,image_color_derived_proxy,18.0,0.0,0.38596491228070173,0.0,87.91400146484375,654,5369.57421875,1.0,nearest_physical_car_same_track_location_crossing_headway_le_2s,0.9953932252605514,0.9953932252605514,0.9953932252605514,0.9953932252605514,0.9953932252605514,0.6297387337243044,0.7529282288633272,0.9887589250292098,1.0,1.0,1.0,1.0,1.0,0.7160415649414062,0.8463797569274902,1.1627051830291748,1.0,1.0,1.0,1.0,1.0,0.7046343234997612,0.8496149889875029,1.1977041584465755,0.9978679566838422
OCO,23,23.0,1.0,image_color_derived_proxy,18.0,0.0,0.40350877192982454,0.0,87.85400390625,674,5369.57421875,1.0,nearest_physical_car_same_track_location_crossing_headway_le_2s,0.9942176794041788,0.9942176794041788,0.9942176794041788,0.9942176794041788,0.9942176794041788,0.702220405780502,0.8386782904701359,0.9853954378438871,1.0,1.0,1.0,1.0,1.0,0.6537024974822998,0.7509005069732666,0.8849725723266602,1.0,1.0,1.0,1.0,1.0,0.6332507630796974,0.7501001592383935,0.8745487415276858,0.9976273500177172
OCO,24,32.0,0.9995221973000001,image_color_derived_proxy,17.0,0.0,0.42105263157894735,0.0030816640986132513,87.89800071716309,650,5369.57421875,0.9943115884784582,nearest_physical_car_same_track_location_crossing_headway_le_2s,0.8578579713427695,0.9518532517301553,0.9969055039641096,0.9969055039641096,0.9969055039641096,0.623964010554252,1.0609951680138119,1.553691697527749,0.9899884269694642,0.9917973029476889,0.9943115884784582,0.9970534590771213,1.0,0.5144608020782471,0.9123144149780273,1.1820812225341797,0.9888507620248101,0.9899884269694642,0.9917973029476889,0.9917973029476889,0.9961205512549544,0.5096159787798227,0.9159960905919444,1.1539619882814613,0.99806395761614
OCO,25,30.0,1.0,image_color_derived_proxy,17.0,0.0,0.43859649122807015,0.0,87.46399688720703,647,5369.57421875,1.0,nearest_physical_car_same_track_location_crossing_headway_le_2s,0.9943176618207556,0.9943176618207556,0.9943176618207556,0.9943176618207556,0.9943176618207556,0.6755321173197523,0.8312617964175346,0.9593285913710051,1.0,1.0,1.0,1.0,1.0,0.6943542957305908,0.7597954273223877,0.8672792911529541,1.0,1.0,1.0,1.0,1.0,0.6717310399875133,0.764969409102971,0.86878579690388,0.9977514366841744
OCO,26,28.0,1.0,image_color_derived_proxy,17.0,0.0,0.45614035087719296,0.0,88.27599716186523,643,5369.57421875,1.0,nearest_physical_car_same_track_location_crossing_headway_le_2s,0.9962390683986831,0.9962390683986831,0.9962390683986831,0.9962390683986831,0.9962390683986831,0.4114496033828161,0.6058981418731738,0.8154541575580562,1.0,1.0,1.0,1.0,1.0,0.21871376037597656,0.4023008346557617,0.72088623046875,1.0,1.0,1.0,1.0,1.0,0.2173078980332897,0.3992170752324779,0.7159651403390876,0.9981145705148886
OCO,27,27.0,1.0,image_color_derived_proxy,17.0,0.0,0.47368421052631576,0.0,87.93099975585938,637,5369.57421875,1.0,nearest_physical_car_same_track_location_crossing_headway_le_2s,0.9966223517102647,0.9966223517102647,0.9966223517102647,0.9966223517102647,0.9966223517102647,0.49851109095982143,0.7746874809265137,1.0970908771861683,1.0,1.0,1.0,1.0,1.0,0.48566246032714844,0.7150816917419434,0.915114164352417,1.0,1.0,1.0,1.0,1.0,0.47970885459786244,0.7256505784068162,0.9599335530915227,0.9981778523702417
OCO,28,19.0,1.0,image_color_derived_proxy,17.0,0.0,0.49122807017543857,0.0,87.65499877929688,656,5369.57421875,1.0,nearest_physical_car_same_track_location_crossing_headway_le_2s,0.992607373605811,0.9951286293751843,0.9951286293751843,0.9951286293751843,0.9951286293751843,0.7883059132538379,1.0127820528470555,1.2576969493519177,1.0,1.0,1.0,1.0,1.0,0.8744521141052246,0.9769775867462158,1.2426438331604004,0.9963493274852477,1.0,1.0,1.0,1.0,0.8385486907860524,0.987118315170329,1.2385638799791558,0.9977358588300529
OCO,29,39.0,0.9660201175,image_color_derived_proxy,17.0,0.0,0.5087719298245614,0.0,87.45600128173828,638,5369.57421875,1.0,nearest_physical_car_same_track_location_crossing_headway_le_2s,0.9946144349269299,0.9946144349269299,0.9946144349269299,0.9946144349269299,0.9946144349269299,0.9449732287176725,1.0956042812564406,1.3160000400688814,1.0,1.0,1.0,1.0,1.0,0.8502981662750244,1.001084804534912,1.171607494354248,1.0,1.0,1.0,1.0,1.0,0.8462679814525067,0.9800890506810332,1.1715315710471388,0.9977635398402418
OCO,30,28.0,1.0,image_color_derived_proxy,17.0,0.0,0.5263157894736842,0.0,87.72200012207031,637,5369.57421875,1.0,nearest_physical_car_same_track_location_crossing_headway_le_2s,0.920077067428977,0.9968764963332863,0.9968764963332863,0.9968764963332863,0.9968764963332863,0.9049235764055416,1.1602072864879263,1.466638280990276,0.9452816506112682,1.0,1.0,1.0,1.0,0.9475538730621338,1.208986520767212,1.460453748703003,0.9374501756755887,1.0,1.0,1.0,1.0,0.9364175013296246,1.2036636226001853,1.4478824167585294,0.9995443677230129
OCO,31,31.0,1.0,image_color_derived_proxy,17.0,0.0,0.543859649122807,0.0,87.6510009765625,637,5369.57421875,1.0,nearest_physical_car_same_track_location_crossing_headway_le_2s,0.8586439942716653,0.9943982385689648,0.9943982385689648,0.9943982385689648,0.9943982385689648,1.0479408801455685,1.3039741025265486,1.520724914333726,0.9981631343510153,1.0,1.0,1.0,1.0,1.1416919231414795,1.2975809574127197,1.401252269744873,0.924689939158776,0.9894924460717205,1.0,1.0,1.0,1.1141935702070387,1.289896285336614,1.4724768902702823,0.9943250322590587
OCO,32,39.0,0.9660201175,image_color_derived_proxy,15.0,0.0,0.5614035087719298,0.0030816640986132513,87.28099822998047,650,5369.57421875,0.9843494306646929,nearest_physical_car_same_track_location_crossing_headway_le_2s,0.8852098420074309,0.9961274503456921,0.9961274503456921,0.9961274503456921,0.9961274503456921,0.9035561736518815,1.2873052815444597,1.5074574468211406,0.43605131775566547,0.8601528221575083,0.9843494306646929,0.9972617360257935,0.9972617360257935,1.3255319595336914,1.5413744449615479,1.7738800048828125,0.37557997770123414,0.8383955290581065,0.9286900371019646,0.9660292156664783,0.9805570670523278,1.258952679829163,1.5598092983046183,1.8409453195467727,0.9704425487419228
OCO,33,61.0,0.8607278667,image_color_derived_proxy,6.0,0.0,0.5789473684210527,0.013677811550151976,87.55999755859375,659,5369.57421875,0.9545797196053661,nearest_physical_car_same_track_location_crossing_headway_le_2s,0.3620832122633807,0.596870804938395,0.8113179539531261,0.9052192827713262,0.9650867778029835,1.2398660246858892,1.6253776923759835,2.2131192238915047,0.712345821104896,0.8946208489352829,0.9545797196053661,0.965520785537069,0.9710255864095176,1.1330835819244385,1.3419568538665771,1.764314889907837,0.7395270987501246,0.901747398568957,0.9422110515956553,0.9504454130790968,0.9653266374923932,1.1154589612981494,1.3466108920193165,1.7191873966887063,0.9272349500304627
OCO,34,215.0,0.12368211110000005,image_color_derived_proxy,6.0,0.0,0.5964912280701754,0.0,91.01000213623047,699,5369.57421875,0.13814965013849181,nearest_physical_car_same_track_location_crossing_headway_le_2s,0.020624105164088146,0.057971650357624194,0.18812221785617791,0.261938232425211,0.36899234772521905,1.87994779698989,2.808051503528919,4.180075030259683,0.0,0.0,0.13814965013849181,0.32253597849183113,0.48821006662579663,1.848771095275879,2.579012155532837,3.074070453643799,0.0,0.0353807399749666,0.19616525376307867,0.36120206930031806,0.49963734494226314,1.830781712456584,2.5060307539162614,3.4679690143620348,0.15636849697688654
OCO,35,240.0,0.00403182610000016,image_color_derived_proxy,17.0,0.0,0.6140350877192983,0.013513513513513514,109.39199829101562,815,5369.57421875,0.19250037110147084,nearest_physical_car_same_track_location_crossing_headway_le_2s,0.021198985175329893,0.028137335467813735,0.0339604312506399,0.037251353950432366,0.05246274809899801,2.907900304517311,4.314483392991984,9.525933956210194,0.16199538994201376,0.17681364363417154,0.19250037110147084,0.2108198070875634,0.21448553202930656,0.857724666595459,4.217618942260742,4.744901895523071,0.16289124680800862,0.17866021944535265,0.19250037110147084,0.2108198070875634,0.21448553202930656,0.845197697458605,3.8336202420368823,5.8416459527657,0.16207543218926013
OCO,36,240.0,0.00403182610000016,image_color_derived_proxy,17.0,0.0,0.631578947368421,0.0,85.19199752807617,642,5369.57421875,0.0,nearest_physical_car_same_track_location_crossing_headway_le_2s,0.0,0.010998688865693072,0.027913445344022413,0.06900882571917044,0.11827409504261735,2.399165056336601,3.1384999868032093,3.9826438231294468,0.0,0.0,0.0,0.0,0.0,3.0323002338409424,3.122418165206909,3.826176166534424,0.0,0.0,0.0,0.015013139329099189,0.05683635798135378,2.658521345742213,3.099944322803523,4.2892633179349895,0.0
OCO,37,240.0,0.00403182610000016,image_color_derived_proxy,17.0,0.0,0.6491228070175439,0.0,85.70600128173828,640,5369.57421875,0.0,nearest_physical_car_same_track_location_crossing_headway_le_2s,0.004912158168973826,0.013966355746841835,0.04737125007466402,0.11363264206838432,0.1840828302840295,2.172900536313375,2.9167164769665948,3.509684408486679,0.0,0.0,0.0,0.0,0.01796841402581546,2.601738214492798,2.7348086833953857,3.02370548248291,0.0,0.0,0.023067243374085573,0.09027367490390707,0.23686784499473323,2.288805979971735,2.675906740451283,3.5293788977198597,0.0
OCO,38,240.0,0.00403182610000016,image_color_derived_proxy,17.0,0.0,0.6666666666666666,0.0,85.67999649047852,629,5369.57421875,0.0,nearest_physical_car_same_track_location_crossing_headway_le_2s,0.00746966997212929,0.02746264363606914,0.08481555417050655,0.17055318277240258,0.34759570881267676,2.0524595597211053,2.720030374303672,3.3367282051571534,0.0,0.0,0.0,0.0,0.011391199402221597,2.5871822834014893,2.6944289207458496,2.8481154441833496,0.0,0.0,0.021907128769234268,0.08634454972211879,0.28422049164806995,2.281808914246614,2.653028268328033,3.4721851215465187,0.0
OCO,39,240.0,0.00403182610000016,image_color_derived_proxy,17.0,0.0,0.6842105263157895,0.0,85.6709976196289,637,5369.57421875,0.0,nearest_physical_car_same_track_location_crossing_headway_le_2s,0.016329893422152807,0.05649516669636637,0.151498228615391,0.35833606842205706,0.6333181595464414,1.8511978357442542,2.3890223156806476,2.8971702850433876,0.0,0.0,0.0,0.05466259046052705,0.8385918837082575,2.294394016265869,2.4202942848205566,2.528538942337036,0.0,0.008859505627759523,0.03458577020053933,0.29183737316067787,0.7249360148423702,2.0929672350030977,2.3529208940165365,3.0247688266791783,0.0
OCO,40,95.0,0.6980034791,image_color_derived_proxy,17.0,0.0,0.7017543859649122,0.0,85.677001953125,630,5369.57421875,0.8525275168265737,nearest_physical_car_same_track_location_crossing_headway_le_2s,0.43888090038732464,0.6597336377242949,0.8380545351605577,0.9710657413065893,0.9958565311439657,1.1556258250060851,1.5724532817061798,2.088759761661678,0.0,0.509950216636794,0.8525275168265737,1.0,1.0,1.5908308029174805,1.7476603984832764,2.0930614471435547,0.06733425611156546,0.5184938368755574,0.7856018033534892,0.9348833591454779,0.961529938585143,1.5219161692609178,1.7458911923238718,2.1550637252066918,0.8403314023810212
OCO,41,41.0,0.9564480947000001,image_color_derived_proxy,17.0,0.0,0.7192982456140351,0.0,86.02100372314453,638,5369.57421875,1.0,nearest_physical_car_same_track_location_crossing_headway_le_2s,0.7036536569579719,0.9774822533086636,0.9956638497599102,0.9956638497599102,0.9956638497599102,1.1325821080200578,1.3674465564219276,1.617709777515787,0.7456784046396678,1.0,1.0,1.0,1.0,1.332505464553833,1.459848165512085,1.536407470703125,0.7229049540956741,0.9422233545263413,1.0,1.0,1.0,1.3117880443066778,1.4045552261725271,1.6731516638580126,1.0
OCO,42,25.0,1.0,image_color_derived_proxy,17.0,0.0,0.7368421052631579,0.0,85.99049758911133,657,5369.57421875,1.0,nearest_physical_car_same_track_location_crossing_headway_le_2s,0.9763229723680482,0.9953948400235286,0.9953948400235286,0.9953948400235286,0.9953948400235286,0.9321782066990695,1.1583548465851814,1.3502873734734044,0.9000704155591547,1.0,1.0,1.0,1.0,1.1613223552703857,1.235581398010254,1.4888293743133545,0.9215785027459761,0.9835446827824087,1.0,1.0,1.0,1.1339686973488192,1.233257059417382,1.4858236451732951,1.0
OCO,43,23.0,1.0,image_color_derived_proxy,17.0,0.0,0.7543859649122807,0.0,85.93300533294678,641,5369.57421875,1.0,nearest_physical_car_same_track_location_crossing_headway_le_2s,0.7908834838463176,0.9484946879212999,0.9886539704885355,0.9928898099273592,0.9928898099273592,1.1749544224443964,1.3242283033288043,1.6264269014684165,0.9590494828681281,1.0,1.0,1.0,1.0,1.1338934898376465,1.2443320751190186,1.387568473815918,0.9625871767729507,1.0,1.0,1.0,1.0,1.132929927749854,1.2189468691894207,1.405699352712383,1.0
OCO,44,20.0,1.0,image_color_derived_proxy,17.0,0.0,0.7719298245614035,0.0,86.2594985961914,635,5369.57421875,1.0,nearest_physical_car_same_track_location_crossing_headway_le_2s,0.9961395555305693,0.9961395555305693,0.9961395555305693,0.9961395555305693,0.9961395555305693,0.8843187269273695,1.0813594706521652,1.2422538698816195,1.0,1.0,1.0,1.0,1.0,0.6829161643981934,0.7748563289642334,1.1504380702972412,1.0,1.0,1.0,1.0,1.0,0.6660629808401012,0.7640217390156243,1.1560770713404527,0.9978892878665759
OCO,45,23.0,1.0,image_color_derived_proxy,17.0,0.0,0.7894736842105263,0.0,86.07099533081055,666,5369.57421875,1.0,nearest_physical_car_same_track_location_crossing_headway_le_2s,0.9966539252102835,0.9966539252102835,0.9966539252102835,0.9966539252102835,0.9966539252102835,0.9413429827729533,1.203886011319166,1.3650843608810241,1.0,1.0,1.0,1.0,1.0,0.9761638641357422,1.1345925331115723,1.2275149822235107,1.0,1.0,1.0,1.0,1.0,0.9693190350227934,1.1153898745094553,1.2362986026676992,0.9979781245700272
OCO,46,36.0,0.9803781517,image_color_derived_proxy,17.0,0.0,0.8070175438596491,0.0,85.89500164985657,635,5369.57421875,1.0,nearest_physical_car_same_track_location_crossing_headway_le_2s,0.9963793005001927,0.9963793005001927,0.9963793005001927,0.9963793005001927,0.9963793005001927,0.717410878804701,0.9548690742569957,1.1439722919426991,1.0,1.0,1.0,1.0,1.0,0.6909990310668945,0.863699197769165,1.0447750091552734,1.0,1.0,1.0,1.0,1.0,0.6813536635256416,0.8738100821770264,1.0371219155251954,0.9979131494617023
OCO,47,24.0,1.0,image_color_derived_proxy,17.0,0.0,0.8245614035087719,0.0,86.1449966430664,655,5369.57421875,1.0,nearest_physical_car_same_track_location_crossing_headway_le_2s,0.9945440824525734,0.9945440824525734,0.9945440824525734,0.9945440824525734,0.9945440824525734,0.6491098128302248,0.8523075911835991,1.0919038625863884,1.0,1.0,1.0,1.0,1.0,0.6009268760681152,0.6928844451904297,0.8590209484100342,1.0,1.0,1.0,1.0,1.0,0.5937235901722682,0.6932054207533228,0.8511261338557722,0.9975439419129537
OCO,48,40.0,0.9612341061,image_color_derived_proxy,17.0,0.0,0.8421052631578947,0.0,85.88800144195557,653,5369.57421875,1.0,nearest_physical_car_same_track_location_crossing_headway_le_2s,0.9951914122966135,0.9951914122966135,0.9951914122966135,0.9951914122966135,0.9951914122966135,0.5278322360659606,0.757339754669112,0.8715663850307465,1.0,1.0,1.0,1.0,1.0,0.6517343521118164,0.7921860218048096,0.9834847450256348,1.0,1.0,1.0,1.0,1.0,0.6465625815268882,0.7880658105065902,0.9718270914885763,0.9976586987547903
OCO,49,38.0,0.9708061289000001,image_color_derived_proxy,17.0,0.0,0.8596491228070176,0.0,85.76600408554077,623,5369.57421875,1.0,nearest_physical_car_same_track_location_crossing_headway_le_2s,0.9919315353531404,0.9919315353531404,0.9919315353531404,0.9919315353531404,0.9919315353531404,0.6651213710747876,0.7902723731064215,0.9200421683395965,1.0,1.0,1.0,1.0,1.0,0.6318840980529785,0.6819825172424316,0.7449572086334229,1.0,1.0,1.0,1.0,1.0,0.6262612159951565,0.684422879369448,0.7381223188204977,0.9970117587294034
OCO,50,24.0,1.0,image_color_derived_proxy,16.0,0.0,0.8771929824561403,0.0030721966205837174,85.79499816894531,652,5369.57421875,0.9917594261640529,nearest_physical_car_same_track_location_crossing_headway_le_2s,0.994650037866857,0.994650037866857,0.994650037866857,0.994650037866857,0.994650037866857,0.5663652632288305,0.7489507057297398,0.9171786939080738,0.9917594261640529,0.9917594261640529,0.9917594261640529,0.9917594261640529,0.9917594261640529,0.5535881519317627,0.6716256141662598,0.7940464019775391,0.9917594261640529,0.9917594261640529,0.9917594261640529,0.9917594261640529,0.9917594261640529,0.5493802823554543,0.6707253223957392,0.7776069004139031,0.9910739127359898
OCO,51,35.0,0.9851641631000001,image_color_derived_proxy,16.0,0.0,0.8947368421052632,0.0,85.89199829101562,649,5369.57421875,1.0,nearest_physical_car_same_track_location_crossing_headway_le_2s,0.9963675311711785,0.9963675311711785,0.9963675311711785,0.9963675311711785,0.9963675311711785,0.579830980972505,0.7798451178896744,1.0063161810236148,1.0,1.0,1.0,1.0,1.0,0.5639469623565674,0.713587760925293,0.8831512928009033,1.0,1.0,1.0,1.0,1.0,0.5697798043027257,0.7121488955930819,0.895635558071355,0.9979811366752184
OCO,52,27.0,1.0,image_color_derived_proxy,16.0,0.0,0.9122807017543859,0.0,85.93000364303589,651,5369.57421875,1.0,nearest_physical_car_same_track_location_crossing_headway_le_2s,0.9964156873586257,0.9964156873586257,0.9964156873586257,0.9964156873586257,0.9964156873586257,0.6218832695897821,1.001124994378341,1.2435899034678506,1.0,1.0,1.0,1.0,1.0,0.5836563110351562,0.8033528327941895,1.000307559967041,1.0,1.0,1.0,1.0,1.0,0.5729454113928208,0.8246187812786687,0.9779282218931864,0.9979790866209859
OCO,53,28.0,1.0,image_color_derived_proxy,16.0,0.0,0.9298245614035088,0.0,86.11000061035156,666,5369.57421875,1.0,nearest_physical_car_same_track_location_crossing_headway_le_2s,0.9959470444264266,0.9959470444264266,0.9959470444264266,0.9959470444264266,0.9959470444264266,0.472915589964235,0.6699320068359375,0.9523451138386685,1.0,1.0,1.0,1.0,1.0,0.5262424945831299,0.6526830196380615,0.9488959312438965,1.0,1.0,1.0,1.0,1.0,0.5211645976618061,0.6502286705368387,0.9460184499718839,0.9978762883105625
OCO,54,28.0,1.0,image_color_derived_proxy,16.0,0.0,0.9473684210526315,0.0015313935681470138,87.0999984741211,654,5369.57421875,1.0,nearest_physical_car_same_track_location_crossing_headway_le_2s,0.4566934774522482,0.5301377882581951,0.6043743385595125,0.8238921257792866,0.9374511543006968,0.6447243680381101,1.6653693036396409,2.387694871282003,0.9621239971966573,1.0,1.0,1.0,1.0,0.2884714603424072,0.6545376777648926,0.971278190612793,0.961102175113265,0.9830080416973135,1.0,1.0,1.0,0.2877673871880055,0.6540809592752984,0.9611354826641699,0.8709624141459796
OCO,55,28.0,1.0,image_color_derived_proxy,15.0,0.0,0.9649122807017544,0.004746835443037975,86.4470009803772,633,5369.57421875,1.0,nearest_physical_car_same_track_location_crossing_headway_le_2s,0.9958587341817299,0.9958587341817299,0.9958587341817299,0.9958587341817299,0.9958587341817299,0.6772649688720703,0.8261817040604387,1.278062423810111,0.9907226443966373,1.0,1.0,1.0,1.0,0.6128833293914795,0.7510116100311279,1.1526610851287842,0.9894617428218943,1.0,1.0,1.0,1.0,0.604656325463613,0.7460881320514595,1.188483752886931,0.9984187234088193
OCO,56,28.0,1.0,image_color_derived_proxy,15.0,0.0,0.9824561403508771,0.0016129032258064516,86.13250160217285,621,5369.57421875,0.989649618075214,nearest_physical_car_same_track_location_crossing_headway_le_2s,0.9800249550818381,0.9800249550818381,0.9800249550818381,0.9800249550818381,0.9800249550818381,0.6829775172090776,0.8628372596811729,1.2082375224165987,0.989649618075214,0.989649618075214,0.989649618075214,0.989649618075214,0.989649618075214,0.5625293254852295,0.7096915245056152,0.8970003128051758,0.989649618075214,0.989649618075214,0.989649618075214,0.989649618075214,0.989649618075214,0.562900527725194,0.7163491155521892,0.8801451239131173,0.9865960051784195
COL,1,112.0,0.6166412853000001,image_color_derived_proxy,20.0,0.026416084516878127,0.017543859649122806,0.01476510067114094,99.1820011138916,746,5369.57421875,0.1590309164436808,nearest_physical_car_same_track_location_crossing_headway_le_2s,0.0,0.0,0.0,0.0021274017795369082,0.0021274017795369082,4.741886179070724,6.752559245366137,19.97703043077336,0.051037469605970456,0.09460391035503835,0.1590309164436808,0.2118731383750052,0.27389042260881374,1.7595794200897217,4.895982503890991,8.373696565628052,0.09177072160842976,0.1141537768904433,0.17747172866549654,0.2506705393255026,0.30309937610881155,1.6696512817936533,4.171963578788564,9.446698834117779,0.14003552451982626
COL,2,15.0,1.0,image_color_derived_proxy,20.0,0.0,0.03508771929824561,0.0014641288433382138,90.52499675750732,684,5369.57421875,1.0,nearest_physical_car_same_track_location_crossing_headway_le_2s,0.9948522506777883,0.9948522506777883,0.9948522506777883,0.9948522506777883,0.9948522506777883,0.31501158882378927,0.7417410214502624,1.3596559467112166,1.0,1.0,1.0,1.0,1.0,0.29869771003723145,0.6179275512695312,1.231691837310791,0.9783485318455964,1.0,1.0,1.0,1.0,0.29830085962079467,0.6128337613639104,1.195224307137471,0.9971672499694159
COL,3,20.0,1.0,image_color_derived_proxy,20.0,0.0,0.05263157894736842,0.0,88.81399536132812,660,5369.57421875,1.0,nearest_physical_car_same_track_location_crossing_headway_le_2s,0.8491567175167004,0.9869052426040037,0.9942238831914157,0.9942238831914157,0.9942238831914157,0.7538267003427638,1.3067393024607856,1.5485556376131608,0.9896412713722533,1.0,1.0,1.0,1.0,0.6025431156158447,1.0376033782958984,1.328455924987793,0.9581259651209498,0.9873893761788048,1.0,1.0,1.0,0.6068741192441712,1.0374166398047127,1.3228314001489434,0.9971880277833798
COL,4,15.0,1.0,image_color_derived_proxy,20.0,0.0,0.07017543859649122,0.012213740458015267,88.88900327682495,656,5369.57421875,1.0,nearest_physical_car_same_track_location_crossing_headway_le_2s,0.9938012579876685,0.9938012579876685,0.9938012579876685,0.9938012579876685,0.9938012579876685,0.6384450253542231,0.7749432626249488,0.9520726984197443,1.0,1.0,1.0,1.0,1.0,0.5832395553588867,0.6820416450500488,0.8590841293334961,1.0,1.0,1.0,1.0,1.0,0.5692205623918022,0.6798758201221005,0.8875330104782639,0.9975085483229007
COL,5,15.0,1.0,image_color_derived_proxy,20.0,0.0,0.08771929824561403,0.0,89.01900029182434,683,5369.57421875,1.0,nearest_physical_car_same_track_location_crossing_headway_le_2s,0.9942484186225385,0.9942484186225385,0.9942484186225385,0.9942484186225385,0.9942484186225385,0.3883419728649713,0.5795615984045942,0.8346191178843015,1.0,1.0,1.0,1.0,1.0,0.4868733882904053,0.6624832153320312,0.8869533538818359,1.0,1.0,1.0,1.0,1.0,0.48700786260800166,0.6674483273853297,0.8947162953287909,0.9975842828483279
COL,6,20.0,1.0,image_color_derived_proxy,20.0,0.0,0.10526315789473684,0.0,88.9939956665039,654,5369.57421875,1.0,nearest_physical_car_same_track_location_crossing_headway_le_2s,0.9974942129160798,0.9974942129160798,0.9974942129160798,0.9974942129160798,0.9974942129160798,0.7230508518339345,0.9358318381303089,1.2049655222886824,0.9229386878493523,1.0,1.0,1.0,1.0,0.9779014587402344,1.1162915229797363,1.4964838027954102,0.9358721556405476,0.973110485115633,1.0,1.0,1.0,0.9598744605161618,1.1123943981513018,1.4635996141140666,1.0
COL,7,23.0,1.0,image_color_derived_proxy,18.0,0.0,0.12280701754385964,0.0035885167464114833,110.5000057220459,837,5369.57421875,0.9938461514030482,nearest_physical_car_same_track_location_crossing_headway_le_2s,0.8292398028745797,0.9295565703134026,0.9683619818737332,0.9760181306726035,0.9862714840372966,0.42977498531341557,1.0938823699951172,1.612025134968308,0.7914841315420091,0.9615022843217315,0.9938461514030482,1.0,1.0,0.5104997158050537,1.1896958351135254,1.5976252555847168,0.8026969027956672,0.900751136292101,0.965058824786424,0.9884072219154451,1.0,0.5106970717737405,1.1669607297740525,1.747306139594715,0.9855586608844349
COL,8,132.0,0.5209210573,image_color_derived_proxy,18.0,0.0,0.14035087719298245,0.009211873080859774,134.7630048803985,978,5369.57421875,0.3718454445596241,nearest_physical_car_same_track_location_crossing_headway_le_2s,0.31589529636179814,0.44728902081832,0.5483034182254971,0.7309869829887641,0.8077736321283978,0.9073188723431661,1.8530424585882224,2.9538049086084905,0.17952999914896015,0.22569247527649683,0.3718454445596241,0.5886631152718269,0.8684727987919405,1.206268548965454,2.131476402282715,2.539903163909912,0.17264388955557927,0.269487873567072,0.46759132032549483,0.6738866836366201,0.800041621627638,1.1995090590906954,2.034110709652738,2.8869663121372398,0.43126484593300973
COL,9,50.0,0.9133739921,image_color_derived_proxy,17.0,0.0,0.15789473684210525,0.00946073793755913,141.36800003051758,1058,5369.57421875,0.927557845074903,nearest_physical_car_same_track_location_crossing_headway_le_2s,0.8156513881510594,0.8892041066935756,0.9229316399823869,0.9660319066857664,0.9870126067213558,0.2345468670129776,0.7153866577148438,1.7620011606432446,0.8122206211468469,0.902566353856346,0.927557845074903,0.9765152134151878,0.9980193522597199,0.22353053092956543,0.8907020092010498,1.7429912090301514,0.8209354671564544,0.8959311638569362,0.933535161161434,0.9505262525826206,0.9604295216412049,0.22299600533885397,0.8909608352252756,1.7636021508670054,0.9265637006238356
COL,10,19.0,1.0,image_color_derived_proxy,17.0,0.0,0.17543859649122806,0.0,128.66699981689453,985,5369.57421875,0.9886606539682641,nearest_physical_car_same_track_location_crossing_headway_le_2s,0.9255753013527682,0.9595700362540329,0.9682746982744104,0.9757746503931658,0.9851088544239542,0.45107903538707866,0.989763606678356,1.426326004803619,0.905484735785363,0.970303162694065,0.9886606539682641,1.0,1.0,0.41959166526794434,0.9865837097167969,1.478088617324829,0.9035105757661844,0.9537721556005847,0.9699534961936042,0.9810363588528211,0.9903627358566364,0.4168325001572027,0.9817433730725862,1.4871766166343476,0.9736528243474784
COL,11,15.0,1.0,image_color_derived_proxy,17.0,0.0,0.19298245614035087,0.0030257186081694403,89.40799760818481,662,5369.57421875,1.0,nearest_physical_car_same_track_location_crossing_headway_le_2s,0.9935017002284043,0.9935017002284043,0.9935017002284043,0.9935017002284043,0.9935017002284043,0.1563717952141395,0.3894881868485155,0.5508337528647399,1.0,1.0,1.0,1.0,1.0,0.22803163528442383,0.5439095497131348,0.7980453968048096,1.0,1.0,1.0,1.0,1.0,0.22799957183039604,0.5412608269615932,0.7995490967907514,0.9977524988885955
COL,12,15.0,1.0,image_color_derived_proxy,17.0,0.0,0.21052631578947367,0.0,88.68400192260742,658,5369.57421875,1.0,nearest_physical_car_same_track_location_crossing_headway_le_2s,0.996166163048517,0.996166163048517,0.996166163048517,0.996166163048517,0.996166163048517,0.40596762183758855,0.6805263246560482,0.8652328316491978,1.0,1.0,1.0,1.0,1.0,0.3149738311767578,0.4842872619628906,0.6028792858123779,1.0,1.0,1.0,1.0,1.0,0.3112438861265756,0.4786039627269726,0.5914638361533142,0.9982604890431808
COL,13,15.0,1.0,image_color_derived_proxy,17.0,0.0,0.22807017543859648,0.0,88.50499725341797,672,5369.57421875,1.0,nearest_physical_car_same_track_location_crossing_headway_le_2s,0.9947008640614992,0.9947008640614992,0.9947008640614992,0.9947008640614992,0.9947008640614992,0.44030422536127944,0.6923695272842639,0.9147736725983797,1.0,1.0,1.0,1.0,1.0,0.45375871658325195,0.7475194931030273,0.997506856918335,1.0,1.0,1.0,1.0,1.0,0.4580334896716192,0.7292145956352001,0.9935442870929965,0.9979633959754182
COL,14,15.0,1.0,image_color_derived_proxy,17.0,0.0,0.24561403508771928,0.0,88.30199956893921,673,5369.57421875,1.0,nearest_physical_car_same_track_location_crossing_headway_le_2s,0.9976217979834133,0.9976217979834133,0.9976217979834133,0.9976217979834133,0.9976217979834133,0.710694274490223,0.8865403988486843,1.1579800172094938,1.0,1.0,1.0,1.0,1.0,0.7227199077606201,0.8329076766967773,1.0973193645477295,1.0,1.0,1.0,1.0,1.0,0.7137606317581107,0.834422242010291,1.126437296255413,0.9985213843116711
COL,15,20.0,1.0,image_color_derived_proxy,17.0,0.0,0.2631578947368421,0.0,88.16300058364868,650,5369.57421875,1.0,nearest_physical_car_same_track_location_crossing_headway_le_2s,0.9931603962974703,0.9931603962974703,0.9931603962974703,0.9931603962974703,0.9931603962974703,0.7489403809377786,0.9163975910968092,1.1479464667184012,1.0,1.0,1.0,1.0,1.0,0.9574234485626221,1.084336757659912,1.3201260566711426,0.9467690873984368,1.0,1.0,1.0,1.0,0.9245962046944137,1.0921081767595417,1.3139132764101702,0.9962411523280792
COL,16,23.0,1.0,image_color_derived_proxy,17.0,0.0,0.2807017543859649,0.0,88.0149977505207,659,5369.57421875,0.9851956889494906,nearest_physical_car_same_track_location_crossing_headway_le_2s,0.9675964285723488,0.9931829969975785,0.9970800431079574,0.9970800431079574,0.9970800431079574,0.4913085638958475,0.7781027812731596,1.3360191954591405,0.7836732324208873,0.9393739854396045,0.9851956889494906,1.0,1.0,1.1255414485931396,1.3987088203430176,1.5849597454071045,0.7207066335031421,0.9171163976283714,0.962506398666118,1.0,1.0,1.1178934758716594,1.3639929059512674,1.7187731139415687,0.9842989403121265
COL,17,35.0,0.9851641631000001,image_color_derived_proxy,17.0,0.0,0.2982456140350877,0.0,87.8759994506836,657,5369.57421875,1.0,nearest_physical_car_same_track_location_crossing_headway_le_2s,0.9319267920386578,0.9938777369137729,0.9938777369137729,0.9938777369137729,0.9938777369137729,0.8773584905660378,1.1558821297417123,1.4686056190277952,0.8791364359416406,1.0,1.0,1.0,1.0,1.2451560497283936,1.4028522968292236,1.50474214553833,0.772133441172459,0.9312781475875803,1.0,1.0,1.0,1.1977294782186536,1.36101641158084,1.6658606168604047,1.0
COL,18,23.0,1.0,image_color_derived_proxy,17.0,0.0,0.3157894736842105,0.0,87.8280029296875,659,5369.57421875,1.0,nearest_physical_car_same_track_location_crossing_headway_le_2s,0.8106070904295352,0.9565741942045165,0.9948421719442117,0.9959921666626708,0.9959921666626708,0.9457910566187617,1.1873480157537775,1.5761591669338852,0.9337796571984622,1.0,1.0,1.0,1.0,1.0420336723327637,1.285503625869751,1.4736006259918213,0.8502641954006813,0.9401671727129886,0.9799152469050866,1.0,1.0,1.021363535422554,1.282202522069417,1.5730272798535092,0.9987536312044106
COL,19,28.0,1.0,image_color_derived_proxy,17.0,0.0,0.3333333333333333,0.0,87.947998046875,673,5369.57421875,0.8947104841284161,nearest_physical_car_same_track_location_crossing_headway_le_2s,0.343680356876414,0.8198025803143261,0.9406580960714013,0.9645244610831297,0.9974757810548149,1.2778424627130682,1.5548927418778584,1.8551379725263626,0.0409787621275001,0.4392481643926881,0.8947104841284161,1.0,1.0,1.662397861480713,1.7674322128295898,2.023245096206665,0.05954652160655544,0.5001023420475523,0.8243963630078283,0.9140743032759865,0.9551780434993824,1.540887164554215,1.749236053908033,2.1912977681232344,0.8604400642966944
COL,20,53.0,0.8990159579,image_color_derived_proxy,17.0,0.0,0.3508771929824561,0.0,87.77600288391113,671,5369.57421875,1.0,nearest_physical_car_same_track_location_crossing_headway_le_2s,0.173555426722415,0.6427041814840774,0.8798988204126019,0.9640448328826406,0.9854857724065271,1.4199159411854516,1.6720393663042048,2.032243397046949,0.2695611605456378,0.8407879155769661,1.0,1.0,1.0,1.445971965789795,1.596022129058838,1.7795047760009766,0.3564186844801179,0.7763055519128081,0.8992549419647867,0.9672348085029728,1.0,1.3984684189259664,1.5673644730707257,2.0017002627882357,0.9673679424867303
COL,21,35.0,0.9851641631000001,image_color_derived_proxy,17.0,0.0,0.3684210526315789,0.0,87.71199632622302,657,5369.57421875,1.0,nearest_physical_car_same_track_location_crossing_headway_le_2s,0.6598869289220742,0.9121214980293805,0.9821119071590608,0.9969103428355875,0.9969103428355875,1.0801706343326363,1.3684297924199382,1.7312596457341003,0.6404140651072814,0.9441125483887385,1.0,1.0,1.0,1.2252671718597412,1.401554822921753,1.6825511455535889,0.616574595494623,0.8834595247397364,0.9646228369606067,0.9883482319548749,1.0,1.1693599320414412,1.4293473659154066,1.7853069463816242,0.9999446280000936
COL,22,31.0,1.0,image_color_derived_proxy,17.0,0.0,0.38596491228070173,0.0,87.74899673461914,654,5369.57421875,1.0,nearest_physical_car_same_track_location_crossing_headway_le_2s,0.4909342628635997,0.8467902404788741,0.9855725025902199,0.995418750926243,0.995418750926243,1.2386981316332548,1.5021308668104494,1.8283767913108648,0.5824225820618146,1.0,1.0,1.0,1.0,1.3259258270263672,1.4598674774169922,1.6605503559112549,0.5839839576778083,0.8469270121171386,0.9635323704999806,0.9888203801759893,1.0,1.2124194737947502,1.463416775301961,1.8488783941524365,1.0
COL,23,23.0,1.0,image_color_derived_proxy,17.0,0.0,0.40350877192982454,0.0,87.90700149536133,675,5369.57421875,1.0,nearest_physical_car_same_track_location_crossing_headway_le_2s,0.9445777959943271,0.996928572171318,0.996928572171318,0.996928572171318,0.996928572171318,0.745803791948186,1.0648318670492258,1.4250362327159998,0.9365352030977908,1.0,1.0,1.0,1.0,0.9608683586120605,1.313932180404663,1.4497885704040527,0.8473500521365529,0.965861628950821,0.9874981519285491,1.0,1.0,0.9532589455337025,1.2937426971055503,1.5728493590755621,0.9953190046520883
COL,24,28.0,1.0,image_color_derived_proxy,16.0,0.0,0.42105263157894735,0.0015432098765432098,87.82699966430664,649,5369.57421875,0.9724572315175556,nearest_physical_car_same_track_location_crossing_headway_le_2s,0.9087752011047842,0.9962084551952779,0.9962084551952779,0.9962084551952779,0.9962084551952779,0.3026616850971039,0.8900250305958443,1.4826511190949585,0.5403008567921196,0.8928575888335136,0.9724572315175556,1.0,1.0,1.1436259746551514,1.3824512958526611,1.7543792724609375,0.5769410937718324,0.8281280207143009,0.9261843892981382,0.9785714938778814,1.0,1.1106348095290792,1.441706748054946,1.9284759165078975,0.9726156268751351
COL,25,100.0,0.6740734221000001,image_color_derived_proxy,16.0,0.0,0.43859649122807015,0.0,87.55899810791016,648,5369.57421875,0.4821662550440974,nearest_physical_car_same_track_location_crossing_headway_le_2s,0.025125967920799776,0.1471007239294306,0.5053735001976425,0.7808563451419737,0.9067257387994484,1.6793843625196772,1.982110062082018,2.472364262172154,0.0,0.0,0.4821662550440974,0.8643314579411744,0.9721331019568367,1.8356521129608154,2.030958652496338,2.284442186355591,0.0,0.07285375295831938,0.5527244595558607,0.761532184850599,0.8583583452424177,1.7615888788034146,1.9625446268135032,2.600282967183794,0.4978881869355596
COL,26,184.0,0.27204846450000003,image_color_derived_proxy,16.0,0.0,0.45614035087719296,0.0,88.53400123119354,645,5369.57421875,0.3066505391897599,nearest_physical_car_same_track_location_crossing_headway_le_2s,0.07137370052851412,0.14975028357918882,0.36322760801794607,0.5042694911349695,0.7466396742516196,1.6022889404296874,2.242166330844541,2.868080924539005,0.0,0.03195380698396744,0.3066505391897599,0.3312738616255927,0.5590281719645642,1.783743143081665,2.4594202041625977,2.6261239051818848,0.0,0.13136193517206002,0.2759279140814037,0.4722479427265336,0.6991324429420788,1.7331942943781204,2.27385989546881,3.0370465241656874,0.21349559319497757
COL,27,240.0,0.00403182610000016,image_color_derived_proxy,16.0,0.0,0.47368421052631576,0.0,87.53600311279297,635,5369.57421875,0.0,nearest_physical_car_same_track_location_crossing_headway_le_2s,0.02124838508569167,0.0902600370470472,0.2008544305369608,0.4471189157398005,0.787824411286764,1.7804775109451807,2.2812647202435663,2.6931176204172167,0.0,0.0,0.0,0.5977083894226348,1.0,2.1475327014923096,2.2313895225524902,2.3439900875091553,0.0,0.002513265546516287,0.1843697975311672,0.6218584071722023,0.8032923083580548,1.9043998753426845,2.201138619210016,2.7972070165269898,0.04832976257534366
COL,28,191.0,0.2385463847000001,image_color_derived_proxy,16.0,0.0,0.49122807017543857,0.0,87.54100036621094,656,5369.57421875,0.25246453470201863,nearest_physical_car_same_track_location_crossing_headway_le_2s,0.028775066945995416,0.14485778562361004,0.3769889993824392,0.6499812045294067,0.8770861520048197,1.6890566124106354,2.110273358718271,2.5443690767224205,0.0,0.0,0.25246453470201863,0.8192846713846242,1.0,1.8793892860412598,2.1226863861083984,2.2672107219696045,0.0,0.06602614706731831,0.46172647155254926,0.7655956324176363,0.8460263784565233,1.7863244252047425,2.0228338013564797,2.625588718006173,0.33711415330238614
COL,29,66.0,0.8367978097000001,image_color_derived_proxy,16.0,0.0,0.5087719298245614,0.0,87.53700256347656,638,5369.57421875,0.8894296169919773,nearest_physical_car_same_track_location_crossing_headway_le_2s,0.18619548922966972,0.5713812790611532,0.840079067036209,0.9739653058311871,0.9963558267203549,1.3718567336854972,1.7189574221347241,2.0828803505300004,0.0,0.19055941221843092,0.8894296169919773,1.0,1.0,1.7337920665740967,1.8056583404541016,2.036034345626831,0.004123971011840173,0.4469423418005604,0.7375280643038614,0.9120943422537727,0.9693843992539427,1.6231827505509422,1.779038097317847,2.2359353679917655,0.778564611033804
COL,30,36.0,0.9803781517,image_color_derived_proxy,16.0,0.0,0.5263157894736842,0.0,87.49700164794922,633,5369.57421875,1.0,nearest_physical_car_same_track_location_crossing_headway_le_2s,0.5286238424394949,0.8980765355260325,0.9714161567131774,0.9851309211089648,0.9926740349869428,1.2152521186746552,1.4685585429831818,1.7459125349134594,0.5876430026419537,1.0,1.0,1.0,1.0,1.3258912563323975,1.4919745922088623,1.6431820392608643,0.6267530006564992,0.9071968212324519,0.9746391216321499,1.0,1.0,1.2663023761992693,1.4554959416957198,1.733104304476437,1.0
COL,31,38.0,0.9708061289000001,image_color_derived_proxy,16.0,0.0,0.543859649122807,0.0,87.39550399780273,635,5369.57421875,1.0,nearest_physical_car_same_track_location_crossing_headway_le_2s,0.6696226271547874,0.9411754005539976,0.9791636649114519,0.9967618472412755,0.9967618472412755,1.21188755373983,1.42188010912263,1.680691358778212,1.0,1.0,1.0,1.0,1.0,1.098701000213623,1.2550089359283447,1.3171663284301758,0.9384407733635929,1.0,1.0,1.0,1.0,1.0680946427696114,1.2106882729858028,1.4426518869245908,0.9932648888127151
COL,32,28.0,1.0,image_color_derived_proxy,17.0,0.0,0.5614035087719298,0.0029282576866764276,91.49300384521484,684,5369.57421875,1.0,nearest_physical_car_same_track_location_crossing_headway_le_2s,0.34189504826211203,0.8112532966560017,0.9568710084114461,0.9719213691843204,0.9953329766405515,1.3214090619768417,1.5671588029984242,1.8621832461757515,0.6185610074272624,0.9591553626945446,1.0,1.0,1.0,1.2972557544708252,1.442345380783081,1.6591277122497559,0.6531319579248829,0.9012492608719472,0.9715825224640309,0.9969396700564059,1.0,1.2996965691890354,1.4519584594701334,1.7493286063658413,1.0
COL,33,129.0,0.5352790915000001,image_color_derived_proxy,17.0,0.0,0.5789473684210527,0.009732360097323601,108.85600185394287,823,5369.57421875,0.4501083966100267,nearest_physical_car_same_track_location_crossing_headway_le_2s,0.13837547759168084,0.29999259963032066,0.5613196655939875,0.7229919110865172,0.8482674243205222,1.383514710891996,1.9297443993422072,2.8155637210385724,0.09070699036095621,0.09508891946649993,0.4501083966100267,0.9077496887237607,0.9099728144652214,1.7885127067565918,2.0347342491149902,2.2390835285186768,0.10046300065502468,0.20664910060679517,0.6045418252316501,0.7620434014671897,0.8477070535531801,1.495273186776973,1.9210535553385049,2.738636967387142,0.5283928492132195
COL,34,177.0,0.3055505443000001,image_color_derived_proxy,17.0,0.0,0.5964912280701754,0.0,85.96199798583984,652,5369.57421875,0.43854256612395026,nearest_physical_car_same_track_location_crossing_headway_le_2s,0.0469510933096043,0.13401263409374334,0.37295547576614124,0.6748329878674056,0.8927665785315018,1.6970779617111404,2.102345259710496,2.4964924826550843,0.0,0.0,0.43854256612395026,1.0,1.0,1.8499755859375,2.0504913330078125,2.159557819366455,0.0,0.09469296572150819,0.5154604586707394,0.8278192302868917,0.9016658825329533,1.7692625112780664,1.993303266317447,2.495127320269876,0.4031738335545496
COL,35,234.0,0.032747894500000145,image_color_derived_proxy,16.0,0.0,0.6140350877192983,0.0031007751937984496,86.63899993896484,646,5369.57421875,0.0074100573690595774,nearest_physical_car_same_track_location_crossing_headway_le_2s,0.038123705689186466,0.07176907642533027,0.15962789970312471,0.2834635617437938,0.4136474534967229,1.8382369593926444,2.5917743424723922,3.2740125746242543,0.0074100573690595774,0.0074100573690595774,0.0074100573690595774,0.12336245630813529,0.45693047577846213,2.1436562538146973,2.5869998931884766,2.8666133880615234,0.0074100573690595774,0.0074100573690595774,0.06582486856886528,0.264418977177773,0.44070221119603675,2.0547396704175487,2.6174147544670507,3.167452322595249,0.03085214455381935
COL,36,240.0,0.00403182610000016,image_color_derived_proxy,16.0,0.0,0.631578947368421,0.0,85.96750068664551,649,5369.57421875,0.0,nearest_physical_car_same_track_location_crossing_headway_le_2s,0.0,0.003931710718264214,0.027207953349204776,0.07025916955615348,0.1458924063019637,2.3830145794412365,3.148271377508489,3.890886699349444,0.0,0.0,0.0,0.0,0.0,2.819502115249634,3.011936902999878,3.0945510864257812,0.0,0.0,0.0,0.023078457895413775,0.143251793158412,2.410783652564129,2.894337148678752,3.929706149676307,0.0
COL,37,240.0,0.00403182610000016,image_color_derived_proxy,16.0,0.0,0.6491228070175439,0.0,85.8810043334961,639,5369.57421875,0.0,nearest_physical_car_same_track_location_crossing_headway_le_2s,0.001374016743073727,0.022356516335534857,0.0703647728287284,0.13684051993520244,0.24525799653447602,2.120854421167803,2.748488322067313,3.6277317471636668,0.0,0.0,0.0,0.0,0.0,2.5994701385498047,2.929417610168457,3.1291298866271973,0.0,0.0,0.0,0.033686119115060996,0.17467182571639114,2.394759330794009,2.88023176962376,3.8961511116550587,0.0
COL,38,238.0,0.013603848900000059,image_color_derived_proxy,16.0,0.0,0.6666666666666666,0.0,86.03500270843506,633,5369.57421875,0.05551221243466899,nearest_physical_car_same_track_location_crossing_headway_le_2s,0.0,0.03729874615469516,0.10019180009931691,0.23966984302777303,0.5544604106232055,1.9871312921697446,2.435246159752568,3.103398917313945,0.0,0.0,0.05551221243466899,0.28289652811902566,0.6961701688798816,2.0388495922088623,2.436383008956909,2.5535519123077393,0.0,0.011158238556997638,0.11946300406081128,0.42897656100607356,0.7517173536208624,1.9288810507763374,2.30172086389118,3.0940255429324375,0.0
COL,39,199.0,0.2002582935000001,image_color_derived_proxy,16.0,0.0,0.6842105263157895,0.0,86.07099914550781,642,5369.57421875,0.7509846542542489,nearest_physical_car_same_track_location_crossing_headway_le_2s,0.042302288889294666,0.13714256963038066,0.40456134460157683,0.6952632503901521,0.8591395037919609,1.680827614555385,2.0766170420545214,2.5533076540252866,0.3492697955537465,0.599214572391007,0.7509846542542489,1.0,1.0,1.1245272159576416,1.6045703887939453,2.0596461296081543,0.3996236138144066,0.5925341319920457,0.7907077034450567,0.9073439205502674,0.9695948678535421,1.0894821308604166,1.6118373022631272,2.203518854343666,0.6761957361885587
COL,40,146.0,0.45391689770000015,image_color_derived_proxy,16.0,0.0,0.7017543859649122,0.0,86.28800201416016,635,5369.57421875,0.19585578518933033,nearest_physical_car_same_track_location_crossing_headway_le_2s,0.01854257020438922,0.09841460490377447,0.31312580109281735,0.6709971596765514,0.8811421993367936,1.7669032029930423,2.139837882141349,2.531095809803181,0.0,0.0,0.19585578518933033,0.9736232487861785,1.0,1.9534530639648438,2.032437324523926,2.1188018321990967,0.0,0.04790941217111566,0.5649106226548839,0.8042602742136321,0.9041002181178487,1.7946158564605954,1.972818157181487,2.4670818988080474,0.364428183558467
COL,41,168.0,0.3486246469000001,image_color_derived_proxy,16.0,0.0,0.7192982456140351,0.0,86.32499694824219,639,5369.57421875,0.7995366904732655,nearest_physical_car_same_track_location_crossing_headway_le_2s,0.05822188259790946,0.15909634093960207,0.39761361567470543,0.8160208161107608,0.9264176175538278,1.6027308377017446,2.0585773280881483,2.374663164688077,0.0,0.04540976898378141,0.7995366904732655,1.0,1.0,1.847097396850586,1.903475046157837,2.0579185485839844,0.03628149528183908,0.17921804116558945,0.6759456870167276,0.8667129648451275,0.9518216036267575,1.6562859759045796,1.8878369051714876,2.342005277875882,0.5717039243799369
COL,42,234.0,0.032747894500000145,image_color_derived_proxy,16.0,0.0,0.7368421052631579,0.0,85.9800033569336,662,5369.57421875,0.3254477921120511,nearest_physical_car_same_track_location_crossing_headway_le_2s,0.015236105704467366,0.0775180350698354,0.20852518476524085,0.5795069297876889,0.8001045905149695,1.8063704895458632,2.1948538437191205,2.6925406901041664,0.0,0.01539890027757046,0.3254477921120511,0.89020700078113,1.0,1.9092683792114258,2.115792989730835,2.2537293434143066,0.0,0.07569205606850518,0.4278902786095407,0.7892067497511662,0.8503722546315206,1.7837998533877522,2.0285134318639484,2.628700806931427,0.28398453866196616
COL,43,182.0,0.2816204873000001,image_color_derived_proxy,16.0,0.0,0.7543859649122807,0.0,85.93099594116211,638,5369.57421875,0.15609033798056893,nearest_physical_car_same_track_location_crossing_headway_le_2s,0.010892503627427413,0.08196109812998542,0.1636778984293689,0.3593930542478246,0.7255006964499711,1.8049890290953285,2.3356392992645505,2.8546869451349433,0.0,0.0,0.15609033798056893,0.9087057924971683,1.0,1.9199297428131104,2.076983690261841,2.246739387512207,0.0,0.034737181591557774,0.41128343564709596,0.7891679756924075,0.8847911407535061,1.8444182227361292,2.039573703199669,2.5368587484992293,0.1956285002392324
COL,44,217.0,0.11411008830000015,image_color_derived_proxy,16.0,0.0,0.7719298245614035,0.0,86.48399925231934,637,5369.57421875,0.11642615255441344,nearest_physical_car_same_track_location_crossing_headway_le_2s,0.03615701424466389,0.13535454897381868,0.2691943085081525,0.5286988892716666,0.7903196641015102,1.6787819191261575,2.2169490320542278,2.647735556325605,0.0,0.0,0.11642615255441344,0.5015840649184872,0.9652652985366518,1.9929296970367432,2.249840021133423,2.4292280673980713,0.0,0.01636141861801559,0.2292794117345433,0.5435686772436549,0.8004370588288614,1.9154601849874293,2.2353406118555728,2.740236782171389,0.11102159546220297
COL,45,239.0,0.00881783750000011,image_color_derived_proxy,16.0,0.0,0.7894736842105263,0.0,85.99899673461914,663,5369.57421875,0.0,nearest_physical_car_same_track_location_crossing_headway_le_2s,0.01068620062853637,0.04332605715698563,0.13189682578442513,0.22713060092251988,0.47488928037768696,1.922954107790577,2.521625507951348,3.0827710370111734,0.0,0.0,0.0,0.0,0.6392865572359198,2.399839162826538,2.4846696853637695,2.569352865219116,0.0,0.0,0.03302364283797093,0.21220016739619169,0.6152629381735487,2.0938687636854643,2.4143845414857457,3.1487101134073163,0.0
COL,46,239.0,0.00881783750000011,image_color_derived_proxy,16.0,0.0,0.8070175438596491,0.0,86.02599859237671,636,5369.57421875,0.0,nearest_physical_car_same_track_location_crossing_headway_le_2s,0.0029409522259611523,0.026619842475673203,0.08840355192859892,0.17032059741611857,0.31876411007962185,2.0409440893875925,2.6774138953298183,3.3019137678475214,0.0,0.0,0.0,0.0,0.0,2.5609121322631836,2.674093246459961,2.761991262435913,0.0,0.0,0.02319065125111555,0.08626461358665541,0.278102056288913,2.2632836758562416,2.598899204590802,3.4212195949908923,0.0
COL,47,239.0,0.00881783750000011,image_color_derived_proxy,16.0,0.0,0.8245614035087719,0.0,86.11200046539307,655,5369.57421875,0.0,nearest_physical_car_same_track_location_crossing_headway_le_2s,0.0013122324622774975,0.02183200068814459,0.07138379358577167,0.14754033881641057,0.25545800847814604,2.0930538981484728,2.783486279136137,3.362223058467289,0.0,0.0,0.0,0.0,0.0,2.793950080871582,3.004999876022339,3.1094071865081787,0.0,0.0,0.0,0.006433491865223024,0.09980023584257627,2.5053914852889316,2.8906064130105067,3.9061644933814614,0.0
COL,48,239.0,0.00881783750000011,image_color_derived_proxy,16.0,0.0,0.8421052631578947,0.0,85.96599626541138,655,5369.57421875,0.0,nearest_physical_car_same_track_location_crossing_headway_le_2s,0.0,0.00697948607806113,0.03102395894658532,0.09025656503804577,0.17306838301426383,2.2989431322922353,2.948086722659216,3.6780930039305124,0.0,0.0,0.0,0.0,0.0,2.79557204246521,2.8568615913391113,2.9284510612487793,0.0,0.0,0.0,0.016750793212040878,0.15686435563100995,2.4225331898373175,2.7713718709359263,3.728723236521424,0.0
COL,49,239.0,0.00881783750000011,image_color_derived_proxy,16.0,0.0,0.8596491228070176,0.0016051364365971107,85.85899925231934,624,5369.57421875,0.0,nearest_physical_car_same_track_location_crossing_headway_le_2s,0.004740303104022822,0.022583573156080984,0.07791839349523001,0.14186049143834623,0.23812292869709664,2.0947817604758523,2.7847929751535205,3.437521264908162,0.0,0.0,0.0,0.0,0.0,2.783726453781128,2.843459129333496,2.924400568008423,0.0,0.0,0.0,0.02707929026876757,0.17414595892292684,2.4001550362849584,2.7971181470417847,3.781755249654506,0.0
COL,50,239.0,0.00881783750000011,image_color_derived_proxy,15.0,0.0,0.8771929824561403,0.0015408320493066256,85.81099700927734,650,5369.57421875,0.0,nearest_physical_car_same_track_location_crossing_headway_le_2s,0.0,0.01877379601489017,0.0595145706317156,0.13057775743928451,0.25558487018221693,2.1633915567712885,2.7275913742416136,3.459068194302646,0.0,0.0,0.0,0.0,0.17834536083344987,2.397639274597168,2.7085976600646973,2.8752849102020264,0.0,0.0,0.014450337450752035,0.12306121075421837,0.3334422101639496,2.21166588355061,2.627659165177789,3.6338382425971756,0.0
COL,51,239.0,0.00881783750000011,image_color_derived_proxy,15.0,0.0,0.8947368421052632,0.0,85.89800262451172,651,5369.57421875,0.4065635901727916,nearest_physical_car_same_track_location_crossing_headway_le_2s,0.05391269584751444,0.13908361580069248,0.31152057368696534,0.6137627962976236,0.8593215110468252,1.6101490336841149,2.12671193707818,2.5473381546229334,0.0,0.060129464687383394,0.4065635901727916,0.8736059044537782,1.0,1.8001515865325928,2.056208848953247,2.2943060398101807,0.041607501956465606,0.1875363881286703,0.4612797780904807,0.7307155019667686,0.8541875114299248,1.603516916213448,2.0223137643498372,2.6812767121591943,0.32394339664154503
COL,52,117.0,0.5927112283000001,image_color_derived_proxy,15.0,0.0,0.9122807017543859,0.0,85.77299880981445,650,5369.57421875,0.7313257261758648,nearest_physical_car_same_track_location_crossing_headway_le_2s,0.06184931543098946,0.1931493888091983,0.5366956810570945,0.8263205666941162,0.948736735570646,1.5946775226203762,1.9748780483636772,2.3674193351499495,0.0031711091859653044,0.2646637115248618,0.7313257261758648,1.0,1.0,1.6932086944580078,1.8856358528137207,2.068856716156006,0.03367031983319277,0.3422872515602376,0.7142923441386848,0.8555139583374194,0.9425576855501588,1.602636423256655,1.8089346080768187,2.402662549061544,0.6583748198882642
COL,53,70.0,0.8176537641000001,image_color_derived_proxy,15.0,0.0,0.9298245614035088,0.0,86.09600162506104,665,5369.57421875,0.9980602958625637,nearest_physical_car_same_track_location_crossing_headway_le_2s,0.07453308135814536,0.20377261394475507,0.5839411273686103,0.8462995343554752,0.952843361031862,1.5468522696659484,1.9451611864697802,2.3475261089462363,0.0,0.46589855617526094,0.9980602958625637,1.0,1.0,1.6965618133544922,1.7522773742675781,1.8248851299285889,0.06198891801133698,0.5749976231803733,0.8245562901724194,0.9663631312281024,0.9859343010169199,1.5372428465568753,1.7302753433723879,2.146397612975457,0.8175521023642922
COL,54,220.0,0.09975205410000015,image_color_derived_proxy,15.0,0.0,0.9473684210526315,0.0,86.04000091552734,648,5369.57421875,0.0,nearest_physical_car_same_track_location_crossing_headway_le_2s,0.03719201219071536,0.1251859243702136,0.26745702535638644,0.5440956355822489,0.7847396517082563,1.6755168241613052,2.2106078227923955,2.6789409661445323,0.0,0.0,0.0,0.23945838526225158,0.3835657665063022,2.079073190689087,2.5715506076812744,2.7709946632385254,0.0,0.0,0.1034751336407614,0.3171199889425211,0.5067759867381191,1.9997444763902736,2.495819238323627,3.1259981472022353,0.02924513150506447
COL,55,145.0,0.4587029091000001,image_color_derived_proxy,14.0,0.0,0.9649122807017544,0.0047169811320754715,87.55100059509277,637,5369.57421875,0.49057118262476884,nearest_physical_car_same_track_location_crossing_headway_le_2s,0.028086525930854467,0.03265526539085854,0.038377681605127834,0.045779068287289566,0.05491659077844184,2.860508227739178,4.184983305691341,5.6228381234868205,0.2774497064274344,0.41667138505848306,0.49057118262476884,0.7181985166247552,0.8920400835354689,0.8595874309539795,2.006528615951538,2.699671983718872,0.31638701580776357,0.39815652449888883,0.5260818829461649,0.7541888045295865,0.8589165590586489,0.9220677615965786,1.97542635791484,2.755979144874254,0.4432177738054415
COL,56,240.0,0.00403182610000016,image_color_derived_proxy,14.0,0.0,0.9824561403508771,0.0016051364365971107,86.10700225830078,624,5369.57421875,0.0,nearest_physical_car_same_track_location_crossing_headway_le_2s,0.0040763437385618224,0.02534055476693386,0.06271271520829344,0.1322772668202286,0.2665520333202658,2.158159112311029,3.0170607688210227,4.079411991130569,0.0,0.0,0.0,0.0,0.10639088589205754,2.401552677154541,2.9719109535217285,3.5346057415008545,0.0,0.0,0.0,0.038696045002280216,0.1995540279351354,2.303590028996678,3.0500728255820846,3.9505976943594905,0.0
BEA,1,14.0,1.0,image_color_derived_proxy,12.0,0.020546366116278456,0.017543859649122806,0.10224089635854341,95.39399945735931,715,5369.57421875,0.9794536338837215,nearest_physical_car_same_track_location_crossing_headway_le_2s,0.984915193631926,0.984915193631926,0.984915193631926,0.984915193631926,0.984915193631926,0.009743315013334712,0.0999403324481728,0.41919486412635215,0.9794536338837215,0.9794536338837215,0.9794536338837215,0.9794536338837215,0.9794536338837215,0.011728525161743164,0.15112948417663574,0.4231884479522705,0.9850200218894145,0.9850200218894145,0.9850200218894145,0.9850200218894145,0.9850200218894145,0.012598266656135731,0.1567712825072981,0.43906786191951613,0.9803227609096006
BEA,2,14.5,1.0,image_color_derived_proxy,12.0,0.0,0.03508771929824561,0.01337295690936107,89.35799407958984,674,5369.57421875,1.0,nearest_physical_car_same_track_location_crossing_headway_le_2s,0.9971463102114344,0.9971463102114344,0.9971463102114344,0.9971463102114344,0.9971463102114344,0.4760212308433883,0.7137308866010158,0.8874813101538471,1.0,1.0,1.0,1.0,1.0,0.464688777923584,0.7069442272186279,0.8543639183044434,1.0,1.0,1.0,1.0,1.0,0.4632672405469897,0.7154818292942602,0.8597294302065949,0.9992033014260409
BEA,3,15.0,1.0,image_color_derived_proxy,12.0,0.0,0.05263157894736842,0.0,89.08099699020386,663,5369.57421875,1.0,nearest_physical_car_same_track_location_crossing_headway_le_2s,0.9875619004169714,0.9960934430266346,0.9960934430266346,0.9960934430266346,0.9960934430266346,0.5356236554438866,0.942742292720116,1.2063749649945428,1.0,1.0,1.0,1.0,1.0,0.418473482131958,0.6359705924987793,0.7885115146636963,1.0,1.0,1.0,1.0,1.0,0.42080960783317833,0.6341700807350273,0.7955747658768573,0.9988397196359866
BEA,4,15.0,1.0,image_color_derived_proxy,12.0,0.0,0.07017543859649122,0.0,88.70299863815308,662,5369.57421875,1.0,nearest_physical_car_same_track_location_crossing_headway_le_2s,0.9941602875367405,0.9941602875367405,0.9941602875367405,0.9941602875367405,0.9941602875367405,0.44309867055792557,0.7926692258394681,1.104852164301891,1.0,1.0,1.0,1.0,1.0,0.4441049098968506,0.7881441116333008,1.1353189945220947,1.0,1.0,1.0,1.0,1.0,0.444207886882592,0.7938263036956361,1.1220213784614768,0.9985983104308922
BEA,5,15.0,1.0,image_color_derived_proxy,12.0,0.0,0.08771929824561403,0.0,88.49199867248535,670,5369.57421875,1.0,nearest_physical_car_same_track_location_crossing_headway_le_2s,0.9933779320835413,0.9933779320835413,0.9933779320835413,0.9933779320835413,0.9933779320835413,0.616596945937799,0.7651759236866638,1.0820158822195869,1.0,1.0,1.0,1.0,1.0,0.531181812286377,0.6560566425323486,0.9280869960784912,1.0,1.0,1.0,1.0,1.0,0.5223637498314426,0.6587762782544773,0.9130875430153597,0.9984343549159878
BEA,6,15.0,1.0,image_color_derived_proxy,12.0,0.0,0.10526315789473684,0.0,87.91400146484375,653,5369.57421875,1.0,nearest_physical_car_same_track_location_crossing_headway_le_2s,0.9956320950367454,0.9956320950367454,0.9956320950367454,0.9956320950367454,0.9956320950367454,0.7158593239439758,0.8694162036404196,1.0450558052235035,1.0,1.0,1.0,1.0,1.0,0.642432689666748,0.7867763042449951,0.9195003509521484,1.0,1.0,1.0,1.0,1.0,0.6557207086416558,0.7759871087413723,0.9357095517353525,0.998862358486744
BEA,7,141.0,0.47784695470000005,image_color_derived_proxy,11.0,0.0,0.12280701754385964,0.004878048780487805,109.0319995880127,821,5369.57421875,0.49568015236957264,nearest_physical_car_same_track_location_crossing_headway_le_2s,0.3758713401833936,0.40571576947965426,0.5090890381438065,0.6858170860928635,0.7917033800054016,0.5902960278189584,1.9682173272510637,2.901696112350692,0.36153601743077907,0.4103198631296468,0.49568015236957264,0.6978960019518521,0.8570327856948292,0.5970747470855713,2.0336811542510986,3.004687786102295,0.37328488060414206,0.41440119596595554,0.5139591900653712,0.6871744256441478,0.7970412199991922,0.5948072698750441,1.976438174220664,3.5648494093069427,0.47725411930673817
BEA,8,42.0,0.9516620833,image_color_derived_proxy,11.0,0.0,0.14035087719298245,0.012121212121212121,135.5029947757721,991,5369.57421875,0.9096625066406244,nearest_physical_car_same_track_location_crossing_headway_le_2s,0.4231566920558308,0.6625314259313726,0.7824180417341988,0.8760026537723927,0.9062529567979088,0.7914234763316973,1.5929351806640626,2.434353600478754,0.6899182892133726,0.8743939148773306,0.9096625066406244,0.9342745073218426,0.9372264758216274,0.6644182205200195,1.329422950744629,1.8451924324035645,0.6893869037753131,0.8376124595802125,0.8889324042543189,0.9082455644351796,0.9137066931394237,0.6544855034618147,1.3125030377018632,2.076484469127884,0.8810205852385867
BEA,9,19.0,1.0,image_color_derived_proxy,10.0,0.0,0.15789473684210525,0.0019029495718363464,140.85199451446533,1052,5369.57421875,0.9921903846060227,nearest_physical_car_same_track_location_crossing_headway_le_2s,0.9167068389654041,0.9718072888339874,0.9962726834080846,0.9962726834080846,0.9962726834080846,0.5824752656540068,0.9865644519201019,1.439921005758298,0.9293939706943181,0.973638997207612,0.9921903846060227,0.9921903846060227,0.9921903846060227,0.39879631996154785,0.7352945804595947,1.2438750267028809,0.9332703809993771,0.953213299846444,0.9699471822220888,0.9877886018148291,0.9921903846060227,0.39663002006886566,0.7212167734737187,1.2948689760327419,0.988207972862116
BEA,10,14.0,1.0,image_color_derived_proxy,10.0,0.0,0.17543859649122806,0.0019588638589618022,134.01299285888672,1022,5369.57421875,1.0,nearest_physical_car_same_track_location_crossing_headway_le_2s,0.9880160848604022,0.9972614594617978,0.9972614594617978,0.9972614594617978,0.9972614594617978,0.5585869664731233,0.9393847507955921,1.2554859024012501,1.0,1.0,1.0,1.0,1.0,0.4011409282684326,0.7336056232452393,1.222564458847046,0.9897472657961688,1.0,1.0,1.0,1.0,0.39600487129433853,0.7091336843639939,1.2002779376334305,0.9989605364192863
BEA,11,15.0,1.0,image_color_derived_proxy,10.0,0.0,0.19298245614035087,0.0,88.30000376701355,651,5369.57421875,1.0,nearest_physical_car_same_track_location_crossing_headway_le_2s,0.9963759911755861,0.9963759911755861,0.9963759911755861,0.9963759911755861,0.9963759911755861,0.2785577975325848,0.38369089299982245,0.5420518493652344,1.0,1.0,1.0,1.0,1.0,0.18409371376037598,0.2838475704193115,0.4628720283508301,1.0,1.0,1.0,1.0,1.0,0.1850111450574213,0.2828109538218145,0.4712381381058197,0.9992051314630098
BEA,12,15.0,1.0,image_color_derived_proxy,10.0,0.0,0.21052631578947367,0.0,88.08399963378906,657,5369.57421875,1.0,nearest_physical_car_same_track_location_crossing_headway_le_2s,0.9965260433728015,0.9965260433728015,0.9965260433728015,0.9965260433728015,0.9965260433728015,0.4455784318814999,0.6166178258628005,0.8354739100872425,1.0,1.0,1.0,1.0,1.0,0.4428544044494629,0.5977697372436523,0.8110380172729492,1.0,1.0,1.0,1.0,1.0,0.4376901808937508,0.5859020637354733,0.8137251052260167,0.9992229456943511
BEA,13,15.0,1.0,image_color_derived_proxy,10.0,0.0,0.22807017543859648,0.0,87.78500366210938,665,5369.57421875,1.0,nearest_physical_car_same_track_location_crossing_headway_le_2s,0.9910121325760315,0.9910121325760315,0.9910121325760315,0.9910121325760315,0.9910121325760315,0.41925647289721996,0.5073061179620566,0.7290802771332847,1.0,1.0,1.0,1.0,1.0,0.4177582263946533,0.5236725807189941,0.7435674667358398,1.0,1.0,1.0,1.0,1.0,0.4155952405186007,0.5233305639367744,0.7322041649728765,0.9981365893242347
BEA,14,15.0,1.0,image_color_derived_proxy,10.0,0.0,0.24561403508771928,0.0,87.77599906921387,674,5369.57421875,1.0,nearest_physical_car_same_track_location_crossing_headway_le_2s,0.9948847064605938,0.9948847064605938,0.9948847064605938,0.9948847064605938,0.9948847064605938,0.530733043864622,0.686489622057366,0.7713883986166858,1.0,1.0,1.0,1.0,1.0,0.2899210453033447,0.3917810916900635,0.6615324020385742,1.0,1.0,1.0,1.0,1.0,0.28911528506410034,0.38959858219190313,0.6540854509644248,0.9988800966815412
BEA,15,15.0,1.0,image_color_derived_proxy,10.0,0.0,0.2631578947368421,0.0,88.00700378417969,645,5369.57421875,1.0,nearest_physical_car_same_track_location_crossing_headway_le_2s,0.9949094958973161,0.9949094958973161,0.9949094958973161,0.9949094958973161,0.9949094958973161,0.45442875573376473,0.7319272405450995,0.9441666208659208,1.0,1.0,1.0,1.0,1.0,0.36486196517944336,0.530437707901001,0.6118788719177246,1.0,1.0,1.0,1.0,1.0,0.3639581838413597,0.5319918614470176,0.6172278473175096,0.9988734913575745
BEA,16,15.0,1.0,image_color_derived_proxy,10.0,0.0,0.2807017543859649,0.0,87.70899820327759,654,5369.57421875,1.0,nearest_physical_car_same_track_location_crossing_headway_le_2s,0.9956902940528126,0.9956902940528126,0.9956902940528126,0.9956902940528126,0.9956902940528126,0.6814310931195581,0.888657596496626,1.0395906204297665,1.0,1.0,1.0,1.0,1.0,0.5161864757537842,0.607003927230835,0.6914098262786865,1.0,1.0,1.0,1.0,1.0,0.5027968048990156,0.6070981328100049,0.6936633823137867,0.9990142673993765
BEA,17,14.0,1.0,image_color_derived_proxy,10.0,0.0,0.2982456140350877,0.0,87.68700218200684,655,5369.57421875,1.0,nearest_physical_car_same_track_location_crossing_headway_le_2s,0.9967498033992294,0.9967498033992294,0.9967498033992294,0.9967498033992294,0.9967498033992294,0.6015640114155991,0.7832864284515382,1.0003095994268483,1.0,1.0,1.0,1.0,1.0,0.5074100494384766,0.6673974990844727,0.8328311443328857,1.0,1.0,1.0,1.0,1.0,0.5057048785324963,0.6678469412707887,0.8252675241530432,0.9992093772536763
BEA,18,14.0,1.0,image_color_derived_proxy,10.0,0.0,0.3157894736842105,0.0,87.75399780273438,660,5369.57421875,1.0,nearest_physical_car_same_track_location_crossing_headway_le_2s,0.995738085759747,0.995738085759747,0.995738085759747,0.995738085759747,0.995738085759747,0.6624795796919842,0.8940629997414204,1.1021576525782955,1.0,1.0,1.0,1.0,1.0,0.6418218612670898,0.7341675758361816,0.8614907264709473,1.0,1.0,1.0,1.0,1.0,0.6520971958107702,0.7329411460130626,0.8699702094219959,0.999000708349322
BEA,19,14.0,1.0,image_color_derived_proxy,10.0,0.0,0.3333333333333333,0.0,87.61199951171875,672,5369.57421875,1.0,nearest_physical_car_same_track_location_crossing_headway_le_2s,0.9936310090941509,0.9936310090941509,0.9936310090941509,0.9936310090941509,0.9936310090941509,0.7418795675930535,0.8939163232067762,1.0633129957245617,1.0,1.0,1.0,1.0,1.0,0.7083358764648438,0.8382627964019775,0.9356536865234375,1.0,1.0,1.0,1.0,1.0,0.6854621393067413,0.8249402964729184,0.9587765662792672,0.9985785028742025
BEA,20,15.0,1.0,image_color_derived_proxy,10.0,0.0,0.3508771929824561,0.0,87.38800376653671,667,5369.57421875,1.0,nearest_physical_car_same_track_location_crossing_headway_le_2s,0.9955485881150378,0.9955485881150378,0.9955485881150378,0.9955485881150378,0.9955485881150378,0.7894762311662947,0.9067065713922176,1.033188147738411,1.0,1.0,1.0,1.0,1.0,0.3630826473236084,0.5668253898620605,0.8344390392303467,1.0,1.0,1.0,1.0,1.0,0.3625494295905177,0.5636727801745115,0.8224144595094278,0.9989408905355005
BEA,21,15.0,1.0,image_color_derived_proxy,10.0,0.0,0.3684210526315789,0.0,87.66999673843384,660,5369.57421875,1.0,nearest_physical_car_same_track_location_crossing_headway_le_2s,0.997136991029277,0.997136991029277,0.997136991029277,0.997136991029277,0.997136991029277,0.7131518786466575,0.896226181829421,1.1399179927638319,1.0,1.0,1.0,1.0,1.0,0.6774168014526367,0.789085865020752,0.9914460182189941,1.0,1.0,1.0,1.0,1.0,0.6704106590960477,0.7854478153470591,0.9731577615317711,0.9992391064181255
BEA,22,15.0,1.0,image_color_derived_proxy,10.0,0.0,0.38596491228070173,0.0,87.21700286865234,655,5369.57421875,1.0,nearest_physical_car_same_track_location_crossing_headway_le_2s,0.9946799365790253,0.9946799365790253,0.9946799365790253,0.9946799365790253,0.9946799365790253,0.7533163253549309,0.8967747944607862,0.9984444113338694,0.9926619882752419,1.0,1.0,1.0,1.0,0.8880975246429443,0.9919543266296387,1.158801794052124,0.9935792616098366,1.0,1.0,1.0,1.0,0.8637343067427622,0.9929687149261053,1.214397923296849,0.9991589253140517
BEA,23,20.0,1.0,image_color_derived_proxy,10.0,0.0,0.40350877192982454,0.0,87.7760009765625,666,5369.57421875,1.0,nearest_physical_car_same_track_location_crossing_headway_le_2s,0.9745943624741156,0.9907833575663261,0.9907833575663261,0.9907833575663261,0.9907833575663261,0.5581866477907004,0.8631051903423671,1.2126714998788208,1.0,1.0,1.0,1.0,1.0,0.35105466842651367,0.46974921226501465,0.6361684799194336,1.0,1.0,1.0,1.0,1.0,0.3492460549487008,0.46438884474416375,0.626470679200464,0.9976988787006937
BEA,24,20.0,1.0,image_color_derived_proxy,10.0,0.0,0.42105263157894735,0.0,87.31799936294556,644,5369.57421875,1.0,nearest_physical_car_same_track_location_crossing_headway_le_2s,0.996209258083633,0.996209258083633,0.996209258083633,0.996209258083633,0.996209258083633,0.779616881580806,1.0426018566471331,1.2550244215058117,1.0,1.0,1.0,1.0,1.0,0.7944467067718506,1.0079286098480225,1.237715482711792,1.0,1.0,1.0,1.0,1.0,0.7886036639586695,0.9964767773300499,1.2658971809567925,0.9990239341652035
BEA,25,24.0,1.0,image_color_derived_proxy,10.0,0.0,0.43859649122807015,0.0,87.6449966430664,652,5369.57421875,1.0,nearest_physical_car_same_track_location_crossing_headway_le_2s,0.9133435827438314,0.9660676235854021,0.9938958292347841,0.9938958292347841,0.9938958292347841,0.65939501953125,1.0362633025161057,1.4863673817027698,1.0,1.0,1.0,1.0,1.0,0.5067849159240723,0.5978190898895264,0.8486595153808594,1.0,1.0,1.0,1.0,1.0,0.5030125089995657,0.6108923588188135,0.8372379572738237,1.0
BEA,26,32.0,0.9995221973000001,image_color_derived_proxy,10.0,0.0,0.45614035087719296,0.0,87.4119987487793,636,5369.57421875,1.0,nearest_physical_car_same_track_location_crossing_headway_le_2s,0.9932503548457963,0.9932503548457963,0.9932503548457963,0.9932503548457963,0.9932503548457963,0.6397432275720545,0.7935312509536743,0.9911710762019174,1.0,1.0,1.0,1.0,1.0,0.6238698959350586,0.7645571231842041,0.9199657440185547,1.0,1.0,1.0,1.0,1.0,0.6250140207735772,0.7496505975766351,0.9083266041397202,0.9984242300133725
BEA,27,20.0,1.0,image_color_derived_proxy,10.0,0.0,0.47368421052631576,0.0,87.57699584960938,635,5369.57421875,1.0,nearest_physical_car_same_track_location_crossing_headway_le_2s,0.9605033478242064,0.9938454160307894,0.9938454160307894,0.9938454160307894,0.9938454160307894,0.7448208555883291,1.0226084364221157,1.3887518975967752,1.0,1.0,1.0,1.0,1.0,0.7118844985961914,0.8118658065795898,1.1173784732818604,1.0,1.0,1.0,1.0,1.0,0.7048341579191219,0.806296236728191,1.0940402167238832,0.9979547337723416
BEA,28,23.0,1.0,image_color_derived_proxy,10.0,0.0,0.49122807017543857,0.0,87.83699798583984,659,5369.57421875,1.0,nearest_physical_car_same_track_location_crossing_headway_le_2s,0.7247742025060256,0.8745745450935297,0.9564876325146654,0.9895032633192596,0.9961064242235996,1.0422686414410458,1.2735476930746326,1.7778032271588435,0.9044252782361738,1.0,1.0,1.0,1.0,0.9669222831726074,1.0678727626800537,1.4761919975280762,0.9335701444918084,0.9963568917180456,1.0,1.0,1.0,0.932439206811271,1.0790273479968566,1.460075607567336,1.0
BEA,29,28.0,1.0,image_color_derived_proxy,10.0,0.0,0.5087719298245614,0.0,87.39399719238281,637,5369.57421875,0.6765223564470979,nearest_physical_car_same_track_location_crossing_headway_le_2s,0.10366844673365282,0.38328714379018036,0.7057464463807036,0.9141359346925239,0.990331191118024,1.4979999651227678,1.8432186669821784,2.191327417424295,0.0,0.3993866689085009,0.6765223564470979,0.9624802682798096,1.0,1.624276876449585,1.87715482711792,2.147545337677002,0.0,0.37491129892292435,0.7014668158341937,0.8990549114938176,0.9812344160659197,1.5591873383697792,1.8561197118722592,2.257780673014896,0.7242165630883961
BEA,30,36.0,0.9803781517,image_color_derived_proxy,10.0,0.0,0.5263157894736842,0.0,87.17900085449219,634,5369.57421875,1.0,nearest_physical_car_same_track_location_crossing_headway_le_2s,0.149382290255319,0.46432054266353284,0.8190159842974707,0.9548858301308266,0.9904793588458759,1.4132992565729454,1.773707060761504,2.0901545082650532,0.8612166008881285,0.9984055800410371,1.0,1.0,1.0,1.2306797504425049,1.3721680641174316,1.6058120727539062,0.7682928929073822,0.9593135645328329,0.9862352195195719,1.0,1.0,1.1533871947351577,1.3453224740556944,1.63418752518413,0.9945833032099511
BEA,31,47.0,0.9277320263000002,image_color_derived_proxy,10.0,0.0,0.543859649122807,0.0,86.95500183105469,636,5369.57421875,1.0,nearest_physical_car_same_track_location_crossing_headway_le_2s,0.10901042289069246,0.2916911350394468,0.8037030493355877,0.9329653060710474,0.99689494560355,1.485843648538961,1.8438905599943616,2.156300604512542,0.7924098647003176,0.9035133095664384,1.0,1.0,1.0,1.21993088722229,1.4070439338684082,1.7292401790618896,0.7109078645890639,0.910769969789511,0.9765510842592929,0.9921683659189325,1.0,1.1635260303891086,1.4140167765319518,1.746421415524327,0.9960230058269667
BEA,32,36.0,0.9803781517,image_color_derived_proxy,10.0,0.0,0.5614035087719298,0.0,91.23200225830078,669,5369.57421875,1.0,nearest_physical_car_same_track_location_crossing_headway_le_2s,0.19792394476784128,0.7299850545172375,0.8942147254452494,0.9327756891413177,0.9910776856104482,1.3596619086757673,1.6479186216472415,2.0013269647631433,0.8569470999278221,1.0,1.0,1.0,1.0,1.2475652694702148,1.3972930908203125,1.59366774559021,0.7468762023893538,0.9645190294147974,0.9936645030871065,1.0,1.0,1.2546426368126435,1.3813188261774447,1.6103238705148848,0.9777051681858723
BEA,33,228.0,0.06146396290000013,image_color_derived_proxy,18.0,0.0,0.5789473684210527,0.022058823529411766,125.16200256347656,953,5369.57421875,0.14159248277104733,nearest_physical_car_same_track_location_crossing_headway_le_2s,0.047258775909185445,0.05031082777263342,0.05031082777263342,0.05031082777263342,0.05289946808096428,4.029450073242187,6.961578302556818,749.1500244140625,0.12943224019236788,0.13663092598983959,0.14159248277104733,0.14605070933459408,0.15165943762216375,1.2461411952972412,6.303749084472656,6.792011737823486,0.1217621937760839,0.13230852498050316,0.13697446726453277,0.1402981626168819,0.14511590858746665,1.2552300815486825,5.863028861593465,9.251911797622581,0.12400514123412953
BEA,34,239.0,0.00881783750000011,image_color_derived_proxy,18.0,0.0,0.5964912280701754,0.0015600624024961,85.0530014038086,642,5369.57421875,0.0,nearest_physical_car_same_track_location_crossing_headway_le_2s,0.0,0.0,0.0,0.0,0.0,4.4767289245538295,5.8005550354484505,7.964009182974214,0.0,0.0,0.0,0.0,0.0,5.9581756591796875,6.0915586948394775,6.47365140914917,0.0,0.0,0.0,0.0,0.0,4.767682609029621,6.030111318127137,8.91101884708443,0.004727777827300272
BEA,35,52.0,0.9038019693000001,image_color_derived_proxy,18.0,0.0,0.6140350877192983,0.0,85.67099571228027,640,5369.57421875,0.93085174583155,nearest_physical_car_same_track_location_crossing_headway_le_2s,0.939699546545211,0.9467030825686236,0.9551073274664919,0.9600331477844055,0.9649122784558604,0.7661033817403392,0.9540797026261039,1.2806687647629034,0.923392973927602,0.926649621991138,0.93085174583155,0.9352873151213007,0.9373650308267995,0.5897989273071289,0.7101871967315674,1.1240880489349365,0.9242917628409747,0.93085174583155,0.9373650308267995,0.9415671546672114,0.9448354744466232,0.5960876695382522,0.7032389913751408,1.22632601137198,0.9373339935489806
BEA,36,28.0,1.0,image_color_derived_proxy,18.0,0.0,0.631578947368421,0.0,85.71750164031982,647,5369.57421875,1.0,nearest_physical_car_same_track_location_crossing_headway_le_2s,0.6631667518298993,0.9293726367794019,0.9963484704106743,0.9963484704106743,0.9963484704106743,0.7216291478681659,1.3904817667330562,1.6873732443136462,1.0,1.0,1.0,1.0,1.0,0.6861379146575928,1.1781818866729736,1.3616101741790771,0.992801929967313,1.0,1.0,1.0,1.0,0.6733649631905696,1.1874147287966643,1.3595835533650955,1.0
BEA,37,33.0,0.9947361859,image_color_derived_proxy,18.0,0.0,0.6491228070175439,0.0,85.58699798583984,637,5369.57421875,1.0,nearest_physical_car_same_track_location_crossing_headway_le_2s,0.5624100292773465,0.8546508148713605,0.9685349547212223,0.9928376883759481,0.9951745008316502,1.2623881892154092,1.4726876921464507,1.7949398353451589,0.7312442375280787,1.0,1.0,1.0,1.0,1.240760087966919,1.425196647644043,1.6090691089630127,0.7640295382204711,0.9247081424692097,1.0,1.0,1.0,1.2122363325354621,1.414999262363221,1.645417316223821,1.0
BEA,38,43.0,0.9468760719000001,image_color_derived_proxy,18.0,0.0,0.6666666666666666,0.0,85.71300029754639,631,5369.57421875,1.0,nearest_physical_car_same_track_location_crossing_headway_le_2s,0.6085074783651961,0.8643495360221424,0.9860464917201192,0.9925098874462256,0.9925098874462256,1.153960396039604,1.4260347366333008,1.81052669429376,1.0,1.0,1.0,1.0,1.0,1.004772424697876,1.1198320388793945,1.2413208484649658,0.9923349121092093,1.0,1.0,1.0,1.0,0.9822442579796191,1.1145569858978674,1.2482433776130202,1.0
BEA,39,25.0,1.0,image_color_derived_proxy,18.0,0.0,0.6842105263157895,0.0,85.46099805831909,636,5369.57421875,1.0,nearest_physical_car_same_track_location_crossing_headway_le_2s,0.9271948720288854,0.9798153414292449,0.9959630707966636,0.9959630707966636,0.9959630707966636,0.9785691051948362,1.195788280399785,1.433836039558786,1.0,1.0,1.0,1.0,1.0,0.9114296436309814,1.190995216369629,1.3056414127349854,0.989936945243536,1.0,1.0,1.0,1.0,0.9123955535952579,1.169491858109817,1.3543214321287282,0.9994437909911749
BEA,40,34.0,0.9899501745000001,image_color_derived_proxy,19.0,0.0,0.7017543859649122,0.0015037593984962407,90.28800201416016,666,5369.57421875,0.9530834666119778,nearest_physical_car_same_track_location_crossing_headway_le_2s,0.9196903004834536,0.9232787894335998,0.928550784761728,0.9307105367827512,0.9316408888994796,0.7857536737869326,1.0120346686743589,1.430777407208935,0.9455077301613819,0.947722830105789,0.9530834666119778,0.9559077317161938,0.9610579616128774,0.6690480709075928,0.7572779655456543,0.9118871688842773,0.9455077301613819,0.947722830105789,0.9530834666119778,0.9559077317161938,0.9610579616128774,0.6640760821745855,0.7541469955390495,0.9052224316705806,0.9468672547599828
BEA,41,240.0,0.00403182610000016,image_color_derived_proxy,19.0,0.0,0.7192982456140351,0.004371584699453552,121.25900268554688,916,5369.57421875,0.06203251406535688,nearest_physical_car_same_track_location_crossing_headway_le_2s,0.0,0.0,0.0,0.0,0.0,24.782039969308034,34.35025861028391,607.1730135395532,0.04479668602920913,0.05383518196092027,0.06203251406535688,0.06524877293839179,0.07295130180839404,3.4425947666168213,12.434279441833496,21.75381064414978,0.04479668602920913,0.05383518196092027,0.06203251406535688,0.06653527452141295,0.07295130180839404,3.420792203276833,11.840455757700498,19.403094932560485,0.053889391638577755
HUL,1,15.0,1.0,image_color_derived_proxy,11.0,0.01419747734923647,0.017543859649122806,0.11533052039381153,94.8760015964508,712,5369.57421875,0.9858025226507635,nearest_physical_car_same_track_location_crossing_headway_le_2s,0.984832835837646,0.984832835837646,0.984832835837646,0.984832835837646,0.984832835837646,0.016452723583644246,0.06508759129656493,0.16277984789947966,0.9858025226507635,0.9858025226507635,0.9858025226507635,0.9858025226507635,0.9858025226507635,0.01587677001953125,0.16014885902404785,0.3717153072357178,0.991694423720082,0.991694423720082,0.991694423720082,0.991694423720082,0.991694423720082,0.01666879695882942,0.1675870778314878,0.38322137203891404,0.9866417954680775
HUL,2,15.0,1.0,image_color_derived_proxy,10.0,0.0,0.03508771929824561,0.014903129657228018,89.04199981689453,672,5369.57421875,1.0,nearest_physical_car_same_track_location_crossing_headway_le_2s,0.9935648344039151,0.9935648344039151,0.9935648344039151,0.9935648344039151,0.9935648344039151,0.078953562140962,0.4886645820570289,1.310712631105438,1.0,1.0,1.0,1.0,1.0,0.09789919853210449,0.4911990165710449,0.7089381217956543,1.0,1.0,1.0,1.0,1.0,0.09781165329339657,0.4900983511699936,0.72184749774402,0.9987600473467914
HUL,3,15.0,1.0,image_color_derived_proxy,10.0,0.0,0.05263157894736842,0.0,88.4929986000061,657,5369.57421875,1.0,nearest_physical_car_same_track_location_crossing_headway_le_2s,0.9943272351237654,0.9943272351237654,0.9943272351237654,0.9943272351237654,0.9943272351237654,0.14202315625329556,0.25320513798640326,0.5173791277539599,1.0,1.0,1.0,1.0,1.0,0.1441514492034912,0.25165271759033203,0.6132767200469971,1.0,1.0,1.0,1.0,1.0,0.14344873246152198,0.2508799874804723,0.6184541108083098,0.9988972368701777
HUL,4,20.0,1.0,image_color_derived_proxy,10.0,0.0,0.07017543859649122,0.0,88.53300094604492,660,5369.57421875,1.0,nearest_physical_car_same_track_location_crossing_headway_le_2s,0.9956965198503602,0.9956965198503602,0.9956965198503602,0.9956965198503602,0.9956965198503602,0.4423136690265112,0.6402786260131593,0.8531772082365011,1.0,1.0,1.0,1.0,1.0,0.21327519416809082,0.3504641056060791,0.44048023223876953,1.0,1.0,1.0,1.0,1.0,0.2134172884878776,0.3475845331077774,0.438767347635417,0.999152736396552
HUL,5,23.0,1.0,image_color_derived_proxy,10.0,0.0,0.08771929824561403,0.0,88.26800155639648,668,5369.57421875,1.0,nearest_physical_car_same_track_location_crossing_headway_le_2s,0.9966239180380966,0.9966239180380966,0.9966239180380966,0.9966239180380966,0.9966239180380966,0.3011683540951591,0.6319110429937003,0.791710734817217,1.0,1.0,1.0,1.0,1.0,0.2609598636627197,0.524789571762085,0.6027936935424805,1.0,1.0,1.0,1.0,1.0,0.25975937047837966,0.5238748325265196,0.6004437453431979,0.9993220916232716
HUL,6,28.0,1.0,image_color_derived_proxy,10.0,0.0,0.10526315789473684,0.0,88.33399963378906,656,5369.57421875,1.0,nearest_physical_car_same_track_location_crossing_headway_le_2s,0.9945773993690812,0.9945773993690812,0.9945773993690812,0.9945773993690812,0.9945773993690812,0.3604081416576918,0.48209119214170304,0.6520882005126036,1.0,1.0,1.0,1.0,1.0,0.27814602851867676,0.4109017848968506,0.5025010108947754,1.0,1.0,1.0,1.0,1.0,0.27847057121211455,0.4093187579003224,0.5027103935893859,0.9989116917266099
HUL,7,15.0,1.0,image_color_derived_proxy,,0.0,0.12280701754385964,0.07758620689655173,15.761999994516373,117,5369.57421875,0.131645718182149,nearest_physical_car_same_track_location_crossing_headway_le_2s,0.6088059827347292,0.6810683821358905,0.7860676702892119,0.8275599451394493,0.8275599451394493,0.12581229871274394,0.4381218572399162,3.132519927978516,0.09535590931923595,0.12783909592270745,0.131645718182149,0.131645718182149,0.14097195054084324,1.5426130294799805,14.234159231185913,54.95896124839783,0.09535590931923595,0.11819565280242977,0.12860042075274983,0.12860042075274983,0.131645718182149,1.5511614979893171,11.526240328737298,52.6892625394782,0.2769116472483332
