lap_id,session,driver,rel_distance,elapsed_s,speed_kph,throttle_pct,brake,gear,drs
Q-VER-L17,Qualifying,VER,0.0,0.0,245.0,100.0,0.0,6.0,8.0
Q-VER-L17,Qualifying,VER,0.0025,0.190552,247.67586,100.0,0.0,6.0,8.0
Q-VER-L17,Qualifying,VER,0.005,0.378446,251.108663,100.0,0.0,6.0,8.0
Q-VER-L17,Qualifying,VER,0.0075,0.564609,254.728507,100.0,0.0,6.0,8.0
Q-VER-L17,Qualifying,VER,0.01,0.748658,257.186576,100.0,0.0,6.0,8.0
Q-VER-L17,Qualifying,VER,0.0125,0.930583,259.885929,100.0,0.0,6.0,8.0
Q-VER-L17,Qualifying,VER,0.015,1.110105,263.001743,100.0,0.0,7.0,8.0
Q-VER-L17,Qualifying,VER,0.0175,1.287846,265.723073,100.0,0.0,7.0,8.0
Q-VER-L17,Qualifying,VER,0.02,1.46357,267.919626,100.0,0.0,7.0,8.0
Q-VER-L17,Qualifying,VER,0.0225,1.639157,270.098116,100.0,0.0,7.0,8.0
Q-VER-L17,Qualifying,VER,0.025,1.812293,271.953137,100.0,0.0,7.0,8.0
Q-VER-L17,Qualifying,VER,0.0275,1.98474,273.7474,100.0,0.0,7.0,8.0
Q-VER-L17,Qualifying,VER,0.03,2.155712,275.714246,100.0,0.0,7.0,8.0
Q-VER-L17,Qualifying,VER,0.0325,2.325104,278.360994,100.0,0.0,7.0,8.0
Q-VER-L17,Qualifying,VER,0.035,2.493692,280.530768,100.0,0.0,7.0,8.0
Q-VER-L17,Qualifying,VER,0.0375,2.660974,281.924785,100.0,0.0,7.0,8.0
Q-VER-L17,Qualifying,VER,0.04,2.826309,283.628222,100.0,0.0,7.0,8.0
Q-VER-L17,Qualifying,VER,0.0425,2.991533,285.349306,100.0,0.0,7.0,8.0
Q-VER-L17,Qualifying,VER,0.045,3.156675,287.066754,100.0,0.0,7.0,8.0
Q-VER-L17,Qualifying,VER,0.0475,3.319892,288.698915,100.0,0.0,7.0,8.0
Q-VER-L17,Qualifying,VER,0.05,3.482418,289.367828,100.0,0.0,7.0,8.0
Q-VER-L17,Qualifying,VER,0.0525,3.644788,289.818857,100.0,0.0,7.0,8.0
Q-VER-L17,Qualifying,VER,0.055,3.809566,283.7771,58.513999,0.0,7.0,8.0
Q-VER-L17,Qualifying,VER,0.0575,3.978153,270.917869,0.0,100.0,7.0,8.0
Q-VER-L17,Qualifying,VER,0.06,4.159372,245.179913,0.0,100.0,7.0,8.0
Q-VER-L17,Qualifying,VER,0.0625,4.35969,225.478232,0.0,100.0,7.0,8.0
Q-VER-L17,Qualifying,VER,0.065,4.582301,202.978497,0.0,100.0,7.0,8.0
Q-VER-L17,Qualifying,VER,0.0675,4.82287,188.41919,0.0,100.0,5.0,8.0
Q-VER-L17,Qualifying,VER,0.07,5.080438,179.296973,0.0,0.0,5.0,8.0
Q-VER-L17,Qualifying,VER,0.0725,5.34361,173.28994,5.680479,0.0,5.0,8.0
Q-VER-L17,Qualifying,VER,0.075,5.618324,168.495664,65.132947,0.0,5.0,8.0
Q-VER-L17,Qualifying,VER,0.0775,5.892413,173.292221,76.096504,0.0,5.0,8.0
Q-VER-L17,Qualifying,VER,0.08,6.160535,178.552818,89.237328,0.0,5.0,8.0
Q-VER-L17,Qualifying,VER,0.0825,6.416432,186.991182,97.078189,0.0,5.0,8.0
Q-VER-L17,Qualifying,VER,0.085,6.663946,194.848652,100.0,0.0,5.0,8.0
Q-VER-L17,Qualifying,VER,0.0875,6.903649,197.0,100.0,0.0,5.0,8.0
Q-VER-L17,Qualifying,VER,0.09,7.132112,209.493784,100.0,0.0,5.0,8.0
Q-VER-L17,Qualifying,VER,0.0925,7.353692,217.061541,100.0,0.0,5.0,8.0
Q-VER-L17,Qualifying,VER,0.095,7.568052,221.451297,100.0,0.0,5.0,8.0
Q-VER-L17,Qualifying,VER,0.0975,7.777364,226.871228,100.0,0.0,5.0,8.0
Q-VER-L17,Qualifying,VER,0.1,7.981739,232.548311,100.0,0.0,5.0,8.0
Q-VER-L17,Qualifying,VER,0.1025,8.182923,236.693843,100.0,0.0,6.0,8.0
Q-VER-L17,Qualifying,VER,0.105,8.379823,240.287986,100.0,0.0,6.0,8.0
Q-VER-L17,Qualifying,VER,0.1075,8.573816,244.595403,100.0,0.0,6.0,8.0
Q-VER-L17,Qualifying,VER,0.11,8.764602,249.146017,100.0,0.0,6.0,8.0
Q-VER-L17,Qualifying,VER,0.1125,8.951878,251.018776,100.0,0.0,6.0,8.0
Q-VER-L17,Qualifying,VER,0.115,9.139153,252.891535,100.0,0.0,6.0,8.0
Q-VER-L17,Qualifying,VER,0.1175,9.324346,254.45288,100.0,0.0,6.0,8.0
Q-VER-L17,Qualifying,VER,0.12,9.508708,255.494619,100.0,0.0,6.0,8.0
Q-VER-L17,Qualifying,VER,0.1225,9.69232,256.623201,100.0,0.0,6.0,8.0
Q-VER-L17,Qualifying,VER,0.125,9.874875,258.280466,100.0,0.0,6.0,8.0
Q-VER-L17,Qualifying,VER,0.1275,10.056366,259.414787,100.0,0.0,6.0,8.0
Q-VER-L17,Qualifying,VER,0.13,10.237184,260.87184,100.0,0.0,6.0,8.0
Q-VER-L17,Qualifying,VER,0.1325,10.416646,262.833077,100.0,0.0,7.0,8.0
Q-VER-L17,Qualifying,VER,0.135,10.594972,265.082866,100.0,0.0,7.0,8.0
Q-VER-L17,Qualifying,VER,0.1375,10.771025,268.017089,100.0,0.0,7.0,8.0
Q-VER-L17,Qualifying,VER,0.14,10.945993,269.579963,100.0,0.0,7.0,8.0
Q-VER-L17,Qualifying,VER,0.1425,11.120079,270.562991,100.0,0.0,7.0,8.0
Q-VER-L17,Qualifying,VER,0.145,11.293472,271.517358,100.0,0.0,7.0,8.0
Q-VER-L17,Qualifying,VER,0.1475,11.466326,272.318024,100.0,0.0,7.0,8.0
Q-VER-L17,Qualifying,VER,0.15,11.63881,273.0,100.0,0.0,7.0,8.0
Q-VER-L17,Qualifying,VER,0.1525,11.810994,273.0,100.0,0.0,7.0,8.0
Q-VER-L17,Qualifying,VER,0.155,11.982973,273.468505,100.0,0.0,7.0,8.0
Q-VER-L17,Qualifying,VER,0.1575,12.15476,274.0,100.0,0.0,7.0,8.0
Q-VER-L17,Qualifying,VER,0.16,12.326286,274.058165,100.0,0.0,7.0,8.0
Q-VER-L17,Qualifying,VER,0.1625,12.497529,274.669747,100.0,0.0,7.0,8.0
Q-VER-L17,Qualifying,VER,0.165,12.668344,275.301324,100.0,0.0,7.0,8.0
Q-VER-L17,Qualifying,VER,0.1675,12.838657,275.956372,100.0,0.0,7.0,8.0
Q-VER-L17,Qualifying,VER,0.17,13.008969,276.61142,100.0,0.0,7.0,8.0
Q-VER-L17,Qualifying,VER,0.1725,13.179032,277.0,100.0,0.0,7.0,8.0
Q-VER-L17,Qualifying,VER,0.175,13.34859,277.482375,100.0,0.0,7.0,8.0
Q-VER-L17,Qualifying,VER,0.1775,13.517421,279.296384,100.0,0.0,7.0,8.0
Q-VER-L17,Qualifying,VER,0.18,13.685403,280.346268,100.0,0.0,7.0,8.0
Q-VER-L17,Qualifying,VER,0.1825,13.852537,281.938059,100.0,0.0,7.0,8.0
Q-VER-L17,Qualifying,VER,0.185,14.018677,284.238977,100.0,0.0,7.0,8.0
Q-VER-L17,Qualifying,VER,0.1875,14.183612,285.613429,100.0,0.0,7.0,8.0
Q-VER-L17,Qualifying,VER,0.19,14.347925,286.491354,100.0,0.0,7.0,8.0
Q-VER-L17,Qualifying,VER,0.1925,14.511777,287.41777,100.0,0.0,7.0,8.0
Q-VER-L17,Qualifying,VER,0.195,14.674976,289.0,100.0,0.0,7.0,8.0
Q-VER-L17,Qualifying,VER,0.1975,14.837627,289.0,100.0,0.0,7.0,8.0
Q-VER-L17,Qualifying,VER,0.2,14.999812,290.122656,100.0,0.0,7.0,8.0
Q-VER-L17,Qualifying,VER,0.2025,15.161545,292.057723,100.0,0.0,7.0,8.0
Q-VER-L17,Qualifying,VER,0.205,15.32225,292.861248,100.0,0.0,7.0,8.0
Q-VER-L17,Qualifying,VER,0.2075,15.482502,293.331255,100.0,0.0,7.0,8.0
Q-VER-L17,Qualifying,VER,0.21,15.642659,293.731648,100.0,0.0,7.0,8.0
Q-VER-L17,Qualifying,VER,0.2125,15.802638,294.219323,100.0,0.0,7.0,8.0
Q-VER-L17,Qualifying,VER,0.215,15.962251,294.884381,100.0,0.0,8.0,8.0
Q-VER-L17,Qualifying,VER,0.2175,16.121419,295.410684,100.0,0.0,8.0,8.0
Q-VER-L17,Qualifying,VER,0.22,16.280492,295.907789,100.0,0.0,8.0,8.0
Q-VER-L17,Qualifying,VER,0.2225,16.439129,296.645646,100.0,0.0,8.0,8.0
Q-VER-L17,Qualifying,VER,0.225,16.597519,297.0,100.0,0.0,8.0,8.0
Q-VER-L17,Qualifying,VER,0.2275,16.755712,297.228559,100.0,0.0,8.0,8.0
Q-VER-L17,Qualifying,VER,0.23,16.91371,298.0,100.0,0.0,8.0,8.0
Q-VER-L17,Qualifying,VER,0.2325,17.071449,298.0,100.0,0.0,8.0,8.0
Q-VER-L17,Qualifying,VER,0.235,17.229188,298.0,100.0,0.0,8.0,8.0
Q-VER-L17,Qualifying,VER,0.2375,17.386664,298.489576,100.0,0.0,8.0,8.0
Q-VER-L17,Qualifying,VER,0.24,17.544139,298.981685,100.0,0.0,8.0,8.0
Q-VER-L17,Qualifying,VER,0.2425,17.701108,299.419744,100.0,0.0,8.0,8.0
Q-VER-L17,Qualifying,VER,0.245,17.858057,299.855714,100.0,0.0,8.0,8.0
Q-VER-L17,Qualifying,VER,0.2475,18.015182,299.248703,62.435155,0.0,8.0,8.0
Q-VER-L17,Qualifying,VER,0.25,18.172393,298.125764,6.288177,100.0,8.0,8.0
Q-VER-L17,Qualifying,VER,0.2525,18.34663,275.624343,0.0,100.0,8.0,8.0
Q-VER-L17,Qualifying,VER,0.255,18.523013,250.426674,0.0,100.0,8.0,8.0
Q-VER-L17,Qualifying,VER,0.2575,18.717799,224.122933,0.0,100.0,8.0,8.0
Q-VER-L17,Qualifying,VER,0.26,18.941638,196.072897,0.0,100.0,6.0,8.0
Q-VER-L17,Qualifying,VER,0.2625,19.194929,170.274177,0.0,100.0,6.0,8.0
Q-VER-L17,Qualifying,VER,0.265,19.490442,147.755713,0.0,100.0,5.0,8.0
Q-VER-L17,Qualifying,VER,0.2675,19.828976,127.05973,0.0,100.0,3.0,8.0
Q-VER-L17,Qualifying,VER,0.27,20.218955,116.46581,0.0,100.0,3.0,8.0
Q-VER-L17,Qualifying,VER,0.2725,20.640812,106.09306,9.447555,100.0,3.0,8.0
Q-VER-L17,Qualifying,VER,0.275,21.094917,102.405732,39.354452,0.0,3.0,8.0
Q-VER-L17,Qualifying,VER,0.2775,21.535443,112.595626,52.676501,0.0,3.0,8.0
Q-VER-L17,Qualifying,VER,0.28,21.929223,126.272806,79.480575,0.0,3.0,8.0
Q-VER-L17,Qualifying,VER,0.2825,22.273202,143.968112,96.160107,0.0,3.0,8.0
Q-VER-L17,Qualifying,VER,0.285,22.592073,153.093298,100.0,0.0,3.0,8.0
Q-VER-L17,Qualifying,VER,0.2875,22.883685,165.643312,100.0,0.0,3.0,8.0
Q-VER-L17,Qualifying,VER,0.29,23.160633,176.579994,100.0,0.0,4.0,8.0
Q-VER-L17,Qualifying,VER,0.2925,23.410666,190.218171,100.0,0.0,4.0,8.0
Q-VER-L17,Qualifying,VER,0.295,23.653902,202.323697,100.0,0.0,4.0,8.0
Q-VER-L17,Qualifying,VER,0.2975,23.879893,210.541573,100.0,0.0,5.0,8.0
Q-VER-L17,Qualifying,VER,0.3,24.101583,217.464197,100.0,0.0,5.0,8.0
Q-VER-L17,Qualifying,VER,0.3025,24.314763,221.824703,100.0,0.0,5.0,8.0
Q-VER-L17,Qualifying,VER,0.305,24.525793,227.231711,100.0,0.0,5.0,8.0
Q-VER-L17,Qualifying,VER,0.3075,24.729375,234.484373,100.0,0.0,5.0,8.0
Q-VER-L17,Qualifying,VER,0.31,24.927274,239.427894,100.0,0.0,5.0,8.0
Q-VER-L17,Qualifying,VER,0.3125,25.121115,244.260476,100.0,0.0,6.0,8.0
Q-VER-L17,Qualifying,VER,0.315,25.312763,248.172233,100.0,0.0,6.0,8.0
Q-VER-L17,Qualifying,VER,0.3175,25.501543,250.878758,100.0,0.0,6.0,8.0
Q-VER-L17,Qualifying,VER,0.32,25.68758,254.351605,100.0,0.0,6.0,8.0
Q-VER-L17,Qualifying,VER,0.3225,25.87118,258.0295,100.0,0.0,6.0,8.0
Q-VER-L17,Qualifying,VER,0.325,26.051723,262.155162,100.0,0.0,6.0,8.0
Q-VER-L17,Qualifying,VER,0.3275,26.230454,263.431812,100.0,0.0,6.0,8.0
Q-VER-L17,Qualifying,VER,0.33,26.407882,266.039208,100.0,0.0,6.0,8.0
Q-VER-L17,Qualifying,VER,0.3325,26.583635,269.600618,100.0,0.0,7.0,14.0
Q-VER-L17,Qualifying,VER,0.335,26.75677,272.692321,100.0,0.0,7.0,12.0
Q-VER-L17,Qualifying,VER,0.3375,26.928276,275.637941,100.0,0.0,7.0,12.0
Q-VER-L17,Qualifying,VER,0.34,27.098231,278.352887,100.0,0.0,7.0,12.0
Q-VER-L17,Qualifying,VER,0.3425,27.266411,280.455134,100.0,0.0,7.0,12.0
Q-VER-L17,Qualifying,VER,0.345,27.433267,283.311265,100.0,0.0,7.0,12.0
Q-VER-L17,Qualifying,VER,0.3475,27.596526,285.831299,100.0,0.0,7.0,12.0
Q-VER-L17,Qualifying,VER,0.35,27.758897,288.181398,100.0,0.0,7.0,12.0
Q-VER-L17,Qualifying,VER,0.3525,27.921267,290.531496,100.0,0.0,7.0,12.0
Q-VER-L17,Qualifying,VER,0.355,28.083637,292.881595,100.0,0.0,7.0,12.0
Q-VER-L17,Qualifying,VER,0.3575,28.245604,295.156037,100.0,0.0,7.0,12.0
Q-VER-L17,Qualifying,VER,0.36,28.403874,296.738739,100.0,0.0,7.0,12.0
Q-VER-L17,Qualifying,VER,0.3625,28.562144,298.321441,100.0,0.0,8.0,12.0
Q-VER-L17,Qualifying,VER,0.365,28.719361,299.744677,100.0,0.0,8.0,12.0
Q-VER-L17,Qualifying,VER,0.3675,28.875788,301.048234,100.0,0.0,8.0,12.0
Q-VER-L17,Qualifying,VER,0.37,29.031729,302.417288,100.0,0.0,8.0,12.0
Q-VER-L17,Qualifying,VER,0.3725,29.186355,303.963546,100.0,0.0,8.0,12.0
Q-VER-L17,Qualifying,VER,0.375,29.34098,305.509805,100.0,0.0,8.0,12.0
Q-VER-L17,Qualifying,VER,0.3775,29.494574,307.307179,100.0,0.0,8.0,12.0
Q-VER-L17,Qualifying,VER,0.38,29.6469,308.660682,100.0,0.0,8.0,12.0
Q-VER-L17,Qualifying,VER,0.3825,29.798778,309.696214,100.0,0.0,8.0,12.0
Q-VER-L17,Qualifying,VER,0.385,29.950656,310.731746,100.0,0.0,8.0,12.0
Q-VER-L17,Qualifying,VER,0.3875,30.101632,312.116324,100.0,0.0,8.0,12.0
Q-VER-L17,Qualifying,VER,0.39,30.251897,313.773709,100.0,0.0,8.0,12.0
Q-VER-L17,Qualifying,VER,0.3925,30.401353,315.256764,100.0,0.0,8.0,12.0
Q-VER-L17,Qualifying,VER,0.395,30.550341,316.001219,100.0,0.0,8.0,12.0
Q-VER-L17,Qualifying,VER,0.3975,30.69886,316.531644,100.0,0.0,8.0,12.0
Q-VER-L17,Qualifying,VER,0.4,30.847325,317.086623,100.0,0.0,8.0,12.0
Q-VER-L17,Qualifying,VER,0.4025,30.995376,317.826879,100.0,0.0,8.0,12.0
Q-VER-L17,Qualifying,VER,0.405,31.143071,318.256979,100.0,0.0,8.0,12.0
Q-VER-L17,Qualifying,VER,0.4075,31.290657,318.592403,100.0,0.0,8.0,12.0
Q-VER-L17,Qualifying,VER,0.41,31.438244,318.927826,100.0,0.0,8.0,12.0
Q-VER-L17,Qualifying,VER,0.4125,31.585287,320.432136,100.0,0.0,8.0,12.0
Q-VER-L17,Qualifying,VER,0.415,31.731709,321.314717,100.0,0.0,8.0,12.0
Q-VER-L17,Qualifying,VER,0.4175,31.877919,321.77162,100.0,0.0,8.0,12.0
Q-VER-L17,Qualifying,VER,0.42,32.023901,322.455631,100.0,0.0,8.0,12.0
Q-VER-L17,Qualifying,VER,0.4225,32.169385,323.292658,100.0,0.0,8.0,12.0
Q-VER-L17,Qualifying,VER,0.425,32.314466,324.019881,100.0,0.0,8.0,12.0
Q-VER-L17,Qualifying,VER,0.4275,32.459547,324.747104,100.0,0.0,8.0,12.0
Q-VER-L17,Qualifying,VER,0.43,32.604192,325.261645,100.0,0.0,8.0,12.0
Q-VER-L17,Qualifying,VER,0.4325,32.748605,325.662791,100.0,0.0,8.0,12.0
Q-VER-L17,Qualifying,VER,0.435,32.892947,326.071708,100.0,0.0,8.0,12.0
Q-VER-L17,Qualifying,VER,0.4375,33.036917,326.521615,100.0,0.0,8.0,12.0
Q-VER-L17,Qualifying,VER,0.44,33.180887,326.971522,100.0,0.0,8.0,12.0
Q-VER-L17,Qualifying,VER,0.4425,33.324445,327.336113,100.0,0.0,8.0,12.0
Q-VER-L17,Qualifying,VER,0.445,33.467976,327.694939,100.0,0.0,8.0,12.0
Q-VER-L17,Qualifying,VER,0.4475,33.611441,328.107204,100.0,0.0,8.0,12.0
Q-VER-L17,Qualifying,VER,0.45,33.754534,328.822672,100.0,0.0,8.0,12.0
Q-VER-L17,Qualifying,VER,0.4525,33.897301,329.536507,100.0,0.0,8.0,12.0
Q-VER-L17,Qualifying,VER,0.455,34.03981,330.124524,100.0,0.0,8.0,12.0
Q-VER-L17,Qualifying,VER,0.4575,34.182037,330.480093,100.0,0.0,8.0,12.0
Q-VER-L17,Qualifying,VER,0.46,34.324265,330.835662,100.0,0.0,8.0,12.0
Q-VER-L17,Qualifying,VER,0.4625,34.466493,330.681281,100.0,0.0,8.0,12.0
Q-VER-L17,Qualifying,VER,0.465,34.60872,330.088665,100.0,0.0,8.0,12.0
Q-VER-L17,Qualifying,VER,0.4675,34.750948,330.755925,100.0,0.0,8.0,12.0
Q-VER-L17,Qualifying,VER,0.47,34.89302,331.0,100.0,0.0,8.0,12.0
Q-VER-L17,Qualifying,VER,0.4725,35.035033,331.0,100.0,0.0,8.0,10.0
Q-VER-L17,Qualifying,VER,0.475,35.177046,331.0,100.0,0.0,8.0,10.0
Q-VER-L17,Qualifying,VER,0.4775,35.320196,326.294149,100.0,0.0,8.0,10.0
Q-VER-L17,Qualifying,VER,0.48,35.46747,312.440344,81.26497,100.0,8.0,8.0
Q-VER-L17,Qualifying,VER,0.4825,35.620835,297.870707,4.582669,100.0,8.0,8.0
Q-VER-L17,Qualifying,VER,0.485,35.787847,263.457577,0.0,100.0,8.0,8.0
Q-VER-L17,Qualifying,VER,0.4875,35.977868,232.941166,0.0,100.0,7.0,8.0
Q-VER-L17,Qualifying,VER,0.49,36.200572,197.910094,0.0,100.0,7.0,8.0
Q-VER-L17,Qualifying,VER,0.4925,36.455161,169.255366,0.0,100.0,5.0,8.0
Q-VER-L17,Qualifying,VER,0.495,36.761731,139.613545,0.0,100.0,4.0,8.0
Q-VER-L17,Qualifying,VER,0.4975,37.133127,112.074923,0.0,100.0,2.0,8.0
Q-VER-L17,Qualifying,VER,0.5,37.593068,91.808256,0.0,100.0,2.0,8.0
Q-VER-L17,Qualifying,VER,0.5025,38.180422,72.503364,0.0,0.0,2.0,8.0
Q-VER-L17,Qualifying,VER,0.505,38.849773,70.828998,29.730492,0.0,2.0,8.0
Q-VER-L17,Qualifying,VER,0.5075,39.45856,87.189986,54.841335,0.0,2.0,8.0
Q-VER-L17,Qualifying,VER,0.51,39.945501,103.591679,41.337443,0.0,3.0,8.0
Q-VER-L17,Qualifying,VER,0.5125,40.392291,106.0,18.377092,0.0,3.0,8.0
Q-VER-L17,Qualifying,VER,0.515,40.835746,106.0,27.716865,0.0,3.0,8.0
Q-VER-L17,Qualifying,VER,0.5175,41.266581,113.914518,63.046132,0.0,3.0,8.0
Q-VER-L17,Qualifying,VER,0.52,41.655625,130.191414,94.101571,0.0,3.0,8.0
Q-VER-L17,Qualifying,VER,0.5225,41.994744,145.197652,100.0,0.0,3.0,8.0
Q-VER-L17,Qualifying,VER,0.525,42.301848,162.592377,100.0,0.0,3.0,8.0
Q-VER-L17,Qualifying,VER,0.5275,42.578355,176.417744,100.0,0.0,4.0,8.0
Q-VER-L17,Qualifying,VER,0.53,42.841197,182.017094,100.0,0.0,4.0,8.0
Q-VER-L17,Qualifying,VER,0.5325,43.094775,188.279271,100.0,0.0,4.0,8.0
Q-VER-L17,Qualifying,VER,0.535,43.333838,198.845701,100.0,0.0,4.0,8.0
Q-VER-L17,Qualifying,VER,0.5375,43.565396,211.476131,100.0,0.0,5.0,8.0
Q-VER-L17,Qualifying,VER,0.54,43.78511,220.428858,100.0,0.0,5.0,8.0
Q-VER-L17,Qualifying,VER,0.5425,43.996433,223.783213,100.0,0.0,5.0,8.0
Q-VER-L17,Qualifying,VER,0.545,44.20526,226.587671,100.0,0.0,5.0,8.0
Q-VER-L17,Qualifying,VER,0.5475,44.411792,229.0,100.0,0.0,5.0,8.0
Q-VER-L17,Qualifying,VER,0.55,44.617059,229.0,100.0,0.0,5.0,14.0
Q-VER-L17,Qualifying,VER,0.5525,44.818079,238.678729,100.0,0.0,6.0,12.0
Q-VER-L17,Qualifying,VER,0.555,45.010366,249.898164,100.0,0.0,6.0,12.0
Q-VER-L17,Qualifying,VER,0.5575,45.196649,254.912972,100.0,0.0,6.0,12.0
Q-VER-L17,Qualifying,VER,0.56,45.378843,258.556867,100.0,0.0,6.0,12.0
Q-VER-L17,Qualifying,VER,0.5625,45.560847,262.123865,100.0,0.0,6.0,12.0
Q-VER-L17,Qualifying,VER,0.565,45.739245,264.584894,100.0,0.0,6.0,12.0
Q-VER-L17,Qualifying,VER,0.5675,45.91585,268.097499,100.0,0.0,7.0,12.0
Q-VER-L17,Qualifying,VER,0.57,46.089305,270.988413,100.0,0.0,7.0,12.0
Q-VER-L17,Qualifying,VER,0.5725,46.26276,273.879326,100.0,0.0,7.0,12.0
Q-VER-L17,Qualifying,VER,0.575,46.431738,277.032591,100.0,0.0,7.0,12.0
Q-VER-L17,Qualifying,VER,0.5775,46.600522,280.197285,100.0,0.0,7.0,12.0
Q-VER-L17,Qualifying,VER,0.58,46.768865,283.269503,100.0,0.0,7.0,12.0
Q-VER-L17,Qualifying,VER,0.5825,46.933799,285.625706,100.0,0.0,7.0,12.0
Q-VER-L17,Qualifying,VER,0.585,47.0979,287.727498,100.0,0.0,7.0,12.0
Q-VER-L17,Qualifying,VER,0.5875,47.260833,289.473211,100.0,0.0,7.0,12.0
Q-VER-L17,Qualifying,VER,0.59,47.422211,291.75329,100.0,0.0,7.0,12.0
Q-VER-L17,Qualifying,VER,0.5925,47.582916,294.264308,100.0,0.0,7.0,12.0
Q-VER-L17,Qualifying,VER,0.595,47.742277,295.801981,100.0,0.0,7.0,12.0
Q-VER-L17,Qualifying,VER,0.5975,47.901082,296.936302,100.0,0.0,7.0,12.0
Q-VER-L17,Qualifying,VER,0.6,48.058632,299.229477,100.0,0.0,8.0,12.0
Q-VER-L17,Qualifying,VER,0.6025,48.2154,300.658753,100.0,0.0,8.0,12.0
Q-VER-L17,Qualifying,VER,0.605,48.371154,302.264425,100.0,0.0,8.0,12.0
Q-VER-L17,Qualifying,VER,0.6075,48.526438,304.08219,100.0,0.0,8.0,12.0
Q-VER-L17,Qualifying,VER,0.61,48.68081,304.854049,100.0,0.0,8.0,12.0
Q-VER-L17,Qualifying,VER,0.6125,48.834365,306.554561,100.0,0.0,8.0,12.0
Q-VER-L17,Qualifying,VER,0.615,48.987424,308.374243,100.0,0.0,8.0,12.0
Q-VER-L17,Qualifying,VER,0.6175,49.139548,309.89548,100.0,0.0,8.0,12.0
Q-VER-L17,Qualifying,VER,0.62,49.290761,311.005434,100.0,0.0,8.0,12.0
Q-VER-L17,Qualifying,VER,0.6225,49.44183,312.118302,100.0,0.0,8.0,12.0
Q-VER-L17,Qualifying,VER,0.625,49.59201,313.620099,100.0,0.0,8.0,12.0
Q-VER-L17,Qualifying,VER,0.6275,49.741655,314.465227,100.0,0.0,8.0,12.0
Q-VER-L17,Qualifying,VER,0.63,49.891018,315.131361,100.0,0.0,8.0,12.0
Q-VER-L17,Qualifying,VER,0.6325,50.039772,316.061073,100.0,0.0,8.0,12.0
Q-VER-L17,Qualifying,VER,0.635,50.188526,316.990785,100.0,0.0,8.0,12.0
Q-VER-L17,Qualifying,VER,0.6375,50.336584,317.916149,100.0,0.0,8.0,12.0
Q-VER-L17,Qualifying,VER,0.64,50.484423,318.0,100.0,0.0,8.0,12.0
Q-VER-L17,Qualifying,VER,0.6425,50.631668,319.140635,100.0,0.0,8.0,12.0
Q-VER-L17,Qualifying,VER,0.645,50.778792,320.519927,100.0,0.0,8.0,12.0
Q-VER-L17,Qualifying,VER,0.6475,50.925468,321.0,100.0,0.0,8.0,12.0
Q-VER-L17,Qualifying,VER,0.65,51.071778,321.340741,100.0,0.0,8.0,12.0
Q-VER-L17,Qualifying,VER,0.6525,51.217987,321.949946,100.0,0.0,8.0,12.0
Q-VER-L17,Qualifying,VER,0.655,51.36378,322.665573,100.0,0.0,8.0,12.0
Q-VER-L17,Qualifying,VER,0.6575,51.509414,323.0,100.0,0.0,8.0,12.0
Q-VER-L17,Qualifying,VER,0.66,51.654846,323.228021,100.0,0.0,8.0,12.0
Q-VER-L17,Qualifying,VER,0.6625,51.800151,323.746968,100.0,0.0,8.0,12.0
Q-VER-L17,Qualifying,VER,0.665,51.945227,324.371134,100.0,0.0,8.0,12.0
Q-VER-L17,Qualifying,VER,0.6675,52.090026,325.11891,100.0,0.0,8.0,12.0
Q-VER-L17,Qualifying,VER,0.67,52.234433,326.0,100.0,0.0,8.0,12.0
Q-VER-L17,Qualifying,VER,0.6725,52.378624,326.0,100.0,0.0,8.0,10.0
Q-VER-L17,Qualifying,VER,0.675,52.524572,322.418684,82.946114,0.0,8.0,10.0
Q-VER-L17,Qualifying,VER,0.6775,52.673562,312.641235,36.386832,100.0,8.0,8.0
Q-VER-L17,Qualifying,VER,0.68,52.825414,298.359846,0.0,100.0,8.0,8.0
Q-VER-L17,Qualifying,VER,0.6825,52.992075,270.041176,0.0,100.0,8.0,8.0
Q-VER-L17,Qualifying,VER,0.685,53.173917,248.609755,0.0,100.0,7.0,8.0
Q-VER-L17,Qualifying,VER,0.6875,53.370124,234.215312,1.556938,100.0,7.0,8.0
Q-VER-L17,Qualifying,VER,0.69,53.572738,222.959026,3.808195,100.0,6.0,8.0
Q-VER-L17,Qualifying,VER,0.6925,53.791412,214.218192,4.457753,100.0,6.0,8.0
Q-VER-L17,Qualifying,VER,0.695,54.011581,205.711632,4.958139,100.0,5.0,8.0
Q-VER-L17,Qualifying,VER,0.6975,54.243237,200.430638,7.284681,0.0,5.0,8.0
Q-VER-L17,Qualifying,VER,0.7,54.481458,193.999131,25.145835,0.0,5.0,8.0
Q-VER-L17,Qualifying,VER,0.7025,54.726876,189.473206,54.741144,0.0,5.0,8.0
Q-VER-L17,Qualifying,VER,0.705,54.974277,189.442769,70.164153,0.0,5.0,8.0
Q-VER-L17,Qualifying,VER,0.7075,55.221678,191.916782,73.875173,0.0,5.0,8.0
Q-VER-L17,Qualifying,VER,0.71,55.465363,193.47102,80.619592,0.0,5.0,8.0
Q-VER-L17,Qualifying,VER,0.7125,55.706487,196.608109,85.608109,0.0,5.0,8.0
Q-VER-L17,Qualifying,VER,0.715,55.943188,200.553134,88.914851,0.0,5.0,8.0
Q-VER-L17,Qualifying,VER,0.7175,56.176029,203.825361,90.91268,0.0,5.0,8.0
Q-VER-L17,Qualifying,VER,0.72,56.403003,209.030612,100.0,0.0,5.0,8.0
Q-VER-L17,Qualifying,VER,0.7225,56.625255,213.352174,100.0,0.0,5.0,8.0
Q-VER-L17,Qualifying,VER,0.725,56.844021,217.680425,100.0,0.0,5.0,8.0
Q-VER-L17,Qualifying,VER,0.7275,57.058586,220.857322,100.0,0.0,5.0,8.0
Q-VER-L17,Qualifying,VER,0.73,57.268196,224.468439,100.0,0.0,5.0,8.0
Q-VER-L17,Qualifying,VER,0.7325,57.477397,228.184931,100.0,0.0,5.0,8.0
Q-VER-L17,Qualifying,VER,0.735,57.680779,233.269468,100.0,0.0,5.0,8.0
Q-VER-L17,Qualifying,VER,0.7375,57.880058,237.935659,100.0,0.0,6.0,8.0
Q-VER-L17,Qualifying,VER,0.74,58.075917,241.596582,100.0,0.0,6.0,8.0
Q-VER-L17,Qualifying,VER,0.7425,58.268354,245.347074,100.0,0.0,6.0,8.0
Q-VER-L17,Qualifying,VER,0.745,58.458662,249.153248,100.0,0.0,6.0,8.0
Q-VER-L17,Qualifying,VER,0.7475,58.646648,252.594128,100.0,0.0,6.0,8.0
Q-VER-L17,Qualifying,VER,0.75,58.83164,255.611128,100.0,0.0,6.0,8.0
Q-VER-L17,Qualifying,VER,0.7525,59.013835,258.350898,100.0,0.0,6.0,8.0
Q-VER-L17,Qualifying,VER,0.755,59.195915,261.084498,100.0,0.0,6.0,8.0
Q-VER-L17,Qualifying,VER,0.7575,59.374646,263.637798,100.0,0.0,6.0,8.0
Q-VER-L17,Qualifying,VER,0.76,59.552282,265.771392,100.0,0.0,6.0,8.0
Q-VER-L17,Qualifying,VER,0.7625,59.728666,267.424989,100.0,0.0,7.0,8.0
Q-VER-L17,Qualifying,VER,0.765,59.903348,270.361415,100.0,0.0,7.0,8.0
Q-VER-L17,Qualifying,VER,0.7675,60.076521,273.387678,100.0,0.0,7.0,8.0
Q-VER-L17,Qualifying,VER,0.77,60.248077,274.817309,100.0,0.0,7.0,8.0
Q-VER-L17,Qualifying,VER,0.7725,60.418548,276.06106,100.0,0.0,7.0,8.0
Q-VER-L17,Qualifying,VER,0.775,60.588651,277.241568,100.0,0.0,7.0,8.0
Q-VER-L17,Qualifying,VER,0.7775,60.75787,278.299189,100.0,0.0,7.0,8.0
Q-VER-L17,Qualifying,VER,0.78,60.926451,279.201612,100.0,0.0,7.0,8.0
Q-VER-L17,Qualifying,VER,0.7825,61.094631,279.802254,100.0,0.0,7.0,8.0
Q-VER-L17,Qualifying,VER,0.785,61.262009,281.400116,100.0,0.0,7.0,8.0
Q-VER-L17,Qualifying,VER,0.7875,61.428719,283.16133,100.0,0.0,7.0,8.0
Q-VER-L17,Qualifying,VER,0.79,61.594526,283.852192,100.0,0.0,7.0,8.0
Q-VER-L17,Qualifying,VER,0.7925,61.760103,284.0,100.0,0.0,7.0,8.0
Q-VER-L17,Qualifying,VER,0.795,61.925618,284.0,100.0,0.0,7.0,8.0
Q-VER-L17,Qualifying,VER,0.7975,62.091241,283.744828,100.0,0.0,7.0,8.0
Q-VER-L17,Qualifying,VER,0.8,62.257048,283.053966,100.0,0.0,7.0,8.0
Q-VER-L17,Qualifying,VER,0.8025,62.423125,283.0,100.0,0.0,7.0,8.0
Q-VER-L17,Qualifying,VER,0.805,62.589225,283.0,62.742244,0.0,7.0,8.0
Q-VER-L17,Qualifying,VER,0.8075,62.755325,283.0,10.836049,0.0,7.0,8.0
Q-VER-L17,Qualifying,VER,0.81,62.928264,263.642984,0.0,100.0,7.0,8.0
Q-VER-L17,Qualifying,VER,0.8125,63.117461,237.474155,0.0,100.0,7.0,8.0
Q-VER-L17,Qualifying,VER,0.815,63.32695,205.033729,0.0,100.0,7.0,8.0
Q-VER-L17,Qualifying,VER,0.8175,63.569798,185.75927,0.0,100.0,7.0,8.0
Q-VER-L17,Qualifying,VER,0.82,63.843906,158.507812,0.0,100.0,5.0,8.0
Q-VER-L17,Qualifying,VER,0.8225,64.163368,132.541918,0.0,100.0,3.0,8.0
Q-VER-L17,Qualifying,VER,0.825,64.536131,119.964664,0.0,100.0,3.0,8.0
Q-VER-L17,Qualifying,VER,0.8275,64.944266,110.544606,3.287048,0.0,3.0,8.0
Q-VER-L17,Qualifying,VER,0.83,65.390766,103.998535,33.976565,0.0,3.0,8.0
Q-VER-L17,Qualifying,VER,0.8325,65.826835,114.851259,56.895881,0.0,3.0,8.0
Q-VER-L17,Qualifying,VER,0.835,66.209461,123.652288,75.524264,0.0,3.0,8.0
Q-VER-L17,Qualifying,VER,0.8375,66.552572,132.801923,60.084255,0.0,3.0,8.0
Q-VER-L17,Qualifying,VER,0.84,66.895683,141.951558,44.644246,0.0,4.0,8.0
Q-VER-L17,Qualifying,VER,0.8425,67.238795,151.101193,29.204237,0.0,4.0,8.0
Q-VER-L17,Qualifying,VER,0.845,67.556696,149.475768,18.951536,0.0,4.0,8.0
Q-VER-L17,Qualifying,VER,0.8475,67.873349,148.041867,44.47289,0.0,4.0,8.0
Q-VER-L17,Qualifying,VER,0.85,68.186208,151.562081,59.591445,0.0,4.0,8.0
Q-VER-L17,Qualifying,VER,0.8525,68.493174,156.763856,80.501894,0.0,4.0,8.0
Q-VER-L17,Qualifying,VER,0.855,68.782072,168.601342,91.398658,0.0,4.0,8.0
Q-VER-L17,Qualifying,VER,0.8575,69.056372,173.927443,43.624634,0.0,4.0,8.0
Q-VER-L17,Qualifying,VER,0.86,69.327456,172.670113,21.563598,100.0,4.0,8.0
Q-VER-L17,Qualifying,VER,0.8625,69.602676,168.961775,10.125767,0.0,4.0,8.0
Q-VER-L17,Qualifying,VER,0.865,69.886057,161.776983,8.356828,0.0,4.0,8.0
Q-VER-L17,Qualifying,VER,0.8675,70.180767,157.683788,14.90594,0.0,4.0,8.0
Q-VER-L17,Qualifying,VER,0.87,70.479268,157.154469,54.888196,0.0,4.0,8.0
Q-VER-L17,Qualifying,VER,0.8725,70.772926,163.35973,80.932883,0.0,4.0,8.0
Q-VER-L17,Qualifying,VER,0.875,71.052323,173.34957,98.792059,0.0,4.0,8.0
Q-VER-L17,Qualifying,VER,0.8775,71.316846,182.18998,100.0,0.0,4.0,8.0
Q-VER-L17,Qualifying,VER,0.88,71.566216,190.294506,100.0,0.0,4.0,8.0
Q-VER-L17,Qualifying,VER,0.8825,71.810568,198.733785,100.0,0.0,4.0,8.0
Q-VER-L17,Qualifying,VER,0.885,72.0411,206.31563,100.0,0.0,5.0,8.0
Q-VER-L17,Qualifying,VER,0.8875,72.265835,213.405402,100.0,0.0,5.0,8.0
Q-VER-L17,Qualifying,VER,0.89,72.483553,220.394762,100.0,0.0,5.0,8.0
Q-VER-L17,Qualifying,VER,0.8925,72.693115,226.227245,100.0,0.0,5.0,8.0
Q-VER-L17,Qualifying,VER,0.895,72.898832,230.227291,100.0,0.0,5.0,8.0
Q-VER-L17,Qualifying,VER,0.8975,73.101144,234.778597,100.0,0.0,5.0,8.0
Q-VER-L17,Qualifying,VER,0.9,73.299982,239.624624,100.0,0.0,6.0,8.0
Q-VER-L17,Qualifying,VER,0.9025,73.494625,243.679683,100.0,0.0,6.0,8.0
Q-VER-L17,Qualifying,VER,0.905,73.685988,247.519767,100.0,0.0,6.0,8.0
Q-VER-L17,Qualifying,VER,0.9075,73.874337,252.054211,100.0,0.0,6.0,8.0
Q-VER-L17,Qualifying,VER,0.91,74.059766,254.372073,100.0,0.0,6.0,8.0
Q-VER-L17,Qualifying,VER,0.9125,74.243875,256.115621,100.0,0.0,6.0,8.0
Q-VER-L17,Qualifying,VER,0.915,74.426892,257.640767,100.0,0.0,6.0,8.0
Q-VER-L17,Qualifying,VER,0.9175,74.608976,259.094882,100.0,0.0,6.0,8.0
Q-VER-L17,Qualifying,VER,0.92,74.790118,260.000368,100.0,0.0,6.0,8.0
Q-VER-L17,Qualifying,VER,0.9225,74.970564,260.564262,100.0,0.0,7.0,8.0
Q-VER-L17,Qualifying,VER,0.925,75.150853,261.127667,100.0,0.0,7.0,8.0
Q-VER-L17,Qualifying,VER,0.9275,75.33061,261.689405,100.0,0.0,7.0,8.0
Q-VER-L17,Qualifying,VER,0.93,75.509907,262.499421,100.0,0.0,7.0,8.0
Q-VER-L17,Qualifying,VER,0.9325,75.688638,263.61649,100.0,0.0,7.0,8.0
Q-VER-L17,Qualifying,VER,0.935,75.866484,265.164836,100.0,0.0,7.0,8.0
Q-VER-L17,Qualifying,VER,0.9375,76.043337,266.583358,100.0,0.0,7.0,8.0
Q-VER-L17,Qualifying,VER,0.94,76.218904,268.166825,100.0,0.0,7.0,8.0
Q-VER-L17,Qualifying,VER,0.9425,76.393937,270.032807,100.0,0.0,7.0,8.0
Q-VER-L17,Qualifying,VER,0.945,76.567392,271.478264,100.0,100.0,7.0,8.0
Q-VER-L17,Qualifying,VER,0.9475,76.742087,266.395635,100.0,100.0,7.0,8.0
Q-VER-L17,Qualifying,VER,0.95,76.929737,241.292771,41.776337,100.0,7.0,8.0
Q-VER-L17,Qualifying,VER,0.9525,77.135102,213.438745,0.0,100.0,7.0,8.0
Q-VER-L17,Qualifying,VER,0.955,77.372771,192.640211,0.0,100.0,7.0,8.0
Q-VER-L17,Qualifying,VER,0.9575,77.624141,174.400188,0.0,100.0,6.0,8.0
Q-VER-L17,Qualifying,VER,0.96,77.908538,159.123091,0.0,0.0,4.0,8.0
Q-VER-L17,Qualifying,VER,0.9625,78.210464,148.385046,0.871651,0.0,4.0,8.0
Q-VER-L17,Qualifying,VER,0.965,78.535902,142.188719,7.433842,0.0,4.0,8.0
Q-VER-L17,Qualifying,VER,0.9675,78.871452,138.541344,28.951224,0.0,4.0,8.0
Q-VER-L17,Qualifying,VER,0.97,79.212077,136.765858,57.489038,0.0,4.0,8.0
Q-VER-L17,Qualifying,VER,0.9725,79.549256,143.17025,73.944218,0.0,4.0,8.0
Q-VER-L17,Qualifying,VER,0.975,79.86171,156.900808,94.639518,0.0,4.0,8.0
Q-VER-L17,Qualifying,VER,0.9775,80.151487,170.06319,100.0,0.0,4.0,8.0
Q-VER-L17,Qualifying,VER,0.98,80.414827,181.255155,100.0,0.0,4.0,8.0
Q-VER-L17,Qualifying,VER,0.9825,80.671368,189.275653,100.0,0.0,4.0,8.0
Q-VER-L17,Qualifying,VER,0.985,80.912159,198.21269,100.0,0.0,4.0,8.0
Q-VER-L17,Qualifying,VER,0.9875,81.143844,206.699943,100.0,0.0,4.0,8.0
Q-VER-L17,Qualifying,VER,0.99,81.368218,213.992082,100.0,0.0,5.0,8.0
Q-VER-L17,Qualifying,VER,0.9925,81.585538,220.666151,100.0,0.0,5.0,8.0
Q-VER-L17,Qualifying,VER,0.995,81.79601,226.15024,100.0,0.0,5.0,8.0
Q-VER-L17,Qualifying,VER,0.9975,82.003244,227.451504,100.0,0.0,5.0,8.0
Q-VER-L17,Qualifying,VER,1.0,82.207,234.397727,100.0,0.0,5.0,8.0
Q-NOR-L16,Qualifying,NOR,0.0,0.0,241.0,100.0,0.0,6.0,8.0
Q-NOR-L16,Qualifying,NOR,0.0025,0.193961,243.819211,100.0,0.0,6.0,8.0
Q-NOR-L16,Qualifying,NOR,0.005,0.384774,247.823718,100.0,0.0,6.0,8.0
Q-NOR-L16,Qualifying,NOR,0.0075,0.573578,251.67913,100.0,0.0,6.0,8.0
Q-NOR-L16,Qualifying,NOR,0.01,0.759453,254.790012,100.0,0.0,6.0,8.0
Q-NOR-L16,Qualifying,NOR,0.0125,0.941969,257.824974,100.0,0.0,6.0,8.0
Q-NOR-L16,Qualifying,NOR,0.015,1.124242,260.854441,100.0,0.0,6.0,8.0
Q-NOR-L16,Qualifying,NOR,0.0175,1.302893,264.03381,100.0,0.0,7.0,8.0
Q-NOR-L16,Qualifying,NOR,0.02,1.480339,267.010092,100.0,0.0,7.0,8.0
Q-NOR-L16,Qualifying,NOR,0.0225,1.655661,269.355506,100.0,0.0,7.0,8.0
Q-NOR-L16,Qualifying,NOR,0.025,1.829511,270.804256,100.0,0.0,7.0,8.0
Q-NOR-L16,Qualifying,NOR,0.0275,2.003028,272.321725,100.0,0.0,7.0,8.0
Q-NOR-L16,Qualifying,NOR,0.03,2.174971,274.163971,100.0,0.0,7.0,8.0
Q-NOR-L16,Qualifying,NOR,0.0325,2.345727,276.324672,100.0,0.0,7.0,8.0
Q-NOR-L16,Qualifying,NOR,0.035,2.515497,278.749964,100.0,0.0,7.0,8.0
Q-NOR-L16,Qualifying,NOR,0.0375,2.683636,279.836869,100.0,0.0,7.0,8.0
Q-NOR-L16,Qualifying,NOR,0.04,2.851588,280.769933,100.0,0.0,7.0,8.0
Q-NOR-L16,Qualifying,NOR,0.0425,3.018642,282.570525,100.0,0.0,7.0,8.0
Q-NOR-L16,Qualifying,NOR,0.045,3.18447,284.095583,100.0,0.0,7.0,8.0
Q-NOR-L16,Qualifying,NOR,0.0475,3.349657,285.404692,100.0,0.0,7.0,8.0
Q-NOR-L16,Qualifying,NOR,0.05,3.514085,286.579178,100.0,0.0,7.0,8.0
Q-NOR-L16,Qualifying,NOR,0.0525,3.679631,284.334214,66.677674,0.0,7.0,8.0
Q-NOR-L16,Qualifying,NOR,0.055,3.845803,280.179937,14.749213,100.0,7.0,8.0
Q-NOR-L16,Qualifying,NOR,0.0575,4.019577,258.43121,0.0,100.0,7.0,8.0
Q-NOR-L16,Qualifying,NOR,0.06,4.217379,233.822443,0.0,100.0,7.0,8.0
Q-NOR-L16,Qualifying,NOR,0.0625,4.421151,210.516055,0.0,100.0,7.0,8.0
Q-NOR-L16,Qualifying,NOR,0.065,4.654532,196.659016,0.0,100.0,6.0,8.0
Q-NOR-L16,Qualifying,NOR,0.0675,4.897852,186.878701,0.0,100.0,5.0,8.0
Q-NOR-L16,Qualifying,NOR,0.07,5.154402,180.720799,2.814243,0.0,4.0,8.0
Q-NOR-L16,Qualifying,NOR,0.0725,5.418531,175.930856,21.691437,0.0,4.0,8.0
Q-NOR-L16,Qualifying,NOR,0.075,5.68755,173.17275,54.282251,0.0,4.0,8.0
Q-NOR-L16,Qualifying,NOR,0.0775,5.956508,175.940767,78.40999,0.0,4.0,8.0
Q-NOR-L16,Qualifying,NOR,0.08,6.21907,181.594735,96.354386,0.0,4.0,8.0
Q-NOR-L16,Qualifying,NOR,0.0825,6.467887,190.207632,98.268363,0.0,4.0,8.0
Q-NOR-L16,Qualifying,NOR,0.085,6.715015,198.756771,100.0,0.0,4.0,8.0
Q-NOR-L16,Qualifying,NOR,0.0875,6.946103,206.700422,100.0,0.0,5.0,8.0
Q-NOR-L16,Qualifying,NOR,0.09,7.171355,212.958876,100.0,0.0,5.0,8.0
Q-NOR-L16,Qualifying,NOR,0.0925,7.389123,218.537436,100.0,0.0,5.0,8.0
Q-NOR-L16,Qualifying,NOR,0.095,7.600954,225.59846,100.0,0.0,5.0,8.0
Q-NOR-L16,Qualifying,NOR,0.0975,7.807101,230.043778,100.0,0.0,6.0,8.0
Q-NOR-L16,Qualifying,NOR,0.1,8.010155,233.357327,100.0,0.0,6.0,8.0
Q-NOR-L16,Qualifying,NOR,0.1025,8.210055,237.1411,100.0,0.0,6.0,8.0
Q-NOR-L16,Qualifying,NOR,0.105,8.405759,244.683224,100.0,0.0,6.0,8.0
Q-NOR-L16,Qualifying,NOR,0.1075,8.595941,247.858448,100.0,0.0,6.0,8.0
Q-NOR-L16,Qualifying,NOR,0.11,8.785312,250.326952,100.0,0.0,6.0,8.0
Q-NOR-L16,Qualifying,NOR,0.1125,8.972408,251.992606,100.0,0.0,6.0,8.0
Q-NOR-L16,Qualifying,NOR,0.115,9.1584,254.141112,100.0,0.0,6.0,8.0
Q-NOR-L16,Qualifying,NOR,0.1175,9.342818,255.165653,100.0,0.0,6.0,8.0
Q-NOR-L16,Qualifying,NOR,0.12,9.526968,256.339684,100.0,0.0,6.0,8.0
Q-NOR-L16,Qualifying,NOR,0.1225,9.709852,258.105326,100.0,0.0,7.0,8.0
Q-NOR-L16,Qualifying,NOR,0.125,9.891549,259.321241,100.0,0.0,7.0,8.0
Q-NOR-L16,Qualifying,NOR,0.1275,10.07242,260.828498,100.0,0.0,7.0,8.0
Q-NOR-L16,Qualifying,NOR,0.13,10.251161,262.977018,100.0,0.0,7.0,8.0
Q-NOR-L16,Qualifying,NOR,0.1325,10.42963,265.207873,100.0,0.0,7.0,8.0
Q-NOR-L16,Qualifying,NOR,0.135,10.606377,267.214754,100.0,0.0,7.0,8.0
Q-NOR-L16,Qualifying,NOR,0.1375,10.782075,269.136125,99.954625,0.0,7.0,8.0
Q-NOR-L16,Qualifying,NOR,0.14,10.955925,271.743874,99.085375,0.0,7.0,8.0
Q-NOR-L16,Qualifying,NOR,0.1425,11.128624,272.486326,99.0,0.0,7.0,8.0
Q-NOR-L16,Qualifying,NOR,0.145,11.301168,273.034035,99.0,0.0,7.0,8.0
Q-NOR-L16,Qualifying,NOR,0.1475,11.473111,273.750464,99.0,0.0,7.0,8.0
Q-NOR-L16,Qualifying,NOR,0.15,11.644443,274.464346,99.0,0.0,7.0,8.0
Q-NOR-L16,Qualifying,NOR,0.1525,11.815448,275.176868,99.0,0.0,7.0,8.0
Q-NOR-L16,Qualifying,NOR,0.155,11.986453,275.889389,99.0,0.0,7.0,8.0
Q-NOR-L16,Qualifying,NOR,0.1575,12.156935,276.0,99.0,0.0,7.0,8.0
Q-NOR-L16,Qualifying,NOR,0.16,12.327321,276.0,99.0,0.0,7.0,8.0
Q-NOR-L16,Qualifying,NOR,0.1625,12.497706,276.0,99.0,0.0,7.0,8.0
Q-NOR-L16,Qualifying,NOR,0.165,12.66792,276.395499,99.0,0.0,7.0,8.0
Q-NOR-L16,Qualifying,NOR,0.1675,12.837907,277.124536,99.0,0.0,7.0,8.0
Q-NOR-L16,Qualifying,NOR,0.17,13.007372,277.971859,99.0,0.0,7.0,8.0
Q-NOR-L16,Qualifying,NOR,0.1725,13.176535,278.022096,99.0,0.0,7.0,8.0
Q-NOR-L16,Qualifying,NOR,0.175,13.345347,279.044097,99.0,0.0,7.0,8.0
Q-NOR-L16,Qualifying,NOR,0.1775,13.513599,279.644996,99.0,0.0,7.0,8.0
Q-NOR-L16,Qualifying,NOR,0.18,13.681241,280.568671,99.142168,0.0,7.0,8.0
Q-NOR-L16,Qualifying,NOR,0.1825,13.848001,281.95834,99.489585,0.0,7.0,8.0
Q-NOR-L16,Qualifying,NOR,0.185,14.014761,283.34801,99.837002,0.0,7.0,8.0
Q-NOR-L16,Qualifying,NOR,0.1875,14.180898,284.0,100.0,0.0,7.0,8.0
Q-NOR-L16,Qualifying,NOR,0.19,14.346156,284.931561,100.0,0.0,7.0,8.0
Q-NOR-L16,Qualifying,NOR,0.1925,14.510756,286.288779,100.0,0.0,7.0,8.0
Q-NOR-L16,Qualifying,NOR,0.195,14.674611,287.108054,100.0,0.0,7.0,8.0
Q-NOR-L16,Qualifying,NOR,0.1975,14.838466,287.92733,100.0,0.0,7.0,8.0
Q-NOR-L16,Qualifying,NOR,0.2,15.001545,288.618936,100.0,0.0,7.0,8.0
Q-NOR-L16,Qualifying,NOR,0.2025,15.164178,289.444861,100.0,0.0,7.0,8.0
Q-NOR-L16,Qualifying,NOR,0.205,15.326338,290.458361,100.0,0.0,7.0,8.0
Q-NOR-L16,Qualifying,NOR,0.2075,15.488109,291.375547,100.0,0.0,7.0,8.0
Q-NOR-L16,Qualifying,NOR,0.21,15.64931,292.22694,100.0,0.0,7.0,8.0
Q-NOR-L16,Qualifying,NOR,0.2125,15.809958,293.115494,100.0,0.0,7.0,8.0
Q-NOR-L16,Qualifying,NOR,0.215,15.970184,293.616201,100.0,0.0,7.0,8.0
Q-NOR-L16,Qualifying,NOR,0.2175,16.130347,294.0,100.0,0.0,7.0,8.0
Q-NOR-L16,Qualifying,NOR,0.22,16.290301,294.0,100.0,0.0,7.0,8.0
Q-NOR-L16,Qualifying,NOR,0.2225,16.450056,294.487732,100.0,0.0,7.0,8.0
Q-NOR-L16,Qualifying,NOR,0.225,16.609613,295.101704,100.0,0.0,7.0,8.0
Q-NOR-L16,Qualifying,NOR,0.2275,16.768755,295.543765,100.0,0.0,7.0,8.0
Q-NOR-L16,Qualifying,NOR,0.23,16.927897,295.985825,100.0,0.0,7.0,8.0
Q-NOR-L16,Qualifying,NOR,0.2325,17.086519,296.767597,100.0,0.0,7.0,8.0
Q-NOR-L16,Qualifying,NOR,0.235,17.244936,297.0,100.0,0.0,7.0,8.0
Q-NOR-L16,Qualifying,NOR,0.2375,17.403223,297.125929,100.0,0.0,7.0,8.0
Q-NOR-L16,Qualifying,NOR,0.24,17.561295,297.784563,100.0,0.0,7.0,8.0
Q-NOR-L16,Qualifying,NOR,0.2425,17.719367,297.734083,100.0,0.0,7.0,8.0
Q-NOR-L16,Qualifying,NOR,0.245,17.877439,297.338903,100.0,0.0,7.0,8.0
Q-NOR-L16,Qualifying,NOR,0.2475,18.036294,295.155896,90.294192,0.0,7.0,8.0
Q-NOR-L16,Qualifying,NOR,0.25,18.199864,282.206594,22.139968,100.0,7.0,8.0
Q-NOR-L16,Qualifying,NOR,0.2525,18.37488,260.22578,0.0,100.0,7.0,8.0
Q-NOR-L16,Qualifying,NOR,0.255,18.564299,232.305098,0.0,100.0,7.0,8.0
Q-NOR-L16,Qualifying,NOR,0.2575,18.785822,199.946852,0.0,100.0,7.0,8.0
Q-NOR-L16,Qualifying,NOR,0.26,19.03586,167.085591,0.0,100.0,7.0,8.0
Q-NOR-L16,Qualifying,NOR,0.2625,19.332043,151.071775,0.0,100.0,5.0,8.0
Q-NOR-L16,Qualifying,NOR,0.265,19.660667,135.94304,0.0,100.0,3.0,8.0
Q-NOR-L16,Qualifying,NOR,0.2675,20.023787,123.730336,0.0,100.0,3.0,8.0
Q-NOR-L16,Qualifying,NOR,0.27,20.41759,115.571042,1.371583,0.0,3.0,8.0
Q-NOR-L16,Qualifying,NOR,0.2725,20.837203,109.136375,4.431813,0.0,3.0,8.0
Q-NOR-L16,Qualifying,NOR,0.275,21.267816,110.354513,40.079423,0.0,3.0,8.0
Q-NOR-L16,Qualifying,NOR,0.2775,21.672676,119.336813,62.251171,0.0,3.0,8.0
Q-NOR-L16,Qualifying,NOR,0.28,22.055101,131.284058,81.463044,0.0,3.0,8.0
Q-NOR-L16,Qualifying,NOR,0.2825,22.395943,144.0,98.393394,0.0,3.0,8.0
Q-NOR-L16,Qualifying,NOR,0.285,22.706071,162.388206,100.0,0.0,3.0,8.0
Q-NOR-L16,Qualifying,NOR,0.2875,22.98436,174.473332,100.0,0.0,4.0,8.0
Q-NOR-L16,Qualifying,NOR,0.29,23.245428,185.986304,100.0,0.0,4.0,8.0
Q-NOR-L16,Qualifying,NOR,0.2925,23.492121,196.364838,100.0,0.0,4.0,8.0
Q-NOR-L16,Qualifying,NOR,0.295,23.726544,204.451465,100.0,0.0,5.0,8.0
Q-NOR-L16,Qualifying,NOR,0.2975,23.951823,212.705872,100.0,0.0,5.0,8.0
Q-NOR-L16,Qualifying,NOR,0.3,24.169645,219.699363,99.216773,0.0,5.0,8.0
Q-NOR-L16,Qualifying,NOR,0.3025,24.378895,225.562101,99.414736,0.0,5.0,8.0
Q-NOR-L16,Qualifying,NOR,0.305,24.586517,231.27171,99.933792,0.0,6.0,8.0
Q-NOR-L16,Qualifying,NOR,0.3075,24.788709,234.196357,100.0,0.0,6.0,8.0
Q-NOR-L16,Qualifying,NOR,0.31,24.986951,238.348783,100.0,0.0,6.0,8.0
Q-NOR-L16,Qualifying,NOR,0.3125,25.183452,243.209043,100.0,0.0,6.0,8.0
Q-NOR-L16,Qualifying,NOR,0.315,25.375358,247.047164,100.0,0.0,6.0,8.0
Q-NOR-L16,Qualifying,NOR,0.3175,25.564219,250.824386,100.0,0.0,6.0,8.0
Q-NOR-L16,Qualifying,NOR,0.32,25.750233,254.544666,100.0,0.0,6.0,8.0
Q-NOR-L16,Qualifying,NOR,0.3225,25.933258,257.504031,100.0,0.0,6.0,8.0
Q-NOR-L16,Qualifying,NOR,0.325,26.115406,260.420118,100.0,0.0,6.0,8.0
Q-NOR-L16,Qualifying,NOR,0.3275,26.294214,263.772761,100.0,0.0,7.0,14.0
Q-NOR-L16,Qualifying,NOR,0.33,26.471792,266.816557,100.0,0.0,7.0,14.0
Q-NOR-L16,Qualifying,NOR,0.3325,26.646937,269.249125,100.0,0.0,7.0,14.0
Q-NOR-L16,Qualifying,NOR,0.335,26.821097,272.030644,100.0,0.0,7.0,14.0
Q-NOR-L16,Qualifying,NOR,0.3375,26.992726,275.708414,100.0,0.0,7.0,14.0
Q-NOR-L16,Qualifying,NOR,0.34,27.161969,278.482572,99.752905,0.0,7.0,14.0
Q-NOR-L16,Qualifying,NOR,0.3425,27.329921,280.767626,99.372062,0.0,7.0,14.0
Q-NOR-L16,Qualifying,NOR,0.345,27.497797,283.047587,99.009517,0.0,7.0,14.0
Q-NOR-L16,Qualifying,NOR,0.3475,27.662513,285.111697,99.422339,0.0,7.0,14.0
Q-NOR-L16,Qualifying,NOR,0.35,27.827229,287.175807,99.835161,0.0,7.0,14.0
Q-NOR-L16,Qualifying,NOR,0.3525,27.99041,289.391572,100.0,0.0,7.0,14.0
Q-NOR-L16,Qualifying,NOR,0.355,28.15257,291.708144,100.0,0.0,7.0,14.0
Q-NOR-L16,Qualifying,NOR,0.3575,28.312802,293.997169,100.0,0.0,7.0,14.0
Q-NOR-L16,Qualifying,NOR,0.36,28.472556,296.162967,100.0,0.0,7.0,14.0
Q-NOR-L16,Qualifying,NOR,0.3625,28.630894,297.482451,100.0,0.0,8.0,14.0
Q-NOR-L16,Qualifying,NOR,0.365,28.788111,298.990744,100.0,0.0,8.0,14.0
Q-NOR-L16,Qualifying,NOR,0.3675,28.944605,300.620888,100.0,0.0,8.0,14.0
Q-NOR-L16,Qualifying,NOR,0.37,29.101099,302.251033,100.0,0.0,8.0,14.0
Q-NOR-L16,Qualifying,NOR,0.3725,29.256619,303.836191,100.0,0.0,8.0,14.0
Q-NOR-L16,Qualifying,NOR,0.375,29.410937,305.421521,100.0,0.0,8.0,14.0
Q-NOR-L16,Qualifying,NOR,0.3775,29.564117,307.123527,100.0,0.0,8.0,14.0
Q-NOR-L16,Qualifying,NOR,0.38,29.717298,308.825532,100.0,0.0,8.0,14.0
Q-NOR-L16,Qualifying,NOR,0.3825,29.869148,309.850925,100.0,0.0,8.0,14.0
Q-NOR-L16,Qualifying,NOR,0.385,30.020846,310.799038,100.0,0.0,8.0,14.0
Q-NOR-L16,Qualifying,NOR,0.3875,30.171588,311.988232,100.0,0.0,8.0,14.0
Q-NOR-L16,Qualifying,NOR,0.39,30.322072,313.24227,100.0,0.0,8.0,14.0
Q-NOR-L16,Qualifying,NOR,0.3925,30.472178,314.295891,100.0,0.0,8.0,14.0
Q-NOR-L16,Qualifying,NOR,0.395,30.621678,315.043391,100.0,0.0,8.0,14.0
Q-NOR-L16,Qualifying,NOR,0.3975,30.770732,315.788659,100.0,0.0,8.0,14.0
Q-NOR-L16,Qualifying,NOR,0.4,30.91928,316.5314,100.0,0.0,8.0,14.0
Q-NOR-L16,Qualifying,NOR,0.4025,31.067628,317.273142,100.0,0.0,8.0,14.0
Q-NOR-L16,Qualifying,NOR,0.405,31.215967,318.0,100.0,0.0,8.0,14.0
Q-NOR-L16,Qualifying,NOR,0.4075,31.363849,318.0,100.0,0.0,8.0,14.0
Q-NOR-L16,Qualifying,NOR,0.41,31.511547,318.585468,100.0,0.0,8.0,14.0
Q-NOR-L16,Qualifying,NOR,0.4125,31.658946,320.0,100.0,0.0,8.0,14.0
Q-NOR-L16,Qualifying,NOR,0.415,31.805904,320.0,100.0,0.0,8.0,14.0
Q-NOR-L16,Qualifying,NOR,0.4175,31.952861,320.0,100.0,0.0,8.0,14.0
Q-NOR-L16,Qualifying,NOR,0.42,32.099414,320.589186,100.0,0.0,8.0,14.0
Q-NOR-L16,Qualifying,NOR,0.4225,32.245686,321.586494,100.0,0.0,8.0,14.0
Q-NOR-L16,Qualifying,NOR,0.425,32.391958,322.583803,100.0,0.0,8.0,14.0
Q-NOR-L16,Qualifying,NOR,0.4275,32.537703,323.192506,100.0,0.0,8.0,14.0
Q-NOR-L16,Qualifying,NOR,0.43,32.68307,323.522887,100.0,0.0,8.0,14.0
Q-NOR-L16,Qualifying,NOR,0.4325,32.828438,323.853268,100.0,0.0,8.0,14.0
Q-NOR-L16,Qualifying,NOR,0.435,32.973556,324.183083,100.0,0.0,8.0,14.0
Q-NOR-L16,Qualifying,NOR,0.4375,33.118476,324.512446,100.0,0.0,8.0,14.0
Q-NOR-L16,Qualifying,NOR,0.44,33.263396,324.841808,100.0,0.0,8.0,14.0
Q-NOR-L16,Qualifying,NOR,0.4425,33.408199,325.0,100.0,0.0,8.0,14.0
Q-NOR-L16,Qualifying,NOR,0.445,33.552866,325.099328,100.0,0.0,8.0,14.0
Q-NOR-L16,Qualifying,NOR,0.4475,33.69734,325.8217,100.0,0.0,8.0,14.0
Q-NOR-L16,Qualifying,NOR,0.45,33.841481,326.300501,100.0,0.0,8.0,14.0
Q-NOR-L16,Qualifying,NOR,0.4525,33.985513,326.699482,100.0,0.0,8.0,14.0
Q-NOR-L16,Qualifying,NOR,0.455,34.129436,327.127012,100.0,0.0,8.0,14.0
Q-NOR-L16,Qualifying,NOR,0.4575,34.273028,327.641679,100.0,0.0,8.0,14.0
Q-NOR-L16,Qualifying,NOR,0.46,34.416554,328.0,100.0,0.0,8.0,14.0
Q-NOR-L16,Qualifying,NOR,0.4625,34.559927,328.0,100.0,0.0,8.0,14.0
Q-NOR-L16,Qualifying,NOR,0.465,34.7033,328.0,100.0,0.0,8.0,14.0
Q-NOR-L16,Qualifying,NOR,0.4675,34.846501,328.709379,100.0,0.0,8.0,14.0
Q-NOR-L16,Qualifying,NOR,0.47,34.989509,329.0,100.0,0.0,8.0,14.0
Q-NOR-L16,Qualifying,NOR,0.4725,35.132446,329.0,100.0,0.0,8.0,14.0
Q-NOR-L16,Qualifying,NOR,0.475,35.277124,324.227638,59.651845,0.0,8.0,14.0
Q-NOR-L16,Qualifying,NOR,0.4775,35.423252,316.645209,6.743688,100.0,8.0,10.0
Q-NOR-L16,Qualifying,NOR,0.48,35.580269,295.896612,2.818278,100.0,8.0,8.0
Q-NOR-L16,Qualifying,NOR,0.4825,35.745014,269.730407,0.0,100.0,8.0,8.0
Q-NOR-L16,Qualifying,NOR,0.485,35.929431,229.773323,0.0,100.0,8.0,8.0
Q-NOR-L16,Qualifying,NOR,0.4875,36.1412,215.987508,0.0,100.0,8.0,8.0
Q-NOR-L16,Qualifying,NOR,0.49,36.396991,167.611311,0.0,100.0,6.0,8.0
Q-NOR-L16,Qualifying,NOR,0.4925,36.730511,139.52536,0.0,100.0,3.0,8.0
Q-NOR-L16,Qualifying,NOR,0.495,37.064032,111.439409,0.0,100.0,3.0,8.0
Q-NOR-L16,Qualifying,NOR,0.4975,37.524158,91.307594,0.0,100.0,2.0,8.0
Q-NOR-L16,Qualifying,NOR,0.5,38.079104,79.477914,0.0,100.0,2.0,8.0
Q-NOR-L16,Qualifying,NOR,0.5025,38.72133,67.795502,12.613493,0.0,2.0,8.0
Q-NOR-L16,Qualifying,NOR,0.505,39.389858,78.305726,50.190014,0.0,2.0,8.0
Q-NOR-L16,Qualifying,NOR,0.5075,39.931662,95.702954,54.53966,0.0,2.0,8.0
Q-NOR-L16,Qualifying,NOR,0.51,40.403473,103.437723,27.249107,0.0,3.0,8.0
Q-NOR-L16,Qualifying,NOR,0.5125,40.856086,104.0,18.84125,0.0,3.0,8.0
Q-NOR-L16,Qualifying,NOR,0.515,41.295883,110.453788,53.84877,0.0,3.0,8.0
Q-NOR-L16,Qualifying,NOR,0.5175,41.69683,125.492937,86.186816,0.0,3.0,8.0
Q-NOR-L16,Qualifying,NOR,0.52,42.049327,142.816355,98.885222,0.0,3.0,8.0
Q-NOR-L16,Qualifying,NOR,0.5225,42.358119,157.493129,99.762796,0.0,3.0,8.0
Q-NOR-L16,Qualifying,NOR,0.525,42.648537,170.799185,100.0,0.0,4.0,8.0
Q-NOR-L16,Qualifying,NOR,0.5275,42.911642,183.345693,100.0,0.0,4.0,8.0
Q-NOR-L16,Qualifying,NOR,0.53,43.160459,193.298373,100.0,0.0,4.0,8.0
Q-NOR-L16,Qualifying,NOR,0.5325,43.401797,198.859964,100.0,0.0,5.0,8.0
Q-NOR-L16,Qualifying,NOR,0.535,43.633743,209.676067,100.0,0.0,5.0,8.0
Q-NOR-L16,Qualifying,NOR,0.5375,43.850564,216.762297,100.0,0.0,5.0,8.0
Q-NOR-L16,Qualifying,NOR,0.54,44.066282,223.054058,100.0,0.0,5.0,8.0
Q-NOR-L16,Qualifying,NOR,0.5425,44.276408,227.688898,100.0,0.0,5.0,8.0
Q-NOR-L16,Qualifying,NOR,0.545,44.480309,233.61926,100.0,0.0,5.0,14.0
Q-NOR-L16,Qualifying,NOR,0.5475,44.678899,239.647486,100.0,0.0,6.0,14.0
Q-NOR-L16,Qualifying,NOR,0.55,44.873126,244.503144,100.0,0.0,6.0,14.0
Q-NOR-L16,Qualifying,NOR,0.5525,45.063131,249.253287,100.0,0.0,6.0,14.0
Q-NOR-L16,Qualifying,NOR,0.555,45.250526,252.958759,100.0,0.0,6.0,14.0
Q-NOR-L16,Qualifying,NOR,0.5575,45.435052,256.357381,100.0,0.0,6.0,14.0
Q-NOR-L16,Qualifying,NOR,0.56,45.616972,260.336889,100.0,0.0,7.0,14.0
Q-NOR-L16,Qualifying,NOR,0.5625,45.796686,263.481234,100.0,0.0,7.0,14.0
Q-NOR-L16,Qualifying,NOR,0.565,45.97478,266.031144,100.0,0.0,7.0,14.0
Q-NOR-L16,Qualifying,NOR,0.5675,46.149275,269.084807,100.0,0.0,7.0,14.0
Q-NOR-L16,Qualifying,NOR,0.57,46.32377,272.13847,100.0,0.0,7.0,14.0
Q-NOR-L16,Qualifying,NOR,0.5725,46.495315,276.057867,100.0,0.0,7.0,14.0
Q-NOR-L16,Qualifying,NOR,0.575,46.664855,279.555587,100.0,0.0,7.0,14.0
Q-NOR-L16,Qualifying,NOR,0.5775,46.832507,281.35186,100.0,0.0,7.0,14.0
Q-NOR-L16,Qualifying,NOR,0.58,46.998838,283.756654,100.0,0.0,7.0,14.0
Q-NOR-L16,Qualifying,NOR,0.5825,47.164054,286.375674,100.0,0.0,7.0,14.0
Q-NOR-L16,Qualifying,NOR,0.585,47.327624,288.420301,100.0,0.0,7.0,14.0
Q-NOR-L16,Qualifying,NOR,0.5875,47.489388,290.445363,100.0,0.0,7.0,14.0
Q-NOR-L16,Qualifying,NOR,0.59,47.650438,292.462683,100.0,0.0,7.0,14.0
Q-NOR-L16,Qualifying,NOR,0.5925,47.811487,294.480003,100.0,0.0,7.0,14.0
Q-NOR-L16,Qualifying,NOR,0.595,47.970921,296.474011,100.0,0.0,7.0,14.0
Q-NOR-L16,Qualifying,NOR,0.5975,48.12901,297.828643,100.0,0.0,7.0,14.0
Q-NOR-L16,Qualifying,NOR,0.6,48.286817,298.955834,100.0,0.0,8.0,14.0
Q-NOR-L16,Qualifying,NOR,0.6025,48.443112,300.667915,100.0,0.0,8.0,14.0
Q-NOR-L16,Qualifying,NOR,0.605,48.599346,302.403848,100.0,0.0,8.0,14.0
Q-NOR-L16,Qualifying,NOR,0.6075,48.754568,303.8464,100.0,0.0,8.0,14.0
Q-NOR-L16,Qualifying,NOR,0.61,48.90918,305.080901,100.0,0.0,8.0,14.0
Q-NOR-L16,Qualifying,NOR,0.6125,49.063113,305.850564,100.0,0.0,8.0,14.0
Q-NOR-L16,Qualifying,NOR,0.615,49.216239,307.84858,100.0,0.0,8.0,14.0
Q-NOR-L16,Qualifying,NOR,0.6175,49.368556,309.419755,100.0,0.0,8.0,14.0
Q-NOR-L16,Qualifying,NOR,0.62,49.520254,310.262522,100.0,0.0,8.0,14.0
Q-NOR-L16,Qualifying,NOR,0.6225,49.671831,311.235382,100.0,0.0,8.0,14.0
Q-NOR-L16,Qualifying,NOR,0.625,49.822526,313.0,100.0,0.0,8.0,14.0
Q-NOR-L16,Qualifying,NOR,0.6275,49.97277,313.0,100.0,0.0,8.0,14.0
Q-NOR-L16,Qualifying,NOR,0.63,50.122536,314.495363,100.0,0.0,8.0,14.0
Q-NOR-L16,Qualifying,NOR,0.6325,50.27183,315.494149,100.0,0.0,8.0,14.0
Q-NOR-L16,Qualifying,NOR,0.635,50.420732,316.298326,100.0,0.0,8.0,14.0
Q-NOR-L16,Qualifying,NOR,0.6375,50.5692,317.181002,100.0,0.0,8.0,14.0
Q-NOR-L16,Qualifying,NOR,0.64,50.717315,317.921575,100.0,0.0,8.0,14.0
Q-NOR-L16,Qualifying,NOR,0.6425,50.865014,318.550058,100.0,0.0,8.0,14.0
Q-NOR-L16,Qualifying,NOR,0.645,51.012539,319.247122,100.0,0.0,8.0,14.0
Q-NOR-L16,Qualifying,NOR,0.6475,51.159644,320.07401,100.0,0.0,8.0,14.0
Q-NOR-L16,Qualifying,NOR,0.65,51.306372,320.481589,100.0,0.0,8.0,14.0
Q-NOR-L16,Qualifying,NOR,0.6525,51.4531,320.889167,100.0,0.0,8.0,14.0
Q-NOR-L16,Qualifying,NOR,0.655,51.599496,321.380344,100.0,0.0,8.0,14.0
Q-NOR-L16,Qualifying,NOR,0.6575,51.745768,321.902743,100.0,0.0,8.0,14.0
Q-NOR-L16,Qualifying,NOR,0.66,51.891855,322.0,100.0,0.0,8.0,14.0
Q-NOR-L16,Qualifying,NOR,0.6625,52.0379,322.0,100.0,0.0,8.0,14.0
Q-NOR-L16,Qualifying,NOR,0.665,52.183539,322.59336,100.0,0.0,8.0,14.0
Q-NOR-L16,Qualifying,NOR,0.6675,52.329132,323.255145,100.0,0.0,8.0,14.0
Q-NOR-L16,Qualifying,NOR,0.67,52.474724,323.91693,100.0,0.0,8.0,14.0
Q-NOR-L16,Qualifying,NOR,0.6725,52.62012,323.364398,76.48274,0.0,8.0,10.0
Q-NOR-L16,Qualifying,NOR,0.675,52.769136,314.842588,45.869436,0.0,8.0,10.0
Q-NOR-L16,Qualifying,NOR,0.6775,52.921819,298.483678,11.515724,100.0,8.0,8.0
Q-NOR-L16,Qualifying,NOR,0.68,53.086682,275.947636,0.0,100.0,8.0,8.0
Q-NOR-L16,Qualifying,NOR,0.6825,53.263262,253.509577,0.0,100.0,7.0,8.0
Q-NOR-L16,Qualifying,NOR,0.685,53.455599,240.152836,0.0,100.0,6.0,8.0
Q-NOR-L16,Qualifying,NOR,0.6875,53.65407,227.159976,0.0,100.0,6.0,8.0
Q-NOR-L16,Qualifying,NOR,0.69,53.866878,215.743093,0.0,100.0,5.0,8.0
Q-NOR-L16,Qualifying,NOR,0.6925,54.090201,206.71398,1.14301,0.0,5.0,8.0
Q-NOR-L16,Qualifying,NOR,0.695,54.321858,199.764263,4.617868,0.0,4.0,8.0
Q-NOR-L16,Qualifying,NOR,0.6975,54.559239,193.346194,22.442129,0.0,4.0,8.0
Q-NOR-L16,Qualifying,NOR,0.7,54.804034,191.086205,47.499949,0.0,4.0,8.0
Q-NOR-L16,Qualifying,NOR,0.7025,55.049603,191.768341,67.281875,0.0,4.0,8.0
Q-NOR-L16,Qualifying,NOR,0.705,55.291853,194.31661,82.273607,0.0,4.0,8.0
Q-NOR-L16,Qualifying,NOR,0.7075,55.532398,197.824548,94.801956,0.0,4.0,8.0
Q-NOR-L16,Qualifying,NOR,0.71,55.768565,201.222362,99.555591,0.0,5.0,8.0
Q-NOR-L16,Qualifying,NOR,0.7125,55.99961,205.665261,100.0,0.0,5.0,8.0
Q-NOR-L16,Qualifying,NOR,0.715,56.225683,210.987805,100.0,0.0,5.0,8.0
Q-NOR-L16,Qualifying,NOR,0.7175,56.446464,215.127454,100.0,0.0,5.0,8.0
Q-NOR-L16,Qualifying,NOR,0.72,56.662859,219.033205,100.0,0.0,5.0,8.0
Q-NOR-L16,Qualifying,NOR,0.7225,56.875963,223.059256,100.0,0.0,5.0,8.0
Q-NOR-L16,Qualifying,NOR,0.725,57.085332,226.404155,100.0,0.0,6.0,8.0
Q-NOR-L16,Qualifying,NOR,0.7275,57.291659,228.983235,100.0,0.0,6.0,8.0
Q-NOR-L16,Qualifying,NOR,0.73,57.495586,232.45172,100.0,0.0,6.0,8.0
Q-NOR-L16,Qualifying,NOR,0.7325,57.695902,236.560462,100.0,0.0,6.0,8.0
Q-NOR-L16,Qualifying,NOR,0.735,57.893219,240.60438,100.0,0.0,6.0,8.0
Q-NOR-L16,Qualifying,NOR,0.7375,58.087119,244.058845,100.0,0.0,6.0,8.0
Q-NOR-L16,Qualifying,NOR,0.74,58.279064,246.80091,100.0,0.0,6.0,8.0
Q-NOR-L16,Qualifying,NOR,0.7425,58.46921,247.881051,100.0,0.0,6.0,8.0
Q-NOR-L16,Qualifying,NOR,0.745,58.656898,252.097454,100.0,0.0,6.0,8.0
Q-NOR-L16,Qualifying,NOR,0.7475,58.841869,255.701075,100.0,0.0,6.0,8.0
Q-NOR-L16,Qualifying,NOR,0.75,59.025208,258.565745,100.0,0.0,6.0,8.0
Q-NOR-L16,Qualifying,NOR,0.7525,59.206453,260.918158,100.0,0.0,6.0,8.0
Q-NOR-L16,Qualifying,NOR,0.755,59.38587,263.120656,100.0,0.0,6.0,8.0
Q-NOR-L16,Qualifying,NOR,0.7575,59.563664,264.787471,100.0,0.0,6.0,8.0
Q-NOR-L16,Qualifying,NOR,0.76,59.740824,267.195608,100.0,0.0,6.0,8.0
Q-NOR-L16,Qualifying,NOR,0.7625,59.915595,270.521628,100.0,0.0,6.0,8.0
Q-NOR-L16,Qualifying,NOR,0.765,60.089125,271.967705,100.0,0.0,7.0,8.0
Q-NOR-L16,Qualifying,NOR,0.7675,60.26203,272.0,100.0,0.0,7.0,8.0
Q-NOR-L16,Qualifying,NOR,0.77,60.434148,274.627782,99.124073,0.0,7.0,8.0
Q-NOR-L16,Qualifying,NOR,0.7725,60.604714,276.076527,99.0,0.0,7.0,8.0
Q-NOR-L16,Qualifying,NOR,0.775,60.774877,277.204386,99.0,0.0,7.0,8.0
Q-NOR-L16,Qualifying,NOR,0.7775,60.944286,278.128576,99.0,0.0,7.0,8.0
Q-NOR-L16,Qualifying,NOR,0.78,61.112739,280.078405,99.0,0.0,7.0,8.0
Q-NOR-L16,Qualifying,NOR,0.7825,61.280391,280.779878,99.0,0.0,7.0,8.0
Q-NOR-L16,Qualifying,NOR,0.785,61.447634,281.358232,99.0,0.0,7.0,8.0
Q-NOR-L16,Qualifying,NOR,0.7875,61.614691,281.880284,99.0,0.0,7.0,8.0
Q-NOR-L16,Qualifying,NOR,0.79,61.781292,282.801823,99.0,0.0,7.0,8.0
Q-NOR-L16,Qualifying,NOR,0.7925,61.947519,283.0,99.0,0.0,7.0,8.0
Q-NOR-L16,Qualifying,NOR,0.795,62.113726,282.942427,99.0,0.0,7.0,8.0
Q-NOR-L16,Qualifying,NOR,0.7975,62.280192,282.480023,99.0,0.0,7.0,8.0
Q-NOR-L16,Qualifying,NOR,0.8,62.446657,282.01762,99.0,0.0,7.0,8.0
Q-NOR-L16,Qualifying,NOR,0.8025,62.615714,279.041565,62.389372,0.0,7.0,8.0
Q-NOR-L16,Qualifying,NOR,0.805,62.784874,275.965933,24.328426,100.0,7.0,8.0
Q-NOR-L16,Qualifying,NOR,0.8075,62.960331,263.419489,0.0,100.0,7.0,8.0
Q-NOR-L16,Qualifying,NOR,0.81,63.146943,234.094627,0.0,100.0,7.0,8.0
Q-NOR-L16,Qualifying,NOR,0.8125,63.361187,206.476674,0.0,100.0,7.0,8.0
Q-NOR-L16,Qualifying,NOR,0.815,63.609639,175.420181,0.0,100.0,7.0,8.0
Q-NOR-L16,Qualifying,NOR,0.8175,63.902986,150.825914,0.0,100.0,5.0,8.0
Q-NOR-L16,Qualifying,NOR,0.82,64.232765,131.448504,0.0,100.0,5.0,8.0
Q-NOR-L16,Qualifying,NOR,0.8225,64.606463,120.58171,0.0,100.0,3.0,8.0
Q-NOR-L16,Qualifying,NOR,0.825,65.010086,111.341058,0.268212,0.0,3.0,8.0
Q-NOR-L16,Qualifying,NOR,0.8275,65.444057,107.641824,18.612909,0.0,3.0,8.0
Q-NOR-L16,Qualifying,NOR,0.83,65.870939,114.448469,55.121174,0.0,3.0,8.0
Q-NOR-L16,Qualifying,NOR,0.8325,66.259134,126.59936,80.198721,0.0,3.0,8.0
Q-NOR-L16,Qualifying,NOR,0.835,66.614855,140.092751,92.21855,0.0,3.0,8.0
Q-NOR-L16,Qualifying,NOR,0.8375,66.934901,152.289457,61.349346,0.0,3.0,8.0
Q-NOR-L16,Qualifying,NOR,0.84,67.241839,154.430402,27.07687,0.0,4.0,8.0
Q-NOR-L16,Qualifying,NOR,0.8425,67.547951,152.325607,8.441869,0.0,4.0,8.0
Q-NOR-L16,Qualifying,NOR,0.845,67.860381,149.448261,17.827681,0.0,4.0,8.0
Q-NOR-L16,Qualifying,NOR,0.8475,68.176175,148.0,37.99778,0.0,4.0,8.0
Q-NOR-L16,Qualifying,NOR,0.85,68.491776,149.984695,55.473215,0.0,4.0,8.0
Q-NOR-L16,Qualifying,NOR,0.8525,68.802299,153.244158,59.0,0.0,4.0,8.0
Q-NOR-L16,Qualifying,NOR,0.855,69.103471,160.138734,81.801011,0.0,4.0,8.0
Q-NOR-L16,Qualifying,NOR,0.8575,69.389046,169.230043,66.711016,0.0,4.0,8.0
Q-NOR-L16,Qualifying,NOR,0.86,69.666858,168.826776,29.027594,0.0,4.0,8.0
Q-NOR-L16,Qualifying,NOR,0.8625,69.948306,165.693153,5.083121,0.0,4.0,8.0
Q-NOR-L16,Qualifying,NOR,0.865,70.232726,165.0,7.324206,0.0,4.0,8.0
Q-NOR-L16,Qualifying,NOR,0.8675,70.520897,161.581197,39.138464,0.0,4.0,8.0
Q-NOR-L16,Qualifying,NOR,0.87,70.806938,166.924225,68.545351,0.0,4.0,8.0
Q-NOR-L16,Qualifying,NOR,0.8725,71.083403,173.553412,84.520135,0.0,4.0,8.0
Q-NOR-L16,Qualifying,NOR,0.875,71.348123,182.42534,99.04726,0.0,4.0,8.0
Q-NOR-L16,Qualifying,NOR,0.8775,71.600276,189.517125,99.835236,0.0,4.0,8.0
Q-NOR-L16,Qualifying,NOR,0.88,71.844225,197.692883,100.0,0.0,5.0,8.0
Q-NOR-L16,Qualifying,NOR,0.8825,72.077912,204.559926,100.0,0.0,5.0,8.0
Q-NOR-L16,Qualifying,NOR,0.885,72.303029,212.250717,100.0,0.0,5.0,8.0
Q-NOR-L16,Qualifying,NOR,0.8875,72.521966,218.08623,100.0,0.0,5.0,8.0
Q-NOR-L16,Qualifying,NOR,0.89,72.732645,225.433608,100.0,0.0,5.0,8.0
Q-NOR-L16,Qualifying,NOR,0.8925,72.93845,231.72209,100.0,0.0,6.0,8.0
Q-NOR-L16,Qualifying,NOR,0.895,73.139281,236.753796,100.0,0.0,6.0,8.0
Q-NOR-L16,Qualifying,NOR,0.8975,73.337219,241.060364,100.0,0.0,6.0,8.0
Q-NOR-L16,Qualifying,NOR,0.9,73.530614,244.523061,100.0,0.0,6.0,8.0
Q-NOR-L16,Qualifying,NOR,0.9025,73.721779,247.25398,100.0,0.0,6.0,8.0
Q-NOR-L16,Qualifying,NOR,0.905,73.91072,251.417995,100.0,0.0,6.0,8.0
Q-NOR-L16,Qualifying,NOR,0.9075,74.096832,254.044247,99.0,0.0,6.0,8.0
Q-NOR-L16,Qualifying,NOR,0.91,74.280171,256.908917,99.0,0.0,6.0,8.0
Q-NOR-L16,Qualifying,NOR,0.9125,74.462843,259.348879,99.0,0.0,6.0,8.0
Q-NOR-L16,Qualifying,NOR,0.915,74.643714,260.640813,99.0,0.0,7.0,8.0
Q-NOR-L16,Qualifying,NOR,0.9175,74.823588,261.928945,99.0,0.0,7.0,8.0
Q-NOR-L16,Qualifying,NOR,0.92,75.002626,263.148128,99.0,0.0,7.0,8.0
Q-NOR-L16,Qualifying,NOR,0.9225,75.179417,264.032084,99.0,0.0,7.0,8.0
Q-NOR-L16,Qualifying,NOR,0.925,75.356208,264.916039,99.0,0.0,7.0,8.0
Q-NOR-L16,Qualifying,NOR,0.9275,75.532999,265.799994,99.0,0.0,7.0,8.0
Q-NOR-L16,Qualifying,NOR,0.93,75.70979,266.683949,99.0,0.0,7.0,8.0
Q-NOR-L16,Qualifying,NOR,0.9325,75.886581,267.567904,99.0,0.0,7.0,8.0
Q-NOR-L16,Qualifying,NOR,0.935,76.063372,268.451859,99.0,0.0,7.0,8.0
Q-NOR-L16,Qualifying,NOR,0.9375,76.239168,269.472628,99.236314,0.0,7.0,8.0
Q-NOR-L16,Qualifying,NOR,0.94,76.41334,270.716713,99.858356,0.0,7.0,8.0
Q-NOR-L16,Qualifying,NOR,0.9425,76.586523,272.335226,100.0,0.0,7.0,8.0
Q-NOR-L16,Qualifying,NOR,0.945,76.759414,272.113218,55.660884,0.0,7.0,8.0
Q-NOR-L16,Qualifying,NOR,0.9475,76.936996,264.840583,0.0,100.0,7.0,8.0
Q-NOR-L16,Qualifying,NOR,0.95,77.13052,237.747175,0.0,100.0,7.0,8.0
Q-NOR-L16,Qualifying,NOR,0.9525,77.33007,209.671136,0.0,100.0,7.0,8.0
Q-NOR-L16,Qualifying,NOR,0.955,77.567637,192.0,0.0,100.0,6.0,8.0
Q-NOR-L16,Qualifying,NOR,0.9575,77.830192,166.712328,0.0,100.0,6.0,8.0
Q-NOR-L16,Qualifying,NOR,0.96,78.121972,157.275705,0.532042,100.0,4.0,8.0
Q-NOR-L16,Qualifying,NOR,0.9625,78.428345,149.616366,2.252467,0.0,4.0,8.0
Q-NOR-L16,Qualifying,NOR,0.965,78.747723,144.672831,2.695235,0.0,4.0,8.0
Q-NOR-L16,Qualifying,NOR,0.9675,79.081243,137.26126,18.444822,0.0,4.0,8.0
Q-NOR-L16,Qualifying,NOR,0.97,79.422847,138.497448,58.364154,0.0,4.0,8.0
Q-NOR-L16,Qualifying,NOR,0.9725,79.754372,146.744302,86.488605,0.0,4.0,8.0
Q-NOR-L16,Qualifying,NOR,0.975,80.062076,157.802868,99.533652,0.0,4.0,8.0
Q-NOR-L16,Qualifying,NOR,0.9775,80.345921,169.736437,100.0,0.0,4.0,8.0
Q-NOR-L16,Qualifying,NOR,0.98,80.617852,181.644441,100.0,0.0,4.0,8.0
Q-NOR-L16,Qualifying,NOR,0.9825,80.868576,190.626047,100.0,0.0,4.0,8.0
Q-NOR-L16,Qualifying,NOR,0.985,81.11116,198.83728,100.0,0.0,5.0,8.0
Q-NOR-L16,Qualifying,NOR,0.9875,81.344212,206.256908,100.0,0.0,5.0,8.0
Q-NOR-L16,Qualifying,NOR,0.99,81.56761,212.279761,100.0,0.0,5.0,8.0
Q-NOR-L16,Qualifying,NOR,0.9925,81.78583,218.947595,100.0,0.0,5.0,8.0
Q-NOR-L16,Qualifying,NOR,0.995,81.997673,225.133506,100.0,0.0,5.0,8.0
Q-NOR-L16,Qualifying,NOR,0.9975,82.204765,230.196088,100.0,0.0,5.0,8.0
Q-NOR-L16,Qualifying,NOR,1.0,82.408,233.525,99.825,0.0,6.0,8.0
Q-PIA-L16,Qualifying,PIA,0.0,0.0,243.0,99.0,0.0,6.0,8.0
Q-PIA-L16,Qualifying,PIA,0.0025,0.193288,243.632689,99.0,0.0,6.0,8.0
Q-PIA-L16,Qualifying,PIA,0.005,0.38536,246.376574,99.0,0.0,6.0,8.0
Q-PIA-L16,Qualifying,PIA,0.0075,0.573884,249.897679,99.0,0.0,6.0,8.0
Q-PIA-L16,Qualifying,PIA,0.01,0.761364,253.64729,99.0,0.0,6.0,8.0
Q-PIA-L16,Qualifying,PIA,0.0125,0.94582,256.460248,99.0,0.0,6.0,8.0
Q-PIA-L16,Qualifying,PIA,0.015,1.128568,258.744599,99.0,0.0,7.0,8.0
Q-PIA-L16,Qualifying,PIA,0.0175,1.309289,262.00723,99.0,0.0,7.0,8.0
Q-PIA-L16,Qualifying,PIA,0.02,1.487538,266.463445,99.0,0.0,7.0,8.0
Q-PIA-L16,Qualifying,PIA,0.0225,1.663191,269.141911,99.0,0.0,7.0,8.0
Q-PIA-L16,Qualifying,PIA,0.025,1.837479,270.884786,99.0,0.0,7.0,8.0
Q-PIA-L16,Qualifying,PIA,0.0275,2.010963,272.774536,99.0,0.0,7.0,8.0
Q-PIA-L16,Qualifying,PIA,0.03,2.18302,274.92525,99.0,0.0,7.0,8.0
Q-PIA-L16,Qualifying,PIA,0.0325,2.353275,276.54008,99.0,0.0,7.0,8.0
Q-PIA-L16,Qualifying,PIA,0.035,2.523336,278.143359,99.0,0.0,7.0,8.0
Q-PIA-L16,Qualifying,PIA,0.0375,2.692001,279.830012,99.0,0.0,7.0,8.0
Q-PIA-L16,Qualifying,PIA,0.04,2.859587,281.50587,99.0,0.0,7.0,8.0
Q-PIA-L16,Qualifying,PIA,0.0425,3.026425,282.587125,99.0,0.0,7.0,8.0
Q-PIA-L16,Qualifying,PIA,0.045,3.19241,284.042627,99.0,0.0,7.0,8.0
Q-PIA-L16,Qualifying,PIA,0.0475,3.357769,286.0,99.0,0.0,7.0,8.0
Q-PIA-L16,Qualifying,PIA,0.05,3.522256,286.101828,98.287206,0.0,7.0,8.0
Q-PIA-L16,Qualifying,PIA,0.0525,3.68622,287.272998,90.089014,0.0,7.0,8.0
Q-PIA-L16,Qualifying,PIA,0.055,3.851738,283.768422,62.519742,0.0,7.0,8.0
Q-PIA-L16,Qualifying,PIA,0.0575,4.019801,272.610717,3.244433,100.0,7.0,8.0
Q-PIA-L16,Qualifying,PIA,0.06,4.208002,250.9673,0.0,100.0,7.0,8.0
Q-PIA-L16,Qualifying,PIA,0.0625,4.397368,228.716714,0.0,100.0,7.0,8.0
Q-PIA-L16,Qualifying,PIA,0.065,4.610049,209.610812,0.0,100.0,7.0,8.0
Q-PIA-L16,Qualifying,PIA,0.0675,4.841852,196.518039,0.12049,100.0,6.0,8.0
Q-PIA-L16,Qualifying,PIA,0.07,5.088227,187.278977,2.430256,0.0,4.0,8.0
Q-PIA-L16,Qualifying,PIA,0.0725,5.342716,181.12568,6.87432,0.0,4.0,8.0
Q-PIA-L16,Qualifying,PIA,0.075,5.607635,175.970993,22.805452,0.0,4.0,8.0
Q-PIA-L16,Qualifying,PIA,0.0775,5.876523,173.401703,50.538698,0.0,4.0,8.0
Q-PIA-L16,Qualifying,PIA,0.08,6.146839,175.95948,79.797402,0.0,4.0,8.0
Q-PIA-L16,Qualifying,PIA,0.0825,6.408194,183.219782,95.233212,0.0,4.0,8.0
Q-PIA-L16,Qualifying,PIA,0.085,6.659224,191.755603,99.0,0.0,4.0,8.0
Q-PIA-L16,Qualifying,PIA,0.0875,6.895389,198.324663,99.0,0.0,4.0,8.0
Q-PIA-L16,Qualifying,PIA,0.09,7.122173,205.411654,99.0,0.0,4.0,8.0
Q-PIA-L16,Qualifying,PIA,0.0925,7.348957,212.498646,99.0,0.0,5.0,8.0
Q-PIA-L16,Qualifying,PIA,0.095,7.57574,219.585637,99.0,0.0,5.0,8.0
Q-PIA-L16,Qualifying,PIA,0.0975,7.787683,225.960482,99.0,0.0,5.0,8.0
Q-PIA-L16,Qualifying,PIA,0.1,7.993209,229.82892,99.0,0.0,6.0,8.0
Q-PIA-L16,Qualifying,PIA,0.1025,8.196597,234.737406,99.0,0.0,6.0,8.0
Q-PIA-L16,Qualifying,PIA,0.105,8.394069,240.126727,99.446675,0.0,6.0,8.0
Q-PIA-L16,Qualifying,PIA,0.1075,8.588824,244.796483,99.800879,0.0,6.0,8.0
Q-PIA-L16,Qualifying,PIA,0.11,8.779802,248.192514,99.0,0.0,6.0,8.0
Q-PIA-L16,Qualifying,PIA,0.1125,8.968689,249.746107,99.0,0.0,6.0,8.0
Q-PIA-L16,Qualifying,PIA,0.115,9.156484,252.046772,99.0,0.0,6.0,8.0
Q-PIA-L16,Qualifying,PIA,0.1175,9.342717,253.168584,99.0,0.0,6.0,8.0
Q-PIA-L16,Qualifying,PIA,0.12,9.528272,254.096362,99.0,0.0,6.0,8.0
Q-PIA-L16,Qualifying,PIA,0.1225,9.713142,255.04438,99.0,0.0,7.0,8.0
Q-PIA-L16,Qualifying,PIA,0.125,9.896603,257.010029,99.0,0.0,7.0,8.0
Q-PIA-L16,Qualifying,PIA,0.1275,10.079359,258.37807,99.0,0.0,7.0,8.0
Q-PIA-L16,Qualifying,PIA,0.13,10.261017,259.457293,99.0,0.0,7.0,8.0
Q-PIA-L16,Qualifying,PIA,0.1325,10.440969,261.949712,99.0,0.0,7.0,8.0
Q-PIA-L16,Qualifying,PIA,0.135,10.620323,264.559339,99.0,0.0,7.0,8.0
Q-PIA-L16,Qualifying,PIA,0.1375,10.796899,267.71249,99.0,0.0,7.0,8.0
Q-PIA-L16,Qualifying,PIA,0.14,10.972313,269.516564,99.0,0.0,7.0,8.0
Q-PIA-L16,Qualifying,PIA,0.1425,11.146636,270.215655,99.0,0.0,7.0,8.0
Q-PIA-L16,Qualifying,PIA,0.145,11.320601,270.698892,99.0,0.0,7.0,8.0
Q-PIA-L16,Qualifying,PIA,0.1475,11.494205,271.465748,99.0,0.0,7.0,8.0
Q-PIA-L16,Qualifying,PIA,0.15,11.667211,272.701505,99.0,0.0,7.0,8.0
Q-PIA-L16,Qualifying,PIA,0.1525,11.839497,273.466061,99.0,0.0,7.0,8.0
Q-PIA-L16,Qualifying,PIA,0.155,12.011472,274.062422,99.0,0.0,7.0,8.0
Q-PIA-L16,Qualifying,PIA,0.1575,12.182902,274.538617,99.0,0.0,7.0,8.0
Q-PIA-L16,Qualifying,PIA,0.16,12.354323,275.0,99.0,0.0,7.0,8.0
Q-PIA-L16,Qualifying,PIA,0.1625,12.525382,275.136516,99.0,0.0,7.0,8.0
Q-PIA-L16,Qualifying,PIA,0.165,12.695881,276.557338,99.0,0.0,7.0,8.0
Q-PIA-L16,Qualifying,PIA,0.1675,12.865955,277.0,99.0,0.0,7.0,8.0
Q-PIA-L16,Qualifying,PIA,0.17,13.035826,277.021332,99.0,0.0,7.0,8.0
Q-PIA-L16,Qualifying,PIA,0.1725,13.205403,277.55126,99.0,0.0,7.0,8.0
Q-PIA-L16,Qualifying,PIA,0.175,13.374934,278.0,99.0,0.0,7.0,8.0
Q-PIA-L16,Qualifying,PIA,0.1775,13.544017,278.291805,99.0,0.0,7.0,8.0
Q-PIA-L16,Qualifying,PIA,0.18,13.71238,279.694835,99.0,0.0,7.0,8.0
Q-PIA-L16,Qualifying,PIA,0.1825,13.880619,281.108929,99.03631,0.0,7.0,8.0
Q-PIA-L16,Qualifying,PIA,0.185,14.047195,282.670576,99.556859,0.0,7.0,8.0
Q-PIA-L16,Qualifying,PIA,0.1875,14.213553,284.306914,100.0,0.0,7.0,8.0
Q-PIA-L16,Qualifying,PIA,0.19,14.378512,286.147561,100.0,0.0,7.0,8.0
Q-PIA-L16,Qualifying,PIA,0.1925,14.542762,286.968811,100.0,0.0,7.0,8.0
Q-PIA-L16,Qualifying,PIA,0.195,14.706463,287.656094,100.0,0.0,7.0,8.0
Q-PIA-L16,Qualifying,PIA,0.1975,14.86972,288.504501,100.0,0.0,7.0,8.0
Q-PIA-L16,Qualifying,PIA,0.2,15.032549,289.522183,100.0,0.0,7.0,8.0
Q-PIA-L16,Qualifying,PIA,0.2025,15.194932,290.429662,100.0,0.0,7.0,8.0
Q-PIA-L16,Qualifying,PIA,0.205,15.356838,291.0,100.0,0.0,7.0,8.0
Q-PIA-L16,Qualifying,PIA,0.2075,15.518548,291.0,100.0,0.0,7.0,8.0
Q-PIA-L16,Qualifying,PIA,0.21,15.679996,291.294206,100.0,0.0,7.0,8.0
Q-PIA-L16,Qualifying,PIA,0.2125,15.840876,292.222364,100.0,0.0,7.0,8.0
Q-PIA-L16,Qualifying,PIA,0.215,16.001757,293.150522,100.0,0.0,7.0,8.0
Q-PIA-L16,Qualifying,PIA,0.2175,16.162568,294.0,99.957599,0.0,7.0,8.0
Q-PIA-L16,Qualifying,PIA,0.22,16.322628,294.0,99.457412,0.0,7.0,8.0
Q-PIA-L16,Qualifying,PIA,0.2225,16.482688,294.0,99.085551,0.0,7.0,8.0
Q-PIA-L16,Qualifying,PIA,0.225,16.642702,294.137016,100.0,0.0,7.0,8.0
Q-PIA-L16,Qualifying,PIA,0.2275,16.802219,295.732189,100.0,0.0,8.0,8.0
Q-PIA-L16,Qualifying,PIA,0.23,16.961288,296.0,100.0,0.0,8.0,8.0
Q-PIA-L16,Qualifying,PIA,0.2325,17.12018,296.213249,100.0,0.0,8.0,8.0
Q-PIA-L16,Qualifying,PIA,0.235,17.27889,296.874543,100.0,0.0,8.0,8.0
Q-PIA-L16,Qualifying,PIA,0.2375,17.437384,297.0,100.0,0.0,8.0,8.0
Q-PIA-L16,Qualifying,PIA,0.24,17.595681,297.433407,100.0,0.0,8.0,8.0
Q-PIA-L16,Qualifying,PIA,0.2425,17.753783,298.0,100.0,0.0,8.0,8.0
Q-PIA-L16,Qualifying,PIA,0.245,17.911694,298.0,88.259035,0.0,8.0,8.0
Q-PIA-L16,Qualifying,PIA,0.2475,18.069606,298.0,44.833377,0.0,8.0,8.0
Q-PIA-L16,Qualifying,PIA,0.25,18.229559,290.395198,8.958079,0.0,8.0,8.0
Q-PIA-L16,Qualifying,PIA,0.2525,18.400082,264.381685,0.0,100.0,8.0,8.0
Q-PIA-L16,Qualifying,PIA,0.255,18.581422,251.536798,0.0,100.0,8.0,8.0
Q-PIA-L16,Qualifying,PIA,0.2575,18.794895,214.396411,0.0,100.0,8.0,8.0
Q-PIA-L16,Qualifying,PIA,0.26,19.023768,180.270898,0.0,100.0,8.0,8.0
Q-PIA-L16,Qualifying,PIA,0.2625,19.298645,162.45302,0.0,100.0,8.0,8.0
Q-PIA-L16,Qualifying,PIA,0.265,19.612645,141.295083,0.0,100.0,8.0,8.0
Q-PIA-L16,Qualifying,PIA,0.2675,19.9609,126.787502,0.0,100.0,4.0,8.0
Q-PIA-L16,Qualifying,PIA,0.27,20.34347,119.138252,0.0,100.0,3.0,8.0
Q-PIA-L16,Qualifying,PIA,0.2725,20.75682,107.93483,3.391017,0.0,3.0,8.0
Q-PIA-L16,Qualifying,PIA,0.275,21.194689,107.714074,30.855184,0.0,3.0,8.0
Q-PIA-L16,Qualifying,PIA,0.2775,21.623951,113.873782,59.747565,0.0,3.0,8.0
Q-PIA-L16,Qualifying,PIA,0.28,22.033774,115.338189,80.139254,0.0,3.0,8.0
Q-PIA-L16,Qualifying,PIA,0.2825,22.398549,141.068406,90.238717,0.0,3.0,8.0
Q-PIA-L16,Qualifying,PIA,0.285,22.715293,156.932658,99.0,0.0,3.0,8.0
Q-PIA-L16,Qualifying,PIA,0.2875,22.999192,172.509618,99.0,0.0,4.0,8.0
Q-PIA-L16,Qualifying,PIA,0.29,23.258571,183.898775,99.0,0.0,4.0,8.0
Q-PIA-L16,Qualifying,PIA,0.2925,23.511569,194.440356,99.0,0.0,5.0,8.0
Q-PIA-L16,Qualifying,PIA,0.295,23.750252,201.650073,99.0,0.0,5.0,8.0
Q-PIA-L16,Qualifying,PIA,0.2975,23.977565,210.056962,99.0,0.0,5.0,8.0
Q-PIA-L16,Qualifying,PIA,0.3,24.197461,216.653825,99.0,0.0,5.0,8.0
Q-PIA-L16,Qualifying,PIA,0.3025,24.412288,223.873314,99.0,0.0,5.0,8.0
Q-PIA-L16,Qualifying,PIA,0.305,24.619391,230.539799,99.0,0.0,5.0,8.0
Q-PIA-L16,Qualifying,PIA,0.3075,24.821789,234.967263,99.0,0.0,6.0,8.0
Q-PIA-L16,Qualifying,PIA,0.31,25.020283,239.782086,99.0,0.0,6.0,8.0
Q-PIA-L16,Qualifying,PIA,0.3125,25.215441,242.830513,99.0,0.0,6.0,8.0
Q-PIA-L16,Qualifying,PIA,0.315,25.406232,247.430804,99.0,0.0,6.0,8.0
Q-PIA-L16,Qualifying,PIA,0.3175,25.595709,251.58386,99.0,0.0,6.0,8.0
Q-PIA-L16,Qualifying,PIA,0.32,25.782076,253.913445,99.0,0.0,6.0,8.0
Q-PIA-L16,Qualifying,PIA,0.3225,25.965989,256.949819,99.0,0.0,6.0,8.0
Q-PIA-L16,Qualifying,PIA,0.325,26.147494,259.974894,99.0,0.0,6.0,8.0
Q-PIA-L16,Qualifying,PIA,0.3275,26.327791,262.97985,99.0,0.0,7.0,8.0
Q-PIA-L16,Qualifying,PIA,0.33,26.50585,266.336998,99.0,0.0,7.0,14.0
Q-PIA-L16,Qualifying,PIA,0.3325,26.681541,269.156758,99.0,0.0,7.0,14.0
Q-PIA-L16,Qualifying,PIA,0.335,26.855754,271.557383,99.0,0.0,7.0,12.0
Q-PIA-L16,Qualifying,PIA,0.3375,27.027811,275.141906,99.0,0.0,7.0,12.0
Q-PIA-L16,Qualifying,PIA,0.34,27.197059,278.241037,99.0,0.0,7.0,12.0
Q-PIA-L16,Qualifying,PIA,0.3425,27.365423,281.1874,99.0,0.0,7.0,12.0
Q-PIA-L16,Qualifying,PIA,0.345,27.53276,283.531332,99.0,0.0,7.0,12.0
Q-PIA-L16,Qualifying,PIA,0.3475,27.698456,284.912131,99.0,0.0,7.0,12.0
Q-PIA-L16,Qualifying,PIA,0.35,27.86253,287.55883,99.0,0.0,7.0,12.0
Q-PIA-L16,Qualifying,PIA,0.3525,28.02556,290.1484,99.0,0.0,7.0,12.0
Q-PIA-L16,Qualifying,PIA,0.355,28.187089,292.476118,99.0,0.0,7.0,12.0
Q-PIA-L16,Qualifying,PIA,0.3575,28.347149,294.476867,99.0,0.0,8.0,12.0
Q-PIA-L16,Qualifying,PIA,0.36,28.506823,296.378234,99.0,0.0,8.0,12.0
Q-PIA-L16,Qualifying,PIA,0.3625,28.665267,297.962665,99.0,0.0,8.0,12.0
Q-PIA-L16,Qualifying,PIA,0.365,28.822418,299.917729,99.0,0.0,8.0,12.0
Q-PIA-L16,Qualifying,PIA,0.3675,28.978839,301.872992,99.0,0.0,8.0,12.0
Q-PIA-L16,Qualifying,PIA,0.37,29.134402,303.817522,99.0,0.0,8.0,12.0
Q-PIA-L16,Qualifying,PIA,0.3725,29.289038,304.700191,99.0,0.0,8.0,12.0
Q-PIA-L16,Qualifying,PIA,0.375,29.443269,305.589183,99.0,0.0,8.0,12.0
Q-PIA-L16,Qualifying,PIA,0.3775,29.596873,306.878726,99.0,0.0,8.0,12.0
Q-PIA-L16,Qualifying,PIA,0.38,29.749888,308.340737,99.0,0.0,8.0,12.0
Q-PIA-L16,Qualifying,PIA,0.3825,29.902178,309.60982,99.0,0.0,8.0,12.0
Q-PIA-L16,Qualifying,PIA,0.385,30.05379,310.869628,99.0,0.0,8.0,12.0
Q-PIA-L16,Qualifying,PIA,0.3875,30.205028,312.06288,99.0,0.0,8.0,12.0
Q-PIA-L16,Qualifying,PIA,0.39,30.355613,312.692941,99.0,0.0,8.0,12.0
Q-PIA-L16,Qualifying,PIA,0.3925,30.505951,313.384755,99.0,0.0,8.0,12.0
Q-PIA-L16,Qualifying,PIA,0.395,30.655926,314.19233,99.0,0.0,8.0,12.0
Q-PIA-L16,Qualifying,PIA,0.3975,30.805315,315.259396,99.0,0.0,8.0,12.0
Q-PIA-L16,Qualifying,PIA,0.4,30.95456,316.0,99.0,0.0,8.0,12.0
Q-PIA-L16,Qualifying,PIA,0.4025,31.103477,316.0,99.0,0.0,8.0,12.0
Q-PIA-L16,Qualifying,PIA,0.405,31.252393,316.0,99.0,0.0,8.0,12.0
Q-PIA-L16,Qualifying,PIA,0.4075,31.40131,316.0,99.0,0.0,8.0,12.0
Q-PIA-L16,Qualifying,PIA,0.41,31.549653,317.809802,99.0,0.0,8.0,12.0
Q-PIA-L16,Qualifying,PIA,0.4125,31.697543,319.0,99.0,0.0,8.0,12.0
Q-PIA-L16,Qualifying,PIA,0.415,31.844883,319.698544,99.0,0.0,8.0,12.0
Q-PIA-L16,Qualifying,PIA,0.4175,31.991805,321.0,99.0,0.0,8.0,12.0
Q-PIA-L16,Qualifying,PIA,0.42,32.138356,321.14678,99.0,0.0,8.0,12.0
Q-PIA-L16,Qualifying,PIA,0.4225,32.284725,321.878625,99.0,0.0,8.0,12.0
Q-PIA-L16,Qualifying,PIA,0.425,32.430715,322.507147,99.0,0.0,8.0,12.0
Q-PIA-L16,Qualifying,PIA,0.4275,32.576588,323.0,99.0,0.0,8.0,12.0
Q-PIA-L16,Qualifying,PIA,0.43,32.722277,323.0,99.0,0.0,8.0,12.0
Q-PIA-L16,Qualifying,PIA,0.4325,32.867722,323.787224,99.0,0.0,8.0,12.0
Q-PIA-L16,Qualifying,PIA,0.435,33.012888,325.0,99.0,0.0,8.0,12.0
Q-PIA-L16,Qualifying,PIA,0.4375,33.157681,325.0,99.0,0.0,8.0,12.0
Q-PIA-L16,Qualifying,PIA,0.44,33.302361,325.30567,99.0,0.0,8.0,12.0
Q-PIA-L16,Qualifying,PIA,0.4425,33.446931,325.908046,99.0,0.0,8.0,12.0
Q-PIA-L16,Qualifying,PIA,0.445,33.591126,326.610631,99.0,0.0,8.0,12.0
Q-PIA-L16,Qualifying,PIA,0.4475,33.735152,327.0,99.0,0.0,8.0,12.0
Q-PIA-L16,Qualifying,PIA,0.45,33.879059,327.0,99.0,0.0,8.0,12.0
Q-PIA-L16,Qualifying,PIA,0.4525,34.022967,327.0,99.0,0.0,8.0,12.0
Q-PIA-L16,Qualifying,PIA,0.455,34.166874,327.0,99.0,0.0,8.0,12.0
Q-PIA-L16,Qualifying,PIA,0.4575,34.310778,327.005556,99.0,0.0,8.0,12.0
Q-PIA-L16,Qualifying,PIA,0.46,34.454465,327.454579,99.0,0.0,8.0,12.0
Q-PIA-L16,Qualifying,PIA,0.4625,34.598153,327.903602,99.0,0.0,8.0,12.0
Q-PIA-L16,Qualifying,PIA,0.465,34.741668,328.0,99.0,0.0,8.0,12.0
Q-PIA-L16,Qualifying,PIA,0.4675,34.885137,328.0,99.0,0.0,8.0,12.0
Q-PIA-L16,Qualifying,PIA,0.47,35.028605,328.0,99.0,0.0,8.0,12.0
Q-PIA-L16,Qualifying,PIA,0.4725,35.172073,328.0,99.0,0.0,8.0,12.0
Q-PIA-L16,Qualifying,PIA,0.475,35.318123,322.708328,71.427603,0.0,8.0,12.0
Q-PIA-L16,Qualifying,PIA,0.4775,35.465871,313.935812,25.718179,100.0,8.0,8.0
Q-PIA-L16,Qualifying,PIA,0.48,35.621853,296.933772,0.0,100.0,8.0,8.0
Q-PIA-L16,Qualifying,PIA,0.4825,35.788428,269.34468,0.0,100.0,8.0,8.0
Q-PIA-L16,Qualifying,PIA,0.485,35.973275,242.675942,0.0,100.0,8.0,8.0
Q-PIA-L16,Qualifying,PIA,0.4875,36.175239,216.869425,0.0,100.0,8.0,8.0
Q-PIA-L16,Qualifying,PIA,0.49,36.409793,185.46387,0.0,100.0,8.0,8.0
Q-PIA-L16,Qualifying,PIA,0.4925,36.697651,152.32212,0.0,100.0,8.0,8.0
Q-PIA-L16,Qualifying,PIA,0.495,37.032599,121.238638,0.0,100.0,8.0,8.0
Q-PIA-L16,Qualifying,PIA,0.4975,37.458947,99.466002,0.0,100.0,6.0,8.0
Q-PIA-L16,Qualifying,PIA,0.5,37.975511,82.337234,0.0,100.0,2.0,8.0
Q-PIA-L16,Qualifying,PIA,0.5025,38.59202,71.539293,7.383665,0.0,2.0,8.0
Q-PIA-L16,Qualifying,PIA,0.505,39.247495,75.462373,37.215087,0.0,2.0,8.0
Q-PIA-L16,Qualifying,PIA,0.5075,39.800369,97.377787,65.0,0.0,2.0,8.0
Q-PIA-L16,Qualifying,PIA,0.51,40.262089,104.034553,2.725607,0.0,3.0,8.0
Q-PIA-L16,Qualifying,PIA,0.5125,40.724914,99.534051,17.562718,0.0,3.0,8.0
Q-PIA-L16,Qualifying,PIA,0.515,41.19531,102.198751,44.795004,0.0,3.0,8.0
Q-PIA-L16,Qualifying,PIA,0.5175,41.632587,112.320408,71.897238,0.0,3.0,8.0
Q-PIA-L16,Qualifying,PIA,0.52,42.022715,129.46106,93.809097,0.0,3.0,8.0
Q-PIA-L16,Qualifying,PIA,0.5225,42.367012,148.818745,99.0,0.0,3.0,8.0
Q-PIA-L16,Qualifying,PIA,0.525,42.664845,162.356611,99.0,0.0,4.0,8.0
Q-PIA-L16,Qualifying,PIA,0.5275,42.94762,175.930983,99.0,0.0,4.0,8.0
Q-PIA-L16,Qualifying,PIA,0.53,43.207035,186.799343,99.0,0.0,4.0,8.0
Q-PIA-L16,Qualifying,PIA,0.5325,43.4496,197.550149,99.0,0.0,5.0,8.0
Q-PIA-L16,Qualifying,PIA,0.535,43.685529,203.457297,99.0,0.0,5.0,8.0
Q-PIA-L16,Qualifying,PIA,0.5375,43.914665,208.747851,99.0,0.0,5.0,8.0
Q-PIA-L16,Qualifying,PIA,0.54,44.134768,218.559568,99.0,0.0,5.0,8.0
Q-PIA-L16,Qualifying,PIA,0.5425,44.346663,226.912349,99.0,0.0,5.0,8.0
Q-PIA-L16,Qualifying,PIA,0.545,44.551763,230.620764,99.0,0.0,6.0,8.0
Q-PIA-L16,Qualifying,PIA,0.5475,44.754082,234.60587,99.0,0.0,6.0,14.0
Q-PIA-L16,Qualifying,PIA,0.55,44.952096,239.967724,99.0,0.0,6.0,14.0
Q-PIA-L16,Qualifying,PIA,0.5525,45.146549,246.912473,99.0,0.0,6.0,12.0
Q-PIA-L16,Qualifying,PIA,0.555,45.335231,250.879805,99.0,0.0,6.0,12.0
Q-PIA-L16,Qualifying,PIA,0.5575,45.521449,254.207491,99.0,0.0,6.0,12.0
Q-PIA-L16,Qualifying,PIA,0.56,45.705363,258.386338,99.0,0.0,6.0,12.0
Q-PIA-L16,Qualifying,PIA,0.5625,45.883916,262.748447,99.0,0.0,7.0,12.0
Q-PIA-L16,Qualifying,PIA,0.565,46.059504,265.982965,99.0,0.0,7.0,12.0
Q-PIA-L16,Qualifying,PIA,0.5675,46.235092,269.217484,99.0,0.0,7.0,12.0
Q-PIA-L16,Qualifying,PIA,0.57,46.41068,272.452002,99.0,0.0,7.0,12.0
Q-PIA-L16,Qualifying,PIA,0.5725,46.584863,275.627606,99.0,0.0,7.0,12.0
Q-PIA-L16,Qualifying,PIA,0.575,46.753831,278.584548,99.0,0.0,7.0,12.0
Q-PIA-L16,Qualifying,PIA,0.5775,46.922799,281.54149,99.0,0.0,7.0,12.0
Q-PIA-L16,Qualifying,PIA,0.58,47.089003,283.555585,99.0,0.0,7.0,12.0
Q-PIA-L16,Qualifying,PIA,0.5825,47.254699,285.39665,99.0,0.0,7.0,12.0
Q-PIA-L16,Qualifying,PIA,0.585,47.418657,287.370711,99.0,0.0,7.0,12.0
Q-PIA-L16,Qualifying,PIA,0.5875,47.581768,289.409602,99.0,0.0,7.0,12.0
Q-PIA-L16,Qualifying,PIA,0.59,47.744389,291.663541,99.0,0.0,7.0,12.0
Q-PIA-L16,Qualifying,PIA,0.5925,47.90478,294.406595,99.0,0.0,7.0,12.0
Q-PIA-L16,Qualifying,PIA,0.595,48.063491,296.210121,99.0,0.0,7.0,12.0
Q-PIA-L16,Qualifying,PIA,0.5975,48.222201,298.013648,99.0,0.0,8.0,12.0
Q-PIA-L16,Qualifying,PIA,0.6,48.380072,299.710724,99.0,0.0,8.0,12.0
Q-PIA-L16,Qualifying,PIA,0.6025,48.536746,301.346828,99.0,0.0,8.0,12.0
Q-PIA-L16,Qualifying,PIA,0.605,48.692411,303.234111,99.0,0.0,8.0,12.0
Q-PIA-L16,Qualifying,PIA,0.6075,48.847206,304.782059,99.0,0.0,8.0,12.0
Q-PIA-L16,Qualifying,PIA,0.61,49.001131,305.943796,99.471898,0.0,8.0,12.0
Q-PIA-L16,Qualifying,PIA,0.6125,49.154876,307.058761,99.970619,0.0,8.0,12.0
Q-PIA-L16,Qualifying,PIA,0.615,49.307661,308.586606,99.206697,0.0,8.0,12.0
Q-PIA-L16,Qualifying,PIA,0.6175,49.459548,309.753735,99.0,0.0,8.0,12.0
Q-PIA-L16,Qualifying,PIA,0.62,49.611102,310.78706,99.0,0.0,8.0,12.0
Q-PIA-L16,Qualifying,PIA,0.6225,49.762656,311.820385,99.0,0.0,8.0,12.0
Q-PIA-L16,Qualifying,PIA,0.625,49.913409,312.772729,99.0,0.0,8.0,12.0
Q-PIA-L16,Qualifying,PIA,0.6275,50.063449,313.709058,99.354529,0.0,8.0,12.0
Q-PIA-L16,Qualifying,PIA,0.63,50.213314,314.645714,99.822857,0.0,8.0,12.0
Q-PIA-L16,Qualifying,PIA,0.6325,50.362736,315.579602,100.0,0.0,8.0,12.0
Q-PIA-L16,Qualifying,PIA,0.635,50.511501,316.408528,99.795736,0.0,8.0,12.0
Q-PIA-L16,Qualifying,PIA,0.6375,50.659948,317.152622,99.423689,0.0,8.0,12.0
Q-PIA-L16,Qualifying,PIA,0.64,50.808395,317.896716,99.051642,0.0,8.0,12.0
Q-PIA-L16,Qualifying,PIA,0.6425,50.95624,318.353443,99.0,0.0,8.0,12.0
Q-PIA-L16,Qualifying,PIA,0.645,51.103987,318.763853,99.0,0.0,8.0,12.0
Q-PIA-L16,Qualifying,PIA,0.6475,51.251538,319.195433,99.0,0.0,8.0,12.0
Q-PIA-L16,Qualifying,PIA,0.65,51.398824,319.655699,99.0,0.0,8.0,12.0
Q-PIA-L16,Qualifying,PIA,0.6525,51.545993,320.092483,99.092483,0.0,8.0,12.0
Q-PIA-L16,Qualifying,PIA,0.655,51.692819,320.459547,99.459547,0.0,8.0,12.0
Q-PIA-L16,Qualifying,PIA,0.6575,51.839644,320.826611,99.826611,0.0,8.0,12.0
Q-PIA-L16,Qualifying,PIA,0.66,51.986229,321.386146,99.613854,0.0,8.0,12.0
Q-PIA-L16,Qualifying,PIA,0.6625,52.132561,322.0,99.0,0.0,8.0,12.0
Q-PIA-L16,Qualifying,PIA,0.665,52.278703,322.0,99.0,0.0,8.0,12.0
Q-PIA-L16,Qualifying,PIA,0.6675,52.424665,322.289163,93.505904,0.0,8.0,12.0
Q-PIA-L16,Qualifying,PIA,0.67,52.57058,322.653951,86.574936,0.0,8.0,12.0
Q-PIA-L16,Qualifying,PIA,0.6725,52.716686,322.455571,77.43798,0.0,8.0,12.0
Q-PIA-L16,Qualifying,PIA,0.675,52.866313,311.857007,27.562387,100.0,8.0,8.0
Q-PIA-L16,Qualifying,PIA,0.6775,53.019292,300.28876,0.0,100.0,8.0,8.0
Q-PIA-L16,Qualifying,PIA,0.68,53.183092,286.671289,0.0,100.0,8.0,8.0
Q-PIA-L16,Qualifying,PIA,0.6825,53.355781,271.920811,0.0,100.0,8.0,8.0
Q-PIA-L16,Qualifying,PIA,0.685,53.528469,257.170334,0.0,100.0,8.0,8.0
Q-PIA-L16,Qualifying,PIA,0.6875,53.715555,235.389676,0.0,100.0,8.0,8.0
Q-PIA-L16,Qualifying,PIA,0.69,53.919968,225.870971,0.0,100.0,6.0,8.0
Q-PIA-L16,Qualifying,PIA,0.6925,54.13262,216.527606,0.354296,100.0,5.0,8.0
Q-PIA-L16,Qualifying,PIA,0.695,54.352504,212.067769,3.466115,0.0,5.0,8.0
Q-PIA-L16,Qualifying,PIA,0.6975,54.576588,207.265971,5.867014,0.0,5.0,8.0
Q-PIA-L16,Qualifying,PIA,0.7,54.807433,200.629039,35.124393,0.0,5.0,8.0
Q-PIA-L16,Qualifying,PIA,0.7025,55.046698,194.55756,55.007624,0.0,5.0,8.0
Q-PIA-L16,Qualifying,PIA,0.705,55.289293,192.501045,70.515682,0.0,5.0,8.0
Q-PIA-L16,Qualifying,PIA,0.7075,55.532141,194.289256,79.804959,0.0,5.0,8.0
Q-PIA-L16,Qualifying,PIA,0.71,55.772844,197.298056,84.017278,0.0,5.0,8.0
Q-PIA-L16,Qualifying,PIA,0.7125,56.009848,200.260602,85.753534,0.0,5.0,8.0
Q-PIA-L16,Qualifying,PIA,0.715,56.242252,204.09379,88.475032,0.0,5.0,8.0
Q-PIA-L16,Qualifying,PIA,0.7175,56.4708,208.021581,94.548558,0.0,5.0,8.0
Q-PIA-L16,Qualifying,PIA,0.72,56.695019,211.750321,99.0,0.0,5.0,8.0
Q-PIA-L16,Qualifying,PIA,0.7225,56.914401,215.58583,99.0,0.0,5.0,8.0
Q-PIA-L16,Qualifying,PIA,0.725,57.129768,219.632385,99.0,0.0,5.0,8.0
Q-PIA-L16,Qualifying,PIA,0.7275,57.344169,223.659419,99.0,0.0,5.0,8.0
Q-PIA-L16,Qualifying,PIA,0.73,57.552114,227.781011,99.0,0.0,6.0,8.0
Q-PIA-L16,Qualifying,PIA,0.7325,57.757404,232.116719,99.0,0.0,6.0,8.0
Q-PIA-L16,Qualifying,PIA,0.735,57.958076,234.903833,99.0,0.0,6.0,8.0
Q-PIA-L16,Qualifying,PIA,0.7375,58.157507,238.414787,99.0,0.0,6.0,8.0
Q-PIA-L16,Qualifying,PIA,0.74,58.353105,244.020523,99.0,0.0,6.0,8.0
Q-PIA-L16,Qualifying,PIA,0.7425,58.545569,244.982846,99.0,0.0,6.0,8.0
Q-PIA-L16,Qualifying,PIA,0.745,58.735366,250.590984,99.0,0.0,6.0,8.0
Q-PIA-L16,Qualifying,PIA,0.7475,58.920954,253.865907,99.0,0.0,6.0,8.0
Q-PIA-L16,Qualifying,PIA,0.75,59.106221,256.953677,99.0,0.0,6.0,8.0
Q-PIA-L16,Qualifying,PIA,0.7525,59.288162,260.119762,99.0,0.0,6.0,8.0
Q-PIA-L16,Qualifying,PIA,0.755,59.468577,261.395774,99.0,0.0,7.0,8.0
Q-PIA-L16,Qualifying,PIA,0.7575,59.647969,263.379389,99.0,0.0,7.0,8.0
Q-PIA-L16,Qualifying,PIA,0.76,59.825545,266.930908,99.0,0.0,7.0,8.0
Q-PIA-L16,Qualifying,PIA,0.7625,60.000764,270.05882,99.0,0.0,7.0,8.0
Q-PIA-L16,Qualifying,PIA,0.765,60.174729,270.928646,99.0,0.0,7.0,8.0
Q-PIA-L16,Qualifying,PIA,0.7675,60.347523,272.981532,99.0,0.0,7.0,8.0
Q-PIA-L16,Qualifying,PIA,0.77,60.519382,275.129773,99.0,0.0,7.0,8.0
Q-PIA-L16,Qualifying,PIA,0.7725,60.689586,276.838217,99.0,0.0,7.0,8.0
Q-PIA-L16,Qualifying,PIA,0.775,60.859163,278.251359,99.0,0.0,7.0,8.0
Q-PIA-L16,Qualifying,PIA,0.7775,61.028311,279.0,99.0,0.0,7.0,8.0
Q-PIA-L16,Qualifying,PIA,0.78,61.196977,279.0,99.0,0.0,7.0,8.0
Q-PIA-L16,Qualifying,PIA,0.7825,61.365154,279.972529,99.0,0.0,7.0,8.0
Q-PIA-L16,Qualifying,PIA,0.785,61.533003,281.163654,99.0,0.0,7.0,8.0
Q-PIA-L16,Qualifying,PIA,0.7875,61.699578,282.299397,99.0,0.0,7.0,8.0
Q-PIA-L16,Qualifying,PIA,0.79,61.866154,283.435141,99.0,0.0,7.0,8.0
Q-PIA-L16,Qualifying,PIA,0.7925,62.032287,284.0,99.0,0.0,7.0,8.0
Q-PIA-L16,Qualifying,PIA,0.795,62.197983,284.0,99.0,0.0,7.0,8.0
Q-PIA-L16,Qualifying,PIA,0.7975,62.363679,284.0,99.0,0.0,7.0,8.0
Q-PIA-L16,Qualifying,PIA,0.8,62.529552,283.581034,99.0,0.0,7.0,8.0
Q-PIA-L16,Qualifying,PIA,0.8025,62.695681,282.851771,91.662669,0.0,7.0,8.0
Q-PIA-L16,Qualifying,PIA,0.805,62.862552,281.92471,45.773144,100.0,7.0,8.0
Q-PIA-L16,Qualifying,PIA,0.8075,63.029449,280.933036,0.0,100.0,7.0,8.0
Q-PIA-L16,Qualifying,PIA,0.81,63.206357,254.528804,0.0,100.0,7.0,8.0
Q-PIA-L16,Qualifying,PIA,0.8125,63.40687,220.78467,0.0,100.0,7.0,8.0
Q-PIA-L16,Qualifying,PIA,0.815,63.642905,190.98041,0.0,100.0,7.0,8.0
Q-PIA-L16,Qualifying,PIA,0.8175,63.897021,164.470531,0.0,100.0,6.0,8.0
Q-PIA-L16,Qualifying,PIA,0.82,64.201194,144.085475,0.0,100.0,5.0,8.0
Q-PIA-L16,Qualifying,PIA,0.8225,64.546782,129.64181,0.0,100.0,3.0,8.0
Q-PIA-L16,Qualifying,PIA,0.825,64.933652,116.511612,0.0,0.0,3.0,8.0
Q-PIA-L16,Qualifying,PIA,0.8275,65.350456,107.0,16.161227,0.0,3.0,8.0
Q-PIA-L16,Qualifying,PIA,0.83,65.783739,111.352045,51.835605,0.0,3.0,8.0
Q-PIA-L16,Qualifying,PIA,0.8325,66.190612,120.314506,69.943518,0.0,3.0,8.0
Q-PIA-L16,Qualifying,PIA,0.835,66.561896,135.475384,95.475384,0.0,3.0,8.0
Q-PIA-L16,Qualifying,PIA,0.8375,66.892165,148.842417,72.787259,0.0,3.0,8.0
Q-PIA-L16,Qualifying,PIA,0.84,67.200844,153.567969,14.679693,0.0,3.0,8.0
Q-PIA-L16,Qualifying,PIA,0.8425,67.512276,148.381774,11.627462,0.0,4.0,8.0
Q-PIA-L16,Qualifying,PIA,0.845,67.833839,144.575807,28.545156,0.0,4.0,8.0
Q-PIA-L16,Qualifying,PIA,0.8475,68.159497,144.87707,40.770701,0.0,4.0,8.0
Q-PIA-L16,Qualifying,PIA,0.85,68.48312,145.919124,62.220728,0.0,4.0,8.0
Q-PIA-L16,Qualifying,PIA,0.8525,68.797924,151.805777,79.057771,0.0,4.0,8.0
Q-PIA-L16,Qualifying,PIA,0.855,69.09619,162.854605,96.029453,0.0,4.0,8.0
Q-PIA-L16,Qualifying,PIA,0.8575,69.381491,167.718425,62.346461,0.0,4.0,8.0
Q-PIA-L16,Qualifying,PIA,0.86,69.657202,172.38504,10.0,0.0,4.0,8.0
Q-PIA-L16,Qualifying,PIA,0.8625,69.933193,168.503009,9.414159,0.0,4.0,8.0
Q-PIA-L16,Qualifying,PIA,0.865,70.217416,162.588764,15.233709,0.0,4.0,8.0
Q-PIA-L16,Qualifying,PIA,0.8675,70.510284,159.248226,33.524833,0.0,4.0,8.0
Q-PIA-L16,Qualifying,PIA,0.87,70.804094,161.330171,56.132016,0.0,4.0,8.0
Q-PIA-L16,Qualifying,PIA,0.8725,71.090158,167.587834,77.586859,0.0,4.0,8.0
Q-PIA-L16,Qualifying,PIA,0.875,71.363679,175.381383,90.395797,0.0,4.0,8.0
Q-PIA-L16,Qualifying,PIA,0.8775,71.625031,184.32316,99.0,0.0,4.0,8.0
Q-PIA-L16,Qualifying,PIA,0.88,71.876005,191.991809,99.0,0.0,4.0,8.0
Q-PIA-L16,Qualifying,PIA,0.8825,72.112338,200.39412,99.0,0.0,4.0,8.0
Q-PIA-L16,Qualifying,PIA,0.885,72.346456,208.907484,99.0,0.0,5.0,8.0
Q-PIA-L16,Qualifying,PIA,0.8875,72.568558,213.704809,99.0,0.0,5.0,8.0
Q-PIA-L16,Qualifying,PIA,0.89,72.786082,218.927048,99.0,0.0,5.0,8.0
Q-PIA-L16,Qualifying,PIA,0.8925,72.996672,226.471646,99.0,0.0,5.0,8.0
Q-PIA-L16,Qualifying,PIA,0.895,73.201544,234.182231,99.0,0.0,6.0,8.0
Q-PIA-L16,Qualifying,PIA,0.8975,73.399681,238.640322,99.0,0.0,6.0,8.0
Q-PIA-L16,Qualifying,PIA,0.9,73.596227,243.033101,99.0,0.0,6.0,8.0
Q-PIA-L16,Qualifying,PIA,0.9025,73.787908,247.226118,99.0,0.0,6.0,8.0
Q-PIA-L16,Qualifying,PIA,0.905,73.977382,250.35477,99.0,0.0,6.0,8.0
Q-PIA-L16,Qualifying,PIA,0.9075,74.164353,253.153177,99.0,0.0,6.0,8.0
Q-PIA-L16,Qualifying,PIA,0.91,74.349252,257.001574,99.0,0.0,6.0,8.0
Q-PIA-L16,Qualifying,PIA,0.9125,74.531867,258.285833,99.0,0.0,6.0,8.0
Q-PIA-L16,Qualifying,PIA,0.915,74.713215,260.245638,99.0,0.0,6.0,8.0
Q-PIA-L16,Qualifying,PIA,0.9175,74.893512,261.24729,99.0,0.0,7.0,8.0
Q-PIA-L16,Qualifying,PIA,0.92,75.073469,262.444689,99.0,0.0,7.0,8.0
Q-PIA-L16,Qualifying,PIA,0.9225,75.252263,264.145391,99.0,0.0,7.0,8.0
Q-PIA-L16,Qualifying,PIA,0.925,75.430019,265.102548,99.0,0.0,7.0,8.0
Q-PIA-L16,Qualifying,PIA,0.9275,75.607261,265.545652,99.0,0.0,7.0,8.0
Q-PIA-L16,Qualifying,PIA,0.93,75.784502,265.988755,99.0,0.0,7.0,8.0
Q-PIA-L16,Qualifying,PIA,0.9325,75.961073,267.0,99.0,0.0,7.0,8.0
Q-PIA-L16,Qualifying,PIA,0.935,76.137319,267.0,99.0,0.0,7.0,8.0
Q-PIA-L16,Qualifying,PIA,0.9375,76.312645,268.529392,99.0,0.0,7.0,8.0
Q-PIA-L16,Qualifying,PIA,0.94,76.487708,270.132812,99.0,0.0,7.0,8.0
Q-PIA-L16,Qualifying,PIA,0.9425,76.661033,271.432746,99.0,0.0,7.0,8.0
Q-PIA-L16,Qualifying,PIA,0.945,76.834357,272.732681,99.0,0.0,7.0,8.0
Q-PIA-L16,Qualifying,PIA,0.9475,77.00948,267.18833,41.464463,100.0,7.0,8.0
Q-PIA-L16,Qualifying,PIA,0.95,77.192621,254.924234,0.0,100.0,7.0,8.0
Q-PIA-L16,Qualifying,PIA,0.9525,77.385876,236.034636,0.0,100.0,7.0,8.0
Q-PIA-L16,Qualifying,PIA,0.955,77.592711,212.041296,0.0,100.0,7.0,8.0
Q-PIA-L16,Qualifying,PIA,0.9575,77.82943,181.346764,0.0,100.0,7.0,8.0
Q-PIA-L16,Qualifying,PIA,0.96,78.100656,163.547591,0.0,100.0,5.0,8.0
Q-PIA-L16,Qualifying,PIA,0.9625,78.4024,149.887501,0.0,100.0,4.0,8.0
Q-PIA-L16,Qualifying,PIA,0.965,78.723826,143.592395,0.481521,100.0,4.0,8.0
Q-PIA-L16,Qualifying,PIA,0.9675,79.056921,138.301982,27.0,0.0,4.0,8.0
Q-PIA-L16,Qualifying,PIA,0.97,79.401181,137.273372,48.21814,0.0,4.0,8.0
Q-PIA-L16,Qualifying,PIA,0.9725,79.737672,143.075183,78.628226,0.0,4.0,8.0
Q-PIA-L16,Qualifying,PIA,0.975,80.052524,154.882155,98.431351,0.0,4.0,8.0
Q-PIA-L16,Qualifying,PIA,0.9775,80.346534,167.876715,98.015411,0.0,4.0,8.0
Q-PIA-L16,Qualifying,PIA,0.98,80.617518,178.570361,99.85741,0.0,4.0,8.0
Q-PIA-L16,Qualifying,PIA,0.9825,80.875122,185.229562,99.0,0.0,4.0,8.0
Q-PIA-L16,Qualifying,PIA,0.985,81.124798,194.236969,99.0,0.0,5.0,8.0
Q-PIA-L16,Qualifying,PIA,0.9875,81.363148,200.158611,99.0,0.0,5.0,8.0
Q-PIA-L16,Qualifying,PIA,0.99,81.592029,211.8068,99.268933,0.0,5.0,8.0
Q-PIA-L16,Qualifying,PIA,0.9925,81.810841,217.394703,99.575662,0.0,5.0,8.0
Q-PIA-L16,Qualifying,PIA,0.995,82.02479,223.421055,99.0,0.0,5.0,8.0
Q-PIA-L16,Qualifying,PIA,0.9975,82.232006,228.41682,99.0,0.0,5.0,8.0
Q-PIA-L16,Qualifying,PIA,1.0,82.437,234.111111,99.0,0.0,6.0,8.0
Q-RUS-L17,Qualifying,RUS,0.0,0.0,244.0,100.0,0.0,6.0,8.0
Q-RUS-L17,Qualifying,RUS,0.0025,0.191432,245.864353,100.0,0.0,6.0,8.0
Q-RUS-L17,Qualifying,RUS,0.005,0.381747,249.432754,100.0,0.0,6.0,8.0
Q-RUS-L17,Qualifying,RUS,0.0075,0.569198,252.357965,100.0,0.0,6.0,8.0
Q-RUS-L17,Qualifying,RUS,0.01,0.754129,256.553231,100.0,0.0,7.0,8.0
Q-RUS-L17,Qualifying,RUS,0.0125,0.935587,259.556039,100.0,0.0,7.0,8.0
Q-RUS-L17,Qualifying,RUS,0.015,1.116312,262.405205,100.0,0.0,7.0,8.0
Q-RUS-L17,Qualifying,RUS,0.0175,1.294372,265.372865,100.0,0.0,7.0,8.0
Q-RUS-L17,Qualifying,RUS,0.02,1.470594,267.732426,100.0,0.0,7.0,8.0
Q-RUS-L17,Qualifying,RUS,0.0225,1.645229,270.017069,100.0,0.0,7.0,8.0
Q-RUS-L17,Qualifying,RUS,0.025,1.81837,272.421803,100.0,0.0,7.0,8.0
Q-RUS-L17,Qualifying,RUS,0.0275,1.990647,274.879699,100.0,0.0,7.0,8.0
Q-RUS-L17,Qualifying,RUS,0.03,2.16101,277.241753,100.0,0.0,7.0,8.0
Q-RUS-L17,Qualifying,RUS,0.0325,2.330103,278.650858,100.0,0.0,7.0,8.0
Q-RUS-L17,Qualifying,RUS,0.035,2.498513,279.527137,100.0,0.0,7.0,8.0
Q-RUS-L17,Qualifying,RUS,0.0375,2.666117,280.676465,100.0,0.0,7.0,8.0
Q-RUS-L17,Qualifying,RUS,0.04,2.832516,282.756453,100.0,0.0,7.0,8.0
Q-RUS-L17,Qualifying,RUS,0.0425,2.998915,284.836442,100.0,0.0,7.0,8.0
Q-RUS-L17,Qualifying,RUS,0.045,3.163438,286.261985,100.0,0.0,7.0,8.0
Q-RUS-L17,Qualifying,RUS,0.0475,3.327405,287.314189,100.0,0.0,7.0,8.0
Q-RUS-L17,Qualifying,RUS,0.05,3.490911,287.995461,100.0,0.0,7.0,8.0
Q-RUS-L17,Qualifying,RUS,0.0525,3.653853,288.809264,100.0,0.0,7.0,8.0
Q-RUS-L17,Qualifying,RUS,0.055,3.818769,285.038481,99.207696,0.0,7.0,8.0
Q-RUS-L17,Qualifying,RUS,0.0575,3.984289,279.865974,98.173195,100.0,7.0,8.0
Q-RUS-L17,Qualifying,RUS,0.06,4.161096,254.399118,24.942835,100.0,7.0,8.0
Q-RUS-L17,Qualifying,RUS,0.0625,4.358924,225.185822,0.0,100.0,6.0,8.0
Q-RUS-L17,Qualifying,RUS,0.065,4.577639,204.147541,0.0,100.0,6.0,8.0
Q-RUS-L17,Qualifying,RUS,0.0675,4.815347,190.215904,0.0,100.0,4.0,8.0
Q-RUS-L17,Qualifying,RUS,0.07,5.068678,180.499653,0.0,100.0,4.0,8.0
Q-RUS-L17,Qualifying,RUS,0.0725,5.335101,173.614984,15.927686,100.0,4.0,8.0
Q-RUS-L17,Qualifying,RUS,0.075,5.60954,169.049134,56.729765,0.0,4.0,8.0
Q-RUS-L17,Qualifying,RUS,0.0775,5.887692,169.588988,71.883481,0.0,4.0,8.0
Q-RUS-L17,Qualifying,RUS,0.08,6.161362,174.787247,82.521306,0.0,4.0,8.0
Q-RUS-L17,Qualifying,RUS,0.0825,6.422235,184.830663,98.192843,0.0,4.0,8.0
Q-RUS-L17,Qualifying,RUS,0.085,6.66885,191.004227,100.0,0.0,4.0,8.0
Q-RUS-L17,Qualifying,RUS,0.0875,6.913682,196.654196,100.0,0.0,5.0,8.0
Q-RUS-L17,Qualifying,RUS,0.09,7.148407,206.820357,100.0,0.0,5.0,8.0
Q-RUS-L17,Qualifying,RUS,0.0925,7.370241,216.478018,100.0,0.0,5.0,8.0
Q-RUS-L17,Qualifying,RUS,0.095,7.585361,220.917536,100.0,0.0,6.0,8.0
Q-RUS-L17,Qualifying,RUS,0.0975,7.795299,226.582469,100.0,0.0,6.0,8.0
Q-RUS-L17,Qualifying,RUS,0.1,8.000467,231.09306,100.0,0.0,6.0,8.0
Q-RUS-L17,Qualifying,RUS,0.1025,8.201553,236.195304,100.0,0.0,6.0,8.0
Q-RUS-L17,Qualifying,RUS,0.105,8.398627,241.66568,100.0,0.0,6.0,8.0
Q-RUS-L17,Qualifying,RUS,0.1075,8.591613,245.496776,100.0,0.0,6.0,8.0
Q-RUS-L17,Qualifying,RUS,0.11,8.782594,247.132423,100.0,0.0,6.0,8.0
Q-RUS-L17,Qualifying,RUS,0.1125,8.97176,249.496998,100.0,0.0,6.0,8.0
Q-RUS-L17,Qualifying,RUS,0.115,9.159149,252.20724,100.0,0.0,7.0,8.0
Q-RUS-L17,Qualifying,RUS,0.1175,9.344219,254.322188,100.0,0.0,7.0,8.0
Q-RUS-L17,Qualifying,RUS,0.12,9.528563,256.165629,100.0,0.0,7.0,8.0
Q-RUS-L17,Qualifying,RUS,0.1225,9.711927,257.416364,100.0,0.0,7.0,8.0
Q-RUS-L17,Qualifying,RUS,0.125,9.894236,258.263972,100.0,0.0,7.0,8.0
Q-RUS-L17,Qualifying,RUS,0.1275,10.075733,259.398329,100.0,0.0,7.0,8.0
Q-RUS-L17,Qualifying,RUS,0.13,10.256415,261.266223,100.0,0.0,7.0,8.0
Q-RUS-L17,Qualifying,RUS,0.1325,10.435569,263.635691,100.0,0.0,7.0,8.0
Q-RUS-L17,Qualifying,RUS,0.135,10.613238,265.618573,100.0,0.0,7.0,8.0
Q-RUS-L17,Qualifying,RUS,0.1375,10.789464,268.109148,100.0,0.0,7.0,8.0
Q-RUS-L17,Qualifying,RUS,0.14,10.964214,269.201335,100.0,0.0,7.0,8.0
Q-RUS-L17,Qualifying,RUS,0.1425,11.138617,270.291356,100.0,0.0,7.0,8.0
Q-RUS-L17,Qualifying,RUS,0.145,11.312077,271.375483,100.0,0.0,7.0,8.0
Q-RUS-L17,Qualifying,RUS,0.1475,11.484999,272.405549,100.0,0.0,7.0,8.0
Q-RUS-L17,Qualifying,RUS,0.15,11.657188,273.362157,100.0,0.0,7.0,8.0
Q-RUS-L17,Qualifying,RUS,0.1525,11.829168,274.0,100.0,0.0,7.0,8.0
Q-RUS-L17,Qualifying,RUS,0.155,12.00073,274.0,100.0,0.0,7.0,8.0
Q-RUS-L17,Qualifying,RUS,0.1575,12.172072,274.272271,100.0,0.0,7.0,8.0
Q-RUS-L17,Qualifying,RUS,0.16,12.34332,274.66059,100.0,0.0,7.0,8.0
Q-RUS-L17,Qualifying,RUS,0.1625,12.51453,275.0,100.0,0.0,7.0,8.0
Q-RUS-L17,Qualifying,RUS,0.165,12.685467,275.0,100.0,0.0,7.0,8.0
Q-RUS-L17,Qualifying,RUS,0.1675,12.856404,275.0,100.0,0.0,7.0,8.0
Q-RUS-L17,Qualifying,RUS,0.17,13.026851,275.96322,100.0,0.0,7.0,8.0
Q-RUS-L17,Qualifying,RUS,0.1725,13.197033,277.089403,100.0,0.0,7.0,8.0
Q-RUS-L17,Qualifying,RUS,0.175,13.36643,277.694393,100.0,0.0,7.0,8.0
Q-RUS-L17,Qualifying,RUS,0.1775,13.535526,278.348026,100.0,0.0,7.0,8.0
Q-RUS-L17,Qualifying,RUS,0.18,13.704184,279.126917,100.0,0.0,7.0,8.0
Q-RUS-L17,Qualifying,RUS,0.1825,13.871174,280.866398,100.0,0.0,7.0,8.0
Q-RUS-L17,Qualifying,RUS,0.185,14.038164,282.605879,100.0,0.0,7.0,8.0
Q-RUS-L17,Qualifying,RUS,0.1875,14.204747,284.327474,100.0,0.0,7.0,8.0
Q-RUS-L17,Qualifying,RUS,0.19,14.369687,285.976869,100.0,0.0,7.0,8.0
Q-RUS-L17,Qualifying,RUS,0.1925,14.533493,286.897184,100.0,0.0,7.0,8.0
Q-RUS-L17,Qualifying,RUS,0.195,14.697283,287.807128,100.0,0.0,8.0,8.0
Q-RUS-L17,Qualifying,RUS,0.1975,14.86018,288.801124,100.0,0.0,8.0,8.0
Q-RUS-L17,Qualifying,RUS,0.2,15.022836,289.817728,100.0,0.0,8.0,8.0
Q-RUS-L17,Qualifying,RUS,0.2025,15.184575,290.73653,100.0,0.0,8.0,8.0
Q-RUS-L17,Qualifying,RUS,0.205,15.346114,291.633967,100.0,0.0,8.0,8.0
Q-RUS-L17,Qualifying,RUS,0.2075,15.507162,292.475811,100.0,0.0,8.0,8.0
Q-RUS-L17,Qualifying,RUS,0.21,15.667682,293.27841,100.0,0.0,8.0,8.0
Q-RUS-L17,Qualifying,RUS,0.2125,15.827764,294.078821,100.0,0.0,8.0,8.0
Q-RUS-L17,Qualifying,RUS,0.215,15.987112,294.875562,100.0,0.0,8.0,8.0
Q-RUS-L17,Qualifying,RUS,0.2175,16.146461,295.672303,100.0,0.0,8.0,8.0
Q-RUS-L17,Qualifying,RUS,0.22,16.305334,296.388893,100.0,0.0,8.0,8.0
Q-RUS-L17,Qualifying,RUS,0.2225,16.463837,297.059183,100.0,0.0,8.0,8.0
Q-RUS-L17,Qualifying,RUS,0.225,16.621846,297.849229,100.0,0.0,8.0,8.0
Q-RUS-L17,Qualifying,RUS,0.2275,16.779427,298.353963,100.0,0.0,8.0,8.0
Q-RUS-L17,Qualifying,RUS,0.23,16.936907,298.791407,100.0,0.0,8.0,8.0
Q-RUS-L17,Qualifying,RUS,0.2325,17.094111,299.186617,100.0,0.0,8.0,8.0
Q-RUS-L17,Qualifying,RUS,0.235,17.251065,299.54333,100.0,0.0,8.0,8.0
Q-RUS-L17,Qualifying,RUS,0.2375,17.408019,299.900044,100.0,0.0,8.0,8.0
Q-RUS-L17,Qualifying,RUS,0.24,17.564598,300.255904,100.0,0.0,8.0,8.0
Q-RUS-L17,Qualifying,RUS,0.2425,17.721029,300.61143,100.0,0.0,8.0,8.0
Q-RUS-L17,Qualifying,RUS,0.245,17.877461,300.966957,100.0,0.0,8.0,8.0
Q-RUS-L17,Qualifying,RUS,0.2475,18.042667,288.672692,65.757478,0.0,8.0,8.0
Q-RUS-L17,Qualifying,RUS,0.25,18.208772,275.082276,28.006322,100.0,8.0,8.0
Q-RUS-L17,Qualifying,RUS,0.2525,18.381027,256.420214,0.0,100.0,8.0,8.0
Q-RUS-L17,Qualifying,RUS,0.255,18.576847,223.273017,0.0,100.0,8.0,8.0
Q-RUS-L17,Qualifying,RUS,0.2575,18.806183,193.424185,0.0,100.0,8.0,8.0
Q-RUS-L17,Qualifying,RUS,0.26,19.06166,170.778037,0.0,100.0,8.0,8.0
Q-RUS-L17,Qualifying,RUS,0.2625,19.348364,156.101335,0.0,100.0,8.0,8.0
Q-RUS-L17,Qualifying,RUS,0.265,19.67552,134.976803,0.0,100.0,5.0,8.0
Q-RUS-L17,Qualifying,RUS,0.2675,20.038066,124.783369,0.0,100.0,3.0,8.0
Q-RUS-L17,Qualifying,RUS,0.27,20.428995,115.817909,0.0,100.0,3.0,8.0
Q-RUS-L17,Qualifying,RUS,0.2725,20.844884,109.814915,0.0,0.0,3.0,8.0
Q-RUS-L17,Qualifying,RUS,0.275,21.281873,106.686704,46.613852,0.0,3.0,8.0
Q-RUS-L17,Qualifying,RUS,0.2775,21.689675,115.941882,63.706885,0.0,3.0,8.0
Q-RUS-L17,Qualifying,RUS,0.28,22.093037,126.031116,78.010372,0.0,3.0,8.0
Q-RUS-L17,Qualifying,RUS,0.2825,22.449156,136.714694,81.571565,0.0,3.0,8.0
Q-RUS-L17,Qualifying,RUS,0.285,22.773309,152.065439,96.065439,0.0,3.0,8.0
Q-RUS-L17,Qualifying,RUS,0.2875,23.063583,168.166016,100.0,0.0,4.0,8.0
Q-RUS-L17,Qualifying,RUS,0.29,23.337347,181.133684,100.0,0.0,4.0,8.0
Q-RUS-L17,Qualifying,RUS,0.2925,23.586003,190.513774,100.0,0.0,4.0,8.0
Q-RUS-L17,Qualifying,RUS,0.295,23.830199,201.058603,100.0,0.0,5.0,8.0
Q-RUS-L17,Qualifying,RUS,0.2975,24.060624,208.215606,100.0,0.0,5.0,8.0
Q-RUS-L17,Qualifying,RUS,0.3,24.283283,213.069239,100.0,0.0,5.0,8.0
Q-RUS-L17,Qualifying,RUS,0.3025,24.500356,218.786666,100.0,0.0,5.0,8.0
Q-RUS-L17,Qualifying,RUS,0.305,24.71228,227.507006,100.0,0.0,6.0,8.0
Q-RUS-L17,Qualifying,RUS,0.3075,24.916261,232.606532,100.0,0.0,6.0,8.0
Q-RUS-L17,Qualifying,RUS,0.31,25.114189,237.554715,100.0,0.0,6.0,8.0
Q-RUS-L17,Qualifying,RUS,0.3125,25.312116,242.502898,100.0,0.0,6.0,8.0
Q-RUS-L17,Qualifying,RUS,0.315,25.505078,245.264197,100.0,0.0,6.0,8.0
Q-RUS-L17,Qualifying,RUS,0.3175,25.694244,249.402202,100.0,0.0,6.0,8.0
Q-RUS-L17,Qualifying,RUS,0.32,25.882021,253.294139,100.0,0.0,6.0,8.0
Q-RUS-L17,Qualifying,RUS,0.3225,26.065629,256.625063,100.0,0.0,6.0,8.0
Q-RUS-L17,Qualifying,RUS,0.325,26.247477,259.815381,100.0,0.0,7.0,8.0
Q-RUS-L17,Qualifying,RUS,0.3275,26.427813,263.085262,100.0,0.0,7.0,8.0
Q-RUS-L17,Qualifying,RUS,0.33,26.604867,266.527972,100.0,0.0,7.0,14.0
Q-RUS-L17,Qualifying,RUS,0.3325,26.780818,269.762774,100.0,0.0,7.0,14.0
Q-RUS-L17,Qualifying,RUS,0.335,26.953958,272.4681,100.0,0.0,7.0,12.0
Q-RUS-L17,Qualifying,RUS,0.3375,27.125475,275.28582,100.0,0.0,7.0,12.0
Q-RUS-L17,Qualifying,RUS,0.34,27.294873,278.250273,100.0,0.0,7.0,12.0
Q-RUS-L17,Qualifying,RUS,0.3425,27.464074,281.120742,100.0,0.0,7.0,12.0
Q-RUS-L17,Qualifying,RUS,0.345,27.630768,282.787683,100.0,0.0,7.0,12.0
Q-RUS-L17,Qualifying,RUS,0.3475,27.795931,285.878624,100.0,0.0,7.0,12.0
Q-RUS-L17,Qualifying,RUS,0.35,27.959178,288.33973,100.0,0.0,7.0,12.0
Q-RUS-L17,Qualifying,RUS,0.3525,28.121554,290.369425,100.0,0.0,8.0,12.0
Q-RUS-L17,Qualifying,RUS,0.355,28.283548,292.262902,100.0,0.0,8.0,12.0
Q-RUS-L17,Qualifying,RUS,0.3575,28.443984,293.599868,100.0,0.0,8.0,12.0
Q-RUS-L17,Qualifying,RUS,0.36,28.603469,296.090044,100.0,0.0,8.0,12.0
Q-RUS-L17,Qualifying,RUS,0.3625,28.760889,298.361118,100.0,0.0,8.0,12.0
Q-RUS-L17,Qualifying,RUS,0.365,28.917582,300.319774,100.0,0.0,8.0,12.0
Q-RUS-L17,Qualifying,RUS,0.3675,29.074274,302.27843,100.0,0.0,8.0,12.0
Q-RUS-L17,Qualifying,RUS,0.37,29.229826,303.61141,100.0,0.0,8.0,12.0
Q-RUS-L17,Qualifying,RUS,0.3725,29.384407,304.462033,100.0,0.0,8.0,12.0
Q-RUS-L17,Qualifying,RUS,0.375,29.53863,305.291439,100.0,0.0,8.0,12.0
Q-RUS-L17,Qualifying,RUS,0.3775,29.692173,306.80346,100.0,0.0,8.0,12.0
Q-RUS-L17,Qualifying,RUS,0.38,29.844796,309.855911,100.0,0.0,8.0,12.0
Q-RUS-L17,Qualifying,RUS,0.3825,29.996015,311.028681,100.0,0.0,8.0,12.0
Q-RUS-L17,Qualifying,RUS,0.385,30.147093,312.062887,100.0,0.0,8.0,12.0
Q-RUS-L17,Qualifying,RUS,0.3875,30.297518,312.689657,100.0,0.0,8.0,12.0
Q-RUS-L17,Qualifying,RUS,0.39,30.44758,313.472372,100.0,0.0,8.0,12.0
Q-RUS-L17,Qualifying,RUS,0.3925,30.597286,314.408036,100.0,0.0,8.0,12.0
Q-RUS-L17,Qualifying,RUS,0.395,30.746644,315.390313,100.0,0.0,8.0,12.0
Q-RUS-L17,Qualifying,RUS,0.3975,30.895403,316.452875,100.0,0.0,8.0,12.0
Q-RUS-L17,Qualifying,RUS,0.4,31.043707,317.358537,100.0,0.0,8.0,12.0
Q-RUS-L17,Qualifying,RUS,0.4025,31.19153,318.097652,100.0,0.0,8.0,12.0
Q-RUS-L17,Qualifying,RUS,0.405,31.339354,318.836768,100.0,0.0,8.0,12.0
Q-RUS-L17,Qualifying,RUS,0.4075,31.486636,319.47765,100.0,0.0,8.0,12.0
Q-RUS-L17,Qualifying,RUS,0.41,31.633697,320.077489,100.0,0.0,8.0,12.0
Q-RUS-L17,Qualifying,RUS,0.4125,31.780367,320.601311,100.0,0.0,8.0,12.0
Q-RUS-L17,Qualifying,RUS,0.415,31.926874,321.28941,100.0,0.0,8.0,12.0
Q-RUS-L17,Qualifying,RUS,0.4175,32.072861,322.500918,100.0,0.0,8.0,12.0
Q-RUS-L17,Qualifying,RUS,0.42,32.218449,323.356039,100.0,0.0,8.0,12.0
Q-RUS-L17,Qualifying,RUS,0.4225,32.363759,323.961497,100.0,0.0,8.0,12.0
Q-RUS-L17,Qualifying,RUS,0.425,32.50865,324.283194,100.0,0.0,8.0,12.0
Q-RUS-L17,Qualifying,RUS,0.4275,32.653512,324.58562,100.0,0.0,8.0,12.0
Q-RUS-L17,Qualifying,RUS,0.43,32.798374,324.888046,100.0,0.0,8.0,12.0
Q-RUS-L17,Qualifying,RUS,0.4325,32.943096,325.0,100.0,0.0,8.0,12.0
Q-RUS-L17,Qualifying,RUS,0.435,33.087502,325.539303,100.0,0.0,8.0,12.0
Q-RUS-L17,Qualifying,RUS,0.4375,33.231698,326.569271,100.0,0.0,8.0,12.0
Q-RUS-L17,Qualifying,RUS,0.44,33.375509,327.23197,100.0,0.0,8.0,12.0
Q-RUS-L17,Qualifying,RUS,0.4425,33.519044,327.630679,100.0,0.0,8.0,12.0
Q-RUS-L17,Qualifying,RUS,0.445,33.662547,328.043947,100.0,0.0,8.0,12.0
Q-RUS-L17,Qualifying,RUS,0.4475,33.805645,328.640189,100.0,0.0,8.0,12.0
Q-RUS-L17,Qualifying,RUS,0.45,33.948657,329.0,100.0,0.0,8.0,12.0
Q-RUS-L17,Qualifying,RUS,0.4525,34.091538,329.0,100.0,0.0,8.0,12.0
Q-RUS-L17,Qualifying,RUS,0.455,34.234203,329.711013,100.0,0.0,8.0,12.0
Q-RUS-L17,Qualifying,RUS,0.4575,34.37661,330.235027,100.0,0.0,8.0,12.0
Q-RUS-L17,Qualifying,RUS,0.46,34.518842,330.630116,100.0,0.0,8.0,12.0
Q-RUS-L17,Qualifying,RUS,0.4625,34.66106,331.0,100.0,0.0,8.0,12.0
Q-RUS-L17,Qualifying,RUS,0.465,34.803078,331.0,100.0,0.0,8.0,12.0
Q-RUS-L17,Qualifying,RUS,0.4675,34.945095,331.0,100.0,0.0,8.0,12.0
Q-RUS-L17,Qualifying,RUS,0.47,35.087112,331.0,100.0,0.0,8.0,12.0
Q-RUS-L17,Qualifying,RUS,0.4725,35.22913,331.0,100.0,0.0,8.0,12.0
Q-RUS-L17,Qualifying,RUS,0.475,35.371147,331.0,100.0,0.0,8.0,12.0
Q-RUS-L17,Qualifying,RUS,0.4775,35.514455,325.65792,23.430186,100.0,8.0,8.0
Q-RUS-L17,Qualifying,RUS,0.48,35.666157,301.522607,4.609043,100.0,8.0,8.0
Q-RUS-L17,Qualifying,RUS,0.4825,35.827234,282.857418,0.0,100.0,8.0,8.0
Q-RUS-L17,Qualifying,RUS,0.485,35.99757,264.169139,0.0,100.0,8.0,8.0
Q-RUS-L17,Qualifying,RUS,0.4875,36.200854,214.01074,0.0,100.0,8.0,8.0
Q-RUS-L17,Qualifying,RUS,0.49,36.436482,183.248225,0.0,100.0,8.0,8.0
Q-RUS-L17,Qualifying,RUS,0.4925,36.715874,151.21391,0.0,100.0,6.0,8.0
Q-RUS-L17,Qualifying,RUS,0.495,37.057607,121.706906,0.0,100.0,5.0,8.0
Q-RUS-L17,Qualifying,RUS,0.4975,37.483016,99.469595,0.0,100.0,2.0,8.0
Q-RUS-L17,Qualifying,RUS,0.5,38.005395,83.582567,0.0,100.0,2.0,8.0
Q-RUS-L17,Qualifying,RUS,0.5025,38.609183,70.630022,0.0,0.0,2.0,8.0
Q-RUS-L17,Qualifying,RUS,0.505,39.285632,71.771055,40.810538,0.0,2.0,8.0
Q-RUS-L17,Qualifying,RUS,0.5075,39.874544,88.41202,57.309235,0.0,2.0,8.0
Q-RUS-L17,Qualifying,RUS,0.51,40.359383,102.0,32.315437,0.0,2.0,8.0
Q-RUS-L17,Qualifying,RUS,0.5125,40.819227,102.740096,34.881153,0.0,3.0,8.0
Q-RUS-L17,Qualifying,RUS,0.515,41.26639,107.76981,51.964147,0.0,3.0,8.0
Q-RUS-L17,Qualifying,RUS,0.5175,41.681968,120.141491,78.463033,0.0,3.0,8.0
Q-RUS-L17,Qualifying,RUS,0.52,42.052331,133.0,99.004133,0.0,3.0,8.0
Q-RUS-L17,Qualifying,RUS,0.5225,42.385281,153.597634,100.0,0.0,3.0,8.0
Q-RUS-L17,Qualifying,RUS,0.525,42.677071,166.815772,100.0,0.0,3.0,8.0
Q-RUS-L17,Qualifying,RUS,0.5275,42.949505,179.187741,100.0,0.0,4.0,8.0
Q-RUS-L17,Qualifying,RUS,0.53,43.205091,187.516888,100.0,0.0,5.0,8.0
Q-RUS-L17,Qualifying,RUS,0.5325,43.451394,195.578779,100.0,0.0,5.0,8.0
Q-RUS-L17,Qualifying,RUS,0.535,43.683914,208.194973,100.0,0.0,5.0,8.0
Q-RUS-L17,Qualifying,RUS,0.5375,43.904613,215.854748,100.0,0.0,5.0,8.0
Q-RUS-L17,Qualifying,RUS,0.54,44.1213,220.0,100.0,0.0,5.0,8.0
Q-RUS-L17,Qualifying,RUS,0.5425,44.332775,226.038759,100.0,0.0,6.0,8.0
Q-RUS-L17,Qualifying,RUS,0.545,44.536393,232.623554,100.0,0.0,6.0,14.0
Q-RUS-L17,Qualifying,RUS,0.5475,44.737501,237.568756,100.0,0.0,6.0,14.0
Q-RUS-L17,Qualifying,RUS,0.55,44.933304,241.710132,100.0,0.0,6.0,14.0
Q-RUS-L17,Qualifying,RUS,0.5525,45.126051,247.338814,100.0,0.0,6.0,12.0
Q-RUS-L17,Qualifying,RUS,0.555,45.315195,249.971049,100.0,0.0,7.0,12.0
Q-RUS-L17,Qualifying,RUS,0.5575,45.500151,257.010376,100.0,0.0,7.0,12.0
Q-RUS-L17,Qualifying,RUS,0.56,45.681648,260.899599,100.0,0.0,7.0,12.0
Q-RUS-L17,Qualifying,RUS,0.5625,45.86068,264.553603,100.0,0.0,7.0,12.0
Q-RUS-L17,Qualifying,RUS,0.565,46.037945,266.0,100.0,0.0,7.0,12.0
Q-RUS-L17,Qualifying,RUS,0.5675,46.212863,270.012155,100.0,0.0,7.0,12.0
Q-RUS-L17,Qualifying,RUS,0.57,46.385869,274.505018,100.0,0.0,7.0,12.0
Q-RUS-L17,Qualifying,RUS,0.5725,46.556496,276.104646,100.0,0.0,7.0,12.0
Q-RUS-L17,Qualifying,RUS,0.575,46.726313,278.393375,100.0,0.0,7.0,12.0
Q-RUS-L17,Qualifying,RUS,0.5775,46.894217,280.880893,100.0,0.0,7.0,12.0
Q-RUS-L17,Qualifying,RUS,0.58,47.061207,282.670074,100.0,0.0,7.0,12.0
Q-RUS-L17,Qualifying,RUS,0.5825,47.226054,285.234236,100.0,0.0,7.0,12.0
Q-RUS-L17,Qualifying,RUS,0.585,47.390417,287.973615,100.0,0.0,7.0,12.0
Q-RUS-L17,Qualifying,RUS,0.5875,47.55284,290.145913,100.0,0.0,7.0,12.0
Q-RUS-L17,Qualifying,RUS,0.59,47.714102,291.978431,100.0,0.0,8.0,12.0
Q-RUS-L17,Qualifying,RUS,0.5925,47.875363,293.810948,100.0,0.0,8.0,12.0
Q-RUS-L17,Qualifying,RUS,0.595,48.034426,296.034662,100.0,0.0,8.0,12.0
Q-RUS-L17,Qualifying,RUS,0.5975,48.193023,298.175193,100.0,0.0,8.0,12.0
Q-RUS-L17,Qualifying,RUS,0.6,48.35024,299.485331,100.0,0.0,8.0,12.0
Q-RUS-L17,Qualifying,RUS,0.6025,48.506508,301.350114,100.0,0.0,8.0,12.0
Q-RUS-L17,Qualifying,RUS,0.605,48.662163,303.573753,100.0,0.0,8.0,12.0
Q-RUS-L17,Qualifying,RUS,0.6075,48.816376,304.93282,100.0,0.0,8.0,12.0
Q-RUS-L17,Qualifying,RUS,0.61,48.970248,306.086857,100.0,0.0,8.0,12.0
Q-RUS-L17,Qualifying,RUS,0.6125,49.123807,307.298188,100.0,0.0,8.0,12.0
Q-RUS-L17,Qualifying,RUS,0.615,49.276182,308.726705,100.0,0.0,8.0,12.0
Q-RUS-L17,Qualifying,RUS,0.6175,49.428424,310.136866,100.0,0.0,8.0,12.0
Q-RUS-L17,Qualifying,RUS,0.62,49.579574,311.396452,100.0,0.0,8.0,12.0
Q-RUS-L17,Qualifying,RUS,0.6225,49.730347,312.326444,100.0,0.0,8.0,12.0
Q-RUS-L17,Qualifying,RUS,0.625,49.880771,312.953214,100.0,0.0,8.0,12.0
Q-RUS-L17,Qualifying,RUS,0.6275,50.030752,313.867201,100.0,0.0,8.0,12.0
Q-RUS-L17,Qualifying,RUS,0.63,50.180492,314.0,100.0,0.0,8.0,12.0
Q-RUS-L17,Qualifying,RUS,0.6325,50.329636,314.980304,100.0,0.0,8.0,12.0
Q-RUS-L17,Qualifying,RUS,0.635,50.478631,316.221924,100.0,0.0,8.0,12.0
Q-RUS-L17,Qualifying,RUS,0.6375,50.627188,317.55188,100.0,0.0,8.0,12.0
Q-RUS-L17,Qualifying,RUS,0.64,50.774997,319.018731,100.0,0.0,8.0,12.0
Q-RUS-L17,Qualifying,RUS,0.6425,50.922126,319.938287,100.0,0.0,8.0,12.0
Q-RUS-L17,Qualifying,RUS,0.645,51.068614,320.683068,100.0,0.0,8.0,12.0
Q-RUS-L17,Qualifying,RUS,0.6475,51.215055,321.415276,100.0,0.0,8.0,12.0
Q-RUS-L17,Qualifying,RUS,0.65,51.361405,322.0,100.0,0.0,8.0,12.0
Q-RUS-L17,Qualifying,RUS,0.6525,51.507368,322.076841,100.0,0.0,8.0,12.0
Q-RUS-L17,Qualifying,RUS,0.655,51.653129,322.805643,100.0,0.0,8.0,12.0
Q-RUS-L17,Qualifying,RUS,0.6575,51.798559,323.331958,100.0,0.0,8.0,12.0
Q-RUS-L17,Qualifying,RUS,0.66,51.943868,323.784637,100.0,0.0,8.0,12.0
Q-RUS-L17,Qualifying,RUS,0.6625,52.088944,324.189859,100.0,0.0,8.0,12.0
Q-RUS-L17,Qualifying,RUS,0.665,52.233806,324.552014,100.0,0.0,8.0,12.0
Q-RUS-L17,Qualifying,RUS,0.6675,52.378668,324.914169,100.0,0.0,8.0,12.0
Q-RUS-L17,Qualifying,RUS,0.67,52.52353,324.539459,100.0,0.0,8.0,12.0
Q-RUS-L17,Qualifying,RUS,0.6725,52.669403,322.396724,95.889037,0.0,8.0,12.0
Q-RUS-L17,Qualifying,RUS,0.675,52.82378,307.307261,57.198105,0.0,8.0,12.0
Q-RUS-L17,Qualifying,RUS,0.6775,52.978156,292.217798,18.507174,100.0,8.0,8.0
Q-RUS-L17,Qualifying,RUS,0.68,53.142824,275.268906,0.0,100.0,8.0,8.0
Q-RUS-L17,Qualifying,RUS,0.6825,53.316926,256.615041,0.0,100.0,7.0,8.0
Q-RUS-L17,Qualifying,RUS,0.685,53.508336,242.325844,0.0,100.0,6.0,8.0
Q-RUS-L17,Qualifying,RUS,0.6875,53.70486,230.017762,0.0,100.0,6.0,8.0
Q-RUS-L17,Qualifying,RUS,0.69,53.912477,221.890817,0.0,100.0,5.0,8.0
Q-RUS-L17,Qualifying,RUS,0.6925,54.129603,210.129835,0.0,100.0,5.0,8.0
Q-RUS-L17,Qualifying,RUS,0.695,54.356584,205.187495,0.0,100.0,5.0,8.0
Q-RUS-L17,Qualifying,RUS,0.6975,54.588819,198.369285,0.525596,0.0,5.0,8.0
Q-RUS-L17,Qualifying,RUS,0.7,54.831185,191.583076,23.065786,0.0,5.0,8.0
Q-RUS-L17,Qualifying,RUS,0.7025,55.078695,187.888412,61.557941,0.0,5.0,8.0
Q-RUS-L17,Qualifying,RUS,0.705,55.330283,185.978536,77.957072,0.0,5.0,8.0
Q-RUS-L17,Qualifying,RUS,0.7075,55.580438,189.842465,82.736986,0.0,5.0,8.0
Q-RUS-L17,Qualifying,RUS,0.71,55.825722,193.585764,93.372217,0.0,5.0,8.0
Q-RUS-L17,Qualifying,RUS,0.7125,56.064641,199.75471,100.0,0.0,5.0,8.0
Q-RUS-L17,Qualifying,RUS,0.715,56.297458,204.481871,93.381677,0.0,5.0,8.0
Q-RUS-L17,Qualifying,RUS,0.7175,56.5256,206.815003,96.840007,0.0,5.0,8.0
Q-RUS-L17,Qualifying,RUS,0.72,56.750614,211.944566,100.0,0.0,5.0,8.0
Q-RUS-L17,Qualifying,RUS,0.7225,56.968769,218.432679,100.0,0.0,5.0,8.0
Q-RUS-L17,Qualifying,RUS,0.725,57.182255,222.692277,100.0,0.0,6.0,8.0
Q-RUS-L17,Qualifying,RUS,0.7275,57.391643,225.745533,100.0,0.0,6.0,8.0
Q-RUS-L17,Qualifying,RUS,0.73,57.59845,229.661262,100.0,0.0,6.0,8.0
Q-RUS-L17,Qualifying,RUS,0.7325,57.80112,232.656886,100.0,0.0,6.0,8.0
Q-RUS-L17,Qualifying,RUS,0.735,58.00287,234.898552,100.0,0.0,6.0,8.0
Q-RUS-L17,Qualifying,RUS,0.7375,58.200178,239.103564,100.0,0.0,6.0,8.0
Q-RUS-L17,Qualifying,RUS,0.74,58.395955,243.180412,100.0,0.0,6.0,8.0
Q-RUS-L17,Qualifying,RUS,0.7425,58.587454,246.686678,100.0,0.0,6.0,8.0
Q-RUS-L17,Qualifying,RUS,0.745,58.777306,250.107649,100.0,0.0,7.0,8.0
Q-RUS-L17,Qualifying,RUS,0.7475,58.963482,254.381022,100.0,0.0,7.0,8.0
Q-RUS-L17,Qualifying,RUS,0.75,59.147083,256.845055,100.0,0.0,7.0,8.0
Q-RUS-L17,Qualifying,RUS,0.7525,59.328932,259.686432,100.0,0.0,7.0,8.0
Q-RUS-L17,Qualifying,RUS,0.755,59.508924,262.712935,100.0,0.0,7.0,8.0
Q-RUS-L17,Qualifying,RUS,0.7575,59.687322,265.898604,100.0,0.0,7.0,8.0
Q-RUS-L17,Qualifying,RUS,0.76,59.863455,267.221901,100.0,0.0,7.0,8.0
Q-RUS-L17,Qualifying,RUS,0.7625,60.03791,268.604172,100.0,0.0,7.0,8.0
Q-RUS-L17,Qualifying,RUS,0.765,60.209784,270.17969,100.0,0.0,7.0,8.0
Q-RUS-L17,Qualifying,RUS,0.7675,60.381659,271.755209,100.0,0.0,7.0,8.0
Q-RUS-L17,Qualifying,RUS,0.77,60.553534,273.330727,100.0,0.0,7.0,8.0
Q-RUS-L17,Qualifying,RUS,0.7725,60.725409,274.906245,100.0,0.0,7.0,8.0
Q-RUS-L17,Qualifying,RUS,0.775,60.897283,276.481764,100.0,0.0,7.0,8.0
Q-RUS-L17,Qualifying,RUS,0.7775,61.069158,278.057282,100.0,0.0,7.0,8.0
Q-RUS-L17,Qualifying,RUS,0.78,61.23931,279.721179,100.0,0.0,7.0,8.0
Q-RUS-L17,Qualifying,RUS,0.7825,61.406896,281.516738,100.0,0.0,7.0,8.0
Q-RUS-L17,Qualifying,RUS,0.785,61.573614,282.60807,100.0,0.0,7.0,8.0
Q-RUS-L17,Qualifying,RUS,0.7875,61.739858,283.0,100.0,0.0,7.0,8.0
Q-RUS-L17,Qualifying,RUS,0.79,61.905963,283.0,100.0,0.0,7.0,8.0
Q-RUS-L17,Qualifying,RUS,0.7925,62.072068,283.0,100.0,0.0,7.0,8.0
Q-RUS-L17,Qualifying,RUS,0.795,62.238173,283.0,100.0,0.0,7.0,8.0
Q-RUS-L17,Qualifying,RUS,0.7975,62.404278,283.0,100.0,0.0,7.0,8.0
Q-RUS-L17,Qualifying,RUS,0.8,62.570383,283.0,100.0,0.0,7.0,8.0
Q-RUS-L17,Qualifying,RUS,0.8025,62.736488,283.0,100.0,0.0,7.0,8.0
Q-RUS-L17,Qualifying,RUS,0.805,62.902824,282.345878,100.0,0.0,7.0,8.0
Q-RUS-L17,Qualifying,RUS,0.8075,63.076432,267.827088,62.702864,0.0,7.0,8.0
Q-RUS-L17,Qualifying,RUS,0.81,63.255754,243.410112,0.0,100.0,7.0,8.0
Q-RUS-L17,Qualifying,RUS,0.8125,63.4675,210.13565,0.0,100.0,7.0,8.0
Q-RUS-L17,Qualifying,RUS,0.815,63.70634,178.207446,0.0,100.0,7.0,8.0
Q-RUS-L17,Qualifying,RUS,0.8175,63.981684,166.677205,0.0,100.0,4.0,8.0
Q-RUS-L17,Qualifying,RUS,0.82,64.282365,140.790807,0.0,100.0,3.0,8.0
Q-RUS-L17,Qualifying,RUS,0.8225,64.644797,120.635054,0.0,100.0,3.0,8.0
Q-RUS-L17,Qualifying,RUS,0.825,65.043358,114.401757,0.0,0.0,3.0,8.0
Q-RUS-L17,Qualifying,RUS,0.8275,65.474201,105.987988,23.343096,0.0,3.0,8.0
Q-RUS-L17,Qualifying,RUS,0.83,65.910057,110.319819,55.299548,0.0,3.0,8.0
Q-RUS-L17,Qualifying,RUS,0.8325,66.319247,121.557937,72.459701,0.0,3.0,8.0
Q-RUS-L17,Qualifying,RUS,0.835,66.680792,136.488462,88.195385,0.0,3.0,8.0
Q-RUS-L17,Qualifying,RUS,0.8375,67.008591,152.151778,72.42616,0.0,3.0,8.0
Q-RUS-L17,Qualifying,RUS,0.84,67.312326,157.0,35.210568,0.0,3.0,8.0
Q-RUS-L17,Qualifying,RUS,0.8425,67.615822,152.178345,23.191081,0.0,4.0,8.0
Q-RUS-L17,Qualifying,RUS,0.845,67.929361,148.355329,33.111677,0.0,4.0,8.0
Q-RUS-L17,Qualifying,RUS,0.8475,68.247503,147.295859,45.775154,0.0,4.0,8.0
Q-RUS-L17,Qualifying,RUS,0.85,68.563244,150.668657,57.668657,0.0,4.0,8.0
Q-RUS-L17,Qualifying,RUS,0.8525,68.869096,156.070557,67.81954,0.0,4.0,8.0
Q-RUS-L17,Qualifying,RUS,0.855,69.163124,163.375367,76.778104,0.0,4.0,8.0
Q-RUS-L17,Qualifying,RUS,0.8575,69.446233,168.927915,49.153353,0.0,4.0,8.0
Q-RUS-L17,Qualifying,RUS,0.86,69.724719,168.182024,20.508761,0.0,4.0,8.0
Q-RUS-L17,Qualifying,RUS,0.8625,70.009999,161.32144,31.542848,0.0,4.0,8.0
Q-RUS-L17,Qualifying,RUS,0.865,70.305729,156.776128,36.343233,0.0,4.0,8.0
Q-RUS-L17,Qualifying,RUS,0.8675,70.606464,156.0,48.153997,0.0,4.0,8.0
Q-RUS-L17,Qualifying,RUS,0.87,70.905151,159.131507,55.052059,0.0,4.0,8.0
Q-RUS-L17,Qualifying,RUS,0.8725,71.194466,163.788196,72.091147,0.0,4.0,8.0
Q-RUS-L17,Qualifying,RUS,0.875,71.47595,171.447611,77.835708,0.0,4.0,8.0
Q-RUS-L17,Qualifying,RUS,0.8775,71.743564,178.264093,90.054594,0.0,4.0,8.0
Q-RUS-L17,Qualifying,RUS,0.88,72.00387,186.986424,100.0,0.0,4.0,8.0
Q-RUS-L17,Qualifying,RUS,0.8825,72.247966,198.779755,100.0,0.0,4.0,8.0
Q-RUS-L17,Qualifying,RUS,0.885,72.478606,206.050178,100.0,0.0,5.0,8.0
Q-RUS-L17,Qualifying,RUS,0.8875,72.702983,211.658736,100.0,0.0,5.0,8.0
Q-RUS-L17,Qualifying,RUS,0.89,72.923159,216.162352,100.0,0.0,6.0,8.0
Q-RUS-L17,Qualifying,RUS,0.8925,73.136675,223.427724,100.0,0.0,6.0,8.0
Q-RUS-L17,Qualifying,RUS,0.895,73.345047,232.326175,100.0,0.0,6.0,8.0
Q-RUS-L17,Qualifying,RUS,0.8975,73.545252,237.189316,100.0,0.0,6.0,8.0
Q-RUS-L17,Qualifying,RUS,0.9,73.741937,239.999103,100.0,0.0,6.0,8.0
Q-RUS-L17,Qualifying,RUS,0.9025,73.936538,243.490761,100.0,0.0,6.0,8.0
Q-RUS-L17,Qualifying,RUS,0.905,74.127374,247.019048,100.0,0.0,6.0,8.0
Q-RUS-L17,Qualifying,RUS,0.9075,74.31654,250.329452,100.0,0.0,6.0,8.0
Q-RUS-L17,Qualifying,RUS,0.91,74.504039,253.150492,100.0,0.0,6.0,8.0
Q-RUS-L17,Qualifying,RUS,0.9125,74.68846,255.455747,100.0,0.0,6.0,8.0
Q-RUS-L17,Qualifying,RUS,0.915,74.872084,257.751047,100.0,0.0,7.0,8.0
Q-RUS-L17,Qualifying,RUS,0.9175,75.05288,260.010997,100.0,0.0,7.0,8.0
Q-RUS-L17,Qualifying,RUS,0.92,75.233332,262.266647,100.0,0.0,7.0,8.0
Q-RUS-L17,Qualifying,RUS,0.9225,75.412626,263.0,100.0,0.0,7.0,8.0
Q-RUS-L17,Qualifying,RUS,0.925,75.591174,263.495871,100.0,0.0,7.0,8.0
Q-RUS-L17,Qualifying,RUS,0.9275,75.769278,264.48299,100.0,0.0,7.0,8.0
Q-RUS-L17,Qualifying,RUS,0.93,75.946288,265.642876,100.0,0.0,7.0,8.0
Q-RUS-L17,Qualifying,RUS,0.9325,76.122678,266.84553,100.0,0.0,7.0,8.0
Q-RUS-L17,Qualifying,RUS,0.935,76.299001,268.038896,100.0,0.0,7.0,8.0
Q-RUS-L17,Qualifying,RUS,0.9375,76.473751,269.00973,100.0,0.0,7.0,8.0
Q-RUS-L17,Qualifying,RUS,0.94,76.648501,269.980563,100.0,0.0,7.0,8.0
Q-RUS-L17,Qualifying,RUS,0.9425,76.821987,271.699874,100.0,0.0,7.0,8.0
Q-RUS-L17,Qualifying,RUS,0.945,76.994397,273.01712,100.0,100.0,7.0,8.0
Q-RUS-L17,Qualifying,RUS,0.9475,77.168955,269.116628,86.801696,100.0,7.0,8.0
Q-RUS-L17,Qualifying,RUS,0.95,77.352939,244.804545,21.093365,100.0,7.0,8.0
Q-RUS-L17,Qualifying,RUS,0.9525,77.5608,216.075035,0.0,100.0,7.0,8.0
Q-RUS-L17,Qualifying,RUS,0.955,77.78946,188.274433,0.0,100.0,7.0,8.0
Q-RUS-L17,Qualifying,RUS,0.9575,78.052073,171.247151,0.0,100.0,5.0,8.0
Q-RUS-L17,Qualifying,RUS,0.96,78.333134,160.996651,0.0,100.0,4.0,8.0
Q-RUS-L17,Qualifying,RUS,0.9625,78.633971,149.792882,0.0,100.0,4.0,8.0
Q-RUS-L17,Qualifying,RUS,0.965,78.953472,144.488202,22.433034,0.0,4.0,8.0
Q-RUS-L17,Qualifying,RUS,0.9675,79.286584,139.360066,45.238943,0.0,4.0,8.0
Q-RUS-L17,Qualifying,RUS,0.97,79.617425,143.073745,60.165925,0.0,4.0,8.0
Q-RUS-L17,Qualifying,RUS,0.9725,79.941215,148.965795,72.194416,0.0,4.0,8.0
Q-RUS-L17,Qualifying,RUS,0.975,80.250008,156.425282,84.137923,0.0,4.0,8.0
Q-RUS-L17,Qualifying,RUS,0.9775,80.541343,167.467137,100.0,0.0,4.0,8.0
Q-RUS-L17,Qualifying,RUS,0.98,80.810752,179.756311,100.0,0.0,4.0,8.0
Q-RUS-L17,Qualifying,RUS,0.9825,81.068907,183.144331,100.0,0.0,4.0,8.0
Q-RUS-L17,Qualifying,RUS,0.985,81.318297,191.486145,100.0,0.0,5.0,8.0
Q-RUS-L17,Qualifying,RUS,0.9875,81.559226,199.907523,100.0,0.0,5.0,8.0
Q-RUS-L17,Qualifying,RUS,0.99,81.790908,207.340884,100.0,0.0,5.0,8.0
Q-RUS-L17,Qualifying,RUS,0.9925,82.014172,214.072384,100.0,0.0,5.0,8.0
Q-RUS-L17,Qualifying,RUS,0.995,82.229803,221.260112,100.0,0.0,6.0,8.0
Q-RUS-L17,Qualifying,RUS,0.9975,82.437838,226.64594,57.764184,0.0,6.0,8.0
Q-RUS-L17,Qualifying,RUS,1.0,82.645,231.825,10.681818,0.0,6.0,8.0
Q-LEC-L17,Qualifying,LEC,0.0,0.0,236.0,100.0,0.0,6.0,8.0
Q-LEC-L17,Qualifying,LEC,0.0025,0.197411,241.420574,100.0,0.0,6.0,8.0
Q-LEC-L17,Qualifying,LEC,0.005,0.390042,248.01078,100.0,0.0,6.0,8.0
Q-LEC-L17,Qualifying,LEC,0.0075,0.578481,251.580021,100.0,0.0,6.0,8.0
Q-LEC-L17,Qualifying,LEC,0.01,0.765139,254.913202,100.0,0.0,6.0,8.0
Q-LEC-L17,Qualifying,LEC,0.0125,0.947922,257.965364,100.0,0.0,6.0,8.0
Q-LEC-L17,Qualifying,LEC,0.015,1.130592,261.007395,100.0,0.0,6.0,8.0
Q-LEC-L17,Qualifying,LEC,0.0175,1.310365,263.127281,100.0,0.0,6.0,8.0
Q-LEC-L17,Qualifying,LEC,0.02,1.488935,264.584031,100.0,0.0,7.0,8.0
Q-LEC-L17,Qualifying,LEC,0.0225,1.66627,267.244051,100.0,0.0,7.0,8.0
Q-LEC-L17,Qualifying,LEC,0.025,1.841805,269.877077,100.0,0.0,7.0,8.0
Q-LEC-L17,Qualifying,LEC,0.0275,2.015491,272.482367,100.0,0.0,7.0,8.0
Q-LEC-L17,Qualifying,LEC,0.03,2.187567,274.473927,100.0,0.0,7.0,8.0
Q-LEC-L17,Qualifying,LEC,0.0325,2.358948,276.542783,100.0,0.0,7.0,8.0
Q-LEC-L17,Qualifying,LEC,0.035,2.528444,279.240276,100.0,0.0,7.0,8.0
Q-LEC-L17,Qualifying,LEC,0.0375,2.69677,280.292311,100.0,0.0,7.0,8.0
Q-LEC-L17,Qualifying,LEC,0.04,2.864705,281.547046,100.0,0.0,7.0,8.0
Q-LEC-L17,Qualifying,LEC,0.0425,3.031683,283.216826,100.0,0.0,7.0,8.0
Q-LEC-L17,Qualifying,LEC,0.045,3.197637,284.876374,100.0,0.0,7.0,8.0
Q-LEC-L17,Qualifying,LEC,0.0475,3.362518,285.762591,100.0,0.0,7.0,8.0
Q-LEC-L17,Qualifying,LEC,0.05,3.527312,286.586562,100.0,0.0,7.0,8.0
Q-LEC-L17,Qualifying,LEC,0.0525,3.692107,286.543851,99.771926,0.0,7.0,8.0
Q-LEC-L17,Qualifying,LEC,0.055,3.856901,285.628328,99.314164,100.0,7.0,8.0
Q-LEC-L17,Qualifying,LEC,0.0575,4.027529,277.678173,86.448297,100.0,7.0,8.0
Q-LEC-L17,Qualifying,LEC,0.06,4.210918,254.337658,46.435986,100.0,7.0,8.0
Q-LEC-L17,Qualifying,LEC,0.0625,4.394308,230.997144,6.423675,100.0,7.0,8.0
Q-LEC-L17,Qualifying,LEC,0.065,4.605902,211.368851,2.020492,100.0,6.0,8.0
Q-LEC-L17,Qualifying,LEC,0.0675,4.840179,194.140134,1.0,100.0,6.0,8.0
Q-LEC-L17,Qualifying,LEC,0.07,5.093004,182.694864,2.537549,100.0,5.0,8.0
Q-LEC-L17,Qualifying,LEC,0.0725,5.354844,173.53047,5.810546,0.0,4.0,8.0
Q-LEC-L17,Qualifying,LEC,0.075,5.629312,170.1724,33.034795,0.0,4.0,8.0
Q-LEC-L17,Qualifying,LEC,0.0775,5.905756,170.696945,62.969653,0.0,4.0,8.0
Q-LEC-L17,Qualifying,LEC,0.08,6.18006,173.450299,68.801196,0.0,4.0,8.0
Q-LEC-L17,Qualifying,LEC,0.0825,6.448065,179.560076,94.034599,0.0,4.0,8.0
Q-LEC-L17,Qualifying,LEC,0.085,6.704772,188.0,99.901423,0.0,4.0,8.0
Q-LEC-L17,Qualifying,LEC,0.0875,6.950865,192.318445,99.254026,0.0,4.0,8.0
Q-LEC-L17,Qualifying,LEC,0.09,7.190718,202.486788,99.852164,0.0,5.0,8.0
Q-LEC-L17,Qualifying,LEC,0.0925,7.418963,210.280091,99.471991,0.0,5.0,8.0
Q-LEC-L17,Qualifying,LEC,0.095,7.640381,217.010878,99.25136,0.0,5.0,8.0
Q-LEC-L17,Qualifying,LEC,0.0975,7.855383,223.151386,100.0,0.0,5.0,8.0
Q-LEC-L17,Qualifying,LEC,0.1,8.062553,228.978042,100.0,0.0,6.0,8.0
Q-LEC-L17,Qualifying,LEC,0.1025,8.26716,233.821752,100.0,0.0,6.0,8.0
Q-LEC-L17,Qualifying,LEC,0.105,8.466665,238.416637,100.0,0.0,6.0,8.0
Q-LEC-L17,Qualifying,LEC,0.1075,8.662327,242.756806,100.0,0.0,6.0,8.0
Q-LEC-L17,Qualifying,LEC,0.11,8.855103,246.41838,100.0,0.0,6.0,8.0
Q-LEC-L17,Qualifying,LEC,0.1125,9.045486,249.221789,100.0,0.0,6.0,8.0
Q-LEC-L17,Qualifying,LEC,0.115,9.234011,250.400068,100.0,0.0,6.0,8.0
Q-LEC-L17,Qualifying,LEC,0.1175,9.421801,252.147514,100.0,0.0,6.0,8.0
Q-LEC-L17,Qualifying,LEC,0.12,9.607894,254.178939,100.0,0.0,6.0,8.0
Q-LEC-L17,Qualifying,LEC,0.1225,9.793044,255.0,100.0,0.0,6.0,8.0
Q-LEC-L17,Qualifying,LEC,0.125,9.977373,255.909804,100.0,0.0,6.0,8.0
Q-LEC-L17,Qualifying,LEC,0.1275,10.161054,257.388177,100.0,0.0,7.0,8.0
Q-LEC-L17,Qualifying,LEC,0.13,10.342677,259.658465,100.0,0.0,7.0,8.0
Q-LEC-L17,Qualifying,LEC,0.1325,10.5243,261.928752,100.0,0.0,7.0,8.0
Q-LEC-L17,Qualifying,LEC,0.135,10.702272,264.584079,100.0,0.0,7.0,8.0
Q-LEC-L17,Qualifying,LEC,0.1375,10.880125,267.251881,100.0,0.0,7.0,8.0
Q-LEC-L17,Qualifying,LEC,0.14,11.055842,269.179768,100.0,0.0,7.0,8.0
Q-LEC-L17,Qualifying,LEC,0.1425,11.230726,270.819303,100.0,0.0,7.0,8.0
Q-LEC-L17,Qualifying,LEC,0.145,11.404463,271.386158,100.0,0.0,7.0,8.0
Q-LEC-L17,Qualifying,LEC,0.1475,11.578059,271.820146,100.0,0.0,7.0,8.0
Q-LEC-L17,Qualifying,LEC,0.15,11.751281,272.422004,100.0,0.0,7.0,8.0
Q-LEC-L17,Qualifying,LEC,0.1525,11.924177,273.0,100.0,0.0,7.0,8.0
Q-LEC-L17,Qualifying,LEC,0.155,12.096818,273.0,100.0,0.0,7.0,8.0
Q-LEC-L17,Qualifying,LEC,0.1575,12.269351,273.296756,100.0,0.0,7.0,8.0
Q-LEC-L17,Qualifying,LEC,0.16,12.441562,274.15781,100.0,0.0,7.0,8.0
Q-LEC-L17,Qualifying,LEC,0.1625,12.613254,275.0,100.0,0.0,7.0,8.0
Q-LEC-L17,Qualifying,LEC,0.165,12.78464,275.0,100.0,0.0,7.0,8.0
Q-LEC-L17,Qualifying,LEC,0.1675,12.955497,276.212477,100.0,0.0,7.0,8.0
Q-LEC-L17,Qualifying,LEC,0.17,13.125987,277.0,100.0,0.0,7.0,8.0
Q-LEC-L17,Qualifying,LEC,0.1725,13.296136,277.0,100.0,0.0,7.0,8.0
Q-LEC-L17,Qualifying,LEC,0.175,13.466284,277.0,100.0,0.0,7.0,8.0
Q-LEC-L17,Qualifying,LEC,0.1775,13.636167,277.610653,100.0,0.0,7.0,8.0
Q-LEC-L17,Qualifying,LEC,0.18,13.805465,278.565991,100.0,0.0,7.0,8.0
Q-LEC-L17,Qualifying,LEC,0.1825,13.974092,279.830691,100.0,0.0,7.0,8.0
Q-LEC-L17,Qualifying,LEC,0.185,14.142606,281.126061,100.0,0.0,7.0,8.0
Q-LEC-L17,Qualifying,LEC,0.1875,14.309738,282.797379,100.0,0.0,7.0,8.0
Q-LEC-L17,Qualifying,LEC,0.19,14.475835,284.458354,99.270823,0.0,7.0,8.0
Q-LEC-L17,Qualifying,LEC,0.1925,14.641008,285.693803,99.346901,0.0,7.0,8.0
Q-LEC-L17,Qualifying,LEC,0.195,14.805803,286.723767,99.861884,0.0,7.0,8.0
Q-LEC-L17,Qualifying,LEC,0.1975,14.970177,287.0,100.0,0.0,7.0,8.0
Q-LEC-L17,Qualifying,LEC,0.2,15.133958,287.699651,100.0,0.0,7.0,8.0
Q-LEC-L17,Qualifying,LEC,0.2025,15.297324,289.061037,100.0,0.0,7.0,8.0
Q-LEC-L17,Qualifying,LEC,0.205,15.460428,290.0,100.0,0.0,7.0,8.0
Q-LEC-L17,Qualifying,LEC,0.2075,15.62295,290.0,100.0,0.0,7.0,8.0
Q-LEC-L17,Qualifying,LEC,0.21,15.785143,291.189287,100.0,0.0,7.0,8.0
Q-LEC-L17,Qualifying,LEC,0.2125,15.946939,291.515304,100.0,0.0,7.0,8.0
Q-LEC-L17,Qualifying,LEC,0.215,16.108524,291.487698,100.0,0.0,7.0,8.0
Q-LEC-L17,Qualifying,LEC,0.2175,16.269932,292.832766,100.0,0.0,7.0,8.0
Q-LEC-L17,Qualifying,LEC,0.22,16.430618,293.703088,100.0,0.0,7.0,8.0
Q-LEC-L17,Qualifying,LEC,0.2225,16.590686,294.251716,100.0,0.0,7.0,8.0
Q-LEC-L17,Qualifying,LEC,0.225,16.750453,294.651132,100.0,0.0,7.0,8.0
Q-LEC-L17,Qualifying,LEC,0.2275,16.91022,295.050549,100.0,0.0,7.0,8.0
Q-LEC-L17,Qualifying,LEC,0.23,17.069986,295.449966,100.0,0.0,7.0,8.0
Q-LEC-L17,Qualifying,LEC,0.2325,17.229753,295.849382,100.0,0.0,7.0,8.0
Q-LEC-L17,Qualifying,LEC,0.235,17.389016,296.495081,100.0,0.0,7.0,8.0
Q-LEC-L17,Qualifying,LEC,0.2375,17.54778,297.180561,100.0,0.0,7.0,8.0
Q-LEC-L17,Qualifying,LEC,0.24,17.706204,297.675637,100.0,0.0,7.0,8.0
Q-LEC-L17,Qualifying,LEC,0.2425,17.864628,297.658576,100.0,0.0,7.0,8.0
Q-LEC-L17,Qualifying,LEC,0.245,18.023321,296.619137,100.0,0.0,7.0,8.0
Q-LEC-L17,Qualifying,LEC,0.2475,18.182548,295.481802,100.0,0.0,7.0,8.0
Q-LEC-L17,Qualifying,LEC,0.25,18.342556,293.611655,81.951514,0.0,7.0,8.0
Q-LEC-L17,Qualifying,LEC,0.2525,18.506611,280.323889,41.893637,100.0,7.0,8.0
Q-LEC-L17,Qualifying,LEC,0.255,18.687376,247.393597,4.743199,100.0,7.0,8.0
Q-LEC-L17,Qualifying,LEC,0.2575,18.887894,216.60539,0.0,100.0,6.0,8.0
Q-LEC-L17,Qualifying,LEC,0.26,19.126802,182.567777,0.58401,100.0,6.0,8.0
Q-LEC-L17,Qualifying,LEC,0.2625,19.402613,157.59097,0.036936,100.0,6.0,8.0
Q-LEC-L17,Qualifying,LEC,0.265,19.724679,136.549,0.0,100.0,4.0,8.0
Q-LEC-L17,Qualifying,LEC,0.2675,20.092578,122.562519,0.0,100.0,3.0,8.0
Q-LEC-L17,Qualifying,LEC,0.27,20.493045,112.374193,1.450323,0.0,3.0,8.0
Q-LEC-L17,Qualifying,LEC,0.2725,20.923674,107.853745,29.379298,0.0,3.0,8.0
Q-LEC-L17,Qualifying,LEC,0.275,21.353856,112.197936,49.197936,0.0,3.0,8.0
Q-LEC-L17,Qualifying,LEC,0.2775,21.754854,122.621341,62.981639,0.0,3.0,8.0
Q-LEC-L17,Qualifying,LEC,0.28,22.125867,132.845009,72.0,0.0,3.0,8.0
Q-LEC-L17,Qualifying,LEC,0.2825,22.46641,143.820489,84.879096,0.0,3.0,8.0
Q-LEC-L17,Qualifying,LEC,0.285,22.776297,159.025474,99.0,0.0,3.0,8.0
Q-LEC-L17,Qualifying,LEC,0.2875,23.062749,171.796805,99.0,0.0,4.0,8.0
Q-LEC-L17,Qualifying,LEC,0.29,23.322846,185.38844,99.0,0.0,4.0,8.0
Q-LEC-L17,Qualifying,LEC,0.2925,23.573331,195.104084,99.0,0.0,5.0,8.0
Q-LEC-L17,Qualifying,LEC,0.295,23.808987,202.468329,99.0,0.0,5.0,8.0
Q-LEC-L17,Qualifying,LEC,0.2975,24.040138,206.876728,99.0,0.0,5.0,8.0
Q-LEC-L17,Qualifying,LEC,0.3,24.26321,215.495383,99.0,0.0,5.0,8.0
Q-LEC-L17,Qualifying,LEC,0.3025,24.477931,223.547405,99.0,0.0,5.0,8.0
Q-LEC-L17,Qualifying,LEC,0.305,24.685096,228.87741,99.609676,0.0,5.0,8.0
Q-LEC-L17,Qualifying,LEC,0.3075,24.889714,233.594286,100.0,0.0,5.0,8.0
Q-LEC-L17,Qualifying,LEC,0.31,25.089266,237.733954,100.0,0.0,6.0,8.0
Q-LEC-L17,Qualifying,LEC,0.3125,25.286056,242.038731,100.0,0.0,6.0,8.0
Q-LEC-L17,Qualifying,LEC,0.315,25.47731,246.116183,99.716711,0.0,6.0,8.0
Q-LEC-L17,Qualifying,LEC,0.3175,25.666973,250.128277,99.351975,0.0,6.0,8.0
Q-LEC-L17,Qualifying,LEC,0.32,25.856454,254.060506,99.0,0.0,6.0,8.0
Q-LEC-L17,Qualifying,LEC,0.3225,26.04092,255.789878,99.0,0.0,6.0,8.0
Q-LEC-L17,Qualifying,LEC,0.325,26.224533,258.704157,99.0,0.0,6.0,8.0
Q-LEC-L17,Qualifying,LEC,0.3275,26.405143,262.751425,99.0,0.0,7.0,8.0
Q-LEC-L17,Qualifying,LEC,0.33,26.583434,265.558498,99.222643,0.0,7.0,8.0
Q-LEC-L17,Qualifying,LEC,0.3325,26.759626,270.697411,99.956773,0.0,7.0,14.0
Q-LEC-L17,Qualifying,LEC,0.335,26.932774,273.034679,100.0,0.0,7.0,12.0
Q-LEC-L17,Qualifying,LEC,0.3375,27.10469,275.420354,100.0,0.0,7.0,12.0
Q-LEC-L17,Qualifying,LEC,0.34,27.27494,278.298805,100.0,0.0,7.0,12.0
Q-LEC-L17,Qualifying,LEC,0.3425,27.44345,281.627179,100.0,0.0,7.0,12.0
Q-LEC-L17,Qualifying,LEC,0.345,27.609793,284.497407,99.875648,0.0,7.0,12.0
Q-LEC-L17,Qualifying,LEC,0.3475,27.774587,286.557335,99.360666,0.0,7.0,12.0
Q-LEC-L17,Qualifying,LEC,0.35,27.938869,288.610856,99.0,0.0,7.0,12.0
Q-LEC-L17,Qualifying,LEC,0.3525,28.101507,290.643832,99.214611,0.0,7.0,12.0
Q-LEC-L17,Qualifying,LEC,0.355,28.263192,292.664894,99.888298,0.0,7.0,12.0
Q-LEC-L17,Qualifying,LEC,0.3575,28.423276,294.480848,99.629788,0.0,7.0,12.0
Q-LEC-L17,Qualifying,LEC,0.36,28.583043,296.256033,99.185992,0.0,8.0,12.0
Q-LEC-L17,Qualifying,LEC,0.3625,28.74203,297.460149,99.0,0.0,8.0,12.0
Q-LEC-L17,Qualifying,LEC,0.365,28.900117,298.939692,99.313231,0.0,8.0,12.0
Q-LEC-L17,Qualifying,LEC,0.3675,29.05709,301.392417,99.803792,0.0,8.0,12.0
Q-LEC-L17,Qualifying,LEC,0.37,29.213153,302.692945,99.153527,0.0,8.0,12.0
Q-LEC-L17,Qualifying,LEC,0.3725,29.368238,303.886786,99.0,0.0,8.0,12.0
Q-LEC-L17,Qualifying,LEC,0.375,29.52302,305.047652,99.0,0.0,8.0,12.0
Q-LEC-L17,Qualifying,LEC,0.3775,29.677576,306.196972,99.0,0.0,8.0,12.0
Q-LEC-L17,Qualifying,LEC,0.38,29.831098,307.293555,99.0,0.0,8.0,12.0
Q-LEC-L17,Qualifying,LEC,0.3825,29.984178,308.812674,99.0,0.0,8.0,12.0
Q-LEC-L17,Qualifying,LEC,0.385,30.136418,311.020058,99.0,0.0,8.0,12.0
Q-LEC-L17,Qualifying,LEC,0.3875,30.287722,311.492882,99.0,0.0,8.0,12.0
Q-LEC-L17,Qualifying,LEC,0.39,30.439026,311.965707,99.0,0.0,8.0,12.0
Q-LEC-L17,Qualifying,LEC,0.3925,30.589658,313.163814,99.581907,0.0,8.0,12.0
Q-LEC-L17,Qualifying,LEC,0.395,30.739918,314.20799,100.0,0.0,8.0,12.0
Q-LEC-L17,Qualifying,LEC,0.3975,30.88954,314.831418,100.0,0.0,8.0,12.0
Q-LEC-L17,Qualifying,LEC,0.4,31.039163,315.454846,100.0,0.0,8.0,12.0
Q-LEC-L17,Qualifying,LEC,0.4025,31.188726,316.0,99.906368,0.0,8.0,12.0
Q-LEC-L17,Qualifying,LEC,0.405,31.337876,316.0,99.160622,0.0,8.0,12.0
Q-LEC-L17,Qualifying,LEC,0.4075,31.487025,316.0,99.325069,0.0,8.0,12.0
Q-LEC-L17,Qualifying,LEC,0.41,31.636174,316.0,99.739373,0.0,8.0,12.0
Q-LEC-L17,Qualifying,LEC,0.4125,31.785149,316.459574,99.770213,0.0,8.0,12.0
Q-LEC-L17,Qualifying,LEC,0.415,31.933828,317.698564,99.150718,0.0,8.0,12.0
Q-LEC-L17,Qualifying,LEC,0.4175,32.081801,319.11801,99.559005,0.0,8.0,12.0
Q-LEC-L17,Qualifying,LEC,0.42,32.229177,320.739708,99.630146,0.0,8.0,12.0
Q-LEC-L17,Qualifying,LEC,0.4225,32.375789,322.28618,99.0,0.0,8.0,12.0
Q-LEC-L17,Qualifying,LEC,0.425,32.521882,323.0,99.0,0.0,8.0,12.0
Q-LEC-L17,Qualifying,LEC,0.4275,32.667799,323.0,99.0,0.0,8.0,12.0
Q-LEC-L17,Qualifying,LEC,0.43,32.813581,323.181589,99.0,0.0,8.0,12.0
Q-LEC-L17,Qualifying,LEC,0.4325,32.959048,323.7877,99.0,0.0,8.0,12.0
Q-LEC-L17,Qualifying,LEC,0.435,33.104515,324.393811,99.0,0.0,8.0,12.0
Q-LEC-L17,Qualifying,LEC,0.4375,33.249981,324.999921,99.0,0.0,8.0,12.0
Q-LEC-L17,Qualifying,LEC,0.44,33.395,325.0,99.0,0.0,8.0,12.0
Q-LEC-L17,Qualifying,LEC,0.4425,33.540019,325.0,99.650096,0.0,8.0,12.0
Q-LEC-L17,Qualifying,LEC,0.445,33.684808,325.37404,99.81298,0.0,8.0,12.0
Q-LEC-L17,Qualifying,LEC,0.4475,33.829382,326.09691,99.451545,0.0,8.0,12.0
Q-LEC-L17,Qualifying,LEC,0.45,33.973956,326.819781,99.09011,0.0,8.0,12.0
Q-LEC-L17,Qualifying,LEC,0.4525,34.118198,327.0,99.0,0.0,8.0,12.0
Q-LEC-L17,Qualifying,LEC,0.455,34.262349,326.961408,99.0,0.0,8.0,12.0
Q-LEC-L17,Qualifying,LEC,0.4575,34.406702,326.510306,99.0,0.0,8.0,12.0
Q-LEC-L17,Qualifying,LEC,0.46,34.551055,326.059204,99.0,0.0,8.0,12.0
Q-LEC-L17,Qualifying,LEC,0.4625,34.695408,326.627038,99.0,0.0,8.0,12.0
Q-LEC-L17,Qualifying,LEC,0.465,34.839654,327.0,99.0,0.0,8.0,12.0
Q-LEC-L17,Qualifying,LEC,0.4675,34.983703,327.167823,99.0,0.0,8.0,12.0
Q-LEC-L17,Qualifying,LEC,0.47,35.127615,327.617548,99.0,0.0,8.0,12.0
Q-LEC-L17,Qualifying,LEC,0.4725,35.27156,327.820331,99.0,0.0,8.0,12.0
Q-LEC-L17,Qualifying,LEC,0.475,35.415692,326.619231,99.0,0.0,8.0,12.0
Q-LEC-L17,Qualifying,LEC,0.4775,35.561019,323.336793,73.255666,0.0,8.0,12.0
Q-LEC-L17,Qualifying,LEC,0.48,35.707617,317.839378,20.113992,100.0,8.0,8.0
Q-LEC-L17,Qualifying,LEC,0.4825,35.87288,287.233381,7.634229,100.0,8.0,8.0
Q-LEC-L17,Qualifying,LEC,0.485,36.041506,252.102814,2.481746,100.0,8.0,8.0
Q-LEC-L17,Qualifying,LEC,0.4875,36.239898,215.018296,1.0,100.0,7.0,8.0
Q-LEC-L17,Qualifying,LEC,0.49,36.478002,182.499738,1.0,100.0,7.0,8.0
Q-LEC-L17,Qualifying,LEC,0.4925,36.760338,148.167506,0.040259,100.0,6.0,8.0
Q-LEC-L17,Qualifying,LEC,0.495,37.108816,125.824008,0.0,100.0,4.0,8.0
Q-LEC-L17,Qualifying,LEC,0.4975,37.525464,101.151187,0.518898,100.0,2.0,8.0
Q-LEC-L17,Qualifying,LEC,0.5,38.039857,82.287054,0.0,100.0,2.0,8.0
Q-LEC-L17,Qualifying,LEC,0.5025,38.678936,66.287233,9.616991,0.0,2.0,8.0
Q-LEC-L17,Qualifying,LEC,0.505,39.352986,76.574638,46.144783,0.0,2.0,8.0
Q-LEC-L17,Qualifying,LEC,0.5075,39.905341,98.420019,62.919952,0.0,2.0,8.0
Q-LEC-L17,Qualifying,LEC,0.51,40.360455,106.0,31.782463,0.0,3.0,8.0
Q-LEC-L17,Qualifying,LEC,0.5125,40.803266,106.743329,34.459974,0.0,3.0,8.0
Q-LEC-L17,Qualifying,LEC,0.515,41.241147,109.667203,46.445873,0.0,3.0,8.0
Q-LEC-L17,Qualifying,LEC,0.5175,41.657681,117.288046,61.192031,0.0,3.0,8.0
Q-LEC-L17,Qualifying,LEC,0.52,42.035296,132.159403,83.791805,0.0,3.0,8.0
Q-LEC-L17,Qualifying,LEC,0.5225,42.369225,149.451539,99.0,0.0,3.0,8.0
Q-LEC-L17,Qualifying,LEC,0.525,42.669477,165.973843,99.0,0.0,4.0,8.0
Q-LEC-L17,Qualifying,LEC,0.5275,42.947466,173.018851,99.0,0.0,4.0,8.0
Q-LEC-L17,Qualifying,LEC,0.53,43.208107,188.095912,99.0,0.0,4.0,8.0
Q-LEC-L17,Qualifying,LEC,0.5325,43.449257,199.575845,99.0,0.0,4.0,8.0
Q-LEC-L17,Qualifying,LEC,0.535,43.68086,207.102936,99.0,0.0,5.0,8.0
Q-LEC-L17,Qualifying,LEC,0.5375,43.907074,211.713421,99.0,0.0,5.0,8.0
Q-LEC-L17,Qualifying,LEC,0.54,44.126074,216.990058,99.0,0.0,5.0,8.0
Q-LEC-L17,Qualifying,LEC,0.5425,44.341387,224.227737,99.0,0.0,5.0,8.0
Q-LEC-L17,Qualifying,LEC,0.545,44.549628,228.294418,99.0,0.0,6.0,8.0
Q-LEC-L17,Qualifying,LEC,0.5475,44.754304,232.215204,99.12152,0.0,6.0,14.0
Q-LEC-L17,Qualifying,LEC,0.55,44.95313,241.578258,99.927718,0.0,6.0,14.0
Q-LEC-L17,Qualifying,LEC,0.5525,45.145502,246.387561,99.326555,0.0,6.0,12.0
Q-LEC-L17,Qualifying,LEC,0.555,45.334928,251.388602,99.2654,0.0,6.0,12.0
Q-LEC-L17,Qualifying,LEC,0.5575,45.52085,256.617651,99.846406,0.0,6.0,12.0
Q-LEC-L17,Qualifying,LEC,0.56,45.702587,260.578088,100.0,0.0,6.0,12.0
Q-LEC-L17,Qualifying,LEC,0.5625,45.882821,264.082636,100.0,0.0,7.0,12.0
Q-LEC-L17,Qualifying,LEC,0.565,46.059828,267.782031,99.536328,0.0,7.0,12.0
Q-LEC-L17,Qualifying,LEC,0.5675,46.235082,271.398132,99.0,0.0,7.0,12.0
Q-LEC-L17,Qualifying,LEC,0.57,46.406781,274.123501,99.0,0.0,7.0,12.0
Q-LEC-L17,Qualifying,LEC,0.5725,46.578479,276.84887,99.0,0.0,7.0,12.0
Q-LEC-L17,Qualifying,LEC,0.575,46.748403,278.732353,99.0,0.0,7.0,12.0
Q-LEC-L17,Qualifying,LEC,0.5775,46.91703,280.000223,99.0,0.0,7.0,12.0
Q-LEC-L17,Qualifying,LEC,0.58,47.08503,281.875742,99.0,0.0,7.0,12.0
Q-LEC-L17,Qualifying,LEC,0.5825,47.250693,286.017321,99.0,0.0,7.0,12.0
Q-LEC-L17,Qualifying,LEC,0.585,47.414865,288.909263,99.303088,0.0,7.0,12.0
Q-LEC-L17,Qualifying,LEC,0.5875,47.577666,290.653569,99.884523,0.0,7.0,12.0
Q-LEC-L17,Qualifying,LEC,0.59,47.739573,291.539889,100.0,0.0,7.0,12.0
Q-LEC-L17,Qualifying,LEC,0.5925,47.900564,292.737398,100.0,0.0,7.0,12.0
Q-LEC-L17,Qualifying,LEC,0.595,48.060061,295.063386,100.0,0.0,7.0,12.0
Q-LEC-L17,Qualifying,LEC,0.5975,48.219557,297.389374,100.0,0.0,8.0,12.0
Q-LEC-L17,Qualifying,LEC,0.6,48.378318,299.483176,100.0,0.0,8.0,12.0
Q-LEC-L17,Qualifying,LEC,0.6025,48.535368,301.059643,100.0,0.0,8.0,12.0
Q-LEC-L17,Qualifying,LEC,0.605,48.690916,302.787958,100.0,0.0,8.0,12.0
Q-LEC-L17,Qualifying,LEC,0.6075,48.846465,304.516274,100.0,0.0,8.0,12.0
Q-LEC-L17,Qualifying,LEC,0.61,49.000915,305.693218,100.0,0.0,8.0,12.0
Q-LEC-L17,Qualifying,LEC,0.6125,49.154938,306.655864,100.0,0.0,8.0,12.0
Q-LEC-L17,Qualifying,LEC,0.615,49.30816,307.817998,100.0,0.0,8.0,12.0
Q-LEC-L17,Qualifying,LEC,0.6175,49.460935,309.091125,100.0,0.0,8.0,12.0
Q-LEC-L17,Qualifying,LEC,0.62,49.613359,310.433589,100.0,0.0,8.0,12.0
Q-LEC-L17,Qualifying,LEC,0.6225,49.764906,311.949061,100.0,0.0,8.0,12.0
Q-LEC-L17,Qualifying,LEC,0.625,49.915517,313.455175,100.0,0.0,8.0,12.0
Q-LEC-L17,Qualifying,LEC,0.6275,50.065486,314.477431,100.0,0.0,8.0,12.0
Q-LEC-L17,Qualifying,LEC,0.63,50.215109,315.225544,100.0,0.0,8.0,12.0
Q-LEC-L17,Qualifying,LEC,0.6325,50.364732,315.973658,100.0,0.0,8.0,12.0
Q-LEC-L17,Qualifying,LEC,0.635,50.51367,316.598626,100.0,0.0,8.0,12.0
Q-LEC-L17,Qualifying,LEC,0.6375,50.662336,317.523359,100.0,0.0,8.0,12.0
Q-LEC-L17,Qualifying,LEC,0.64,50.810545,319.001513,99.998487,0.0,8.0,12.0
Q-LEC-L17,Qualifying,LEC,0.6425,50.95806,319.411278,99.588722,0.0,8.0,12.0
Q-LEC-L17,Qualifying,LEC,0.645,51.105575,319.821042,99.178958,0.0,8.0,12.0
Q-LEC-L17,Qualifying,LEC,0.6475,51.252831,320.188253,99.0,0.0,8.0,12.0
Q-LEC-L17,Qualifying,LEC,0.65,51.399887,320.522469,99.0,0.0,8.0,12.0
Q-LEC-L17,Qualifying,LEC,0.6525,51.546942,320.856686,99.0,0.0,8.0,12.0
Q-LEC-L17,Qualifying,LEC,0.655,51.693736,321.190308,99.190308,0.0,8.0,12.0
Q-LEC-L17,Qualifying,LEC,0.6575,51.840333,321.523485,99.523485,0.0,8.0,12.0
Q-LEC-L17,Qualifying,LEC,0.66,51.986931,321.856661,99.856661,0.0,8.0,12.0
Q-LEC-L17,Qualifying,LEC,0.6625,52.13327,322.189249,100.0,0.0,8.0,12.0
Q-LEC-L17,Qualifying,LEC,0.665,52.279413,322.521393,100.0,0.0,8.0,12.0
Q-LEC-L17,Qualifying,LEC,0.6675,52.425556,322.853536,100.0,0.0,8.0,12.0
Q-LEC-L17,Qualifying,LEC,0.67,52.571699,322.591504,100.0,0.0,8.0,12.0
Q-LEC-L17,Qualifying,LEC,0.6725,52.717929,321.860355,96.648527,0.0,8.0,12.0
Q-LEC-L17,Qualifying,LEC,0.675,52.864527,321.127367,79.056801,0.0,8.0,8.0
Q-LEC-L17,Qualifying,LEC,0.6775,53.022229,301.586854,48.528567,0.0,8.0,8.0
Q-LEC-L17,Qualifying,LEC,0.68,53.182267,278.090982,15.279691,100.0,8.0,8.0
Q-LEC-L17,Qualifying,LEC,0.6825,53.355021,260.91616,1.0,100.0,8.0,8.0
Q-LEC-L17,Qualifying,LEC,0.685,53.538013,247.798106,1.0,100.0,7.0,8.0
Q-LEC-L17,Qualifying,LEC,0.6875,53.740272,222.989111,1.0,100.0,6.0,8.0
Q-LEC-L17,Qualifying,LEC,0.69,53.955157,215.778307,1.0,100.0,5.0,8.0
Q-LEC-L17,Qualifying,LEC,0.6925,54.175612,212.65416,3.69168,100.0,5.0,8.0
Q-LEC-L17,Qualifying,LEC,0.695,54.400387,206.60084,9.052941,0.0,5.0,8.0
Q-LEC-L17,Qualifying,LEC,0.6975,54.634858,195.305096,17.011253,0.0,5.0,8.0
Q-LEC-L17,Qualifying,LEC,0.7,54.877748,192.421916,28.734252,0.0,5.0,8.0
Q-LEC-L17,Qualifying,LEC,0.7025,55.125718,187.851174,44.381215,0.0,5.0,8.0
Q-LEC-L17,Qualifying,LEC,0.705,55.37721,187.0,58.0,0.0,5.0,8.0
Q-LEC-L17,Qualifying,LEC,0.7075,55.626332,188.435079,62.664006,0.0,5.0,8.0
Q-LEC-L17,Qualifying,LEC,0.71,55.873093,191.032553,71.105797,0.0,5.0,8.0
Q-LEC-L17,Qualifying,LEC,0.7125,56.119853,193.630027,79.547588,0.0,5.0,8.0
Q-LEC-L17,Qualifying,LEC,0.715,56.362207,196.963615,88.488263,0.0,5.0,8.0
Q-LEC-L17,Qualifying,LEC,0.7175,56.599643,201.118756,97.985728,0.0,5.0,8.0
Q-LEC-L17,Qualifying,LEC,0.72,56.829398,206.983272,100.0,0.0,5.0,8.0
Q-LEC-L17,Qualifying,LEC,0.7225,57.055019,213.012917,100.0,0.0,5.0,8.0
Q-LEC-L17,Qualifying,LEC,0.725,57.272714,217.911075,100.0,0.0,5.0,8.0
Q-LEC-L17,Qualifying,LEC,0.7275,57.488418,221.980228,100.0,0.0,5.0,8.0
Q-LEC-L17,Qualifying,LEC,0.73,57.698407,224.751006,100.0,0.0,5.0,8.0
Q-LEC-L17,Qualifying,LEC,0.7325,57.906952,227.594802,100.0,0.0,6.0,8.0
Q-LEC-L17,Qualifying,LEC,0.735,58.113438,230.551563,100.0,0.0,6.0,8.0
Q-LEC-L17,Qualifying,LEC,0.7375,58.315845,235.969178,100.0,0.0,6.0,8.0
Q-LEC-L17,Qualifying,LEC,0.74,58.514254,238.721272,100.0,0.0,6.0,8.0
Q-LEC-L17,Qualifying,LEC,0.7425,58.709529,242.488232,100.0,0.0,6.0,8.0
Q-LEC-L17,Qualifying,LEC,0.745,58.90269,247.053792,100.0,0.0,6.0,8.0
Q-LEC-L17,Qualifying,LEC,0.7475,59.091973,250.476966,99.904607,0.0,6.0,8.0
Q-LEC-L17,Qualifying,LEC,0.75,59.278631,252.598081,99.480384,0.0,6.0,8.0
Q-LEC-L17,Qualifying,LEC,0.7525,59.465289,254.719196,99.056161,0.0,6.0,8.0
Q-LEC-L17,Qualifying,LEC,0.755,59.649112,258.953084,99.988271,0.0,6.0,8.0
Q-LEC-L17,Qualifying,LEC,0.7575,59.828699,262.887155,100.0,0.0,7.0,8.0
Q-LEC-L17,Qualifying,LEC,0.76,60.007687,266.229292,100.0,0.0,7.0,8.0
Q-LEC-L17,Qualifying,LEC,0.7625,60.18424,267.266865,100.0,0.0,7.0,8.0
Q-LEC-L17,Qualifying,LEC,0.765,60.360102,268.148381,100.0,0.0,7.0,8.0
Q-LEC-L17,Qualifying,LEC,0.7675,60.535866,269.114064,100.0,0.0,7.0,8.0
Q-LEC-L17,Qualifying,LEC,0.77,60.708825,272.477145,100.0,0.0,7.0,8.0
Q-LEC-L17,Qualifying,LEC,0.7725,60.881783,275.840225,100.0,0.0,7.0,8.0
Q-LEC-L17,Qualifying,LEC,0.775,61.052652,276.0,100.0,0.0,7.0,8.0
Q-LEC-L17,Qualifying,LEC,0.7775,61.223321,276.133209,100.0,0.0,7.0,8.0
Q-LEC-L17,Qualifying,LEC,0.78,61.392857,277.828575,100.0,0.0,7.0,8.0
Q-LEC-L17,Qualifying,LEC,0.7825,61.562394,279.52394,100.0,0.0,7.0,8.0
Q-LEC-L17,Qualifying,LEC,0.785,61.730629,281.206289,100.0,0.0,7.0,8.0
Q-LEC-L17,Qualifying,LEC,0.7875,61.898198,281.559008,100.0,0.0,7.0,8.0
Q-LEC-L17,Qualifying,LEC,0.79,62.065726,281.0,100.0,0.0,7.0,8.0
Q-LEC-L17,Qualifying,LEC,0.7925,62.233453,281.0,100.0,0.0,7.0,8.0
Q-LEC-L17,Qualifying,LEC,0.795,62.401179,281.0,100.0,0.0,7.0,8.0
Q-LEC-L17,Qualifying,LEC,0.7975,62.568624,281.660932,100.0,0.0,7.0,8.0
Q-LEC-L17,Qualifying,LEC,0.8,62.735748,282.535923,100.0,0.0,7.0,8.0
Q-LEC-L17,Qualifying,LEC,0.8025,62.904252,280.840062,100.0,0.0,7.0,8.0
Q-LEC-L17,Qualifying,LEC,0.805,63.074094,276.947849,100.0,100.0,7.0,8.0
Q-LEC-L17,Qualifying,LEC,0.8075,63.243936,273.055635,100.0,100.0,7.0,8.0
Q-LEC-L17,Qualifying,LEC,0.81,63.416281,272.0,21.074481,100.0,7.0,8.0
Q-LEC-L17,Qualifying,LEC,0.8125,63.603994,232.731496,0.769971,100.0,7.0,8.0
Q-LEC-L17,Qualifying,LEC,0.815,63.823838,193.0,1.138379,100.0,7.0,8.0
Q-LEC-L17,Qualifying,LEC,0.8175,64.073467,185.519985,3.226667,100.0,7.0,8.0
Q-LEC-L17,Qualifying,LEC,0.82,64.345707,160.0,4.464222,100.0,5.0,8.0
Q-LEC-L17,Qualifying,LEC,0.8225,64.65603,144.246228,7.181533,100.0,3.0,8.0
Q-LEC-L17,Qualifying,LEC,0.825,65.022202,115.079952,11.460024,100.0,3.0,8.0
Q-LEC-L17,Qualifying,LEC,0.8275,65.441951,110.440245,29.377427,0.0,3.0,8.0
Q-LEC-L17,Qualifying,LEC,0.83,65.865269,112.340245,42.742699,0.0,3.0,8.0
Q-LEC-L17,Qualifying,LEC,0.8325,66.276171,119.569276,55.630808,0.0,3.0,8.0
Q-LEC-L17,Qualifying,LEC,0.835,66.649986,129.71968,65.98085,0.0,3.0,8.0
Q-LEC-L17,Qualifying,LEC,0.8375,67.000403,143.619334,74.759579,0.0,3.0,8.0
Q-LEC-L17,Qualifying,LEC,0.84,67.320338,149.0,50.946165,0.0,3.0,8.0
Q-LEC-L17,Qualifying,LEC,0.8425,67.637283,148.479769,43.479769,0.0,4.0,8.0
Q-LEC-L17,Qualifying,LEC,0.845,67.955154,148.0,43.0,0.0,4.0,8.0
Q-LEC-L17,Qualifying,LEC,0.8475,68.274365,147.121827,42.609136,0.0,4.0,8.0
Q-LEC-L17,Qualifying,LEC,0.85,68.591974,149.183114,52.126829,0.0,4.0,8.0
Q-LEC-L17,Qualifying,LEC,0.8525,68.904699,153.959332,61.775599,0.0,4.0,8.0
Q-LEC-L17,Qualifying,LEC,0.855,69.207126,157.156896,67.385632,0.0,4.0,8.0
Q-LEC-L17,Qualifying,LEC,0.8575,69.500945,164.983078,48.341316,0.0,4.0,8.0
Q-LEC-L17,Qualifying,LEC,0.86,69.787919,163.510405,36.510405,0.0,4.0,8.0
Q-LEC-L17,Qualifying,LEC,0.8625,70.078489,160.643892,39.926846,0.0,4.0,8.0
Q-LEC-L17,Qualifying,LEC,0.865,70.373598,159.0,49.625516,0.0,4.0,8.0
Q-LEC-L17,Qualifying,LEC,0.8675,70.669772,159.282453,55.353066,0.0,4.0,8.0
Q-LEC-L17,Qualifying,LEC,0.87,70.961628,163.564784,60.451827,0.0,4.0,8.0
Q-LEC-L17,Qualifying,LEC,0.8725,71.24483,168.79159,66.849724,0.0,4.0,8.0
Q-LEC-L17,Qualifying,LEC,0.875,71.517264,174.983283,89.139819,0.0,4.0,8.0
Q-LEC-L17,Qualifying,LEC,0.8775,71.783524,182.005732,100.0,0.0,4.0,8.0
Q-LEC-L17,Qualifying,LEC,0.88,72.035709,190.63248,100.0,0.0,5.0,8.0
Q-LEC-L17,Qualifying,LEC,0.8825,72.278032,198.934386,100.0,0.0,5.0,8.0
Q-LEC-L17,Qualifying,LEC,0.885,72.50838,207.381445,99.615611,0.0,5.0,8.0
Q-LEC-L17,Qualifying,LEC,0.8875,72.733727,216.074179,99.018545,0.0,5.0,8.0
Q-LEC-L17,Qualifying,LEC,0.89,72.949378,220.689158,99.923427,0.0,5.0,8.0
Q-LEC-L17,Qualifying,LEC,0.8925,73.159316,228.561847,99.048684,0.0,5.0,8.0
Q-LEC-L17,Qualifying,LEC,0.895,73.361206,233.755138,99.475514,0.0,5.0,8.0
Q-LEC-L17,Qualifying,LEC,0.8975,73.562621,238.790519,99.979052,0.0,6.0,8.0
Q-LEC-L17,Qualifying,LEC,0.9,73.75879,241.719757,100.0,0.0,6.0,8.0
Q-LEC-L17,Qualifying,LEC,0.9025,73.95181,246.424083,100.0,0.0,6.0,8.0
Q-LEC-L17,Qualifying,LEC,0.905,74.140712,250.097187,100.0,0.0,6.0,8.0
Q-LEC-L17,Qualifying,LEC,0.9075,74.328685,253.402965,100.0,0.0,6.0,8.0
Q-LEC-L17,Qualifying,LEC,0.91,74.513151,255.32449,100.0,0.0,6.0,8.0
Q-LEC-L17,Qualifying,LEC,0.9125,74.697617,257.246015,100.0,0.0,6.0,8.0
Q-LEC-L17,Qualifying,LEC,0.915,74.880783,258.395654,100.0,0.0,6.0,8.0
Q-LEC-L17,Qualifying,LEC,0.9175,75.063008,259.139372,100.0,0.0,7.0,8.0
Q-LEC-L17,Qualifying,LEC,0.92,75.243934,261.077863,100.0,0.0,7.0,8.0
Q-LEC-L17,Qualifying,LEC,0.9225,75.423958,262.587237,100.0,0.0,7.0,8.0
Q-LEC-L17,Qualifying,LEC,0.925,75.603164,263.707274,100.0,0.0,7.0,8.0
Q-LEC-L17,Qualifying,LEC,0.9275,75.781868,264.0,100.0,0.0,7.0,8.0
Q-LEC-L17,Qualifying,LEC,0.93,75.960281,264.302809,100.0,0.0,7.0,8.0
Q-LEC-L17,Qualifying,LEC,0.9325,76.138089,266.050554,100.0,0.0,7.0,8.0
Q-LEC-L17,Qualifying,LEC,0.935,76.314801,267.206678,100.0,0.0,7.0,8.0
Q-LEC-L17,Qualifying,LEC,0.9375,76.490664,268.6722,100.0,0.0,7.0,8.0
Q-LEC-L17,Qualifying,LEC,0.94,76.665515,270.355152,100.0,0.0,7.0,8.0
Q-LEC-L17,Qualifying,LEC,0.9425,76.839266,271.910548,99.544726,0.0,7.0,8.0
Q-LEC-L17,Qualifying,LEC,0.945,77.012309,273.211544,99.0,0.0,7.0,8.0
Q-LEC-L17,Qualifying,LEC,0.9475,77.185047,273.140147,93.733398,100.0,7.0,8.0
Q-LEC-L17,Qualifying,LEC,0.95,77.362232,263.015298,31.718703,100.0,7.0,8.0
Q-LEC-L17,Qualifying,LEC,0.9525,77.550784,235.827586,2.007837,100.0,7.0,8.0
Q-LEC-L17,Qualifying,LEC,0.955,77.770082,197.488776,3.0,100.0,6.0,8.0
Q-LEC-L17,Qualifying,LEC,0.9575,78.027925,171.51764,3.0,100.0,6.0,8.0
Q-LEC-L17,Qualifying,LEC,0.96,78.314042,154.448183,4.950779,100.0,4.0,8.0
Q-LEC-L17,Qualifying,LEC,0.9625,78.635732,141.026285,11.617017,100.0,4.0,8.0
Q-LEC-L17,Qualifying,LEC,0.965,78.978663,133.391717,24.608283,0.0,4.0,8.0
Q-LEC-L17,Qualifying,LEC,0.9675,79.332179,133.8177,48.453099,0.0,4.0,8.0
Q-LEC-L17,Qualifying,LEC,0.97,79.678979,137.971133,58.670617,0.0,4.0,8.0
Q-LEC-L17,Qualifying,LEC,0.9725,80.014068,144.076707,70.076707,0.0,4.0,8.0
Q-LEC-L17,Qualifying,LEC,0.975,80.333672,151.534517,90.150888,0.0,4.0,8.0
Q-LEC-L17,Qualifying,LEC,0.9775,80.627242,167.14657,98.857762,0.0,4.0,8.0
Q-LEC-L17,Qualifying,LEC,0.98,80.902812,177.480466,100.0,0.0,4.0,8.0
Q-LEC-L17,Qualifying,LEC,0.9825,81.162563,184.126343,100.0,0.0,5.0,8.0
Q-LEC-L17,Qualifying,LEC,0.985,81.410052,193.558016,100.0,0.0,5.0,8.0
Q-LEC-L17,Qualifying,LEC,0.9875,81.649338,204.162258,100.0,0.0,5.0,8.0
Q-LEC-L17,Qualifying,LEC,0.99,81.874308,210.809092,100.0,0.0,5.0,8.0
Q-LEC-L17,Qualifying,LEC,0.9925,82.097248,216.84371,100.0,0.0,5.0,8.0
Q-LEC-L17,Qualifying,LEC,0.995,82.312951,220.695555,100.0,0.0,5.0,8.0
Q-LEC-L17,Qualifying,LEC,0.9975,82.523777,225.844417,100.0,0.0,5.0,8.0
Q-LEC-L17,Qualifying,LEC,1.0,82.73,232.714286,100.0,0.0,6.0,8.0
R-LEC-L45,Race,LEC,0.0,0.0,229.0,100.0,0.0,5.0,0.0
R-LEC-L45,Race,LEC,0.0025,0.20194,233.120178,99.411403,0.0,6.0,0.0
R-LEC-L45,Race,LEC,0.005,0.401506,237.687648,99.210956,0.0,6.0,0.0
R-LEC-L45,Race,LEC,0.0075,0.596945,242.573633,99.821704,0.0,6.0,0.0
R-LEC-L45,Race,LEC,0.01,0.789284,246.039464,100.0,0.0,6.0,0.0
R-LEC-L45,Race,LEC,0.0125,0.978053,249.660706,100.0,0.0,6.0,0.0
R-LEC-L45,Race,LEC,0.015,1.164956,253.409422,100.0,0.0,6.0,0.0
R-LEC-L45,Race,LEC,0.0175,1.348181,255.913629,100.0,0.0,6.0,0.0
R-LEC-L45,Race,LEC,0.02,1.531405,258.417836,100.0,0.0,6.0,0.0
R-LEC-L45,Race,LEC,0.0225,1.7122,261.591252,100.0,0.0,6.0,0.0
R-LEC-L45,Race,LEC,0.025,1.889866,263.771206,100.0,0.0,6.0,0.0
R-LEC-L45,Race,LEC,0.0275,2.067202,265.786392,100.0,0.0,7.0,0.0
R-LEC-L45,Race,LEC,0.03,2.243618,267.696176,100.0,0.0,7.0,0.0
R-LEC-L45,Race,LEC,0.0325,2.418307,269.550401,100.0,0.0,7.0,0.0
R-LEC-L45,Race,LEC,0.035,2.591716,271.236317,100.0,0.0,7.0,0.0
R-LEC-L45,Race,LEC,0.0375,2.76448,271.956168,100.0,0.0,7.0,0.0
R-LEC-L45,Race,LEC,0.04,2.936649,272.812306,100.0,0.0,7.0,0.0
R-LEC-L45,Race,LEC,0.0425,3.108286,273.559526,100.0,0.0,7.0,0.0
R-LEC-L45,Race,LEC,0.045,3.279309,274.544246,99.818585,0.0,7.0,0.0
R-LEC-L45,Race,LEC,0.0475,3.449565,275.963044,99.345652,0.0,7.0,0.0
R-LEC-L45,Race,LEC,0.05,3.619738,276.674463,99.162769,0.0,7.0,0.0
R-LEC-L45,Race,LEC,0.0525,3.789685,275.464873,99.767563,0.0,7.0,0.0
R-LEC-L45,Race,LEC,0.055,3.964805,267.679695,69.803741,0.0,7.0,0.0
R-LEC-L45,Race,LEC,0.0575,4.143152,255.789844,20.758108,100.0,7.0,0.0
R-LEC-L45,Race,LEC,0.06,4.332935,235.078798,1.589674,100.0,7.0,0.0
R-LEC-L45,Race,LEC,0.0625,4.539614,217.730136,0.432534,100.0,7.0,0.0
R-LEC-L45,Race,LEC,0.065,4.762232,202.889329,0.0,100.0,7.0,0.0
R-LEC-L45,Race,LEC,0.0675,5.004338,186.73023,0.0,100.0,7.0,0.0
R-LEC-L45,Race,LEC,0.07,5.267114,175.35725,0.0,100.0,4.0,0.0
R-LEC-L45,Race,LEC,0.0725,5.536404,169.0,1.523704,0.0,4.0,0.0
R-LEC-L45,Race,LEC,0.075,5.820309,161.32492,27.796411,0.0,4.0,0.0
R-LEC-L45,Race,LEC,0.0775,6.115628,156.752615,52.526155,0.0,4.0,0.0
R-LEC-L45,Race,LEC,0.08,6.410823,160.696278,64.610323,0.0,4.0,0.0
R-LEC-L45,Race,LEC,0.0825,6.699689,165.0,77.817769,0.0,4.0,0.0
R-LEC-L45,Race,LEC,0.085,6.978675,171.233755,99.554732,0.0,4.0,0.0
R-LEC-L45,Race,LEC,0.0875,7.242546,183.221237,99.301517,0.0,4.0,0.0
R-LEC-L45,Race,LEC,0.09,7.494682,193.0341,100.0,0.0,5.0,0.0
R-LEC-L45,Race,LEC,0.0925,7.730563,203.228516,100.0,0.0,5.0,0.0
R-LEC-L45,Race,LEC,0.095,7.959246,206.255275,100.0,0.0,5.0,0.0
R-LEC-L45,Race,LEC,0.0975,8.184147,212.005871,100.0,0.0,5.0,0.0
R-LEC-L45,Race,LEC,0.1,8.401287,219.401821,100.0,0.0,5.0,0.0
R-LEC-L45,Race,LEC,0.1025,8.613123,224.222607,100.0,0.0,5.0,0.0
R-LEC-L45,Race,LEC,0.105,8.818872,230.121792,100.0,0.0,6.0,0.0
R-LEC-L45,Race,LEC,0.1075,9.021298,235.129856,100.0,0.0,6.0,0.0
R-LEC-L45,Race,LEC,0.11,9.218795,238.644031,100.0,0.0,6.0,0.0
R-LEC-L45,Race,LEC,0.1125,9.414282,241.278024,100.0,0.0,6.0,0.0
R-LEC-L45,Race,LEC,0.115,9.608164,243.417163,100.0,0.0,6.0,0.0
R-LEC-L45,Race,LEC,0.1175,9.799727,245.704213,99.765262,0.0,6.0,0.0
R-LEC-L45,Race,LEC,0.12,9.990012,247.74299,99.08567,0.0,6.0,0.0
R-LEC-L45,Race,LEC,0.1225,10.178629,249.638095,99.0,0.0,6.0,0.0
R-LEC-L45,Race,LEC,0.125,10.365493,251.415294,99.471765,0.0,6.0,0.0
R-LEC-L45,Race,LEC,0.1275,10.551784,253.331371,100.0,0.0,6.0,0.0
R-LEC-L45,Race,LEC,0.13,10.735688,256.29063,100.0,0.0,6.0,0.0
R-LEC-L45,Race,LEC,0.1325,10.9182,257.594284,100.0,0.0,7.0,0.0
R-LEC-L45,Race,LEC,0.135,11.099022,259.722532,100.0,0.0,7.0,0.0
R-LEC-L45,Race,LEC,0.1375,11.279082,262.223356,100.0,0.0,7.0,0.0
R-LEC-L45,Race,LEC,0.14,11.457495,263.874965,100.0,0.0,7.0,0.0
R-LEC-L45,Race,LEC,0.1425,11.635016,265.166798,100.0,0.0,7.0,0.0
R-LEC-L45,Race,LEC,0.145,11.811352,266.636267,100.0,0.0,7.0,0.0
R-LEC-L45,Race,LEC,0.1475,11.987191,267.0,100.0,0.0,7.0,0.0
R-LEC-L45,Race,LEC,0.15,12.16274,267.24193,100.0,0.0,7.0,0.0
R-LEC-L45,Race,LEC,0.1525,12.338088,267.868171,100.0,0.0,7.0,0.0
R-LEC-L45,Race,LEC,0.155,12.51292,268.689599,100.0,0.0,7.0,0.0
R-LEC-L45,Race,LEC,0.1575,12.687196,269.701228,100.0,0.0,7.0,0.0
R-LEC-L45,Race,LEC,0.16,12.860544,270.784649,100.0,0.0,7.0,0.0
R-LEC-L45,Race,LEC,0.1625,13.033627,271.866417,100.0,0.0,7.0,0.0
R-LEC-L45,Race,LEC,0.165,13.206152,272.0,100.0,0.0,7.0,0.0
R-LEC-L45,Race,LEC,0.1675,13.378598,272.0,100.0,0.0,7.0,0.0
R-LEC-L45,Race,LEC,0.17,13.550794,272.683968,100.0,0.0,7.0,0.0
R-LEC-L45,Race,LEC,0.1725,13.722924,272.659614,100.0,0.0,7.0,0.0
R-LEC-L45,Race,LEC,0.175,13.895054,272.121707,100.0,0.0,7.0,0.0
R-LEC-L45,Race,LEC,0.1775,14.06694,273.3294,100.0,0.0,7.0,0.0
R-LEC-L45,Race,LEC,0.18,14.238182,274.520912,100.0,0.0,7.0,0.0
R-LEC-L45,Race,LEC,0.1825,14.408515,275.558866,100.0,0.0,7.0,0.0
R-LEC-L45,Race,LEC,0.185,14.578155,276.831166,100.0,0.0,7.0,0.0
R-LEC-L45,Race,LEC,0.1875,14.747672,278.170898,100.0,0.0,7.0,0.0
R-LEC-L45,Race,LEC,0.19,14.915637,280.180306,100.0,0.0,7.0,0.0
R-LEC-L45,Race,LEC,0.1925,15.08256,281.571333,100.0,0.0,7.0,0.0
R-LEC-L45,Race,LEC,0.195,15.249074,282.0,100.0,0.0,7.0,0.0
R-LEC-L45,Race,LEC,0.1975,15.415121,282.502327,100.0,0.0,7.0,0.0
R-LEC-L45,Race,LEC,0.2,15.580865,283.541472,100.0,0.0,7.0,0.0
R-LEC-L45,Race,LEC,0.2025,15.745959,284.656847,100.0,0.0,7.0,0.0
R-LEC-L45,Race,LEC,0.205,15.910539,285.832423,100.0,0.0,7.0,0.0
R-LEC-L45,Race,LEC,0.2075,16.074381,286.582493,100.0,0.0,7.0,0.0
R-LEC-L45,Race,LEC,0.21,16.237771,287.627711,100.0,0.0,7.0,0.0
R-LEC-L45,Race,LEC,0.2125,16.400504,289.058097,100.0,0.0,7.0,0.0
R-LEC-L45,Race,LEC,0.215,16.562527,289.427168,100.0,0.0,7.0,0.0
R-LEC-L45,Race,LEC,0.2175,16.724549,289.796239,100.0,0.0,7.0,0.0
R-LEC-L45,Race,LEC,0.22,16.886322,290.449202,100.0,0.0,7.0,0.0
R-LEC-L45,Race,LEC,0.2225,17.047661,291.0,100.0,0.0,7.0,0.0
R-LEC-L45,Race,LEC,0.225,17.20872,291.2335,100.0,0.0,7.0,0.0
R-LEC-L45,Race,LEC,0.2275,17.369631,291.736345,100.0,0.0,7.0,0.0
R-LEC-L45,Race,LEC,0.23,17.530541,291.826043,100.0,0.0,7.0,0.0
R-LEC-L45,Race,LEC,0.2325,17.691452,291.460337,100.0,0.0,7.0,0.0
R-LEC-L45,Race,LEC,0.235,17.852363,291.094631,100.0,0.0,7.0,0.0
R-LEC-L45,Race,LEC,0.2375,18.013478,291.0,100.0,0.0,7.0,0.0
R-LEC-L45,Race,LEC,0.24,18.174665,291.0,100.0,0.0,7.0,0.0
R-LEC-L45,Race,LEC,0.2425,18.336062,290.564064,100.0,0.0,7.0,0.0
R-LEC-L45,Race,LEC,0.245,18.497533,290.0,100.0,0.0,7.0,0.0
R-LEC-L45,Race,LEC,0.2475,18.659298,289.93553,98.409745,0.0,7.0,0.0
R-LEC-L45,Race,LEC,0.25,18.821882,287.496771,38.253696,100.0,7.0,0.0
R-LEC-L45,Race,LEC,0.2525,18.996749,259.240801,10.643847,100.0,7.0,0.0
R-LEC-L45,Race,LEC,0.255,19.185588,230.94123,0.0,100.0,7.0,0.0
R-LEC-L45,Race,LEC,0.2575,19.409009,203.408263,0.0,100.0,7.0,0.0
R-LEC-L45,Race,LEC,0.26,19.649373,173.347036,0.0,100.0,7.0,0.0
R-LEC-L45,Race,LEC,0.2625,19.937768,151.717405,0.0,100.0,6.0,0.0
R-LEC-L45,Race,LEC,0.265,20.266646,137.10891,0.0,100.0,5.0,0.0
R-LEC-L45,Race,LEC,0.2675,20.627059,120.881739,0.0,100.0,3.0,0.0
R-LEC-L45,Race,LEC,0.27,21.043265,106.409317,0.0,100.0,3.0,0.0
R-LEC-L45,Race,LEC,0.2725,21.503325,97.383433,4.007687,0.0,3.0,0.0
R-LEC-L45,Race,LEC,0.275,21.991217,96.080186,37.240557,0.0,3.0,0.0
R-LEC-L45,Race,LEC,0.2775,22.466034,102.029064,49.78633,0.0,3.0,0.0
R-LEC-L45,Race,LEC,0.28,22.905175,112.44698,59.307299,0.0,3.0,0.0
R-LEC-L45,Race,LEC,0.2825,23.295874,128.046844,70.053536,0.0,3.0,0.0
R-LEC-L45,Race,LEC,0.285,23.649415,136.500797,80.626394,0.0,3.0,0.0
R-LEC-L45,Race,LEC,0.2875,23.969756,150.978171,91.210903,0.0,3.0,0.0
R-LEC-L45,Race,LEC,0.29,24.26999,168.599536,99.0,0.0,4.0,0.0
R-LEC-L45,Race,LEC,0.2925,24.539034,181.016447,99.22405,0.0,4.0,0.0
R-LEC-L45,Race,LEC,0.295,24.790238,191.1746,99.603175,0.0,4.0,0.0
R-LEC-L45,Race,LEC,0.2975,25.032011,197.212637,99.0,0.0,5.0,0.0
R-LEC-L45,Race,LEC,0.3,25.264934,205.110212,99.0,0.0,5.0,0.0
R-LEC-L45,Race,LEC,0.3025,25.48839,212.809658,99.480966,0.0,5.0,0.0
R-LEC-L45,Race,LEC,0.305,25.7062,219.422214,99.857779,0.0,5.0,0.0
R-LEC-L45,Race,LEC,0.3075,25.916538,225.264947,99.273505,0.0,5.0,0.0
R-LEC-L45,Race,LEC,0.31,26.123708,230.038272,99.0,0.0,6.0,0.0
R-LEC-L45,Race,LEC,0.3125,26.323873,235.652266,99.0,0.0,6.0,0.0
R-LEC-L45,Race,LEC,0.315,26.52194,241.338862,99.169431,0.0,6.0,0.0
R-LEC-L45,Race,LEC,0.3175,26.715007,244.220149,100.0,0.0,6.0,0.0
R-LEC-L45,Race,LEC,0.32,26.905307,247.900115,100.0,0.0,6.0,0.0
R-LEC-L45,Race,LEC,0.3225,27.092554,251.185156,100.0,0.0,6.0,0.0
R-LEC-L45,Race,LEC,0.325,27.279174,254.464083,99.907183,0.0,6.0,0.0
R-LEC-L45,Race,LEC,0.3275,27.462042,257.706411,99.258718,0.0,6.0,0.0
R-LEC-L45,Race,LEC,0.33,27.643014,261.171134,99.0,0.0,6.0,0.0
R-LEC-L45,Race,LEC,0.3325,27.821389,264.248414,99.312104,0.0,6.0,0.0
R-LEC-L45,Race,LEC,0.335,27.998391,266.77701,99.944253,0.0,7.0,0.0
R-LEC-L45,Race,LEC,0.3375,28.172993,270.179852,100.0,0.0,7.0,0.0
R-LEC-L45,Race,LEC,0.34,28.345891,272.099095,99.450452,0.0,7.0,0.0
R-LEC-L45,Race,LEC,0.3425,28.517752,273.683057,99.0,0.0,7.0,0.0
R-LEC-L45,Race,LEC,0.345,28.688628,275.513871,99.0,0.0,7.0,0.0
R-LEC-L45,Race,LEC,0.3475,28.858371,277.036427,99.0,0.0,7.0,0.0
R-LEC-L45,Race,LEC,0.35,29.02713,279.328241,99.33206,0.0,7.0,0.0
R-LEC-L45,Race,LEC,0.3525,29.194006,282.500052,99.749974,0.0,7.0,0.0
R-LEC-L45,Race,LEC,0.355,29.35975,283.881249,99.059375,0.0,7.0,0.0
R-LEC-L45,Race,LEC,0.3575,29.524167,285.123444,99.0,0.0,7.0,0.0
R-LEC-L45,Race,LEC,0.36,29.688459,286.352564,99.0,0.0,7.0,0.0
R-LEC-L45,Race,LEC,0.3625,29.852077,287.77464,99.0,0.0,7.0,0.0
R-LEC-L45,Race,LEC,0.365,30.014661,289.406605,99.203303,0.0,7.0,0.0
R-LEC-L45,Race,LEC,0.3675,30.176387,291.01705,99.991475,0.0,7.0,0.0
R-LEC-L45,Race,LEC,0.37,30.337022,292.164444,99.417778,0.0,7.0,0.0
R-LEC-L45,Race,LEC,0.3725,30.49736,293.309717,99.0,0.0,7.0,0.0
R-LEC-L45,Race,LEC,0.375,30.656903,294.449305,99.0,0.0,8.0,0.0
R-LEC-L45,Race,LEC,0.3775,30.816027,295.341777,99.0,0.0,8.0,0.0
R-LEC-L45,Race,LEC,0.38,30.974754,296.009386,99.003129,0.0,8.0,0.0
R-LEC-L45,Race,LEC,0.3825,31.132419,297.972026,99.657342,0.0,8.0,0.0
R-LEC-L45,Race,LEC,0.385,31.289583,299.372917,99.627083,0.0,8.0,0.0
R-LEC-L45,Race,LEC,0.3875,31.446092,300.129551,99.129551,0.0,8.0,0.0
R-LEC-L45,Race,LEC,0.39,31.602184,300.779931,99.779931,0.0,8.0,0.0
R-LEC-L45,Race,LEC,0.3925,31.757762,301.734014,99.632993,0.0,8.0,0.0
R-LEC-L45,Race,LEC,0.395,31.913078,302.843415,99.078293,0.0,8.0,0.0
R-LEC-L45,Race,LEC,0.3975,32.067954,303.0,99.0,0.0,8.0,0.0
R-LEC-L45,Race,LEC,0.4,32.222757,303.0,99.0,0.0,8.0,0.0
R-LEC-L45,Race,LEC,0.4025,32.377289,303.822893,99.411446,0.0,8.0,0.0
R-LEC-L45,Race,LEC,0.405,32.531404,305.09101,100.0,0.0,8.0,0.0
R-LEC-L45,Race,LEC,0.4075,32.684941,305.474852,100.0,0.0,8.0,0.0
R-LEC-L45,Race,LEC,0.41,32.838477,305.858693,100.0,0.0,8.0,0.0
R-LEC-L45,Race,LEC,0.4125,32.991697,306.483487,100.0,0.0,8.0,0.0
R-LEC-L45,Race,LEC,0.415,33.144572,307.124239,99.875761,0.0,8.0,0.0
R-LEC-L45,Race,LEC,0.4175,33.29711,307.50654,99.49346,0.0,8.0,0.0
R-LEC-L45,Race,LEC,0.42,33.449648,307.888841,99.111159,0.0,8.0,0.0
R-LEC-L45,Race,LEC,0.4225,33.601835,308.539175,99.0,0.0,8.0,0.0
R-LEC-L45,Race,LEC,0.425,33.753782,309.0,99.0,0.0,8.0,0.0
R-LEC-L45,Race,LEC,0.4275,33.905496,309.25748,99.0,0.0,8.0,0.0
R-LEC-L45,Race,LEC,0.43,34.057048,309.993072,99.006928,0.0,8.0,0.0
R-LEC-L45,Race,LEC,0.4325,34.208601,309.648634,99.351366,0.0,8.0,0.0
R-LEC-L45,Race,LEC,0.435,34.360153,309.304197,99.695803,0.0,8.0,0.0
R-LEC-L45,Race,LEC,0.4375,34.511734,309.0,99.944581,0.0,8.0,0.0
R-LEC-L45,Race,LEC,0.44,34.663532,309.0,99.470213,0.0,8.0,0.0
R-LEC-L45,Race,LEC,0.4425,34.815332,308.995839,99.0,0.0,8.0,0.0
R-LEC-L45,Race,LEC,0.445,34.967375,308.520702,99.0,0.0,8.0,0.0
R-LEC-L45,Race,LEC,0.4475,35.119419,308.045566,99.0,0.0,8.0,0.0
R-LEC-L45,Race,LEC,0.45,35.271686,308.0,99.0,0.0,8.0,0.0
R-LEC-L45,Race,LEC,0.4525,35.423976,308.0,99.0,0.0,8.0,0.0
R-LEC-L45,Race,LEC,0.455,35.576335,307.824335,99.0,0.0,8.0,0.0
R-LEC-L45,Race,LEC,0.4575,35.728873,307.191397,99.0,0.0,8.0,0.0
R-LEC-L45,Race,LEC,0.46,35.881411,307.532057,99.0,0.0,8.0,0.0
R-LEC-L45,Race,LEC,0.4625,36.033949,307.852257,99.0,0.0,8.0,0.0
R-LEC-L45,Race,LEC,0.465,36.186488,307.469956,99.0,0.0,8.0,0.0
R-LEC-L45,Race,LEC,0.4675,36.339026,307.087655,99.0,0.0,8.0,0.0
R-LEC-L45,Race,LEC,0.47,36.491947,306.267408,99.0,0.0,8.0,0.0
R-LEC-L45,Race,LEC,0.4725,36.645343,305.538314,99.0,0.0,8.0,0.0
R-LEC-L45,Race,LEC,0.475,36.798921,305.0,99.0,0.0,8.0,0.0
R-LEC-L45,Race,LEC,0.4775,36.953575,303.112374,92.078705,0.0,8.0,0.0
R-LEC-L45,Race,LEC,0.48,37.114486,287.595988,35.18529,100.0,8.0,0.0
R-LEC-L45,Race,LEC,0.4825,37.28474,265.367912,0.0,100.0,8.0,0.0
R-LEC-L45,Race,LEC,0.485,37.470137,232.261292,0.0,100.0,8.0,0.0
R-LEC-L45,Race,LEC,0.4875,37.684527,206.654641,0.0,100.0,7.0,0.0
R-LEC-L45,Race,LEC,0.49,37.92489,183.593455,0.0,100.0,7.0,0.0
R-LEC-L45,Race,LEC,0.4925,38.202261,155.462225,0.0,100.0,6.0,0.0
R-LEC-L45,Race,LEC,0.495,38.537406,124.704257,0.0,100.0,4.0,0.0
R-LEC-L45,Race,LEC,0.4975,38.938434,109.654659,0.0,100.0,2.0,0.0
R-LEC-L45,Race,LEC,0.5,39.426536,85.523836,0.0,100.0,2.0,0.0
R-LEC-L45,Race,LEC,0.5025,40.031905,69.708711,0.0,100.0,2.0,0.0
R-LEC-L45,Race,LEC,0.505,40.716678,70.283471,32.422589,0.0,2.0,0.0
R-LEC-L45,Race,LEC,0.5075,41.337003,84.100089,53.0,0.0,2.0,0.0
R-LEC-L45,Race,LEC,0.51,41.848739,96.620242,39.348188,0.0,2.0,0.0
R-LEC-L45,Race,LEC,0.5125,42.329443,97.688525,23.508197,0.0,3.0,0.0
R-LEC-L45,Race,LEC,0.515,42.812156,97.0,25.498569,0.0,3.0,0.0
R-LEC-L45,Race,LEC,0.5175,43.282582,102.361786,53.715037,0.0,3.0,0.0
R-LEC-L45,Race,LEC,0.52,43.715864,116.071079,68.535539,0.0,3.0,0.0
R-LEC-L45,Race,LEC,0.5225,44.099141,128.573678,85.197501,0.0,3.0,0.0
R-LEC-L45,Race,LEC,0.525,44.430164,150.808207,99.0,0.0,3.0,0.0
R-LEC-L45,Race,LEC,0.5275,44.731052,162.908122,99.0,0.0,4.0,0.0
R-LEC-L45,Race,LEC,0.53,45.004976,175.498806,99.0,0.0,4.0,0.0
R-LEC-L45,Race,LEC,0.5325,45.266244,187.249748,99.656218,0.0,4.0,0.0
R-LEC-L45,Race,LEC,0.535,45.509958,196.248496,99.37515,0.0,5.0,0.0
R-LEC-L45,Race,LEC,0.5375,45.744521,203.23802,99.0,0.0,5.0,0.0
R-LEC-L45,Race,LEC,0.54,45.972694,209.480842,99.0,0.0,5.0,0.0
R-LEC-L45,Race,LEC,0.5425,46.192392,218.111824,99.0,0.0,5.0,0.0
R-LEC-L45,Race,LEC,0.545,46.404971,223.74928,99.949856,0.0,5.0,0.0
R-LEC-L45,Race,LEC,0.5475,46.610127,228.890401,99.51096,0.0,5.0,0.0
R-LEC-L45,Race,LEC,0.55,46.81492,234.023005,99.003286,0.0,6.0,0.0
R-LEC-L45,Race,LEC,0.5525,47.012417,238.960421,99.708632,0.0,6.0,0.0
R-LEC-L45,Race,LEC,0.555,47.206826,243.108891,100.0,0.0,6.0,0.0
R-LEC-L45,Race,LEC,0.5575,47.399061,246.702078,100.0,0.0,6.0,0.0
R-LEC-L45,Race,LEC,0.56,47.587853,250.230888,100.0,0.0,6.0,0.0
R-LEC-L45,Race,LEC,0.5625,47.77325,253.320839,100.0,0.0,6.0,0.0
R-LEC-L45,Race,LEC,0.565,47.95817,256.604244,100.0,0.0,6.0,0.0
R-LEC-L45,Race,LEC,0.5675,48.13962,260.0,100.0,0.0,6.0,0.0
R-LEC-L45,Race,LEC,0.57,48.319729,260.640555,99.893241,0.0,7.0,0.0
R-LEC-L45,Race,LEC,0.5725,48.498077,265.080748,99.153209,0.0,7.0,0.0
R-LEC-L45,Race,LEC,0.575,48.673528,267.929352,99.38587,0.0,7.0,0.0
R-LEC-L45,Race,LEC,0.5775,48.848222,270.362423,99.872485,0.0,7.0,0.0
R-LEC-L45,Race,LEC,0.58,49.021258,272.266244,100.0,0.0,7.0,0.0
R-LEC-L45,Race,LEC,0.5825,49.192627,274.627122,100.0,0.0,7.0,0.0
R-LEC-L45,Race,LEC,0.585,49.362888,277.232403,100.0,0.0,7.0,0.0
R-LEC-L45,Race,LEC,0.5875,49.531613,278.638442,100.0,0.0,7.0,0.0
R-LEC-L45,Race,LEC,0.59,49.699221,280.164569,100.0,0.0,7.0,0.0
R-LEC-L45,Race,LEC,0.5925,49.866442,281.732264,100.0,0.0,7.0,0.0
R-LEC-L45,Race,LEC,0.595,50.031954,283.711919,100.0,0.0,7.0,0.0
R-LEC-L45,Race,LEC,0.5975,50.197114,285.77642,100.0,0.0,7.0,0.0
R-LEC-L45,Race,LEC,0.6,50.360989,286.608286,99.391714,0.0,7.0,0.0
R-LEC-L45,Race,LEC,0.6025,50.524104,287.577073,99.0,0.0,7.0,0.0
R-LEC-L45,Race,LEC,0.605,50.686407,288.932418,99.0,0.0,7.0,0.0
R-LEC-L45,Race,LEC,0.6075,50.84871,290.287764,99.0,0.0,7.0,0.0
R-LEC-L45,Race,LEC,0.61,51.010352,291.474235,99.0,0.0,7.0,0.0
R-LEC-L45,Race,LEC,0.6125,51.171002,292.271435,99.271435,0.0,7.0,0.0
R-LEC-L45,Race,LEC,0.615,51.331362,292.844151,99.844151,0.0,8.0,0.0
R-LEC-L45,Race,LEC,0.6175,51.491127,294.161274,100.0,0.0,8.0,0.0
R-LEC-L45,Race,LEC,0.62,51.650158,295.536846,100.0,0.0,8.0,0.0
R-LEC-L45,Race,LEC,0.6225,51.808623,296.668735,100.0,0.0,8.0,0.0
R-LEC-L45,Race,LEC,0.625,51.966522,297.348507,99.651493,0.0,8.0,0.0
R-LEC-L45,Race,LEC,0.6275,52.124187,297.841211,99.158789,0.0,8.0,0.0
R-LEC-L45,Race,LEC,0.63,52.281317,298.531584,99.265792,0.0,8.0,0.0
R-LEC-L45,Race,LEC,0.6325,52.438191,299.315957,99.657978,0.0,8.0,0.0
R-LEC-L45,Race,LEC,0.635,52.594999,300.0,100.0,0.0,8.0,0.0
R-LEC-L45,Race,LEC,0.6375,52.75135,300.0,100.0,0.0,8.0,0.0
R-LEC-L45,Race,LEC,0.64,52.907681,300.045289,100.0,0.0,8.0,0.0
R-LEC-L45,Race,LEC,0.6425,53.063772,300.602758,100.0,0.0,8.0,0.0
R-LEC-L45,Race,LEC,0.645,53.219864,300.774555,100.0,0.0,8.0,0.0
R-LEC-L45,Race,LEC,0.6475,53.375961,299.990193,100.0,0.0,8.0,0.0
R-LEC-L45,Race,LEC,0.65,53.532574,299.20713,100.0,0.0,8.0,0.0
R-LEC-L45,Race,LEC,0.6525,53.689379,299.0,100.0,0.0,8.0,0.0
R-LEC-L45,Race,LEC,0.655,53.846254,299.0,100.0,0.0,8.0,0.0
R-LEC-L45,Race,LEC,0.6575,54.003128,299.0,100.0,0.0,8.0,0.0
R-LEC-L45,Race,LEC,0.66,54.160003,299.0,100.0,0.0,8.0,0.0
R-LEC-L45,Race,LEC,0.6625,54.317048,298.487198,100.0,0.0,8.0,0.0
R-LEC-L45,Race,LEC,0.665,54.474185,298.300924,100.0,0.0,8.0,0.0
R-LEC-L45,Race,LEC,0.6675,54.631351,298.903605,99.951802,0.0,8.0,0.0
R-LEC-L45,Race,LEC,0.67,54.788752,298.029156,99.514578,0.0,8.0,0.0
R-LEC-L45,Race,LEC,0.6725,54.946153,297.154706,99.077353,0.0,8.0,0.0
R-LEC-L45,Race,LEC,0.675,55.108285,289.051652,59.258262,0.0,8.0,0.0
R-LEC-L45,Race,LEC,0.6775,55.271435,279.394833,10.974164,100.0,8.0,0.0
R-LEC-L45,Race,LEC,0.68,55.449052,262.981048,2.712661,100.0,8.0,0.0
R-LEC-L45,Race,LEC,0.6825,55.629111,245.426516,1.207987,100.0,8.0,0.0
R-LEC-L45,Race,LEC,0.685,55.826008,229.307833,0.14424,100.0,7.0,0.0
R-LEC-L45,Race,LEC,0.6875,56.038697,211.765144,0.0,100.0,7.0,0.0
R-LEC-L45,Race,LEC,0.69,56.265777,200.789694,0.0,100.0,5.0,0.0
R-LEC-L45,Race,LEC,0.6925,56.502077,196.570059,0.0,100.0,4.0,0.0
R-LEC-L45,Race,LEC,0.695,56.749218,185.911634,0.672558,0.0,4.0,0.0
R-LEC-L45,Race,LEC,0.6975,57.006981,177.175473,8.649054,0.0,4.0,0.0
R-LEC-L45,Race,LEC,0.7,57.276872,171.505983,26.757509,0.0,4.0,0.0
R-LEC-L45,Race,LEC,0.7025,57.552281,167.054003,48.756042,0.0,4.0,0.0
R-LEC-L45,Race,LEC,0.705,57.832314,167.929105,61.007468,0.0,4.0,0.0
R-LEC-L45,Race,LEC,0.7075,58.109259,170.508681,64.678242,0.0,4.0,0.0
R-LEC-L45,Race,LEC,0.71,58.382584,173.095034,68.038013,0.0,4.0,0.0
R-LEC-L45,Race,LEC,0.7125,58.649851,176.444251,69.377701,0.0,4.0,0.0
R-LEC-L45,Race,LEC,0.715,58.913154,180.174286,70.869715,0.0,4.0,0.0
R-LEC-L45,Race,LEC,0.7175,59.171515,183.962923,73.444384,0.0,5.0,0.0
R-LEC-L45,Race,LEC,0.72,59.424138,187.537073,79.228455,0.0,5.0,0.0
R-LEC-L45,Race,LEC,0.7225,59.669881,193.372028,86.906893,0.0,5.0,0.0
R-LEC-L45,Race,LEC,0.725,59.909355,199.358885,89.0,0.0,5.0,0.0
R-LEC-L45,Race,LEC,0.7275,60.142132,203.466643,98.533269,0.0,5.0,0.0
R-LEC-L45,Race,LEC,0.73,60.368558,210.485274,100.0,0.0,5.0,0.0
R-LEC-L45,Race,LEC,0.7325,60.588609,215.118013,100.0,0.0,5.0,0.0
R-LEC-L45,Race,LEC,0.735,60.804702,219.767543,100.0,0.0,5.0,0.0
R-LEC-L45,Race,LEC,0.7375,61.016168,223.30894,100.0,0.0,5.0,0.0
R-LEC-L45,Race,LEC,0.74,61.224897,227.226741,100.0,0.0,5.0,0.0
R-LEC-L45,Race,LEC,0.7425,61.428315,233.178938,100.0,0.0,6.0,0.0
R-LEC-L45,Race,LEC,0.745,61.627619,237.340472,99.331906,0.0,6.0,0.0
R-LEC-L45,Race,LEC,0.7475,61.823219,241.692057,99.0,0.0,6.0,0.0
R-LEC-L45,Race,LEC,0.75,62.015586,245.529741,99.254957,0.0,6.0,0.0
R-LEC-L45,Race,LEC,0.7525,62.205487,249.090378,99.848396,0.0,6.0,0.0
R-LEC-L45,Race,LEC,0.755,62.392308,251.724535,100.0,0.0,6.0,0.0
R-LEC-L45,Race,LEC,0.7575,62.578072,254.040797,100.0,0.0,6.0,0.0
R-LEC-L45,Race,LEC,0.76,62.761723,258.356063,100.0,0.0,6.0,0.0
R-LEC-L45,Race,LEC,0.7625,62.941893,261.370285,100.0,0.0,6.0,0.0
R-LEC-L45,Race,LEC,0.765,63.120853,263.419582,100.0,0.0,6.0,0.0
R-LEC-L45,Race,LEC,0.7675,63.297522,266.180026,100.0,0.0,7.0,0.0
R-LEC-L45,Race,LEC,0.77,63.473518,268.297588,100.0,0.0,7.0,0.0
R-LEC-L45,Race,LEC,0.7725,63.648022,269.338527,100.0,0.0,7.0,0.0
R-LEC-L45,Race,LEC,0.775,63.821721,271.0,100.0,0.0,7.0,0.0
R-LEC-L45,Race,LEC,0.7775,63.994804,271.0,100.0,0.0,7.0,0.0
R-LEC-L45,Race,LEC,0.78,64.167887,271.0,100.0,0.0,7.0,0.0
R-LEC-L45,Race,LEC,0.7825,64.34097,271.0,100.0,0.0,7.0,0.0
R-LEC-L45,Race,LEC,0.785,64.513832,271.59534,100.0,0.0,7.0,0.0
R-LEC-L45,Race,LEC,0.7875,64.686221,272.888497,100.0,0.0,7.0,0.0
R-LEC-L45,Race,LEC,0.79,64.858351,272.273747,100.0,0.0,7.0,0.0
R-LEC-L45,Race,LEC,0.7925,65.030657,272.0,100.0,0.0,7.0,0.0
R-LEC-L45,Race,LEC,0.795,65.203155,271.899447,100.0,0.0,7.0,0.0
R-LEC-L45,Race,LEC,0.7975,65.375919,271.282432,100.0,0.0,7.0,0.0
R-LEC-L45,Race,LEC,0.8,65.549029,270.529853,100.0,0.0,7.0,0.0
R-LEC-L45,Race,LEC,0.8025,65.722935,269.27213,89.567192,0.0,7.0,0.0
R-LEC-L45,Race,LEC,0.805,65.897629,267.400403,62.739116,0.0,7.0,0.0
R-LEC-L45,Race,LEC,0.8075,66.086112,247.691233,33.07392,0.0,7.0,0.0
R-LEC-L45,Race,LEC,0.81,66.278348,223.12781,2.636634,100.0,7.0,0.0
R-LEC-L45,Race,LEC,0.8125,66.500972,198.686319,0.0,100.0,7.0,0.0
R-LEC-L45,Race,LEC,0.815,66.755652,174.940707,0.0,100.0,7.0,0.0
R-LEC-L45,Race,LEC,0.8175,67.029625,166.0,0.0,100.0,5.0,0.0
R-LEC-L45,Race,LEC,0.82,67.335968,141.327794,0.88115,100.0,4.0,0.0
R-LEC-L45,Race,LEC,0.8225,67.694039,119.999016,1.000492,100.0,3.0,0.0
R-LEC-L45,Race,LEC,0.825,68.099176,114.0,4.0,100.0,3.0,0.0
R-LEC-L45,Race,LEC,0.8275,68.526069,104.220305,17.691573,0.0,3.0,0.0
R-LEC-L45,Race,LEC,0.83,68.971824,107.306866,42.227464,0.0,3.0,0.0
R-LEC-L45,Race,LEC,0.8325,69.393013,114.006552,57.19254,0.0,3.0,0.0
R-LEC-L45,Race,LEC,0.835,69.792394,124.151805,69.76787,0.0,3.0,0.0
R-LEC-L45,Race,LEC,0.8375,70.154213,128.678079,60.019875,0.0,3.0,0.0
R-LEC-L45,Race,LEC,0.84,70.51227,131.872164,46.924126,0.0,4.0,0.0
R-LEC-L45,Race,LEC,0.8425,70.870327,135.066249,33.828377,0.0,4.0,0.0
R-LEC-L45,Race,LEC,0.845,71.221964,133.33546,40.341842,0.0,4.0,0.0
R-LEC-L45,Race,LEC,0.8475,71.57071,135.57855,47.0,0.0,4.0,0.0
R-LEC-L45,Race,LEC,0.85,71.913871,137.823923,55.471768,0.0,4.0,0.0
R-LEC-L45,Race,LEC,0.8525,72.248849,143.846222,69.661688,0.0,4.0,0.0
R-LEC-L45,Race,LEC,0.855,72.566141,149.895832,63.947916,0.0,4.0,0.0
R-LEC-L45,Race,LEC,0.8575,72.874203,156.176104,68.480086,0.0,4.0,0.0
R-LEC-L45,Race,LEC,0.86,73.168533,161.637581,59.087258,0.0,4.0,0.0
R-LEC-L45,Race,LEC,0.8625,73.456893,164.0,44.348304,0.0,4.0,0.0
R-LEC-L45,Race,LEC,0.865,73.744282,161.737329,35.0,100.0,4.0,0.0
R-LEC-L45,Race,LEC,0.8675,74.043032,154.534276,41.054406,100.0,4.0,0.0
R-LEC-L45,Race,LEC,0.87,74.347057,154.0,49.108811,0.0,4.0,0.0
R-LEC-L45,Race,LEC,0.8725,74.650363,155.090906,57.090892,0.0,4.0,0.0
R-LEC-L45,Race,LEC,0.875,74.951647,156.860294,63.860294,0.0,4.0,0.0
R-LEC-L45,Race,LEC,0.8775,75.240302,165.87673,81.75346,0.0,4.0,0.0
R-LEC-L45,Race,LEC,0.88,75.515276,176.121559,95.121559,0.0,4.0,0.0
R-LEC-L45,Race,LEC,0.8825,75.775294,185.376472,99.0,0.0,4.0,0.0
R-LEC-L45,Race,LEC,0.885,76.023314,193.896499,99.842357,0.0,5.0,0.0
R-LEC-L45,Race,LEC,0.8875,76.259188,202.292419,99.270758,0.0,5.0,0.0
R-LEC-L45,Race,LEC,0.89,76.485441,210.028661,99.0,0.0,5.0,0.0
R-LEC-L45,Race,LEC,0.8925,76.70715,217.328738,99.046963,0.0,5.0,0.0
R-LEC-L45,Race,LEC,0.895,76.919873,222.646817,99.806688,0.0,5.0,0.0
R-LEC-L45,Race,LEC,0.8975,77.127043,228.304342,100.0,0.0,5.0,0.0
R-LEC-L45,Race,LEC,0.9,77.331338,233.695746,100.0,0.0,5.0,0.0
R-LEC-L45,Race,LEC,0.9025,77.529924,237.404822,100.0,0.0,6.0,0.0
R-LEC-L45,Race,LEC,0.905,77.726181,241.084644,100.0,0.0,6.0,0.0
R-LEC-L45,Race,LEC,0.9075,77.920011,243.81264,100.0,0.0,6.0,0.0
R-LEC-L45,Race,LEC,0.91,78.111584,244.981024,90.680267,0.0,6.0,0.0
R-LEC-L45,Race,LEC,0.9125,78.30297,246.099627,80.750931,0.0,6.0,0.0
R-LEC-L45,Race,LEC,0.915,78.492718,248.0,76.808246,0.0,6.0,0.0
R-LEC-L45,Race,LEC,0.9175,78.681853,248.0,80.861137,0.0,6.0,0.0
R-LEC-L45,Race,LEC,0.92,78.8699,249.49889,84.248334,0.0,6.0,0.0
R-LEC-L45,Race,LEC,0.9225,79.057522,251.583577,87.375365,0.0,7.0,0.0
R-LEC-L45,Race,LEC,0.925,79.244248,251.253759,90.984965,0.0,7.0,0.0
R-LEC-L45,Race,LEC,0.9275,79.430482,251.615826,94.463304,0.0,7.0,0.0
R-LEC-L45,Race,LEC,0.93,79.616615,252.461884,97.847536,0.0,7.0,0.0
R-LEC-L45,Race,LEC,0.9325,79.80248,253.0,100.0,0.0,7.0,0.0
R-LEC-L45,Race,LEC,0.935,79.987772,253.263861,100.0,0.0,7.0,0.0
R-LEC-L45,Race,LEC,0.9375,80.172581,254.2694,100.0,0.0,7.0,0.0
R-LEC-L45,Race,LEC,0.94,80.356524,255.587988,100.0,0.0,7.0,0.0
R-LEC-L45,Race,LEC,0.9425,80.539483,257.045692,99.477154,0.0,7.0,0.0
R-LEC-L45,Race,LEC,0.945,80.721731,258.0,78.045707,0.0,7.0,0.0
R-LEC-L45,Race,LEC,0.9475,80.903535,258.0,21.800062,100.0,7.0,0.0
R-LEC-L45,Race,LEC,0.95,81.096497,237.438016,0.874978,100.0,7.0,0.0
R-LEC-L45,Race,LEC,0.9525,81.304614,205.938585,1.819235,100.0,7.0,0.0
R-LEC-L45,Race,LEC,0.955,81.54378,182.38873,1.040751,100.0,7.0,0.0
R-LEC-L45,Race,LEC,0.9575,81.814764,163.668793,2.254777,100.0,7.0,0.0
R-LEC-L45,Race,LEC,0.96,82.125666,140.458384,3.958329,100.0,4.0,0.0
R-LEC-L45,Race,LEC,0.9625,82.474254,131.332566,13.252877,0.0,4.0,0.0
R-LEC-L45,Race,LEC,0.965,82.837863,125.285028,35.931144,0.0,4.0,0.0
R-LEC-L45,Race,LEC,0.9675,83.208817,127.0,43.474237,0.0,4.0,0.0
R-LEC-L45,Race,LEC,0.97,83.575313,129.574781,53.440862,0.0,4.0,0.0
R-LEC-L45,Race,LEC,0.9725,83.929328,135.238805,67.223878,0.0,4.0,0.0
R-LEC-L45,Race,LEC,0.975,84.263128,145.406417,78.262031,0.0,4.0,0.0
R-LEC-L45,Race,LEC,0.9775,84.572959,157.974494,99.350338,0.0,4.0,0.0
R-LEC-L45,Race,LEC,0.98,84.859836,166.241776,98.624178,0.0,4.0,0.0
R-LEC-L45,Race,LEC,0.9825,85.135699,180.021832,100.0,0.0,4.0,0.0
R-LEC-L45,Race,LEC,0.985,85.388611,188.677588,100.0,0.0,4.0,0.0
R-LEC-L45,Race,LEC,0.9875,85.63185,197.598905,100.0,0.0,5.0,0.0
R-LEC-L45,Race,LEC,0.99,85.865792,204.178536,100.0,0.0,5.0,0.0
R-LEC-L45,Race,LEC,0.9925,86.090473,214.773652,100.0,0.0,5.0,0.0
R-LEC-L45,Race,LEC,0.995,86.306286,218.772972,100.0,0.0,5.0,0.0
R-LEC-L45,Race,LEC,0.9975,86.518642,224.4888,100.0,0.0,5.0,0.0
R-LEC-L45,Race,LEC,1.0,86.725,230.428571,100.0,0.0,6.0,0.0
R-PIA-L44,Race,PIA,0.0,0.0,231.0,99.0,0.0,6.0,0.0
R-PIA-L44,Race,PIA,0.0025,0.200963,235.224086,99.0,0.0,6.0,0.0
R-PIA-L44,Race,PIA,0.005,0.399218,239.557459,99.0,0.0,6.0,0.0
R-PIA-L44,Race,PIA,0.0075,0.594658,243.039666,99.0,0.0,6.0,0.0
R-PIA-L44,Race,PIA,0.01,0.786944,245.909606,99.0,0.0,6.0,0.0
R-PIA-L44,Race,PIA,0.0125,0.975864,249.918515,99.0,0.0,6.0,0.0
R-PIA-L44,Race,PIA,0.015,1.163048,253.699011,99.0,0.0,6.0,0.0
R-PIA-L44,Race,PIA,0.0175,1.347144,256.727163,99.0,0.0,6.0,0.0
R-PIA-L44,Race,PIA,0.02,1.529484,259.210985,99.0,0.0,7.0,0.0
R-PIA-L44,Race,PIA,0.0225,1.709432,262.079139,99.0,0.0,7.0,0.0
R-PIA-L44,Race,PIA,0.025,1.888299,265.288667,99.0,0.0,7.0,0.0
R-PIA-L44,Race,PIA,0.0275,2.064408,268.324078,99.0,0.0,7.0,0.0
R-PIA-L44,Race,PIA,0.03,2.239115,270.10672,99.0,0.0,7.0,0.0
R-PIA-L44,Race,PIA,0.0325,2.412278,272.704175,99.0,0.0,7.0,0.0
R-PIA-L44,Race,PIA,0.035,2.584042,273.762115,99.0,0.0,7.0,0.0
R-PIA-L44,Race,PIA,0.0375,2.755626,274.622184,99.0,0.0,7.0,0.0
R-PIA-L44,Race,PIA,0.04,2.926685,275.341734,99.0,0.0,7.0,0.0
R-PIA-L44,Race,PIA,0.0425,3.097335,275.951196,99.0,0.0,7.0,0.0
R-PIA-L44,Race,PIA,0.045,3.267134,277.553575,99.0,0.0,7.0,0.0
R-PIA-L44,Race,PIA,0.0475,3.436411,278.0,99.0,0.0,7.0,0.0
R-PIA-L44,Race,PIA,0.05,3.605286,278.669777,99.0,0.0,7.0,0.0
R-PIA-L44,Race,PIA,0.0525,3.776755,274.605748,69.997934,0.0,7.0,0.0
R-PIA-L44,Race,PIA,0.055,3.949919,267.410583,22.509845,100.0,7.0,0.0
R-PIA-L44,Race,PIA,0.0575,4.127663,257.423181,0.0,100.0,7.0,0.0
R-PIA-L44,Race,PIA,0.06,4.324676,238.526272,0.0,100.0,7.0,0.0
R-PIA-L44,Race,PIA,0.0625,4.529977,216.1298,0.0,100.0,7.0,0.0
R-PIA-L44,Race,PIA,0.065,4.751147,197.255463,0.0,100.0,7.0,0.0
R-PIA-L44,Race,PIA,0.0675,4.997144,184.568508,0.0,100.0,5.0,0.0
R-PIA-L44,Race,PIA,0.07,5.258965,174.595521,0.0,100.0,4.0,0.0
R-PIA-L44,Race,PIA,0.0725,5.533447,169.146797,1.26809,0.0,4.0,0.0
R-PIA-L44,Race,PIA,0.075,5.816237,162.357634,9.781297,0.0,4.0,0.0
R-PIA-L44,Race,PIA,0.0775,6.106924,161.430345,40.504838,0.0,4.0,0.0
R-PIA-L44,Race,PIA,0.08,6.395199,164.079969,71.447903,0.0,4.0,0.0
R-PIA-L44,Race,PIA,0.0825,6.676719,171.117982,93.265744,0.0,4.0,0.0
R-PIA-L44,Race,PIA,0.085,6.945648,177.177795,97.941673,0.0,4.0,0.0
R-PIA-L44,Race,PIA,0.0875,7.205973,188.363071,99.0,0.0,4.0,0.0
R-PIA-L44,Race,PIA,0.09,7.449321,197.618618,99.0,0.0,5.0,0.0
R-PIA-L44,Race,PIA,0.0925,7.682064,205.93084,99.0,0.0,5.0,0.0
R-PIA-L44,Race,PIA,0.095,7.906898,212.639588,99.786804,0.0,5.0,0.0
R-PIA-L44,Race,PIA,0.0975,8.125355,217.333872,99.0,0.0,5.0,0.0
R-PIA-L44,Race,PIA,0.1,8.33881,222.002686,99.0,0.0,5.0,0.0
R-PIA-L44,Race,PIA,0.1025,8.549635,225.955651,99.0,0.0,5.0,0.0
R-PIA-L44,Race,PIA,0.105,8.755796,230.077278,99.0,0.0,6.0,0.0
R-PIA-L44,Race,PIA,0.1075,8.955431,235.594814,99.0,0.0,6.0,0.0
R-PIA-L44,Race,PIA,0.11,9.154956,241.049141,98.680581,0.0,6.0,0.0
R-PIA-L44,Race,PIA,0.1125,9.348999,243.184995,85.445015,0.0,6.0,0.0
R-PIA-L44,Race,PIA,0.115,9.541952,244.093599,83.0,0.0,6.0,0.0
R-PIA-L44,Race,PIA,0.1175,9.734238,244.694493,83.0,0.0,6.0,0.0
R-PIA-L44,Race,PIA,0.12,9.926331,245.0,83.472836,0.0,6.0,0.0
R-PIA-L44,Race,PIA,0.1225,10.118224,245.0,84.434708,0.0,6.0,0.0
R-PIA-L44,Race,PIA,0.125,10.309636,245.653489,86.960466,0.0,6.0,0.0
R-PIA-L44,Race,PIA,0.1275,10.500362,247.238468,91.715405,0.0,6.0,0.0
R-PIA-L44,Race,PIA,0.13,10.689506,249.218825,95.218825,0.0,6.0,0.0
R-PIA-L44,Race,PIA,0.1325,10.877186,251.564829,97.564829,0.0,6.0,0.0
R-PIA-L44,Race,PIA,0.135,11.063721,254.344777,99.0,0.0,6.0,0.0
R-PIA-L44,Race,PIA,0.1375,11.247328,257.191603,97.411195,0.0,6.0,0.0
R-PIA-L44,Race,PIA,0.14,11.42947,259.468376,94.375499,0.0,6.0,0.0
R-PIA-L44,Race,PIA,0.1425,11.609946,261.724323,91.36757,0.0,7.0,0.0
R-PIA-L44,Race,PIA,0.145,11.789215,262.393036,89.427855,0.0,7.0,0.0
R-PIA-L44,Race,PIA,0.1475,11.968315,262.840788,87.636848,0.0,7.0,0.0
R-PIA-L44,Race,PIA,0.15,12.147196,263.0,87.0,0.0,7.0,0.0
R-PIA-L44,Race,PIA,0.1525,12.325957,263.0,86.330217,0.0,7.0,0.0
R-PIA-L44,Race,PIA,0.155,12.504503,263.703143,86.0,0.0,7.0,0.0
R-PIA-L44,Race,PIA,0.1575,12.682676,264.0,86.816725,0.0,7.0,0.0
R-PIA-L44,Race,PIA,0.16,12.861041,263.254794,87.0,0.0,7.0,0.0
R-PIA-L44,Race,PIA,0.1625,13.039948,262.645574,91.253114,0.0,7.0,0.0
R-PIA-L44,Race,PIA,0.165,13.219049,262.14945,97.206599,0.0,7.0,0.0
R-PIA-L44,Race,PIA,0.1675,13.397203,263.729845,99.0,0.0,7.0,0.0
R-PIA-L44,Race,PIA,0.17,13.574949,266.205422,99.0,0.0,7.0,0.0
R-PIA-L44,Race,PIA,0.1725,13.751342,267.593742,99.0,0.0,7.0,0.0
R-PIA-L44,Race,PIA,0.175,13.92692,268.0,99.0,0.0,7.0,0.0
R-PIA-L44,Race,PIA,0.1775,14.101527,269.369091,99.0,0.0,7.0,0.0
R-PIA-L44,Race,PIA,0.18,14.275653,271.545662,99.0,0.0,7.0,0.0
R-PIA-L44,Race,PIA,0.1825,14.448515,272.853216,99.0,0.0,7.0,0.0
R-PIA-L44,Race,PIA,0.185,14.619688,274.476879,99.0,0.0,7.0,0.0
R-PIA-L44,Race,PIA,0.1875,14.790648,276.186476,99.0,0.0,7.0,0.0
R-PIA-L44,Race,PIA,0.19,14.96064,277.886403,99.0,0.0,7.0,0.0
R-PIA-L44,Race,PIA,0.1925,15.129343,279.40959,99.0,0.0,7.0,0.0
R-PIA-L44,Race,PIA,0.195,15.29725,280.608925,99.0,0.0,7.0,0.0
R-PIA-L44,Race,PIA,0.1975,15.464354,282.395701,99.0,0.0,7.0,0.0
R-PIA-L44,Race,PIA,0.2,15.630445,283.420951,99.0,0.0,7.0,0.0
R-PIA-L44,Race,PIA,0.2025,15.796264,284.021321,99.0,0.0,7.0,0.0
R-PIA-L44,Race,PIA,0.205,15.961515,284.847576,99.0,0.0,7.0,0.0
R-PIA-L44,Race,PIA,0.2075,16.125826,286.115213,99.0,0.0,7.0,0.0
R-PIA-L44,Race,PIA,0.21,16.289923,287.482692,99.0,0.0,7.0,0.0
R-PIA-L44,Race,PIA,0.2125,16.453313,288.361833,99.0,0.0,7.0,0.0
R-PIA-L44,Race,PIA,0.215,16.616273,288.943833,99.0,0.0,7.0,0.0
R-PIA-L44,Race,PIA,0.2175,16.778471,290.220595,99.0,0.0,7.0,0.0
R-PIA-L44,Race,PIA,0.22,16.940119,291.378437,99.0,0.0,7.0,0.0
R-PIA-L44,Race,PIA,0.2225,17.101125,292.272918,99.0,0.0,7.0,0.0
R-PIA-L44,Race,PIA,0.225,17.261978,293.083504,98.916496,0.0,7.0,0.0
R-PIA-L44,Race,PIA,0.2275,17.422162,293.529698,98.470302,0.0,7.0,0.0
R-PIA-L44,Race,PIA,0.23,17.582345,293.975892,98.024108,0.0,7.0,0.0
R-PIA-L44,Race,PIA,0.2325,17.742015,294.418323,98.0,0.0,7.0,0.0
R-PIA-L44,Race,PIA,0.235,17.901654,294.860538,98.0,0.0,7.0,0.0
R-PIA-L44,Race,PIA,0.2375,18.061109,295.0,98.77935,0.0,7.0,0.0
R-PIA-L44,Race,PIA,0.24,18.220478,295.0,99.917701,0.0,7.0,0.0
R-PIA-L44,Race,PIA,0.2425,18.381623,292.61964,65.994855,0.0,7.0,0.0
R-PIA-L44,Race,PIA,0.245,18.542905,290.053778,29.339679,100.0,7.0,0.0
R-PIA-L44,Race,PIA,0.2475,18.70734,283.58246,0.0,100.0,7.0,0.0
R-PIA-L44,Race,PIA,0.25,18.884417,261.447842,0.0,100.0,7.0,0.0
R-PIA-L44,Race,PIA,0.2525,19.071953,239.244455,0.0,100.0,7.0,0.0
R-PIA-L44,Race,PIA,0.255,19.31182,216.696959,0.0,100.0,7.0,0.0
R-PIA-L44,Race,PIA,0.2575,19.551687,194.149463,0.0,100.0,7.0,0.0
R-PIA-L44,Race,PIA,0.26,19.791554,171.601967,0.0,100.0,7.0,0.0
R-PIA-L44,Race,PIA,0.2625,20.031421,149.054471,0.0,100.0,7.0,0.0
R-PIA-L44,Race,PIA,0.265,20.36051,136.361745,0.0,100.0,4.0,0.0
R-PIA-L44,Race,PIA,0.2675,20.734619,118.043157,0.0,100.0,3.0,0.0
R-PIA-L44,Race,PIA,0.27,21.15094,108.519869,0.0,100.0,3.0,0.0
R-PIA-L44,Race,PIA,0.2725,21.599258,100.55696,1.772161,0.0,3.0,0.0
R-PIA-L44,Race,PIA,0.275,22.076908,96.039078,30.117235,0.0,3.0,0.0
R-PIA-L44,Race,PIA,0.2775,22.551314,101.998453,48.987626,0.0,3.0,0.0
R-PIA-L44,Race,PIA,0.28,22.987667,114.323988,69.26983,0.0,3.0,0.0
R-PIA-L44,Race,PIA,0.2825,23.369744,131.282354,81.629066,0.0,3.0,0.0
R-PIA-L44,Race,PIA,0.285,23.7155,141.633931,92.721435,0.0,3.0,0.0
R-PIA-L44,Race,PIA,0.2875,24.029466,156.94922,99.0,0.0,3.0,0.0
R-PIA-L44,Race,PIA,0.29,24.316516,175.183457,99.0,0.0,4.0,0.0
R-PIA-L44,Race,PIA,0.2925,24.575546,185.706547,99.0,0.0,4.0,0.0
R-PIA-L44,Race,PIA,0.295,24.823497,192.80244,99.0,0.0,5.0,0.0
R-PIA-L44,Race,PIA,0.2975,25.063107,201.577439,99.0,0.0,5.0,0.0
R-PIA-L44,Race,PIA,0.3,25.291456,210.183685,99.0,0.0,5.0,0.0
R-PIA-L44,Race,PIA,0.3025,25.511815,217.955846,99.0,0.0,5.0,0.0
R-PIA-L44,Race,PIA,0.305,25.723627,223.282182,99.0,0.0,5.0,0.0
R-PIA-L44,Race,PIA,0.3075,25.932241,228.148015,99.0,0.0,5.0,0.0
R-PIA-L44,Race,PIA,0.31,26.136837,232.869286,99.0,0.0,6.0,0.0
R-PIA-L44,Race,PIA,0.3125,26.336113,239.0,99.0,0.0,6.0,0.0
R-PIA-L44,Race,PIA,0.315,26.532824,239.0,99.0,0.0,6.0,0.0
R-PIA-L44,Race,PIA,0.3175,26.728126,241.10472,99.0,0.0,6.0,0.0
R-PIA-L44,Race,PIA,0.32,26.920019,248.300729,99.0,0.0,6.0,0.0
R-PIA-L44,Race,PIA,0.3225,27.107437,253.244606,99.0,0.0,6.0,0.0
R-PIA-L44,Race,PIA,0.325,27.292167,256.836589,99.0,0.0,6.0,0.0
R-PIA-L44,Race,PIA,0.3275,27.474256,259.746513,99.0,0.0,6.0,0.0
R-PIA-L44,Race,PIA,0.33,27.654643,262.376343,99.0,0.0,7.0,0.0
R-PIA-L44,Race,PIA,0.3325,27.832054,265.325003,99.0,0.0,7.0,0.0
R-PIA-L44,Race,PIA,0.335,28.009251,268.102206,99.0,0.0,7.0,0.0
R-PIA-L44,Race,PIA,0.3375,28.183992,269.499871,99.0,0.0,7.0,0.0
R-PIA-L44,Race,PIA,0.34,28.357155,272.205553,99.0,0.0,7.0,0.0
R-PIA-L44,Race,PIA,0.3425,28.529472,275.070912,99.0,0.0,7.0,0.0
R-PIA-L44,Race,PIA,0.345,28.699399,277.711415,99.0,0.0,7.0,0.0
R-PIA-L44,Race,PIA,0.3475,28.86821,279.520106,99.0,0.0,7.0,0.0
R-PIA-L44,Race,PIA,0.35,29.035265,281.392541,99.0,0.0,7.0,0.0
R-PIA-L44,Race,PIA,0.3525,29.201686,283.287997,99.0,0.0,7.0,0.0
R-PIA-L44,Race,PIA,0.355,29.36791,285.200125,99.0,0.0,7.0,0.0
R-PIA-L44,Race,PIA,0.3575,29.532146,287.151046,99.0,0.0,7.0,0.0
R-PIA-L44,Race,PIA,0.36,29.695389,288.317066,99.0,0.0,7.0,0.0
R-PIA-L44,Race,PIA,0.3625,29.858166,289.372109,99.0,0.0,7.0,0.0
R-PIA-L44,Race,PIA,0.365,30.020283,290.270264,99.0,0.0,7.0,0.0
R-PIA-L44,Race,PIA,0.3675,30.18214,291.226048,99.0,0.0,7.0,0.0
R-PIA-L44,Race,PIA,0.37,30.342871,292.431534,99.0,0.0,7.0,0.0
R-PIA-L44,Race,PIA,0.3725,30.503603,293.637019,99.0,0.0,7.0,0.0
R-PIA-L44,Race,PIA,0.375,30.663382,295.392274,99.0,0.0,8.0,0.0
R-PIA-L44,Race,PIA,0.3775,30.821821,296.823654,99.0,0.0,8.0,0.0
R-PIA-L44,Race,PIA,0.38,30.979851,298.008879,99.0,0.0,8.0,0.0
R-PIA-L44,Race,PIA,0.3825,31.137708,299.128539,99.0,0.0,8.0,0.0
R-PIA-L44,Race,PIA,0.385,31.294682,299.913412,99.0,0.0,8.0,0.0
R-PIA-L44,Race,PIA,0.3875,31.450961,300.579005,99.0,0.0,8.0,0.0
R-PIA-L44,Race,PIA,0.39,31.607154,301.229807,99.0,0.0,8.0,0.0
R-PIA-L44,Race,PIA,0.3925,31.763346,301.880609,99.0,0.0,8.0,0.0
R-PIA-L44,Race,PIA,0.395,31.918906,302.793163,99.0,0.0,8.0,0.0
R-PIA-L44,Race,PIA,0.3975,32.073921,303.381003,99.0,0.0,8.0,0.0
R-PIA-L44,Race,PIA,0.4,32.228827,303.865084,99.0,0.0,8.0,0.0
R-PIA-L44,Race,PIA,0.4025,32.383549,304.0,99.0,0.0,8.0,0.0
R-PIA-L44,Race,PIA,0.405,32.5382,304.0,99.0,0.0,8.0,0.0
R-PIA-L44,Race,PIA,0.4075,32.692783,304.129892,99.0,0.0,8.0,0.0
R-PIA-L44,Race,PIA,0.41,32.846927,305.093292,99.0,0.0,8.0,0.0
R-PIA-L44,Race,PIA,0.4125,33.001026,306.056065,99.0,0.0,8.0,0.0
R-PIA-L44,Race,PIA,0.415,33.154411,307.002947,99.0,0.0,8.0,0.0
R-PIA-L44,Race,PIA,0.4175,33.307302,307.322134,99.0,0.0,8.0,0.0
R-PIA-L44,Race,PIA,0.42,33.460193,307.641322,99.0,0.0,8.0,0.0
R-PIA-L44,Race,PIA,0.4225,33.613084,307.960509,99.0,0.0,8.0,0.0
R-PIA-L44,Race,PIA,0.425,33.765757,308.0,99.0,0.0,8.0,0.0
R-PIA-L44,Race,PIA,0.4275,33.9184,308.0,99.0,0.0,8.0,0.0
R-PIA-L44,Race,PIA,0.43,34.071042,308.0,99.0,0.0,8.0,0.0
R-PIA-L44,Race,PIA,0.4325,34.223685,308.0,99.0,0.0,8.0,0.0
R-PIA-L44,Race,PIA,0.435,34.37616,308.258547,99.0,0.0,8.0,0.0
R-PIA-L44,Race,PIA,0.4375,34.528555,308.64049,99.0,0.0,8.0,0.0
R-PIA-L44,Race,PIA,0.44,34.680936,309.0,99.0,0.0,8.0,0.0
R-PIA-L44,Race,PIA,0.4425,34.833085,309.0,99.0,0.0,8.0,0.0
R-PIA-L44,Race,PIA,0.445,34.985598,308.488191,99.0,0.0,8.0,0.0
R-PIA-L44,Race,PIA,0.4475,35.138241,307.794361,99.0,0.0,8.0,0.0
R-PIA-L44,Race,PIA,0.45,35.290883,307.100531,99.0,0.0,8.0,0.0
R-PIA-L44,Race,PIA,0.4525,35.443951,307.0,99.0,0.0,8.0,0.0
R-PIA-L44,Race,PIA,0.455,35.597295,306.376643,99.0,0.0,8.0,0.0
R-PIA-L44,Race,PIA,0.4575,35.750939,305.804174,99.0,0.0,8.0,0.0
R-PIA-L44,Race,PIA,0.46,35.904831,305.417511,99.0,0.0,8.0,0.0
R-PIA-L44,Race,PIA,0.4625,36.058722,305.030849,99.0,0.0,8.0,0.0
R-PIA-L44,Race,PIA,0.465,36.213079,304.645688,99.0,0.0,8.0,0.0
R-PIA-L44,Race,PIA,0.4675,36.367476,304.260658,99.0,0.0,8.0,0.0
R-PIA-L44,Race,PIA,0.47,36.522203,303.372462,79.755486,0.0,8.0,0.0
R-PIA-L44,Race,PIA,0.4725,36.677621,301.429737,20.178608,0.0,8.0,0.0
R-PIA-L44,Race,PIA,0.475,36.834048,299.474405,1.660416,100.0,8.0,0.0
R-PIA-L44,Race,PIA,0.4775,36.995709,289.280001,0.0,100.0,8.0,0.0
R-PIA-L44,Race,PIA,0.48,37.159598,276.145195,0.0,100.0,8.0,0.0
R-PIA-L44,Race,PIA,0.4825,37.338019,256.072835,0.0,100.0,8.0,0.0
R-PIA-L44,Race,PIA,0.485,37.530647,231.282665,0.0,100.0,8.0,0.0
R-PIA-L44,Race,PIA,0.4875,37.746047,199.892943,0.0,100.0,8.0,0.0
R-PIA-L44,Race,PIA,0.49,37.996294,179.624293,0.0,100.0,8.0,0.0
R-PIA-L44,Race,PIA,0.4925,38.280499,143.512751,0.0,100.0,8.0,0.0
R-PIA-L44,Race,PIA,0.495,38.626967,125.60264,0.0,100.0,7.0,0.0
R-PIA-L44,Race,PIA,0.4975,39.051996,97.000185,0.0,100.0,3.0,0.0
R-PIA-L44,Race,PIA,0.5,39.604618,82.755469,0.0,0.0,2.0,0.0
R-PIA-L44,Race,PIA,0.5025,40.191542,69.825032,0.0,0.0,2.0,0.0
R-PIA-L44,Race,PIA,0.505,40.893506,65.605064,20.630383,0.0,2.0,0.0
R-PIA-L44,Race,PIA,0.5075,41.546202,81.400915,58.927522,0.0,2.0,0.0
R-PIA-L44,Race,PIA,0.51,42.063993,97.585609,47.504336,0.0,2.0,0.0
R-PIA-L44,Race,PIA,0.5125,42.542774,96.890092,9.428799,0.0,3.0,0.0
R-PIA-L44,Race,PIA,0.515,43.027996,97.844403,25.644218,0.0,3.0,0.0
R-PIA-L44,Race,PIA,0.5175,43.494585,104.260449,56.041795,0.0,3.0,0.0
R-PIA-L44,Race,PIA,0.52,43.91581,119.435394,71.190501,0.0,3.0,0.0
R-PIA-L44,Race,PIA,0.5225,44.288246,134.858713,83.715595,0.0,3.0,0.0
R-PIA-L44,Race,PIA,0.525,44.614204,150.258508,94.703403,0.0,3.0,0.0
R-PIA-L44,Race,PIA,0.5275,44.916299,162.938092,99.0,0.0,3.0,0.0
R-PIA-L44,Race,PIA,0.53,45.195889,175.194469,99.0,0.0,4.0,0.0
R-PIA-L44,Race,PIA,0.5325,45.454253,186.578844,99.0,0.0,4.0,0.0
R-PIA-L44,Race,PIA,0.535,45.700371,194.945714,99.0,0.0,4.0,0.0
R-PIA-L44,Race,PIA,0.5375,45.937102,203.078558,99.0,0.0,5.0,0.0
R-PIA-L44,Race,PIA,0.54,46.161985,211.905657,99.0,0.0,5.0,0.0
R-PIA-L44,Race,PIA,0.5425,46.380546,219.713659,99.0,0.0,5.0,0.0
R-PIA-L44,Race,PIA,0.545,46.591371,224.984279,99.0,0.0,5.0,0.0
R-PIA-L44,Race,PIA,0.5475,46.799641,229.314621,99.0,0.0,5.0,0.0
R-PIA-L44,Race,PIA,0.55,47.001757,233.462173,99.0,0.0,6.0,0.0
R-PIA-L44,Race,PIA,0.5525,47.200548,238.915276,99.0,0.0,6.0,0.0
R-PIA-L44,Race,PIA,0.555,47.396513,243.739858,99.0,0.0,6.0,0.0
R-PIA-L44,Race,PIA,0.5575,47.587942,247.61148,99.0,0.0,6.0,0.0
R-PIA-L44,Race,PIA,0.56,47.775622,250.895887,99.0,0.0,6.0,0.0
R-PIA-L44,Race,PIA,0.5625,47.963101,254.108223,99.0,0.0,6.0,0.0
R-PIA-L44,Race,PIA,0.565,48.147108,256.079733,99.0,0.0,6.0,0.0
R-PIA-L44,Race,PIA,0.5675,48.32979,259.419751,99.0,0.0,7.0,0.0
R-PIA-L44,Race,PIA,0.57,48.50929,262.453631,99.0,0.0,7.0,0.0
R-PIA-L44,Race,PIA,0.5725,48.687711,264.683893,99.0,0.0,7.0,0.0
R-PIA-L44,Race,PIA,0.575,48.864637,267.197279,99.0,0.0,7.0,0.0
R-PIA-L44,Race,PIA,0.5775,49.03941,270.118275,99.0,0.0,7.0,0.0
R-PIA-L44,Race,PIA,0.58,49.213048,272.610484,99.0,0.0,7.0,0.0
R-PIA-L44,Race,PIA,0.5825,49.384632,274.326321,99.0,0.0,7.0,0.0
R-PIA-L44,Race,PIA,0.585,49.55617,276.034751,99.0,0.0,7.0,0.0
R-PIA-L44,Race,PIA,0.5875,49.725895,277.449129,99.0,0.0,7.0,0.0
R-PIA-L44,Race,PIA,0.59,49.894511,279.464437,99.0,0.0,7.0,0.0
R-PIA-L44,Race,PIA,0.5925,50.062417,281.863107,99.0,0.0,7.0,0.0
R-PIA-L44,Race,PIA,0.595,50.228923,282.784616,99.0,0.0,7.0,0.0
R-PIA-L44,Race,PIA,0.5975,50.394262,284.746604,99.0,0.0,7.0,0.0
R-PIA-L44,Race,PIA,0.6,50.559161,287.044754,99.0,0.0,7.0,0.0
R-PIA-L44,Race,PIA,0.6025,50.722632,288.075942,99.0,0.0,7.0,0.0
R-PIA-L44,Race,PIA,0.605,50.88531,289.237927,99.0,0.0,7.0,0.0
R-PIA-L44,Race,PIA,0.6075,51.047699,290.278493,99.0,0.0,7.0,0.0
R-PIA-L44,Race,PIA,0.61,51.209476,291.072819,99.0,0.0,7.0,0.0
R-PIA-L44,Race,PIA,0.6125,51.370759,291.74483,99.0,0.0,7.0,0.0
R-PIA-L44,Race,PIA,0.615,51.5317,292.4985,99.0,0.0,7.0,0.0
R-PIA-L44,Race,PIA,0.6175,51.692123,293.427922,99.0,0.0,7.0,0.0
R-PIA-L44,Race,PIA,0.62,51.852034,294.566081,99.0,0.0,8.0,0.0
R-PIA-L44,Race,PIA,0.6225,52.011443,295.274216,99.0,0.0,8.0,0.0
R-PIA-L44,Race,PIA,0.625,52.170543,295.71739,99.0,0.0,8.0,0.0
R-PIA-L44,Race,PIA,0.6275,52.329448,296.205172,99.0,0.0,8.0,0.0
R-PIA-L44,Race,PIA,0.63,52.488011,296.771468,99.0,0.0,8.0,0.0
R-PIA-L44,Race,PIA,0.6325,52.646098,297.672129,99.0,0.0,8.0,0.0
R-PIA-L44,Race,PIA,0.635,52.803863,298.799021,99.0,0.0,8.0,0.0
R-PIA-L44,Race,PIA,0.6375,52.960979,299.403058,99.0,0.0,8.0,0.0
R-PIA-L44,Race,PIA,0.64,53.117953,299.893604,99.0,0.0,8.0,0.0
R-PIA-L44,Race,PIA,0.6425,53.274928,299.61585,99.0,0.0,8.0,0.0
R-PIA-L44,Race,PIA,0.645,53.431903,299.125304,99.0,0.0,8.0,0.0
R-PIA-L44,Race,PIA,0.6475,53.589269,298.734084,99.0,0.0,8.0,0.0
R-PIA-L44,Race,PIA,0.65,53.74677,298.37694,99.0,0.0,8.0,0.0
R-PIA-L44,Race,PIA,0.6525,53.90427,298.019795,99.0,0.0,8.0,0.0
R-PIA-L44,Race,PIA,0.655,54.06202,298.0,99.0,0.0,8.0,0.0
R-PIA-L44,Race,PIA,0.6575,54.219785,298.0,99.0,0.0,8.0,0.0
R-PIA-L44,Race,PIA,0.66,54.37755,298.0,99.0,0.0,8.0,0.0
R-PIA-L44,Race,PIA,0.6625,54.53542,297.687901,99.0,0.0,8.0,0.0
R-PIA-L44,Race,PIA,0.665,54.693519,296.926719,99.0,0.0,8.0,0.0
R-PIA-L44,Race,PIA,0.6675,54.852082,296.360422,99.0,0.0,8.0,0.0
R-PIA-L44,Race,PIA,0.67,55.010742,296.0,99.0,0.0,8.0,0.0
R-PIA-L44,Race,PIA,0.6725,55.169573,296.0,92.123638,0.0,8.0,0.0
R-PIA-L44,Race,PIA,0.675,55.329197,294.527527,34.172102,0.0,8.0,0.0
R-PIA-L44,Race,PIA,0.6775,55.496209,279.344602,15.324333,100.0,8.0,0.0
R-PIA-L44,Race,PIA,0.68,55.66667,264.399743,0.0,100.0,8.0,0.0
R-PIA-L44,Race,PIA,0.6825,55.852129,250.490297,0.0,100.0,8.0,0.0
R-PIA-L44,Race,PIA,0.685,56.043023,235.694929,0.0,100.0,8.0,0.0
R-PIA-L44,Race,PIA,0.6875,56.25059,218.181462,0.0,100.0,7.0,0.0
R-PIA-L44,Race,PIA,0.69,56.481767,207.731366,0.0,100.0,7.0,0.0
R-PIA-L44,Race,PIA,0.6925,56.722864,200.249044,0.0,100.0,7.0,0.0
R-PIA-L44,Race,PIA,0.695,56.963961,192.766721,0.0,0.0,4.0,0.0
R-PIA-L44,Race,PIA,0.6975,57.205058,185.284398,0.0,0.0,4.0,0.0
R-PIA-L44,Race,PIA,0.7,57.446155,177.802076,0.0,0.0,4.0,0.0
R-PIA-L44,Race,PIA,0.7025,57.713926,171.707861,0.0,0.0,4.0,0.0
R-PIA-L44,Race,PIA,0.705,57.993615,165.967693,9.072691,0.0,4.0,0.0
R-PIA-L44,Race,PIA,0.7075,58.279466,160.906671,35.493261,0.0,4.0,0.0
R-PIA-L44,Race,PIA,0.71,58.569452,163.397693,65.629386,0.0,4.0,0.0
R-PIA-L44,Race,PIA,0.7125,58.851056,169.476391,76.481637,0.0,4.0,0.0
R-PIA-L44,Race,PIA,0.715,59.1246,176.314994,81.388997,0.0,4.0,0.0
R-PIA-L44,Race,PIA,0.7175,59.386588,182.864709,85.318825,0.0,4.0,0.0
R-PIA-L44,Race,PIA,0.72,59.639891,188.331067,87.732427,0.0,4.0,0.0
R-PIA-L44,Race,PIA,0.7225,59.88512,195.216006,90.664003,0.0,5.0,0.0
R-PIA-L44,Race,PIA,0.725,60.123846,198.269778,97.052741,0.0,5.0,0.0
R-PIA-L44,Race,PIA,0.7275,60.357288,205.578634,99.0,0.0,5.0,0.0
R-PIA-L44,Race,PIA,0.73,60.581905,212.509719,99.0,0.0,5.0,0.0
R-PIA-L44,Race,PIA,0.7325,60.799705,217.646673,99.0,0.0,5.0,0.0
R-PIA-L44,Race,PIA,0.735,61.014174,222.537023,99.0,0.0,5.0,0.0
R-PIA-L44,Race,PIA,0.7375,61.223095,227.18492,99.0,0.0,5.0,0.0
R-PIA-L44,Race,PIA,0.74,61.428575,231.135863,99.0,0.0,6.0,0.0
R-PIA-L44,Race,PIA,0.7425,61.628988,236.429235,99.0,0.0,6.0,0.0
R-PIA-L44,Race,PIA,0.745,61.826525,240.144674,99.0,0.0,6.0,0.0
R-PIA-L44,Race,PIA,0.7475,62.019718,243.946993,99.0,0.0,6.0,0.0
R-PIA-L44,Race,PIA,0.75,62.211612,247.775294,99.0,0.0,6.0,0.0
R-PIA-L44,Race,PIA,0.7525,62.400132,251.659672,99.0,0.0,6.0,0.0
R-PIA-L44,Race,PIA,0.755,62.585603,255.022266,99.0,0.0,6.0,0.0
R-PIA-L44,Race,PIA,0.7575,62.768893,257.567963,99.0,0.0,6.0,0.0
R-PIA-L44,Race,PIA,0.76,62.950952,259.657935,99.0,0.0,6.0,0.0
R-PIA-L44,Race,PIA,0.7625,63.131428,261.1619,99.0,0.0,7.0,0.0
R-PIA-L44,Race,PIA,0.765,63.310547,264.356406,99.0,0.0,7.0,0.0
R-PIA-L44,Race,PIA,0.7675,63.487228,268.347349,99.0,0.0,7.0,0.0
R-PIA-L44,Race,PIA,0.77,63.6618,270.056709,99.0,0.0,7.0,0.0
R-PIA-L44,Race,PIA,0.7725,63.835204,272.240022,99.0,0.0,7.0,0.0
R-PIA-L44,Race,PIA,0.775,64.007416,273.196757,99.0,0.0,7.0,0.0
R-PIA-L44,Race,PIA,0.7775,64.179477,274.171734,99.0,0.0,7.0,0.0
R-PIA-L44,Race,PIA,0.78,64.350399,275.34908,99.0,0.0,7.0,0.0
R-PIA-L44,Race,PIA,0.7825,64.520124,276.892038,99.0,0.0,7.0,0.0
R-PIA-L44,Race,PIA,0.785,64.68985,278.434996,99.0,0.0,7.0,0.0
R-PIA-L44,Race,PIA,0.7875,64.858804,279.0,98.465981,0.0,7.0,0.0
R-PIA-L44,Race,PIA,0.79,65.027313,279.0,98.0,0.0,7.0,0.0
R-PIA-L44,Race,PIA,0.7925,65.195828,278.976074,97.928223,0.0,7.0,0.0
R-PIA-L44,Race,PIA,0.795,65.364685,277.92072,92.383747,0.0,7.0,0.0
R-PIA-L44,Race,PIA,0.7975,65.534346,276.534458,56.599717,0.0,7.0,0.0
R-PIA-L44,Race,PIA,0.8,65.705617,272.96631,15.209191,0.0,7.0,0.0
R-PIA-L44,Race,PIA,0.8025,65.879442,267.220934,0.813956,0.0,7.0,0.0
R-PIA-L44,Race,PIA,0.805,66.058294,259.449543,0.0,100.0,7.0,0.0
R-PIA-L44,Race,PIA,0.8075,66.242794,248.83683,0.0,100.0,7.0,0.0
R-PIA-L44,Race,PIA,0.81,66.441063,223.964256,0.0,100.0,7.0,0.0
R-PIA-L44,Race,PIA,0.8125,66.66601,198.256025,0.0,100.0,7.0,0.0
R-PIA-L44,Race,PIA,0.815,66.915272,177.81789,0.0,100.0,7.0,0.0
R-PIA-L44,Race,PIA,0.8175,67.193672,160.387767,0.0,100.0,7.0,0.0
R-PIA-L44,Race,PIA,0.82,67.508278,142.821779,0.0,100.0,3.0,0.0
R-PIA-L44,Race,PIA,0.8225,67.859879,126.182063,0.0,100.0,3.0,0.0
R-PIA-L44,Race,PIA,0.825,68.249689,113.900196,0.0,100.0,3.0,0.0
R-PIA-L44,Race,PIA,0.8275,68.674682,104.987383,0.109345,0.0,3.0,0.0
R-PIA-L44,Race,PIA,0.83,69.129469,102.352929,28.117575,0.0,3.0,0.0
R-PIA-L44,Race,PIA,0.8325,69.579685,106.87358,50.399504,0.0,3.0,0.0
R-PIA-L44,Race,PIA,0.835,69.987761,121.022738,72.44654,0.0,3.0,0.0
R-PIA-L44,Race,PIA,0.8375,70.36009,133.205606,68.498453,0.0,3.0,0.0
R-PIA-L44,Race,PIA,0.84,70.703794,140.591777,17.278514,0.0,3.0,0.0
R-PIA-L44,Race,PIA,0.8425,71.045105,135.512056,0.414657,0.0,3.0,0.0
R-PIA-L44,Race,PIA,0.845,71.398253,130.339169,11.795404,0.0,3.0,0.0
R-PIA-L44,Race,PIA,0.8475,71.758359,131.386325,32.783765,0.0,3.0,0.0
R-PIA-L44,Race,PIA,0.85,72.109821,136.340957,51.891064,0.0,3.0,0.0
R-PIA-L44,Race,PIA,0.8525,72.443794,144.047995,69.275551,0.0,3.0,0.0
R-PIA-L44,Race,PIA,0.855,72.76409,151.450549,77.0,0.0,3.0,0.0
R-PIA-L44,Race,PIA,0.8575,73.063983,160.793536,72.447757,0.0,3.0,0.0
R-PIA-L44,Race,PIA,0.86,73.356541,159.918915,69.881022,0.0,4.0,0.0
R-PIA-L44,Race,PIA,0.8625,73.655797,154.670396,2.659207,0.0,4.0,0.0
R-PIA-L44,Race,PIA,0.865,73.964085,150.400479,11.199042,0.0,4.0,0.0
R-PIA-L44,Race,PIA,0.8675,74.278402,149.0,22.288676,0.0,4.0,0.0
R-PIA-L44,Race,PIA,0.87,74.59472,148.021556,50.137958,0.0,4.0,0.0
R-PIA-L44,Race,PIA,0.8725,74.907105,151.936154,75.191384,0.0,4.0,0.0
R-PIA-L44,Race,PIA,0.875,75.208448,162.551698,89.220679,0.0,4.0,0.0
R-PIA-L44,Race,PIA,0.8775,75.488786,172.659601,93.26384,0.0,4.0,0.0
R-PIA-L44,Race,PIA,0.88,75.750702,183.603168,97.641267,0.0,4.0,0.0
R-PIA-L44,Race,PIA,0.8825,76.000859,193.052312,99.0,0.0,4.0,0.0
R-PIA-L44,Race,PIA,0.885,76.241312,198.944957,99.0,0.0,5.0,0.0
R-PIA-L44,Race,PIA,0.8875,76.47289,208.044483,99.0,0.0,5.0,0.0
R-PIA-L44,Race,PIA,0.89,76.694226,214.555643,99.0,0.0,5.0,0.0
R-PIA-L44,Race,PIA,0.8925,76.911322,219.983058,99.0,0.0,5.0,0.0
R-PIA-L44,Race,PIA,0.895,77.122679,225.520374,99.0,0.0,5.0,0.0
R-PIA-L44,Race,PIA,0.8975,77.32818,231.228943,99.0,0.0,6.0,0.0
R-PIA-L44,Race,PIA,0.9,77.529525,235.633353,99.0,0.0,6.0,0.0
R-PIA-L44,Race,PIA,0.9025,77.726269,240.776314,99.0,0.0,6.0,0.0
R-PIA-L44,Race,PIA,0.905,77.920674,246.162641,99.0,0.0,6.0,0.0
R-PIA-L44,Race,PIA,0.9075,78.109485,249.702847,99.0,0.0,6.0,0.0
R-PIA-L44,Race,PIA,0.91,78.297248,252.815599,98.5922,0.0,6.0,0.0
R-PIA-L44,Race,PIA,0.9125,78.482537,254.323346,92.826459,0.0,6.0,0.0
R-PIA-L44,Race,PIA,0.915,78.667268,254.983098,82.270427,0.0,6.0,0.0
R-PIA-L44,Race,PIA,0.9175,78.851645,255.0,81.251479,0.0,6.0,0.0
R-PIA-L44,Race,PIA,0.92,79.036013,255.0,81.0,0.0,6.0,0.0
R-PIA-L44,Race,PIA,0.9225,79.220091,255.925572,80.074428,0.0,6.0,0.0
R-PIA-L44,Race,PIA,0.925,79.403763,256.0,80.536759,0.0,6.0,0.0
R-PIA-L44,Race,PIA,0.9275,79.58748,255.779625,82.322248,0.0,6.0,0.0
R-PIA-L44,Race,PIA,0.93,79.771488,255.293909,88.175636,0.0,6.0,0.0
R-PIA-L44,Race,PIA,0.9325,79.955326,256.090262,91.631835,0.0,6.0,0.0
R-PIA-L44,Race,PIA,0.935,80.138616,256.472117,94.304817,0.0,6.0,0.0
R-PIA-L44,Race,PIA,0.9375,80.321906,256.853971,96.977798,0.0,6.0,0.0
R-PIA-L44,Race,PIA,0.94,80.504538,258.39799,98.0,0.0,6.0,0.0
R-PIA-L44,Race,PIA,0.9425,80.686763,258.254804,91.293232,0.0,6.0,0.0
R-PIA-L44,Race,PIA,0.945,80.868987,257.239625,82.156626,100.0,6.0,0.0
R-PIA-L44,Race,PIA,0.9475,81.051753,257.0,40.070432,100.0,6.0,0.0
R-PIA-L44,Race,PIA,0.95,81.238783,250.421164,0.0,100.0,6.0,0.0
R-PIA-L44,Race,PIA,0.9525,81.439269,222.227844,0.0,100.0,6.0,0.0
R-PIA-L44,Race,PIA,0.955,81.663305,190.922658,0.0,100.0,6.0,0.0
R-PIA-L44,Race,PIA,0.9575,81.927881,170.831824,0.0,100.0,4.0,0.0
R-PIA-L44,Race,PIA,0.96,82.212645,156.139786,0.0,100.0,4.0,0.0
R-PIA-L44,Race,PIA,0.9625,82.525709,143.132409,0.0,100.0,4.0,0.0
R-PIA-L44,Race,PIA,0.965,82.863041,136.289585,0.0,0.0,4.0,0.0
R-PIA-L44,Race,PIA,0.9675,83.215779,130.000333,7.797402,0.0,4.0,0.0
R-PIA-L44,Race,PIA,0.97,83.582078,127.384151,45.228679,0.0,4.0,0.0
R-PIA-L44,Race,PIA,0.9725,83.944605,133.815137,57.0,0.0,4.0,0.0
R-PIA-L44,Race,PIA,0.975,84.283034,142.743827,76.019675,0.0,4.0,0.0
R-PIA-L44,Race,PIA,0.9775,84.601156,155.457823,93.303605,0.0,4.0,0.0
R-PIA-L44,Race,PIA,0.98,84.895937,165.496078,99.0,0.0,4.0,0.0
R-PIA-L44,Race,PIA,0.9825,85.1672,181.380005,99.0,0.0,4.0,0.0
R-PIA-L44,Race,PIA,0.985,85.420645,187.716114,99.0,0.0,4.0,0.0
R-PIA-L44,Race,PIA,0.9875,85.666589,195.797074,99.0,0.0,5.0,0.0
R-PIA-L44,Race,PIA,0.99,85.900662,204.840301,99.0,0.0,5.0,0.0
R-PIA-L44,Race,PIA,0.9925,86.125528,212.572028,99.0,0.0,5.0,0.0
R-PIA-L44,Race,PIA,0.995,86.34369,218.571485,99.0,0.0,5.0,0.0
R-PIA-L44,Race,PIA,0.9975,86.556925,224.123125,99.0,0.0,5.0,0.0
R-PIA-L44,Race,PIA,1.0,86.765,229.7125,99.0,0.0,5.0,0.0
R-NOR-L48,Race,NOR,0.0,0.0,242.0,100.0,0.0,6.0,0.0
R-NOR-L48,Race,NOR,0.0025,0.193964,242.0,100.0,0.0,6.0,0.0
R-NOR-L48,Race,NOR,0.005,0.387928,242.0,100.0,0.0,6.0,0.0
R-NOR-L48,Race,NOR,0.0075,0.580606,245.112129,100.0,0.0,6.0,0.0
R-NOR-L48,Race,NOR,0.01,0.770594,248.426566,100.0,0.0,6.0,0.0
R-NOR-L48,Race,NOR,0.0125,0.957807,251.804584,100.0,0.0,6.0,0.0
R-NOR-L48,Race,NOR,0.015,1.142972,255.405014,100.0,0.0,6.0,0.0
R-NOR-L48,Race,NOR,0.0175,1.326338,257.56299,100.0,0.0,6.0,0.0
R-NOR-L48,Race,NOR,0.02,1.508274,258.573742,100.0,0.0,7.0,0.0
R-NOR-L48,Race,NOR,0.0225,1.688209,261.948823,100.0,0.0,7.0,0.0
R-NOR-L48,Race,NOR,0.025,1.866645,267.022843,100.0,0.0,7.0,0.0
R-NOR-L48,Race,NOR,0.0275,2.040817,269.441897,100.0,0.0,7.0,0.0
R-NOR-L48,Race,NOR,0.03,2.214988,271.860951,100.0,0.0,7.0,0.0
R-NOR-L48,Race,NOR,0.0325,2.387056,273.157541,100.0,0.0,7.0,0.0
R-NOR-L48,Race,NOR,0.035,2.558602,274.335012,100.0,0.0,7.0,0.0
R-NOR-L48,Race,NOR,0.0375,2.72929,275.401815,100.0,0.0,7.0,0.0
R-NOR-L48,Race,NOR,0.04,2.899572,276.309428,100.0,0.0,7.0,0.0
R-NOR-L48,Race,NOR,0.0425,3.069317,277.033166,100.0,0.0,7.0,0.0
R-NOR-L48,Race,NOR,0.045,3.238163,278.721631,100.0,0.0,7.0,0.0
R-NOR-L48,Race,NOR,0.0475,3.406504,279.0,97.648466,0.0,7.0,0.0
R-NOR-L48,Race,NOR,0.05,3.574871,278.650647,66.304967,0.0,7.0,0.0
R-NOR-L48,Race,NOR,0.0525,3.745371,274.719859,9.612248,0.0,7.0,0.0
R-NOR-L48,Race,NOR,0.055,3.9225,260.328086,3.523421,100.0,7.0,0.0
R-NOR-L48,Race,NOR,0.0575,4.107404,243.759603,0.0,100.0,7.0,0.0
R-NOR-L48,Race,NOR,0.06,4.306818,225.386389,0.0,100.0,7.0,0.0
R-NOR-L48,Race,NOR,0.0625,4.522136,211.929014,0.0,100.0,5.0,0.0
R-NOR-L48,Race,NOR,0.065,4.753705,189.442428,0.0,100.0,4.0,0.0
R-NOR-L48,Race,NOR,0.0675,5.010814,176.2885,0.0,100.0,4.0,0.0
R-NOR-L48,Race,NOR,0.07,5.282916,168.552104,0.12797,0.0,4.0,0.0
R-NOR-L48,Race,NOR,0.0725,5.567139,161.778609,4.545998,0.0,4.0,0.0
R-NOR-L48,Race,NOR,0.075,5.858688,160.812055,36.774798,0.0,4.0,0.0
R-NOR-L48,Race,NOR,0.0775,6.1487,162.68722,59.497763,0.0,4.0,0.0
R-NOR-L48,Race,NOR,0.08,6.434543,165.857876,72.786813,0.0,4.0,0.0
R-NOR-L48,Race,NOR,0.0825,6.710358,176.187517,88.294669,0.0,4.0,0.0
R-NOR-L48,Race,NOR,0.085,6.969177,185.139219,99.267402,0.0,4.0,0.0
R-NOR-L48,Race,NOR,0.0875,7.217476,193.17428,99.63762,0.0,4.0,0.0
R-NOR-L48,Race,NOR,0.09,7.455446,202.522305,99.690288,0.0,5.0,0.0
R-NOR-L48,Race,NOR,0.0925,7.683642,207.552035,100.0,0.0,5.0,0.0
R-NOR-L48,Race,NOR,0.095,7.905177,212.823826,99.72687,0.0,5.0,0.0
R-NOR-L48,Race,NOR,0.0975,8.122489,219.738288,99.232979,0.0,5.0,0.0
R-NOR-L48,Race,NOR,0.1,8.334964,224.963649,99.39273,0.0,5.0,0.0
R-NOR-L48,Race,NOR,0.1025,8.542133,229.078551,99.845921,0.0,6.0,0.0
R-NOR-L48,Race,NOR,0.105,8.744895,234.967894,99.004587,0.0,6.0,0.0
R-NOR-L48,Race,NOR,0.1075,8.941738,239.893442,99.0,0.0,6.0,0.0
R-NOR-L48,Race,NOR,0.11,9.135339,243.471873,99.0,0.0,6.0,0.0
R-NOR-L48,Race,NOR,0.1125,9.326538,246.045704,99.0,0.0,6.0,0.0
R-NOR-L48,Race,NOR,0.115,9.517737,248.619535,99.0,0.0,6.0,0.0
R-NOR-L48,Race,NOR,0.1175,9.706003,250.60807,99.0,0.0,6.0,0.0
R-NOR-L48,Race,NOR,0.12,9.892873,251.924206,99.0,0.0,6.0,0.0
R-NOR-L48,Race,NOR,0.1225,10.078134,254.584084,99.861361,0.0,6.0,0.0
R-NOR-L48,Race,NOR,0.125,10.261459,256.168864,99.610379,0.0,6.0,0.0
R-NOR-L48,Race,NOR,0.1275,10.444458,257.544798,99.151734,0.0,7.0,0.0
R-NOR-L48,Race,NOR,0.13,10.62651,258.506292,99.0,0.0,7.0,0.0
R-NOR-L48,Race,NOR,0.1325,10.807489,259.892702,99.223176,0.0,7.0,0.0
R-NOR-L48,Race,NOR,0.135,10.987333,262.461905,99.865476,0.0,7.0,0.0
R-NOR-L48,Race,NOR,0.1375,11.164505,265.989392,99.501768,0.0,7.0,0.0
R-NOR-L48,Race,NOR,0.14,11.340567,269.0,99.0,0.0,7.0,0.0
R-NOR-L48,Race,NOR,0.1425,11.514881,269.407345,98.592655,0.0,7.0,0.0
R-NOR-L48,Race,NOR,0.145,11.688731,270.856089,97.143911,0.0,7.0,0.0
R-NOR-L48,Race,NOR,0.1475,11.862002,271.0,87.188536,0.0,7.0,0.0
R-NOR-L48,Race,NOR,0.15,12.03521,271.0,85.932852,0.0,7.0,0.0
R-NOR-L48,Race,NOR,0.1525,12.208463,270.878293,85.730241,0.0,7.0,0.0
R-NOR-L48,Race,NOR,0.155,12.381991,270.01497,90.910182,0.0,7.0,0.0
R-NOR-L48,Race,NOR,0.1575,12.555835,270.0,96.694496,0.0,7.0,0.0
R-NOR-L48,Race,NOR,0.16,12.729491,270.326533,99.0,0.0,7.0,0.0
R-NOR-L48,Race,NOR,0.1625,12.903019,270.868808,99.0,0.0,7.0,0.0
R-NOR-L48,Race,NOR,0.165,13.075821,271.934438,99.0,0.0,7.0,0.0
R-NOR-L48,Race,NOR,0.1675,13.248307,273.0,99.0,0.0,7.0,0.0
R-NOR-L48,Race,NOR,0.17,13.420246,273.0,99.0,0.0,7.0,0.0
R-NOR-L48,Race,NOR,0.1725,13.592012,273.391769,99.0,0.0,7.0,0.0
R-NOR-L48,Race,NOR,0.175,13.763324,274.819364,99.0,0.0,7.0,0.0
R-NOR-L48,Race,NOR,0.1775,13.93382,275.744102,99.0,0.0,7.0,0.0
R-NOR-L48,Race,NOR,0.18,14.103768,276.59384,99.0,0.0,7.0,0.0
R-NOR-L48,Race,NOR,0.1825,14.273211,277.441057,99.0,0.0,7.0,0.0
R-NOR-L48,Race,NOR,0.185,14.441952,278.610196,99.203399,0.0,7.0,0.0
R-NOR-L48,Race,NOR,0.1875,14.609892,280.409557,99.803186,0.0,7.0,0.0
R-NOR-L48,Race,NOR,0.19,14.776634,282.043309,100.0,0.0,7.0,0.0
R-NOR-L48,Race,NOR,0.1925,14.942791,283.596177,100.0,0.0,7.0,0.0
R-NOR-L48,Race,NOR,0.195,15.107869,284.764071,100.0,0.0,7.0,0.0
R-NOR-L48,Race,NOR,0.1975,15.272569,285.796669,100.0,0.0,7.0,0.0
R-NOR-L48,Race,NOR,0.2,15.436346,286.820915,100.0,0.0,7.0,0.0
R-NOR-L48,Race,NOR,0.2025,15.599898,287.843113,100.0,0.0,7.0,0.0
R-NOR-L48,Race,NOR,0.205,15.76273,288.855465,100.0,0.0,7.0,0.0
R-NOR-L48,Race,NOR,0.2075,15.92495,289.698239,100.0,0.0,7.0,0.0
R-NOR-L48,Race,NOR,0.21,16.086388,290.950516,100.0,0.0,7.0,0.0
R-NOR-L48,Race,NOR,0.2125,16.247415,292.460143,100.0,0.0,7.0,0.0
R-NOR-L48,Race,NOR,0.215,16.407913,293.0,100.0,0.0,7.0,0.0
R-NOR-L48,Race,NOR,0.2175,16.568115,293.0,100.0,0.0,7.0,0.0
R-NOR-L48,Race,NOR,0.22,16.728317,293.0,100.0,0.0,7.0,0.0
R-NOR-L48,Race,NOR,0.2225,16.888275,293.511698,100.0,0.0,7.0,0.0
R-NOR-L48,Race,NOR,0.225,17.048166,294.0,100.0,0.0,7.0,0.0
R-NOR-L48,Race,NOR,0.2275,17.207823,294.0,100.0,0.0,7.0,0.0
R-NOR-L48,Race,NOR,0.23,17.367481,294.0,100.0,0.0,7.0,0.0
R-NOR-L48,Race,NOR,0.2325,17.527242,293.781277,100.0,0.0,7.0,0.0
R-NOR-L48,Race,NOR,0.235,17.687172,293.2101,100.0,0.0,7.0,0.0
R-NOR-L48,Race,NOR,0.2375,17.847274,293.0,86.707787,0.0,7.0,0.0
R-NOR-L48,Race,NOR,0.24,18.007476,293.0,65.681213,0.0,7.0,0.0
R-NOR-L48,Race,NOR,0.2425,18.168554,289.795188,28.515731,0.0,7.0,0.0
R-NOR-L48,Race,NOR,0.245,18.332145,285.72547,7.450939,0.0,7.0,0.0
R-NOR-L48,Race,NOR,0.2475,18.496844,282.196197,0.392394,100.0,7.0,0.0
R-NOR-L48,Race,NOR,0.25,18.669278,271.251309,0.0,100.0,7.0,0.0
R-NOR-L48,Race,NOR,0.2525,18.844918,257.158741,0.0,100.0,7.0,0.0
R-NOR-L48,Race,NOR,0.255,19.045513,218.472485,0.0,100.0,7.0,0.0
R-NOR-L48,Race,NOR,0.2575,19.264567,206.908191,0.0,100.0,7.0,0.0
R-NOR-L48,Race,NOR,0.26,19.516365,167.360711,0.0,100.0,7.0,0.0
R-NOR-L48,Race,NOR,0.2625,19.817956,144.979011,0.0,100.0,5.0,0.0
R-NOR-L48,Race,NOR,0.265,20.161067,129.683814,0.0,100.0,3.0,0.0
R-NOR-L48,Race,NOR,0.2675,20.544691,114.013443,0.0,100.0,3.0,0.0
R-NOR-L48,Race,NOR,0.27,20.976353,104.238003,0.0,100.0,3.0,0.0
R-NOR-L48,Race,NOR,0.2725,21.447055,97.482872,3.232053,0.0,3.0,0.0
R-NOR-L48,Race,NOR,0.275,21.935639,94.800893,28.363752,0.0,3.0,0.0
R-NOR-L48,Race,NOR,0.2775,22.415263,102.843426,51.490608,0.0,3.0,0.0
R-NOR-L48,Race,NOR,0.28,22.843487,114.462173,60.615731,0.0,3.0,0.0
R-NOR-L48,Race,NOR,0.2825,23.240607,123.466398,80.475423,0.0,3.0,0.0
R-NOR-L48,Race,NOR,0.285,23.593453,140.166805,89.923205,0.0,3.0,0.0
R-NOR-L48,Race,NOR,0.2875,23.915618,153.777429,99.0,0.0,3.0,0.0
R-NOR-L48,Race,NOR,0.29,24.201592,171.295359,99.484258,0.0,3.0,0.0
R-NOR-L48,Race,NOR,0.2925,24.467498,183.467417,100.0,0.0,4.0,0.0
R-NOR-L48,Race,NOR,0.295,24.716747,192.691577,100.0,0.0,5.0,0.0
R-NOR-L48,Race,NOR,0.2975,24.955834,200.974062,100.0,0.0,5.0,0.0
R-NOR-L48,Race,NOR,0.3,25.183792,210.282988,99.171701,0.0,5.0,0.0
R-NOR-L48,Race,NOR,0.3025,25.403647,216.466187,99.0,0.0,5.0,0.0
R-NOR-L48,Race,NOR,0.305,25.617708,221.817707,99.0,0.0,5.0,0.0
R-NOR-L48,Race,NOR,0.3075,25.827066,227.81455,99.0,0.0,6.0,0.0
R-NOR-L48,Race,NOR,0.31,26.029934,233.770821,99.0,0.0,6.0,0.0
R-NOR-L48,Race,NOR,0.3125,26.228683,237.913262,99.0,0.0,6.0,0.0
R-NOR-L48,Race,NOR,0.315,26.425484,241.010081,99.0,0.0,6.0,0.0
R-NOR-L48,Race,NOR,0.3175,26.618253,245.026108,99.0,0.0,6.0,0.0
R-NOR-L48,Race,NOR,0.32,26.808084,248.980925,99.0,0.0,6.0,0.0
R-NOR-L48,Race,NOR,0.3225,26.995518,252.697213,99.0,0.0,6.0,0.0
R-NOR-L48,Race,NOR,0.325,27.180275,255.15275,99.0,0.0,7.0,0.0
R-NOR-L48,Race,NOR,0.3275,27.36244,258.436005,99.0,0.0,7.0,0.0
R-NOR-L48,Race,NOR,0.33,27.542976,262.949401,99.0,0.0,7.0,0.0
R-NOR-L48,Race,NOR,0.3325,27.720388,266.707752,99.0,0.0,7.0,0.0
R-NOR-L48,Race,NOR,0.335,27.895194,269.828949,99.0,0.0,7.0,0.0
R-NOR-L48,Race,NOR,0.3375,28.06857,272.535478,99.0,0.0,7.0,0.0
R-NOR-L48,Race,NOR,0.34,28.240106,274.393612,99.0,0.0,7.0,0.0
R-NOR-L48,Race,NOR,0.3425,28.410794,275.612815,99.0,0.0,7.0,0.0
R-NOR-L48,Race,NOR,0.345,28.580226,277.64608,99.0,0.0,7.0,0.0
R-NOR-L48,Race,NOR,0.3475,28.749021,280.075402,99.0,0.0,7.0,0.0
R-NOR-L48,Race,NOR,0.35,28.915674,283.07597,99.0,0.0,7.0,0.0
R-NOR-L48,Race,NOR,0.3525,29.080953,284.252335,99.0,0.0,7.0,0.0
R-NOR-L48,Race,NOR,0.355,29.245811,285.598112,99.0,0.0,7.0,0.0
R-NOR-L48,Race,NOR,0.3575,29.409769,287.298975,99.0,0.0,7.0,0.0
R-NOR-L48,Race,NOR,0.36,29.572561,289.196864,99.0,0.0,7.0,0.0
R-NOR-L48,Race,NOR,0.3625,29.734421,290.353005,99.0,0.0,7.0,0.0
R-NOR-L48,Race,NOR,0.365,29.895914,291.440457,99.0,0.0,7.0,0.0
R-NOR-L48,Race,NOR,0.3675,30.056819,292.0,99.0,0.0,7.0,0.0
R-NOR-L48,Race,NOR,0.37,30.217199,293.082988,99.0,0.0,7.0,0.0
R-NOR-L48,Race,NOR,0.3725,30.376857,295.264376,99.0,0.0,7.0,0.0
R-NOR-L48,Race,NOR,0.375,30.535436,296.580383,99.0,0.0,8.0,0.0
R-NOR-L48,Race,NOR,0.3775,30.69347,297.67169,99.0,0.0,8.0,0.0
R-NOR-L48,Race,NOR,0.38,30.850722,298.876331,99.0,0.0,8.0,0.0
R-NOR-L48,Race,NOR,0.3825,31.007558,300.161131,99.080566,0.0,8.0,0.0
R-NOR-L48,Race,NOR,0.385,31.163503,301.275021,99.637511,0.0,8.0,0.0
R-NOR-L48,Race,NOR,0.3875,31.319088,302.245298,99.877351,0.0,8.0,0.0
R-NOR-L48,Race,NOR,0.39,31.474003,302.947862,99.526069,0.0,8.0,0.0
R-NOR-L48,Race,NOR,0.3925,31.628919,303.650425,99.174787,0.0,8.0,0.0
R-NOR-L48,Race,NOR,0.395,31.783451,304.387253,99.0,0.0,8.0,0.0
R-NOR-L48,Race,NOR,0.3975,31.937499,305.158288,99.0,0.0,8.0,0.0
R-NOR-L48,Race,NOR,0.4,32.091147,305.930386,99.0,0.0,8.0,0.0
R-NOR-L48,Race,NOR,0.4025,32.244338,306.700192,99.0,0.0,8.0,0.0
R-NOR-L48,Race,NOR,0.405,32.397332,307.0,99.0,0.0,8.0,0.0
R-NOR-L48,Race,NOR,0.4075,32.550229,307.0,99.0,0.0,8.0,0.0
R-NOR-L48,Race,NOR,0.41,32.703126,307.0,99.0,0.0,8.0,0.0
R-NOR-L48,Race,NOR,0.4125,32.856023,307.0,99.0,0.0,8.0,0.0
R-NOR-L48,Race,NOR,0.415,33.00822,307.537074,99.0,0.0,8.0,0.0
R-NOR-L48,Race,NOR,0.4175,33.160373,308.107649,99.0,0.0,8.0,0.0
R-NOR-L48,Race,NOR,0.42,33.312527,308.678225,99.0,0.0,8.0,0.0
R-NOR-L48,Race,NOR,0.4225,33.46468,309.2488,99.0,0.0,8.0,0.0
R-NOR-L48,Race,NOR,0.425,33.616833,309.819375,99.0,0.0,8.0,0.0
R-NOR-L48,Race,NOR,0.4275,33.768818,309.258439,99.37078,0.0,8.0,0.0
R-NOR-L48,Race,NOR,0.43,33.920726,308.173388,99.913306,0.0,8.0,0.0
R-NOR-L48,Race,NOR,0.4325,34.073255,307.599202,99.599202,0.0,8.0,0.0
R-NOR-L48,Race,NOR,0.435,34.225904,307.122176,99.122176,0.0,8.0,0.0
R-NOR-L48,Race,NOR,0.4375,34.378737,307.0,99.0,0.0,8.0,0.0
R-NOR-L48,Race,NOR,0.44,34.531634,307.0,99.0,0.0,8.0,0.0
R-NOR-L48,Race,NOR,0.4425,34.68453,307.0,99.0,0.0,8.0,0.0
R-NOR-L48,Race,NOR,0.445,34.837427,307.0,99.0,0.0,8.0,0.0
R-NOR-L48,Race,NOR,0.4475,34.990324,307.0,99.0,0.0,8.0,0.0
R-NOR-L48,Race,NOR,0.45,35.143282,306.84401,99.0,0.0,8.0,0.0
R-NOR-L48,Race,NOR,0.4525,35.296428,306.203231,99.0,0.0,8.0,0.0
R-NOR-L48,Race,NOR,0.455,35.449916,305.344272,99.655728,0.0,8.0,0.0
R-NOR-L48,Race,NOR,0.4575,35.603564,305.490368,100.0,0.0,8.0,0.0
R-NOR-L48,Race,NOR,0.46,35.757212,305.786619,99.786619,0.0,8.0,0.0
R-NOR-L48,Race,NOR,0.4625,35.910859,305.146421,99.146421,0.0,8.0,0.0
R-NOR-L48,Race,NOR,0.465,36.064701,305.0,99.0,0.0,8.0,0.0
R-NOR-L48,Race,NOR,0.4675,36.218761,304.588769,91.186605,0.0,8.0,0.0
R-NOR-L48,Race,NOR,0.47,36.373421,302.647429,54.301154,0.0,8.0,0.0
R-NOR-L48,Race,NOR,0.4725,36.529984,299.673484,29.785791,0.0,8.0,0.0
R-NOR-L48,Race,NOR,0.475,36.687499,296.182858,11.460003,0.0,8.0,0.0
R-NOR-L48,Race,NOR,0.4775,36.849373,288.758659,0.0,0.0,8.0,0.0
R-NOR-L48,Race,NOR,0.48,37.018523,274.76875,0.0,100.0,7.0,0.0
R-NOR-L48,Race,NOR,0.4825,37.188092,260.536226,0.0,100.0,7.0,0.0
R-NOR-L48,Race,NOR,0.485,37.383672,231.199149,0.0,100.0,7.0,0.0
R-NOR-L48,Race,NOR,0.4875,37.59811,204.579736,0.0,100.0,7.0,0.0
R-NOR-L48,Race,NOR,0.49,37.850731,172.96198,0.0,100.0,7.0,0.0
R-NOR-L48,Race,NOR,0.4925,38.151025,138.760508,0.0,100.0,7.0,0.0
R-NOR-L48,Race,NOR,0.495,38.516322,117.885906,0.0,100.0,4.0,0.0
R-NOR-L48,Race,NOR,0.4975,38.970367,93.092663,0.0,100.0,2.0,0.0
R-NOR-L48,Race,NOR,0.5,39.528791,77.432303,0.0,100.0,2.0,0.0
R-NOR-L48,Race,NOR,0.5025,40.1823,65.556256,3.90999,0.0,2.0,0.0
R-NOR-L48,Race,NOR,0.505,40.89605,69.517501,40.328755,0.0,2.0,0.0
R-NOR-L48,Race,NOR,0.5075,41.487143,91.396425,63.421428,0.0,2.0,0.0
R-NOR-L48,Race,NOR,0.51,41.970086,100.735177,30.735177,0.0,3.0,0.0
R-NOR-L48,Race,NOR,0.5125,42.431935,102.034057,25.687311,0.0,3.0,0.0
R-NOR-L48,Race,NOR,0.515,42.898598,100.935975,20.61585,0.0,3.0,0.0
R-NOR-L48,Race,NOR,0.5175,43.349743,108.781121,55.187138,0.0,3.0,0.0
R-NOR-L48,Race,NOR,0.52,43.764059,118.935299,72.193386,0.0,3.0,0.0
R-NOR-L48,Race,NOR,0.5225,44.132328,137.323006,87.793804,0.0,3.0,0.0
R-NOR-L48,Race,NOR,0.525,44.454126,151.110227,96.251963,0.0,3.0,0.0
R-NOR-L48,Race,NOR,0.5275,44.751906,164.082204,100.0,0.0,3.0,0.0
R-NOR-L48,Race,NOR,0.53,45.028004,177.635839,100.0,0.0,4.0,0.0
R-NOR-L48,Race,NOR,0.5325,45.286633,187.050721,99.61866,0.0,4.0,0.0
R-NOR-L48,Race,NOR,0.535,45.530506,198.36587,99.0,0.0,5.0,0.0
R-NOR-L48,Race,NOR,0.5375,45.762806,205.352668,99.0,0.0,5.0,0.0
R-NOR-L48,Race,NOR,0.54,45.985212,213.507958,99.0,0.0,5.0,0.0
R-NOR-L48,Race,NOR,0.5425,46.201828,220.184099,99.0,0.0,5.0,0.0
R-NOR-L48,Race,NOR,0.545,46.412792,224.942668,99.0,0.0,5.0,0.0
R-NOR-L48,Race,NOR,0.5475,46.618851,230.181472,99.0,0.0,5.0,0.0
R-NOR-L48,Race,NOR,0.55,46.821176,235.786033,99.0,0.0,6.0,0.0
R-NOR-L48,Race,NOR,0.5525,47.018537,241.798031,99.0,0.0,6.0,0.0
R-NOR-L48,Race,NOR,0.555,47.21103,245.720609,99.0,0.0,6.0,0.0
R-NOR-L48,Race,NOR,0.5575,47.401238,247.468649,99.0,0.0,6.0,0.0
R-NOR-L48,Race,NOR,0.56,47.589511,251.866811,99.0,0.0,6.0,0.0
R-NOR-L48,Race,NOR,0.5625,47.773941,255.641802,99.0,0.0,6.0,0.0
R-NOR-L48,Race,NOR,0.565,47.956958,258.512145,99.256072,0.0,6.0,0.0
R-NOR-L48,Race,NOR,0.5675,48.138064,260.0,100.0,0.0,7.0,0.0
R-NOR-L48,Race,NOR,0.57,48.317787,261.759581,100.0,0.0,7.0,0.0
R-NOR-L48,Race,NOR,0.5725,48.495588,267.686263,100.0,0.0,7.0,0.0
R-NOR-L48,Race,NOR,0.575,48.670258,269.37144,100.0,0.0,7.0,0.0
R-NOR-L48,Race,NOR,0.5775,48.843665,271.395213,100.0,0.0,7.0,0.0
R-NOR-L48,Race,NOR,0.58,49.016236,273.860513,100.0,0.0,7.0,0.0
R-NOR-L48,Race,NOR,0.5825,49.186739,276.009233,100.0,0.0,7.0,0.0
R-NOR-L48,Race,NOR,0.585,49.355974,278.124678,100.0,0.0,7.0,0.0
R-NOR-L48,Race,NOR,0.5875,49.524216,280.227695,100.0,0.0,7.0,0.0
R-NOR-L48,Race,NOR,0.59,49.691699,281.0,100.0,0.0,7.0,0.0
R-NOR-L48,Race,NOR,0.5925,49.858139,282.697086,100.0,0.0,7.0,0.0
R-NOR-L48,Race,NOR,0.595,50.023463,285.462039,100.0,0.0,7.0,0.0
R-NOR-L48,Race,NOR,0.5975,50.187163,287.815709,100.0,0.0,7.0,0.0
R-NOR-L48,Race,NOR,0.6,50.349913,289.187137,100.0,0.0,7.0,0.0
R-NOR-L48,Race,NOR,0.6025,50.512052,289.862717,100.0,0.0,7.0,0.0
R-NOR-L48,Race,NOR,0.605,50.673305,291.374697,100.0,0.0,7.0,0.0
R-NOR-L48,Race,NOR,0.6075,50.834268,293.033101,100.0,0.0,7.0,0.0
R-NOR-L48,Race,NOR,0.61,50.994198,293.604278,100.0,0.0,8.0,0.0
R-NOR-L48,Race,NOR,0.6125,51.153878,294.27079,100.0,0.0,8.0,0.0
R-NOR-L48,Race,NOR,0.615,51.312994,295.152321,100.0,0.0,8.0,0.0
R-NOR-L48,Race,NOR,0.6175,51.472069,296.076341,100.0,0.0,8.0,0.0
R-NOR-L48,Race,NOR,0.62,51.630097,298.0,100.0,0.0,8.0,0.0
R-NOR-L48,Race,NOR,0.6225,51.787611,298.0,100.0,0.0,8.0,0.0
R-NOR-L48,Race,NOR,0.625,51.944926,298.74329,100.0,0.0,8.0,0.0
R-NOR-L48,Race,NOR,0.6275,52.101983,299.0,100.0,0.0,8.0,0.0
R-NOR-L48,Race,NOR,0.63,52.25897,299.0,100.0,0.0,8.0,0.0
R-NOR-L48,Race,NOR,0.6325,52.415958,299.0,100.0,0.0,8.0,0.0
R-NOR-L48,Race,NOR,0.635,52.573128,298.547185,100.0,0.0,8.0,0.0
R-NOR-L48,Race,NOR,0.6375,52.730422,298.0,100.0,0.0,8.0,0.0
R-NOR-L48,Race,NOR,0.64,52.887936,298.0,100.0,0.0,8.0,0.0
R-NOR-L48,Race,NOR,0.6425,53.045451,298.0,100.0,0.0,8.0,0.0
R-NOR-L48,Race,NOR,0.645,53.203197,297.654508,100.0,0.0,8.0,0.0
R-NOR-L48,Race,NOR,0.6475,53.360976,297.260059,100.0,0.0,8.0,0.0
R-NOR-L48,Race,NOR,0.65,53.518846,297.0,100.0,0.0,8.0,0.0
R-NOR-L48,Race,NOR,0.6525,53.676891,297.0,100.0,0.0,8.0,0.0
R-NOR-L48,Race,NOR,0.655,53.834936,297.0,100.0,0.0,8.0,0.0
R-NOR-L48,Race,NOR,0.6575,53.992981,297.0,100.0,0.0,8.0,0.0
R-NOR-L48,Race,NOR,0.66,54.151025,297.0,100.0,0.0,8.0,0.0
R-NOR-L48,Race,NOR,0.6625,54.30907,297.0,100.0,0.0,8.0,0.0
R-NOR-L48,Race,NOR,0.665,54.467115,297.0,100.0,0.0,8.0,0.0
R-NOR-L48,Race,NOR,0.6675,54.625364,296.663635,92.375718,0.0,8.0,0.0
R-NOR-L48,Race,NOR,0.67,54.784211,295.339909,62.371262,0.0,8.0,0.0
R-NOR-L48,Race,NOR,0.6725,54.943058,294.016183,32.366806,0.0,8.0,0.0
R-NOR-L48,Race,NOR,0.675,55.105157,286.792929,6.37486,100.0,8.0,0.0
R-NOR-L48,Race,NOR,0.6775,55.271446,277.146226,0.0,100.0,8.0,0.0
R-NOR-L48,Race,NOR,0.68,55.452134,256.676004,0.0,100.0,8.0,0.0
R-NOR-L48,Race,NOR,0.6825,55.637164,235.0,0.0,100.0,7.0,0.0
R-NOR-L48,Race,NOR,0.685,55.838699,229.696907,0.0,100.0,6.0,0.0
R-NOR-L48,Race,NOR,0.6875,56.053357,209.835494,0.0,100.0,5.0,0.0
R-NOR-L48,Race,NOR,0.69,56.284575,195.027652,0.0,100.0,5.0,0.0
R-NOR-L48,Race,NOR,0.6925,56.527232,192.192422,0.258225,0.0,5.0,0.0
R-NOR-L48,Race,NOR,0.695,56.776022,185.499525,1.500158,0.0,4.0,0.0
R-NOR-L48,Race,NOR,0.6975,57.033448,179.813799,3.49425,0.0,4.0,0.0
R-NOR-L48,Race,NOR,0.7,57.301673,173.108182,6.288258,0.0,4.0,0.0
R-NOR-L48,Race,NOR,0.7025,57.573905,168.457762,17.218046,0.0,4.0,0.0
R-NOR-L48,Race,NOR,0.705,57.851922,168.932281,39.450356,0.0,4.0,0.0
R-NOR-L48,Race,NOR,0.7075,58.128378,170.781679,57.09435,0.0,4.0,0.0
R-NOR-L48,Race,NOR,0.71,58.40049,174.191604,61.868246,0.0,4.0,0.0
R-NOR-L48,Race,NOR,0.7125,58.667897,177.525691,68.893279,0.0,4.0,0.0
R-NOR-L48,Race,NOR,0.715,58.928131,182.245728,71.401444,0.0,4.0,0.0
R-NOR-L48,Race,NOR,0.7175,59.181857,187.332967,77.124588,0.0,4.0,0.0
R-NOR-L48,Race,NOR,0.72,59.429364,193.109091,81.054546,0.0,4.0,0.0
R-NOR-L48,Race,NOR,0.7225,59.669554,198.291081,84.468311,0.0,5.0,0.0
R-NOR-L48,Race,NOR,0.725,59.905181,200.205416,87.803611,0.0,5.0,0.0
R-NOR-L48,Race,NOR,0.7275,60.134789,206.586125,92.2689,0.0,5.0,0.0
R-NOR-L48,Race,NOR,0.73,60.35831,211.666138,96.332911,0.0,5.0,0.0
R-NOR-L48,Race,NOR,0.7325,60.578007,217.190196,99.0,0.0,5.0,0.0
R-NOR-L48,Race,NOR,0.735,60.790402,223.56205,99.0,0.0,5.0,0.0
R-NOR-L48,Race,NOR,0.7375,60.999794,228.184928,99.0,0.0,5.0,0.0
R-NOR-L48,Race,NOR,0.74,61.204445,230.732239,99.0,0.0,6.0,0.0
R-NOR-L48,Race,NOR,0.7425,61.403889,237.353168,99.635317,0.0,6.0,0.0
R-NOR-L48,Race,NOR,0.745,61.599996,241.856457,100.0,0.0,6.0,0.0
R-NOR-L48,Race,NOR,0.7475,61.793162,243.616511,100.0,0.0,6.0,0.0
R-NOR-L48,Race,NOR,0.75,61.985091,245.999994,100.0,0.0,6.0,0.0
R-NOR-L48,Race,NOR,0.7525,62.172473,250.673934,100.0,0.0,6.0,0.0
R-NOR-L48,Race,NOR,0.755,62.359856,255.347875,100.0,0.0,6.0,0.0
R-NOR-L48,Race,NOR,0.7575,62.542855,258.352826,100.0,0.0,6.0,0.0
R-NOR-L48,Race,NOR,0.76,62.723278,261.297536,99.425616,0.0,7.0,0.0
R-NOR-L48,Race,NOR,0.7625,62.901798,264.063682,99.0,0.0,7.0,0.0
R-NOR-L48,Race,NOR,0.765,63.078594,266.512379,99.0,0.0,7.0,0.0
R-NOR-L48,Race,NOR,0.7675,63.25436,269.03055,99.0,0.0,7.0,0.0
R-NOR-L48,Race,NOR,0.77,63.428132,271.431316,99.0,0.0,7.0,0.0
R-NOR-L48,Race,NOR,0.7725,63.60056,273.166711,99.0,0.0,7.0,0.0
R-NOR-L48,Race,NOR,0.775,63.771559,274.998847,99.0,0.0,7.0,0.0
R-NOR-L48,Race,NOR,0.7775,63.941997,276.274991,99.0,0.0,7.0,0.0
R-NOR-L48,Race,NOR,0.78,64.11176,276.881285,99.0,0.0,7.0,0.0
R-NOR-L48,Race,NOR,0.7825,64.280786,278.351101,99.0,0.0,7.0,0.0
R-NOR-L48,Race,NOR,0.785,64.449261,279.0,99.0,0.0,7.0,0.0
R-NOR-L48,Race,NOR,0.7875,64.617502,279.0,99.0,0.0,7.0,0.0
R-NOR-L48,Race,NOR,0.79,64.785888,278.747224,97.73612,0.0,7.0,0.0
R-NOR-L48,Race,NOR,0.7925,64.954432,278.220526,95.10263,0.0,7.0,0.0
R-NOR-L48,Race,NOR,0.795,65.123151,278.0,78.868352,0.0,7.0,0.0
R-NOR-L48,Race,NOR,0.7975,65.292543,277.242578,53.075176,0.0,7.0,0.0
R-NOR-L48,Race,NOR,0.8,65.464797,272.505582,28.528924,0.0,7.0,0.0
R-NOR-L48,Race,NOR,0.8025,65.637051,267.768586,3.982672,0.0,7.0,0.0
R-NOR-L48,Race,NOR,0.805,65.814518,261.019264,0.0,100.0,7.0,0.0
R-NOR-L48,Race,NOR,0.8075,65.99992,246.182554,0.0,100.0,7.0,0.0
R-NOR-L48,Race,NOR,0.81,66.203923,223.451177,0.0,100.0,7.0,0.0
R-NOR-L48,Race,NOR,0.8125,66.424352,198.127444,0.0,100.0,7.0,0.0
R-NOR-L48,Race,NOR,0.815,66.689546,172.676972,0.0,100.0,5.0,0.0
R-NOR-L48,Race,NOR,0.8175,66.967439,148.184258,0.0,100.0,5.0,0.0
R-NOR-L48,Race,NOR,0.82,67.304085,128.778607,0.0,100.0,4.0,0.0
R-NOR-L48,Race,NOR,0.8225,67.686598,116.59148,0.0,100.0,3.0,0.0
R-NOR-L48,Race,NOR,0.825,68.110043,104.937226,0.0,100.0,3.0,0.0
R-NOR-L48,Race,NOR,0.8275,68.56785,101.382034,12.977286,0.0,3.0,0.0
R-NOR-L48,Race,NOR,0.83,69.02632,104.618304,38.854913,0.0,3.0,0.0
R-NOR-L48,Race,NOR,0.8325,69.452901,115.548772,62.242667,0.0,3.0,0.0
R-NOR-L48,Race,NOR,0.835,69.840807,127.491744,73.740368,0.0,3.0,0.0
R-NOR-L48,Race,NOR,0.8375,70.193317,140.166345,62.54448,0.0,3.0,0.0
R-NOR-L48,Race,NOR,0.84,70.522424,143.146433,21.317901,0.0,3.0,0.0
R-NOR-L48,Race,NOR,0.8425,70.863928,139.593624,22.838647,0.0,3.0,0.0
R-NOR-L48,Race,NOR,0.845,71.206551,135.922665,25.897779,0.0,4.0,0.0
R-NOR-L48,Race,NOR,0.8475,71.549174,132.251706,28.956911,0.0,4.0,0.0
R-NOR-L48,Race,NOR,0.85,71.898588,134.322682,46.613411,0.0,4.0,0.0
R-NOR-L48,Race,NOR,0.8525,72.239383,141.417745,75.67098,0.0,4.0,0.0
R-NOR-L48,Race,NOR,0.855,72.557546,151.318914,75.091913,0.0,4.0,0.0
R-NOR-L48,Race,NOR,0.8575,72.86136,158.931575,42.565087,0.0,4.0,0.0
R-NOR-L48,Race,NOR,0.86,73.159389,157.170205,11.116944,0.0,4.0,0.0
R-NOR-L48,Race,NOR,0.8625,73.460811,153.062836,0.0,0.0,4.0,0.0
R-NOR-L48,Race,NOR,0.865,73.77522,146.244501,2.296249,0.0,4.0,0.0
R-NOR-L48,Race,NOR,0.8675,74.100062,143.696651,10.573208,0.0,4.0,0.0
R-NOR-L48,Race,NOR,0.87,74.427166,143.135123,29.432665,0.0,4.0,0.0
R-NOR-L48,Race,NOR,0.8725,74.750879,146.840264,61.827501,0.0,4.0,0.0
R-NOR-L48,Race,NOR,0.875,75.06248,155.675824,78.506868,0.0,4.0,0.0
R-NOR-L48,Race,NOR,0.8775,75.352649,166.125822,85.534614,0.0,4.0,0.0
R-NOR-L48,Race,NOR,0.88,75.626691,176.90494,94.329528,0.0,4.0,0.0
R-NOR-L48,Race,NOR,0.8825,75.883983,185.771756,99.0,0.0,4.0,0.0
R-NOR-L48,Race,NOR,0.885,76.133661,192.596647,99.0,0.0,5.0,0.0
R-NOR-L48,Race,NOR,0.8875,76.37051,204.821423,99.0,0.0,5.0,0.0
R-NOR-L48,Race,NOR,0.89,76.59435,212.22202,99.0,0.0,5.0,0.0
R-NOR-L48,Race,NOR,0.8925,76.814308,217.711265,99.142253,0.0,5.0,0.0
R-NOR-L48,Race,NOR,0.895,77.026821,223.344253,99.850639,0.0,5.0,0.0
R-NOR-L48,Race,NOR,0.8975,77.234059,230.005463,99.110504,0.0,6.0,0.0
R-NOR-L48,Race,NOR,0.9,77.435282,234.713317,99.0,0.0,6.0,0.0
R-NOR-L48,Race,NOR,0.9025,77.634116,239.202902,99.0,0.0,6.0,0.0
R-NOR-L48,Race,NOR,0.905,77.828826,244.056812,99.0,0.0,6.0,0.0
R-NOR-L48,Race,NOR,0.9075,78.019637,247.892195,99.0,0.0,6.0,0.0
R-NOR-L48,Race,NOR,0.91,78.208036,250.277178,99.0,0.0,6.0,0.0
R-NOR-L48,Race,NOR,0.9125,78.394454,252.616247,98.383753,0.0,6.0,0.0
R-NOR-L48,Race,NOR,0.915,78.579254,254.919057,96.080943,0.0,6.0,0.0
R-NOR-L48,Race,NOR,0.9175,78.763099,256.10125,94.89875,0.0,6.0,0.0
R-NOR-L48,Race,NOR,0.92,78.946098,256.292073,94.707927,0.0,6.0,0.0
R-NOR-L48,Race,NOR,0.9225,79.129098,256.482896,94.517104,0.0,6.0,0.0
R-NOR-L48,Race,NOR,0.925,79.312097,256.67372,94.32628,0.0,6.0,0.0
R-NOR-L48,Race,NOR,0.9275,79.495096,256.864543,94.135457,0.0,6.0,0.0
R-NOR-L48,Race,NOR,0.93,79.677992,257.0,94.828006,0.0,6.0,0.0
R-NOR-L48,Race,NOR,0.9325,79.860636,257.0,97.681807,0.0,6.0,0.0
R-NOR-L48,Race,NOR,0.935,80.043279,257.0,99.0,0.0,6.0,0.0
R-NOR-L48,Race,NOR,0.9375,80.225922,257.0,99.0,0.0,6.0,0.0
R-NOR-L48,Race,NOR,0.94,80.408474,257.291605,99.0,0.0,6.0,0.0
R-NOR-L48,Race,NOR,0.9425,80.590153,259.18474,81.634451,0.0,6.0,0.0
R-NOR-L48,Race,NOR,0.945,80.771037,259.941576,10.491902,100.0,6.0,0.0
R-NOR-L48,Race,NOR,0.9475,80.960368,243.715862,1.868435,100.0,6.0,0.0
R-NOR-L48,Race,NOR,0.95,81.161767,225.398519,0.0,100.0,6.0,0.0
R-NOR-L48,Race,NOR,0.9525,81.377085,206.259141,0.0,100.0,5.0,0.0
R-NOR-L48,Race,NOR,0.955,81.6075,198.906228,0.0,100.0,5.0,0.0
R-NOR-L48,Race,NOR,0.9575,81.866466,164.853394,0.0,100.0,5.0,0.0
R-NOR-L48,Race,NOR,0.96,82.180232,143.190916,0.0,100.0,4.0,0.0
R-NOR-L48,Race,NOR,0.9625,82.516364,130.814932,0.037014,0.0,3.0,0.0
R-NOR-L48,Race,NOR,0.965,82.885523,124.444955,1.0,100.0,3.0,0.0
R-NOR-L48,Race,NOR,0.9675,83.269572,120.318451,15.99408,0.0,3.0,0.0
R-NOR-L48,Race,NOR,0.97,83.656624,122.520063,41.66024,0.0,3.0,0.0
R-NOR-L48,Race,NOR,0.9725,84.027726,131.053924,63.59167,0.0,3.0,0.0
R-NOR-L48,Race,NOR,0.975,84.372546,142.96171,78.511259,0.0,3.0,0.0
R-NOR-L48,Race,NOR,0.9775,84.687575,153.960229,95.794646,0.0,3.0,0.0
R-NOR-L48,Race,NOR,0.98,84.972237,168.254494,99.0,0.0,3.0,0.0
R-NOR-L48,Race,NOR,0.9825,85.247792,182.876067,99.109508,0.0,4.0,0.0
R-NOR-L48,Race,NOR,0.985,85.497241,192.098292,100.0,0.0,4.0,0.0
R-NOR-L48,Race,NOR,0.9875,85.736541,200.246643,100.0,0.0,5.0,0.0
R-NOR-L48,Race,NOR,0.99,85.965788,209.519706,100.0,0.0,5.0,0.0
R-NOR-L48,Race,NOR,0.9925,86.187151,215.317211,100.0,0.0,5.0,0.0
R-NOR-L48,Race,NOR,0.995,86.401076,221.135024,100.0,0.0,5.0,0.0
R-NOR-L48,Race,NOR,0.9975,86.611566,225.812585,100.0,0.0,6.0,0.0
R-NOR-L48,Race,NOR,1.0,86.818,230.825,100.0,0.0,6.0,0.0
R-HUL-L46,Race,HUL,0.0,0.0,235.0,100.0,0.0,5.0,0.0
R-HUL-L46,Race,HUL,0.0025,0.198116,240.208433,100.0,0.0,6.0,0.0
R-HUL-L46,Race,HUL,0.005,0.391733,243.838741,100.0,0.0,6.0,0.0
R-HUL-L46,Race,HUL,0.0075,0.58408,246.969566,100.0,0.0,6.0,0.0
R-HUL-L46,Race,HUL,0.01,0.773045,250.230095,100.0,0.0,6.0,0.0
R-HUL-L46,Race,HUL,0.0125,0.959896,254.072555,100.0,0.0,6.0,0.0
R-HUL-L46,Race,HUL,0.015,1.143682,257.613065,100.0,0.0,6.0,0.0
R-HUL-L46,Race,HUL,0.0175,1.324639,260.637414,100.0,0.0,6.0,0.0
R-HUL-L46,Race,HUL,0.02,1.504922,263.41702,100.0,0.0,6.0,0.0
R-HUL-L46,Race,HUL,0.0225,1.6828,265.322858,100.0,0.0,7.0,0.0
R-HUL-L46,Race,HUL,0.025,1.859605,267.130393,100.0,0.0,7.0,0.0
R-HUL-L46,Race,HUL,0.0275,2.035321,268.368004,100.0,0.0,7.0,0.0
R-HUL-L46,Race,HUL,0.03,2.210418,269.167275,100.0,0.0,7.0,0.0
R-HUL-L46,Race,HUL,0.0325,2.384673,270.411952,100.0,0.0,7.0,0.0
R-HUL-L46,Race,HUL,0.035,2.558085,271.975907,100.0,0.0,7.0,0.0
R-HUL-L46,Race,HUL,0.0375,2.730741,273.825794,100.0,0.0,7.0,0.0
R-HUL-L46,Race,HUL,0.04,2.901694,275.163112,100.0,0.0,7.0,0.0
R-HUL-L46,Race,HUL,0.0425,3.07247,276.447142,100.0,0.0,7.0,0.0
R-HUL-L46,Race,HUL,0.045,3.242894,276.597949,100.0,0.0,7.0,0.0
R-HUL-L46,Race,HUL,0.0475,3.413053,276.093045,100.0,0.0,7.0,0.0
R-HUL-L46,Race,HUL,0.05,3.583211,276.700753,100.0,0.0,7.0,0.0
R-HUL-L46,Race,HUL,0.0525,3.759923,265.384673,70.961683,0.0,7.0,0.0
R-HUL-L46,Race,HUL,0.055,3.942992,242.50102,13.75255,100.0,7.0,0.0
R-HUL-L46,Race,HUL,0.0575,4.144439,221.256082,0.0,100.0,7.0,0.0
R-HUL-L46,Race,HUL,0.06,4.372087,204.380462,0.0,100.0,7.0,0.0
R-HUL-L46,Race,HUL,0.0625,4.605001,188.499907,0.0,100.0,5.0,0.0
R-HUL-L46,Race,HUL,0.065,4.864018,175.087609,0.0,100.0,5.0,0.0
R-HUL-L46,Race,HUL,0.0675,5.138673,167.035445,2.578733,100.0,4.0,0.0
R-HUL-L46,Race,HUL,0.07,5.426818,160.602726,5.0,0.0,4.0,0.0
R-HUL-L46,Race,HUL,0.0725,5.725781,153.901585,25.050858,0.0,4.0,0.0
R-HUL-L46,Race,HUL,0.075,6.031076,154.550946,59.979257,0.0,4.0,0.0
R-HUL-L46,Race,HUL,0.0775,6.33224,158.578598,73.104798,0.0,4.0,0.0
R-HUL-L46,Race,HUL,0.08,6.624103,164.952348,99.761742,0.0,4.0,0.0
R-HUL-L46,Race,HUL,0.0825,6.894624,177.057942,100.0,0.0,4.0,0.0
R-HUL-L46,Race,HUL,0.085,7.156463,187.071165,100.0,0.0,4.0,0.0
R-HUL-L46,Race,HUL,0.0875,7.399178,194.767552,100.0,0.0,4.0,0.0
R-HUL-L46,Race,HUL,0.09,7.639613,202.343987,100.0,0.0,4.0,0.0
R-HUL-L46,Race,HUL,0.0925,7.865809,208.512972,100.0,0.0,5.0,0.0
R-HUL-L46,Race,HUL,0.095,8.090641,214.644759,100.0,0.0,5.0,0.0
R-HUL-L46,Race,HUL,0.0975,8.304499,220.477254,100.0,0.0,5.0,0.0
R-HUL-L46,Race,HUL,0.1,8.518007,226.110072,100.0,0.0,5.0,0.0
R-HUL-L46,Race,HUL,0.1025,8.7248,228.446119,100.0,0.0,5.0,0.0
R-HUL-L46,Race,HUL,0.105,8.926726,233.506924,100.0,0.0,5.0,0.0
R-HUL-L46,Race,HUL,0.1075,9.127992,238.27404,100.0,0.0,5.0,0.0
R-HUL-L46,Race,HUL,0.11,9.324028,240.716864,100.0,0.0,6.0,0.0
R-HUL-L46,Race,HUL,0.1125,9.518539,243.144242,100.0,0.0,6.0,0.0
R-HUL-L46,Race,HUL,0.115,9.711362,245.554528,100.0,0.0,6.0,0.0
R-HUL-L46,Race,HUL,0.1175,9.901962,247.452772,98.547228,0.0,6.0,0.0
R-HUL-L46,Race,HUL,0.12,10.091808,249.177199,96.202604,0.0,6.0,0.0
R-HUL-L46,Race,HUL,0.1225,10.280003,250.52145,90.153474,0.0,6.0,0.0
R-HUL-L46,Race,HUL,0.125,10.466998,252.285695,93.142781,0.0,6.0,0.0
R-HUL-L46,Race,HUL,0.1275,10.652919,254.462848,100.0,0.0,6.0,0.0
R-HUL-L46,Race,HUL,0.13,10.836346,257.738313,100.0,0.0,6.0,0.0
R-HUL-L46,Race,HUL,0.1325,11.017827,260.847122,100.0,0.0,6.0,0.0
R-HUL-L46,Race,HUL,0.135,11.197415,263.945278,100.0,0.0,6.0,0.0
R-HUL-L46,Race,HUL,0.1375,11.374908,266.0,100.0,0.0,6.0,0.0
R-HUL-L46,Race,HUL,0.14,11.551624,266.302229,93.048742,0.0,6.0,0.0
R-HUL-L46,Race,HUL,0.1425,11.728167,266.93274,78.546971,0.0,7.0,0.0
R-HUL-L46,Race,HUL,0.145,11.904415,267.0,77.787076,0.0,7.0,0.0
R-HUL-L46,Race,HUL,0.1475,12.081383,265.74016,78.419947,0.0,7.0,0.0
R-HUL-L46,Race,HUL,0.15,12.258591,264.078833,78.973722,0.0,7.0,0.0
R-HUL-L46,Race,HUL,0.1525,12.436759,264.0,77.581405,0.0,7.0,0.0
R-HUL-L46,Race,HUL,0.155,12.614974,264.0,76.092142,0.0,7.0,0.0
R-HUL-L46,Race,HUL,0.1575,12.793189,264.0,82.269579,0.0,7.0,0.0
R-HUL-L46,Race,HUL,0.16,12.971205,264.526023,92.890348,0.0,7.0,0.0
R-HUL-L46,Race,HUL,0.1625,13.148926,265.0,100.0,0.0,7.0,0.0
R-HUL-L46,Race,HUL,0.165,13.326469,265.0,100.0,0.0,7.0,0.0
R-HUL-L46,Race,HUL,0.1675,13.503122,266.955875,100.0,0.0,7.0,0.0
R-HUL-L46,Race,HUL,0.17,13.678634,269.145422,100.0,0.0,7.0,0.0
R-HUL-L46,Race,HUL,0.1725,13.853115,270.868769,100.0,0.0,7.0,0.0
R-HUL-L46,Race,HUL,0.175,14.027044,270.019448,100.0,0.0,7.0,0.0
R-HUL-L46,Race,HUL,0.1775,14.20019,273.082438,100.0,0.0,7.0,0.0
R-HUL-L46,Race,HUL,0.18,14.371588,274.153676,100.0,0.0,7.0,0.0
R-HUL-L46,Race,HUL,0.1825,14.542986,275.224915,100.0,0.0,7.0,0.0
R-HUL-L46,Race,HUL,0.185,14.713454,276.488986,100.0,0.0,7.0,0.0
R-HUL-L46,Race,HUL,0.1875,14.881485,278.257738,100.0,0.0,7.0,0.0
R-HUL-L46,Race,HUL,0.19,15.049516,280.026489,100.0,0.0,7.0,0.0
R-HUL-L46,Race,HUL,0.1925,15.217548,281.795241,100.0,0.0,7.0,0.0
R-HUL-L46,Race,HUL,0.195,15.385579,283.563993,100.0,0.0,7.0,0.0
R-HUL-L46,Race,HUL,0.1975,15.551172,285.871934,100.0,0.0,7.0,0.0
R-HUL-L46,Race,HUL,0.2,15.71534,287.24748,100.0,0.0,7.0,0.0
R-HUL-L46,Race,HUL,0.2025,15.878988,287.700798,100.0,0.0,7.0,0.0
R-HUL-L46,Race,HUL,0.205,16.042347,288.395338,100.0,0.0,7.0,0.0
R-HUL-L46,Race,HUL,0.2075,16.205146,289.558185,100.0,0.0,7.0,0.0
R-HUL-L46,Race,HUL,0.21,16.367251,290.501253,100.0,0.0,7.0,0.0
R-HUL-L46,Race,HUL,0.2125,16.52893,291.309652,100.0,0.0,7.0,0.0
R-HUL-L46,Race,HUL,0.215,16.690489,292.117445,100.0,0.0,7.0,0.0
R-HUL-L46,Race,HUL,0.2175,16.85134,292.921698,100.0,0.0,7.0,0.0
R-HUL-L46,Race,HUL,0.22,17.011449,293.902808,100.0,0.0,7.0,0.0
R-HUL-L46,Race,HUL,0.2225,17.171479,294.902995,100.0,0.0,7.0,0.0
R-HUL-L46,Race,HUL,0.225,17.330533,296.025234,100.0,0.0,8.0,8.0
R-HUL-L46,Race,HUL,0.2275,17.489368,297.11184,100.0,0.0,8.0,8.0
R-HUL-L46,Race,HUL,0.23,17.647515,297.902576,100.0,0.0,8.0,8.0
R-HUL-L46,Race,HUL,0.2325,17.804967,299.149723,100.0,0.0,8.0,8.0
R-HUL-L46,Race,HUL,0.235,17.962044,300.2284,100.0,0.0,8.0,8.0
R-HUL-L46,Race,HUL,0.2375,18.118613,300.878061,100.0,0.0,8.0,8.0
R-HUL-L46,Race,HUL,0.24,18.274759,301.636982,100.0,100.0,8.0,8.0
R-HUL-L46,Race,HUL,0.2425,18.432946,298.190743,76.192143,100.0,8.0,8.0
R-HUL-L46,Race,HUL,0.245,18.592976,291.098005,31.862531,100.0,8.0,8.0
R-HUL-L46,Race,HUL,0.2475,18.761679,277.128407,0.0,100.0,8.0,8.0
R-HUL-L46,Race,HUL,0.25,18.952546,245.583392,0.0,100.0,7.0,8.0
R-HUL-L46,Race,HUL,0.2525,19.143413,214.038377,0.0,100.0,7.0,8.0
R-HUL-L46,Race,HUL,0.255,19.372963,189.082752,0.0,100.0,7.0,8.0
R-HUL-L46,Race,HUL,0.2575,19.6362,167.359132,0.0,100.0,5.0,8.0
R-HUL-L46,Race,HUL,0.26,19.935446,148.16424,0.0,100.0,4.0,8.0
R-HUL-L46,Race,HUL,0.2625,20.277619,126.831758,0.0,100.0,3.0,8.0
R-HUL-L46,Race,HUL,0.265,20.669033,114.603472,0.0,100.0,3.0,8.0
R-HUL-L46,Race,HUL,0.2675,21.100806,104.461939,0.0,0.0,3.0,8.0
R-HUL-L46,Race,HUL,0.27,21.566911,97.812747,0.124835,0.0,3.0,8.0
R-HUL-L46,Race,HUL,0.2725,22.057439,95.0,28.664744,0.0,3.0,8.0
R-HUL-L46,Race,HUL,0.275,22.534688,103.076832,51.922931,0.0,3.0,8.0
R-HUL-L46,Race,HUL,0.2775,22.966716,114.323876,62.661938,0.0,3.0,8.0
R-HUL-L46,Race,HUL,0.28,23.355151,128.949883,74.322933,0.0,3.0,8.0
R-HUL-L46,Race,HUL,0.2825,23.700529,144.87009,96.708321,0.0,3.0,8.0
R-HUL-L46,Race,HUL,0.285,24.008962,157.884861,100.0,0.0,3.0,8.0
R-HUL-L46,Race,HUL,0.2875,24.292043,171.686489,100.0,0.0,3.0,8.0
R-HUL-L46,Race,HUL,0.29,24.560309,185.132355,100.0,0.0,4.0,8.0
R-HUL-L46,Race,HUL,0.2925,24.806079,194.152499,100.0,0.0,4.0,8.0
R-HUL-L46,Race,HUL,0.295,25.043699,201.71314,100.0,0.0,5.0,8.0
R-HUL-L46,Race,HUL,0.2975,25.274861,209.794796,100.0,0.0,5.0,8.0
R-HUL-L46,Race,HUL,0.3,25.495177,217.553421,100.0,0.0,5.0,8.0
R-HUL-L46,Race,HUL,0.3025,25.708416,224.026709,100.0,0.0,5.0,8.0
R-HUL-L46,Race,HUL,0.305,25.916059,228.072687,100.0,0.0,5.0,8.0
R-HUL-L46,Race,HUL,0.3075,26.120619,232.456115,100.0,0.0,6.0,8.0
R-HUL-L46,Race,HUL,0.31,26.320254,237.356352,100.0,0.0,6.0,8.0
R-HUL-L46,Race,HUL,0.3125,26.515959,242.498853,100.0,0.0,6.0,8.0
R-HUL-L46,Race,HUL,0.315,26.707995,247.833183,100.0,0.0,6.0,8.0
R-HUL-L46,Race,HUL,0.3175,26.896425,251.835314,100.0,0.0,6.0,8.0
R-HUL-L46,Race,HUL,0.32,27.082388,254.926122,100.0,0.0,6.0,8.0
R-HUL-L46,Race,HUL,0.3225,27.266696,256.752806,100.0,0.0,6.0,8.0
R-HUL-L46,Race,HUL,0.325,27.447909,260.547729,100.0,0.0,6.0,8.0
R-HUL-L46,Race,HUL,0.3275,27.627876,264.260098,100.0,0.0,6.0,8.0
R-HUL-L46,Race,HUL,0.33,27.805204,266.464247,100.0,0.0,7.0,14.0
R-HUL-L46,Race,HUL,0.3325,27.980167,270.545136,100.0,0.0,7.0,14.0
R-HUL-L46,Race,HUL,0.335,28.153337,274.104814,100.0,0.0,7.0,12.0
R-HUL-L46,Race,HUL,0.3375,28.323804,276.540051,100.0,0.0,7.0,12.0
R-HUL-L46,Race,HUL,0.34,28.493175,279.199553,100.0,0.0,7.0,12.0
R-HUL-L46,Race,HUL,0.3425,28.660907,282.194765,100.0,0.0,7.0,12.0
R-HUL-L46,Race,HUL,0.345,28.826914,284.804693,100.0,0.0,7.0,12.0
R-HUL-L46,Race,HUL,0.3475,28.991252,286.938736,100.0,0.0,7.0,12.0
R-HUL-L46,Race,HUL,0.35,29.154615,288.758946,100.0,0.0,7.0,12.0
R-HUL-L46,Race,HUL,0.3525,29.317267,291.27372,100.0,0.0,7.0,12.0
R-HUL-L46,Race,HUL,0.355,29.477785,294.54412,100.0,0.0,7.0,12.0
R-HUL-L46,Race,HUL,0.3575,29.637002,296.250022,100.0,0.0,7.0,12.0
R-HUL-L46,Race,HUL,0.36,29.795471,297.884712,100.0,0.0,7.0,12.0
R-HUL-L46,Race,HUL,0.3625,29.953044,299.46044,100.0,0.0,7.0,12.0
R-HUL-L46,Race,HUL,0.365,30.109854,301.035678,100.0,0.0,8.0,12.0
R-HUL-L46,Race,HUL,0.3675,30.265645,302.983062,100.0,0.0,8.0,12.0
R-HUL-L46,Race,HUL,0.37,30.419666,305.120366,100.0,0.0,8.0,12.0
R-HUL-L46,Race,HUL,0.3725,30.573672,307.259336,100.0,0.0,8.0,12.0
R-HUL-L46,Race,HUL,0.375,30.726699,308.498495,100.0,0.0,8.0,12.0
R-HUL-L46,Race,HUL,0.3775,30.878788,309.431563,100.0,0.0,8.0,12.0
R-HUL-L46,Race,HUL,0.38,31.03007,310.692249,100.0,0.0,8.0,12.0
R-HUL-L46,Race,HUL,0.3825,31.181352,311.952935,100.0,0.0,8.0,12.0
R-HUL-L46,Race,HUL,0.385,31.33239,313.21158,100.0,0.0,8.0,12.0
R-HUL-L46,Race,HUL,0.3875,31.482226,314.460221,100.0,0.0,8.0,12.0
R-HUL-L46,Race,HUL,0.39,31.631391,315.703262,100.0,0.0,8.0,12.0
R-HUL-L46,Race,HUL,0.3925,31.780045,316.94204,100.0,0.0,8.0,12.0
R-HUL-L46,Race,HUL,0.395,31.928528,318.153773,100.0,0.0,8.0,12.0
R-HUL-L46,Race,HUL,0.3975,32.076017,319.207261,100.0,0.0,8.0,12.0
R-HUL-L46,Race,HUL,0.4,32.223277,320.201541,100.0,0.0,8.0,12.0
R-HUL-L46,Race,HUL,0.4025,32.369847,321.015816,100.0,0.0,8.0,12.0
R-HUL-L46,Race,HUL,0.405,32.516416,321.830091,100.0,0.0,8.0,12.0
R-HUL-L46,Race,HUL,0.4075,32.662268,323.449907,100.0,0.0,8.0,12.0
R-HUL-L46,Race,HUL,0.41,32.807615,324.0,100.0,0.0,8.0,12.0
R-HUL-L46,Race,HUL,0.4125,32.952686,324.286434,100.0,0.0,8.0,12.0
R-HUL-L46,Race,HUL,0.415,33.097452,325.194055,100.0,0.0,8.0,12.0
R-HUL-L46,Race,HUL,0.4175,33.242143,326.080312,100.0,0.0,8.0,12.0
R-HUL-L46,Race,HUL,0.42,33.386243,326.79723,100.0,0.0,8.0,12.0
R-HUL-L46,Race,HUL,0.4225,33.530028,327.258216,100.0,0.0,8.0,12.0
R-HUL-L46,Race,HUL,0.425,33.673688,327.618267,100.0,0.0,8.0,12.0
R-HUL-L46,Race,HUL,0.4275,33.817349,327.978318,100.0,0.0,8.0,12.0
R-HUL-L46,Race,HUL,0.43,33.960804,328.0,100.0,0.0,8.0,12.0
R-HUL-L46,Race,HUL,0.4325,34.104245,328.0,100.0,0.0,8.0,12.0
R-HUL-L46,Race,HUL,0.435,34.247686,328.0,100.0,0.0,8.0,12.0
R-HUL-L46,Race,HUL,0.4375,34.391128,328.0,100.0,0.0,8.0,12.0
R-HUL-L46,Race,HUL,0.44,34.534569,328.0,100.0,0.0,8.0,12.0
R-HUL-L46,Race,HUL,0.4425,34.677992,328.029906,100.0,0.0,8.0,12.0
R-HUL-L46,Race,HUL,0.445,34.821216,328.387071,100.0,0.0,8.0,12.0
R-HUL-L46,Race,HUL,0.4475,34.964439,328.744236,100.0,0.0,8.0,12.0
R-HUL-L46,Race,HUL,0.45,35.1076,329.0,100.0,0.0,8.0,12.0
R-HUL-L46,Race,HUL,0.4525,35.250605,329.0,100.0,0.0,8.0,12.0
R-HUL-L46,Race,HUL,0.455,35.393611,329.0,100.0,0.0,8.0,12.0
R-HUL-L46,Race,HUL,0.4575,35.536616,329.0,100.0,0.0,8.0,12.0
R-HUL-L46,Race,HUL,0.46,35.679542,329.218925,100.0,0.0,8.0,12.0
R-HUL-L46,Race,HUL,0.4625,35.82233,329.813876,100.0,0.0,8.0,12.0
R-HUL-L46,Race,HUL,0.465,35.965119,329.386758,100.0,0.0,8.0,12.0
R-HUL-L46,Race,HUL,0.4675,36.109027,326.656358,71.8763,0.0,8.0,12.0
R-HUL-L46,Race,HUL,0.47,36.253793,322.520201,22.242411,100.0,8.0,12.0
R-HUL-L46,Race,HUL,0.4725,36.401917,312.101523,1.627073,100.0,8.0,0.0
R-HUL-L46,Race,HUL,0.475,36.558095,290.627713,0.0,100.0,8.0,0.0
R-HUL-L46,Race,HUL,0.4775,36.728296,261.9063,0.0,100.0,8.0,0.0
R-HUL-L46,Race,HUL,0.48,36.918095,238.890467,0.0,100.0,7.0,0.0
R-HUL-L46,Race,HUL,0.4825,37.121197,220.979127,0.0,100.0,7.0,0.0
R-HUL-L46,Race,HUL,0.485,37.349496,193.701383,0.0,100.0,7.0,0.0
R-HUL-L46,Race,HUL,0.4875,37.609056,172.224087,0.0,100.0,5.0,0.0
R-HUL-L46,Race,HUL,0.49,37.899433,144.975801,0.0,100.0,3.0,0.0
R-HUL-L46,Race,HUL,0.4925,38.276275,112.059278,0.0,100.0,3.0,0.0
R-HUL-L46,Race,HUL,0.495,38.738235,90.307561,0.0,100.0,2.0,0.0
R-HUL-L46,Race,HUL,0.4975,39.324623,70.905963,0.0,100.0,2.0,0.0
R-HUL-L46,Race,HUL,0.5,40.028308,63.977259,3.068224,0.0,2.0,0.0
R-HUL-L46,Race,HUL,0.5025,40.752036,68.700776,34.501293,0.0,2.0,0.0
R-HUL-L46,Race,HUL,0.505,41.366301,85.151459,55.083256,0.0,2.0,0.0
R-HUL-L46,Race,HUL,0.5075,41.87696,98.0,24.305143,0.0,2.0,0.0
R-HUL-L46,Race,HUL,0.51,42.363575,94.655088,10.002448,0.0,3.0,0.0
R-HUL-L46,Race,HUL,0.5125,42.858038,96.55519,42.775949,0.0,3.0,0.0
R-HUL-L46,Race,HUL,0.515,43.318688,107.305239,63.653759,0.0,3.0,0.0
R-HUL-L46,Race,HUL,0.5175,43.734411,122.791862,83.370544,0.0,3.0,0.0
R-HUL-L46,Race,HUL,0.52,44.091068,140.14321,100.0,0.0,3.0,0.0
R-HUL-L46,Race,HUL,0.5225,44.407894,155.192487,100.0,0.0,3.0,0.0
R-HUL-L46,Race,HUL,0.525,44.692791,169.802725,100.0,0.0,4.0,0.0
R-HUL-L46,Race,HUL,0.5275,44.964435,182.72306,100.0,0.0,4.0,0.0
R-HUL-L46,Race,HUL,0.53,45.216033,190.270995,100.0,0.0,4.0,0.0
R-HUL-L46,Race,HUL,0.5325,45.459091,198.703416,100.0,0.0,4.0,0.0
R-HUL-L46,Race,HUL,0.535,45.689383,207.141596,100.0,0.0,4.0,0.0
R-HUL-L46,Race,HUL,0.5375,45.914669,215.191713,100.0,0.0,5.0,0.0
R-HUL-L46,Race,HUL,0.54,46.129995,220.57487,100.0,0.0,5.0,0.0
R-HUL-L46,Race,HUL,0.5425,46.339729,225.818229,100.0,0.0,5.0,0.0
R-HUL-L46,Race,HUL,0.545,46.547435,231.01268,100.0,0.0,5.0,0.0
R-HUL-L46,Race,HUL,0.5475,46.748069,236.86452,100.0,0.0,6.0,0.0
R-HUL-L46,Race,HUL,0.55,46.943692,240.85544,100.0,0.0,6.0,0.0
R-HUL-L46,Race,HUL,0.5525,47.138109,244.398337,100.0,0.0,6.0,0.0
R-HUL-L46,Race,HUL,0.555,47.329531,247.935151,100.0,0.0,6.0,0.0
R-HUL-L46,Race,HUL,0.5575,47.518482,251.466944,100.0,0.0,6.0,0.0
R-HUL-L46,Race,HUL,0.56,47.703658,255.356949,100.0,0.0,6.0,0.0
R-HUL-L46,Race,HUL,0.5625,47.886986,258.999775,100.0,0.0,6.0,0.0
R-HUL-L46,Race,HUL,0.565,48.067938,261.994138,100.0,0.0,6.0,0.0
R-HUL-L46,Race,HUL,0.5675,48.24762,261.515507,100.0,0.0,6.0,0.0
R-HUL-L46,Race,HUL,0.57,48.425499,265.962463,100.0,0.0,7.0,0.0
R-HUL-L46,Race,HUL,0.5725,48.601764,268.947645,100.0,0.0,7.0,0.0
R-HUL-L46,Race,HUL,0.575,48.775646,271.032275,100.0,0.0,7.0,0.0
R-HUL-L46,Race,HUL,0.5775,48.947986,273.623852,100.0,0.0,7.0,0.0
R-HUL-L46,Race,HUL,0.58,49.120145,276.087856,100.0,0.0,7.0,0.0
R-HUL-L46,Race,HUL,0.5825,49.290094,277.256603,100.0,0.0,7.0,0.0
R-HUL-L46,Race,HUL,0.585,49.458728,279.130311,100.0,0.0,7.0,0.0
R-HUL-L46,Race,HUL,0.5875,49.627357,281.005357,100.0,0.0,7.0,0.0
R-HUL-L46,Race,HUL,0.59,49.793902,283.503523,100.0,0.0,7.0,0.0
R-HUL-L46,Race,HUL,0.5925,49.959044,285.414754,100.0,0.0,7.0,0.0
R-HUL-L46,Race,HUL,0.595,50.123663,287.249945,100.0,0.0,7.0,0.0
R-HUL-L46,Race,HUL,0.5975,50.286744,289.696156,100.0,0.0,7.0,0.0
R-HUL-L46,Race,HUL,0.6,50.449086,290.0,100.0,0.0,7.0,0.0
R-HUL-L46,Race,HUL,0.6025,50.610992,290.599924,100.0,0.0,7.0,0.0
R-HUL-L46,Race,HUL,0.605,50.772394,292.113071,100.0,0.0,7.0,0.0
R-HUL-L46,Race,HUL,0.6075,50.933116,293.619839,100.0,0.0,7.0,0.0
R-HUL-L46,Race,HUL,0.61,51.092874,295.117573,100.0,0.0,7.0,0.0
R-HUL-L46,Race,HUL,0.6125,51.25208,296.325401,100.0,0.0,7.0,0.0
R-HUL-L46,Race,HUL,0.615,51.410494,297.117468,100.0,0.0,8.0,0.0
R-HUL-L46,Race,HUL,0.6175,51.568907,297.909535,100.0,0.0,8.0,0.0
R-HUL-L46,Race,HUL,0.62,51.72685,298.0,100.0,0.0,8.0,0.0
R-HUL-L46,Race,HUL,0.6225,51.884042,299.71302,100.0,0.0,8.0,0.0
R-HUL-L46,Race,HUL,0.625,52.040863,301.0,100.0,0.0,8.0,0.0
R-HUL-L46,Race,HUL,0.6275,52.197156,301.022948,100.0,0.0,8.0,0.0
R-HUL-L46,Race,HUL,0.63,52.353205,301.414048,100.0,0.0,8.0,0.0
R-HUL-L46,Race,HUL,0.6325,52.509254,301.805148,100.0,0.0,8.0,0.0
R-HUL-L46,Race,HUL,0.635,52.665174,302.0,100.0,0.0,8.0,0.0
R-HUL-L46,Race,HUL,0.6375,52.820842,302.464415,100.0,0.0,8.0,0.0
R-HUL-L46,Race,HUL,0.64,52.976143,303.219198,100.0,0.0,8.0,0.0
R-HUL-L46,Race,HUL,0.6425,53.131164,303.703638,100.0,0.0,8.0,0.0
R-HUL-L46,Race,HUL,0.645,53.286086,304.0,100.0,0.0,8.0,0.0
R-HUL-L46,Race,HUL,0.6475,53.440672,304.247944,100.0,0.0,8.0,0.0
R-HUL-L46,Race,HUL,0.65,53.59493,304.947529,100.0,0.0,8.0,0.0
R-HUL-L46,Race,HUL,0.6525,53.749188,305.647113,100.0,0.0,8.0,0.0
R-HUL-L46,Race,HUL,0.655,53.903197,306.0,100.0,0.0,8.0,0.0
R-HUL-L46,Race,HUL,0.6575,54.056901,306.154503,100.0,0.0,8.0,0.0
R-HUL-L46,Race,HUL,0.66,54.210404,306.92202,100.0,0.0,8.0,0.0
R-HUL-L46,Race,HUL,0.6625,54.363683,307.0,100.0,0.0,8.0,0.0
R-HUL-L46,Race,HUL,0.665,54.51679,307.44895,100.0,0.0,8.0,0.0
R-HUL-L46,Race,HUL,0.6675,54.669864,307.761867,90.831896,0.0,8.0,0.0
R-HUL-L46,Race,HUL,0.67,54.823117,306.91046,58.052698,0.0,8.0,0.0
R-HUL-L46,Race,HUL,0.6725,54.976371,306.059052,25.273501,0.0,8.0,0.0
R-HUL-L46,Race,HUL,0.675,55.135426,292.394311,8.775871,100.0,8.0,0.0
R-HUL-L46,Race,HUL,0.6775,55.301895,268.455787,0.0,100.0,8.0,0.0
R-HUL-L46,Race,HUL,0.68,55.489371,244.671151,0.0,100.0,8.0,0.0
R-HUL-L46,Race,HUL,0.6825,55.687471,232.542569,0.0,100.0,6.0,0.0
R-HUL-L46,Race,HUL,0.685,55.892003,217.499652,0.0,100.0,6.0,0.0
R-HUL-L46,Race,HUL,0.6875,56.120606,199.745189,0.0,100.0,6.0,0.0
R-HUL-L46,Race,HUL,0.69,56.363125,188.721573,0.0,100.0,5.0,0.0
R-HUL-L46,Race,HUL,0.6925,56.616428,178.022863,0.0,100.0,5.0,0.0
R-HUL-L46,Race,HUL,0.695,56.887616,168.646142,0.0,100.0,4.0,0.0
R-HUL-L46,Race,HUL,0.6975,57.172717,162.685663,7.228856,0.0,4.0,0.0
R-HUL-L46,Race,HUL,0.7,57.466772,156.804564,39.574899,0.0,4.0,0.0
R-HUL-L46,Race,HUL,0.7025,57.765677,157.433113,58.331133,0.0,4.0,0.0
R-HUL-L46,Race,HUL,0.705,58.059852,161.740844,68.809656,0.0,4.0,0.0
R-HUL-L46,Race,HUL,0.7075,58.347086,168.00215,69.99785,0.0,4.0,0.0
R-HUL-L46,Race,HUL,0.71,58.624004,171.396469,75.603531,0.0,4.0,0.0
R-HUL-L46,Race,HUL,0.7125,58.89575,174.808605,73.089845,0.0,4.0,0.0
R-HUL-L46,Race,HUL,0.715,59.159329,182.221755,73.913528,0.0,4.0,0.0
R-HUL-L46,Race,HUL,0.7175,59.412788,186.951296,76.822354,0.0,5.0,0.0
R-HUL-L46,Race,HUL,0.72,59.662825,191.907536,88.537682,0.0,5.0,0.0
R-HUL-L46,Race,HUL,0.7225,59.904163,197.954085,99.790817,0.0,5.0,0.0
R-HUL-L46,Race,HUL,0.725,60.13727,204.46487,100.0,0.0,5.0,0.0
R-HUL-L46,Race,HUL,0.7275,60.361369,210.167766,100.0,0.0,5.0,0.0
R-HUL-L46,Race,HUL,0.73,60.580711,215.300566,100.0,0.0,5.0,0.0
R-HUL-L46,Race,HUL,0.7325,60.800053,220.433367,100.0,0.0,5.0,0.0
R-HUL-L46,Race,HUL,0.735,61.01196,224.118419,100.0,0.0,5.0,0.0
R-HUL-L46,Race,HUL,0.7375,61.220602,227.167468,100.0,0.0,5.0,0.0
R-HUL-L46,Race,HUL,0.74,61.427087,231.518231,100.0,0.0,5.0,0.0
R-HUL-L46,Race,HUL,0.7425,61.626452,236.993775,100.0,0.0,5.0,0.0
R-HUL-L46,Race,HUL,0.745,61.823308,241.927531,100.0,0.0,6.0,0.0
R-HUL-L46,Race,HUL,0.7475,62.016468,246.367165,100.0,0.0,6.0,0.0
R-HUL-L46,Race,HUL,0.75,62.206697,250.0,100.0,0.0,6.0,0.0
R-HUL-L46,Race,HUL,0.7525,62.394418,250.74091,100.0,0.0,6.0,0.0
R-HUL-L46,Race,HUL,0.755,62.58075,253.652345,100.0,0.0,6.0,0.0
R-HUL-L46,Race,HUL,0.7575,62.764948,256.627951,100.0,0.0,6.0,0.0
R-HUL-L46,Race,HUL,0.76,62.947308,259.658859,100.0,0.0,6.0,0.0
R-HUL-L46,Race,HUL,0.7625,63.127735,262.669203,100.0,0.0,6.0,0.0
R-HUL-L46,Race,HUL,0.765,63.306107,265.419005,100.0,0.0,7.0,0.0
R-HUL-L46,Race,HUL,0.7675,63.48265,267.310541,100.0,0.0,7.0,0.0
R-HUL-L46,Race,HUL,0.77,63.658151,268.793936,100.0,0.0,7.0,0.0
R-HUL-L46,Race,HUL,0.7725,63.833009,270.033383,100.0,0.0,7.0,0.0
R-HUL-L46,Race,HUL,0.775,64.006621,270.997893,100.0,0.0,7.0,0.0
R-HUL-L46,Race,HUL,0.7775,64.180233,271.962403,100.0,0.0,7.0,0.0
R-HUL-L46,Race,HUL,0.78,64.353231,272.0,100.0,0.0,7.0,0.0
R-HUL-L46,Race,HUL,0.7825,64.526204,272.0,100.0,0.0,7.0,0.0
R-HUL-L46,Race,HUL,0.785,64.698913,272.719135,100.0,0.0,7.0,0.0
R-HUL-L46,Race,HUL,0.7875,64.871172,273.725637,100.0,0.0,7.0,0.0
R-HUL-L46,Race,HUL,0.79,65.0434,272.769167,100.0,0.0,7.0,0.0
R-HUL-L46,Race,HUL,0.7925,65.216056,272.049767,100.0,0.0,7.0,0.0
R-HUL-L46,Race,HUL,0.795,65.389602,270.375863,100.0,0.0,7.0,0.0
R-HUL-L46,Race,HUL,0.7975,65.563465,270.568605,100.0,0.0,7.0,0.0
R-HUL-L46,Race,HUL,0.8,65.737528,270.123872,70.211665,0.0,7.0,0.0
R-HUL-L46,Race,HUL,0.8025,65.914838,262.823205,20.373091,100.0,7.0,0.0
R-HUL-L46,Race,HUL,0.805,66.099503,247.666249,0.0,100.0,7.0,0.0
R-HUL-L46,Race,HUL,0.8075,66.305857,220.152337,0.0,100.0,7.0,0.0
R-HUL-L46,Race,HUL,0.81,66.527926,189.491857,0.0,100.0,7.0,0.0
R-HUL-L46,Race,HUL,0.8125,66.79503,166.883702,0.0,100.0,7.0,0.0
R-HUL-L46,Race,HUL,0.815,67.082846,160.697723,0.0,100.0,5.0,0.0
R-HUL-L46,Race,HUL,0.8175,67.403998,135.870499,0.0,100.0,3.0,0.0
R-HUL-L46,Race,HUL,0.82,67.773489,118.324394,0.0,100.0,3.0,0.0
R-HUL-L46,Race,HUL,0.8225,68.19042,107.731605,0.0,100.0,3.0,0.0
R-HUL-L46,Race,HUL,0.825,68.641283,102.127944,0.0,0.0,3.0,0.0
R-HUL-L46,Race,HUL,0.8275,69.10129,102.823497,41.940985,0.0,3.0,0.0
R-HUL-L46,Race,HUL,0.83,69.552426,106.95272,54.044191,0.0,3.0,0.0
R-HUL-L46,Race,HUL,0.8325,69.95164,124.475115,71.193338,0.0,3.0,0.0
R-HUL-L46,Race,HUL,0.835,70.314498,136.839207,68.928635,0.0,3.0,0.0
R-HUL-L46,Race,HUL,0.8375,70.648708,144.0,36.680418,0.0,3.0,0.0
R-HUL-L46,Race,HUL,0.84,70.98013,140.934442,17.803326,0.0,4.0,0.0
R-HUL-L46,Race,HUL,0.8425,71.318207,135.297977,14.510116,0.0,4.0,0.0
R-HUL-L46,Race,HUL,0.845,71.666321,136.183901,48.762437,0.0,4.0,0.0
R-HUL-L46,Race,HUL,0.8475,72.004652,141.385194,55.708155,0.0,4.0,0.0
R-HUL-L46,Race,HUL,0.85,72.330037,148.55093,63.34392,0.0,4.0,0.0
R-HUL-L46,Race,HUL,0.8525,72.643346,151.426514,69.279542,0.0,4.0,0.0
R-HUL-L46,Race,HUL,0.855,72.945671,157.975195,71.995866,0.0,4.0,0.0
R-HUL-L46,Race,HUL,0.8575,73.23992,164.0,52.093075,0.0,4.0,0.0
R-HUL-L46,Race,HUL,0.86,73.528298,162.24864,0.78108,0.0,4.0,0.0
R-HUL-L46,Race,HUL,0.8625,73.825543,155.015747,0.0,0.0,4.0,0.0
R-HUL-L46,Race,HUL,0.865,74.13205,151.17481,0.0,0.0,4.0,0.0
R-HUL-L46,Race,HUL,0.8675,74.446791,148.252246,48.306138,0.0,4.0,0.0
R-HUL-L46,Race,HUL,0.87,74.760913,151.789849,69.231879,0.0,4.0,0.0
R-HUL-L46,Race,HUL,0.8725,75.051935,158.993238,76.363108,0.0,4.0,0.0
R-HUL-L46,Race,HUL,0.875,75.332823,166.577223,84.508869,0.0,4.0,0.0
R-HUL-L46,Race,HUL,0.8775,75.613711,174.161207,92.65463,0.0,4.0,0.0
R-HUL-L46,Race,HUL,0.88,75.891656,182.144729,100.0,0.0,4.0,0.0
R-HUL-L46,Race,HUL,0.8825,76.142583,193.794906,100.0,0.0,4.0,0.0
R-HUL-L46,Race,HUL,0.885,76.380188,201.622271,100.0,0.0,4.0,0.0
R-HUL-L46,Race,HUL,0.8875,76.608759,208.361085,100.0,0.0,5.0,0.0
R-HUL-L46,Race,HUL,0.89,76.831528,216.0,100.0,0.0,5.0,0.0
R-HUL-L46,Race,HUL,0.8925,77.047486,218.512148,100.0,0.0,5.0,0.0
R-HUL-L46,Race,HUL,0.895,77.261344,223.858601,100.0,0.0,5.0,0.0
R-HUL-L46,Race,HUL,0.8975,77.469185,229.054559,100.0,0.0,5.0,0.0
R-HUL-L46,Race,HUL,0.9,77.66982,238.288783,100.0,0.0,6.0,0.0
R-HUL-L46,Race,HUL,0.9025,77.86409,241.960567,100.0,0.0,6.0,0.0
R-HUL-L46,Race,HUL,0.905,78.056913,244.367093,100.0,0.0,6.0,0.0
R-HUL-L46,Race,HUL,0.9075,78.249736,246.773619,100.0,0.0,6.0,0.0
R-HUL-L46,Race,HUL,0.91,78.440475,249.744806,100.0,0.0,6.0,0.0
R-HUL-L46,Race,HUL,0.9125,78.627597,252.002191,100.0,0.0,6.0,0.0
R-HUL-L46,Race,HUL,0.915,78.813929,253.550655,100.0,0.0,6.0,0.0
R-HUL-L46,Race,HUL,0.9175,78.999221,254.825291,80.193018,0.0,6.0,0.0
R-HUL-L46,Race,HUL,0.92,79.183781,255.0,78.613013,0.0,7.0,0.0
R-HUL-L46,Race,HUL,0.9225,79.368885,253.721107,80.426298,0.0,7.0,0.0
R-HUL-L46,Race,HUL,0.925,79.554578,252.269877,81.0,0.0,7.0,0.0
R-HUL-L46,Race,HUL,0.9275,79.740541,253.303008,81.0,0.0,7.0,0.0
R-HUL-L46,Race,HUL,0.93,79.926148,254.149996,83.849924,0.0,7.0,0.0
R-HUL-L46,Race,HUL,0.9325,80.111016,254.611012,92.609234,0.0,7.0,0.0
R-HUL-L46,Race,HUL,0.935,80.29577,255.180946,100.0,0.0,7.0,0.0
R-HUL-L46,Race,HUL,0.9375,80.479392,256.444933,98.220266,0.0,7.0,0.0
R-HUL-L46,Race,HUL,0.94,80.661752,257.964597,92.141611,0.0,7.0,0.0
R-HUL-L46,Race,HUL,0.9425,80.844111,259.484261,86.062956,0.0,7.0,0.0
R-HUL-L46,Race,HUL,0.945,81.029831,248.910682,32.249847,100.0,7.0,0.0
R-HUL-L46,Race,HUL,0.9475,81.225035,235.676675,0.0,100.0,7.0,0.0
R-HUL-L46,Race,HUL,0.95,81.430913,221.998765,0.0,100.0,7.0,0.0
R-HUL-L46,Race,HUL,0.9525,81.658752,196.050413,0.0,100.0,7.0,0.0
R-HUL-L46,Race,HUL,0.955,81.908942,173.04464,0.0,100.0,5.0,0.0
R-HUL-L46,Race,HUL,0.9575,82.199504,153.429393,0.0,100.0,4.0,0.0
R-HUL-L46,Race,HUL,0.96,82.515943,143.332327,0.0,100.0,4.0,0.0
R-HUL-L46,Race,HUL,0.9625,82.857437,131.673888,0.0,100.0,4.0,0.0
R-HUL-L46,Race,HUL,0.965,83.221473,126.138174,0.0,0.0,4.0,0.0
R-HUL-L46,Race,HUL,0.9675,83.598887,124.198114,36.759438,0.0,4.0,0.0
R-HUL-L46,Race,HUL,0.97,83.968422,130.446293,59.178517,0.0,4.0,0.0
R-HUL-L46,Race,HUL,0.9725,84.318543,138.288584,66.261735,0.0,4.0,0.0
R-HUL-L46,Race,HUL,0.975,84.642767,151.04609,98.676909,0.0,4.0,0.0
R-HUL-L46,Race,HUL,0.9775,84.946244,159.974692,100.0,0.0,4.0,0.0
R-HUL-L46,Race,HUL,0.98,85.22419,178.033056,100.0,0.0,4.0,0.0
R-HUL-L46,Race,HUL,0.9825,85.4827,185.213885,100.0,0.0,4.0,0.0
R-HUL-L46,Race,HUL,0.985,85.732305,192.947822,100.0,0.0,4.0,0.0
R-HUL-L46,Race,HUL,0.9875,85.968731,202.167781,100.0,0.0,5.0,0.0
R-HUL-L46,Race,HUL,0.99,86.1973,210.670242,100.0,0.0,5.0,0.0
R-HUL-L46,Race,HUL,0.9925,86.417895,217.198245,100.0,0.0,5.0,0.0
R-HUL-L46,Race,HUL,0.995,86.632645,220.995978,100.0,0.0,5.0,0.0
R-HUL-L46,Race,HUL,0.9975,86.843626,225.500913,100.0,0.0,5.0,0.0
R-HUL-L46,Race,HUL,1.0,87.05,231.228571,100.0,0.0,5.0,0.0
R-VER-L39,Race,VER,0.0,0.0,231.0,100.0,0.0,5.0,0.0
R-VER-L39,Race,VER,0.0025,0.20213,232.125117,100.0,0.0,5.0,0.0
R-VER-L39,Race,VER,0.005,0.401259,237.08957,100.0,0.0,6.0,0.0
R-VER-L39,Race,VER,0.0075,0.598011,241.666894,100.0,0.0,6.0,0.0
R-VER-L39,Race,VER,0.01,0.790652,245.819715,100.0,0.0,6.0,0.0
R-VER-L39,Race,VER,0.0125,0.979745,250.566818,100.0,0.0,6.0,0.0
R-VER-L39,Race,VER,0.015,1.16511,253.328388,100.0,0.0,6.0,0.0
R-VER-L39,Race,VER,0.0175,1.3501,255.890581,100.0,0.0,6.0,0.0
R-VER-L39,Race,VER,0.02,1.532339,258.61509,100.0,0.0,6.0,0.0
R-VER-L39,Race,VER,0.0225,1.712654,261.319813,100.0,0.0,6.0,0.0
R-VER-L39,Race,VER,0.025,1.889889,264.397982,100.0,0.0,6.0,0.0
R-VER-L39,Race,VER,0.0275,2.066186,267.603385,100.0,0.0,7.0,0.0
R-VER-L39,Race,VER,0.03,2.241502,270.623686,100.0,0.0,7.0,0.0
R-VER-L39,Race,VER,0.0325,2.41391,273.095489,100.0,0.0,7.0,0.0
R-VER-L39,Race,VER,0.035,2.585126,274.772329,100.0,0.0,7.0,0.0
R-VER-L39,Race,VER,0.0375,2.755653,275.990382,100.0,0.0,7.0,0.0
R-VER-L39,Race,VER,0.04,2.924657,278.09571,100.0,0.0,7.0,0.0
R-VER-L39,Race,VER,0.0425,3.092956,279.599727,100.0,0.0,7.0,0.0
R-VER-L39,Race,VER,0.045,3.260185,281.031845,100.0,0.0,7.0,0.0
R-VER-L39,Race,VER,0.0475,3.426576,282.695756,100.0,0.0,7.0,0.0
R-VER-L39,Race,VER,0.05,3.592035,284.348606,96.513943,0.0,7.0,0.0
R-VER-L39,Race,VER,0.0525,3.756579,285.98586,80.141403,100.0,7.0,0.0
R-VER-L39,Race,VER,0.055,3.93147,266.484594,36.632431,100.0,7.0,0.0
R-VER-L39,Race,VER,0.0575,4.110796,246.802614,0.0,100.0,7.0,0.0
R-VER-L39,Race,VER,0.06,4.312495,227.138354,0.0,100.0,7.0,0.0
R-VER-L39,Race,VER,0.0625,4.52455,206.288594,0.0,100.0,7.0,0.0
R-VER-L39,Race,VER,0.065,4.761758,188.773197,0.0,100.0,6.0,0.0
R-VER-L39,Race,VER,0.0675,5.022007,175.083736,0.0,100.0,4.0,0.0
R-VER-L39,Race,VER,0.07,5.29613,164.820653,0.597824,0.0,4.0,0.0
R-VER-L39,Race,VER,0.0725,5.58295,162.131717,9.560945,0.0,4.0,0.0
R-VER-L39,Race,VER,0.075,5.87749,156.757196,54.563831,0.0,4.0,0.0
R-VER-L39,Race,VER,0.0775,6.17163,160.03502,70.799334,0.0,4.0,0.0
R-VER-L39,Race,VER,0.08,6.460196,165.846698,84.262735,0.0,4.0,0.0
R-VER-L39,Race,VER,0.0825,6.737787,173.777568,100.0,0.0,4.0,0.0
R-VER-L39,Race,VER,0.085,6.997593,183.49601,100.0,0.0,4.0,0.0
R-VER-L39,Race,VER,0.0875,7.250082,192.127566,100.0,0.0,4.0,0.0
R-VER-L39,Race,VER,0.09,7.489766,198.58829,100.0,0.0,5.0,0.0
R-VER-L39,Race,VER,0.0925,7.720653,208.0,100.0,0.0,5.0,0.0
R-VER-L39,Race,VER,0.095,7.944572,210.675459,100.0,0.0,5.0,0.0
R-VER-L39,Race,VER,0.0975,8.163741,217.239277,100.0,0.0,5.0,0.0
R-VER-L39,Race,VER,0.1,8.376231,224.455781,100.0,0.0,5.0,0.0
R-VER-L39,Race,VER,0.1025,8.583273,229.631835,100.0,0.0,5.0,0.0
R-VER-L39,Race,VER,0.105,8.785756,233.755127,100.0,0.0,6.0,0.0
R-VER-L39,Race,VER,0.1075,8.983493,237.246123,99.072536,0.0,6.0,0.0
R-VER-L39,Race,VER,0.11,9.180946,240.701547,98.085272,0.0,6.0,0.0
R-VER-L39,Race,VER,0.1125,9.374315,242.767572,92.697285,0.0,6.0,0.0
R-VER-L39,Race,VER,0.115,9.567299,244.702246,86.893263,0.0,6.0,0.0
R-VER-L39,Race,VER,0.1175,9.758291,245.896064,87.792128,0.0,6.0,0.0
R-VER-L39,Race,VER,0.12,9.948922,246.955121,89.910242,0.0,6.0,0.0
R-VER-L39,Race,VER,0.1225,10.137353,249.247385,95.618462,0.0,6.0,0.0
R-VER-L39,Race,VER,0.125,10.325306,251.0,100.0,0.0,6.0,0.0
R-VER-L39,Race,VER,0.1275,10.512139,251.0,100.0,0.0,6.0,0.0
R-VER-L39,Race,VER,0.13,10.697857,253.340711,100.0,0.0,6.0,0.0
R-VER-L39,Race,VER,0.1325,10.88237,255.533561,100.0,0.0,6.0,0.0
R-VER-L39,Race,VER,0.135,11.064857,257.54081,100.0,0.0,6.0,0.0
R-VER-L39,Race,VER,0.1375,11.246492,260.07101,99.810639,0.0,6.0,0.0
R-VER-L39,Race,VER,0.14,11.425823,261.412638,96.232964,0.0,6.0,0.0
R-VER-L39,Race,VER,0.1425,11.605154,262.754267,92.655289,0.0,7.0,0.0
R-VER-L39,Race,VER,0.145,11.783927,262.594648,86.325078,0.0,7.0,0.0
R-VER-L39,Race,VER,0.1475,11.962574,262.098405,79.377663,0.0,7.0,0.0
R-VER-L39,Race,VER,0.15,12.14177,261.281151,82.313096,0.0,7.0,0.0
R-VER-L39,Race,VER,0.1525,12.321337,261.0,87.098911,0.0,7.0,0.0
R-VER-L39,Race,VER,0.155,12.501011,261.0,94.692153,0.0,7.0,0.0
R-VER-L39,Race,VER,0.1575,12.680213,261.773165,100.0,0.0,7.0,0.0
R-VER-L39,Race,VER,0.16,12.858861,263.453238,100.0,0.0,7.0,0.0
R-VER-L39,Race,VER,0.1625,13.036372,264.746074,100.0,0.0,7.0,0.0
R-VER-L39,Race,VER,0.165,13.213334,265.85209,100.0,0.0,7.0,0.0
R-VER-L39,Race,VER,0.1675,13.38972,266.0,100.0,0.0,7.0,0.0
R-VER-L39,Race,VER,0.17,13.565388,267.394903,100.0,0.0,7.0,0.0
R-VER-L39,Race,VER,0.1725,13.740259,268.852161,100.0,0.0,7.0,0.0
R-VER-L39,Race,VER,0.175,13.913727,270.338791,100.0,0.0,7.0,0.0
R-VER-L39,Race,VER,0.1775,14.083945,271.952926,100.0,0.0,7.0,0.0
R-VER-L39,Race,VER,0.18,14.254163,273.567062,100.0,0.0,7.0,0.0
R-VER-L39,Race,VER,0.1825,14.424381,275.181198,100.0,0.0,7.0,0.0
R-VER-L39,Race,VER,0.185,14.594599,276.795334,100.0,0.0,7.0,0.0
R-VER-L39,Race,VER,0.1875,14.764817,278.409469,100.0,0.0,7.0,0.0
R-VER-L39,Race,VER,0.19,14.935035,280.023605,100.0,0.0,7.0,0.0
R-VER-L39,Race,VER,0.1925,15.103703,281.365014,100.0,0.0,7.0,0.0
R-VER-L39,Race,VER,0.195,15.269997,282.288872,100.0,0.0,7.0,0.0
R-VER-L39,Race,VER,0.1975,15.436022,283.272558,100.0,0.0,7.0,0.0
R-VER-L39,Race,VER,0.2,15.601145,284.456239,100.0,0.0,7.0,0.0
R-VER-L39,Race,VER,0.2025,15.765644,285.886444,100.0,0.0,7.0,0.0
R-VER-L39,Race,VER,0.205,15.929248,287.373198,100.0,0.0,7.0,0.0
R-VER-L39,Race,VER,0.2075,16.092078,288.53627,100.0,0.0,7.0,0.0
R-VER-L39,Race,VER,0.21,16.254569,289.0,100.0,0.0,7.0,0.0
R-VER-L39,Race,VER,0.2125,16.416801,289.082506,100.0,0.0,7.0,0.0
R-VER-L39,Race,VER,0.215,16.578788,289.757449,100.0,0.0,7.0,0.0
R-VER-L39,Race,VER,0.2175,16.740595,290.0,100.0,0.0,7.0,0.0
R-VER-L39,Race,VER,0.22,16.902302,290.0,100.0,0.0,7.0,0.0
R-VER-L39,Race,VER,0.2225,17.064009,290.0,100.0,0.0,7.0,0.0
R-VER-L39,Race,VER,0.225,17.225716,290.0,100.0,0.0,7.0,0.0
R-VER-L39,Race,VER,0.2275,17.387423,290.0,100.0,0.0,7.0,0.0
R-VER-L39,Race,VER,0.23,17.54913,290.0,100.0,0.0,7.0,0.0
R-VER-L39,Race,VER,0.2325,17.710837,290.0,100.0,0.0,7.0,0.0
R-VER-L39,Race,VER,0.235,17.872545,290.0,100.0,0.0,7.0,0.0
R-VER-L39,Race,VER,0.2375,18.034252,290.0,100.0,0.0,7.0,0.0
R-VER-L39,Race,VER,0.24,18.195959,290.0,100.0,0.0,7.0,0.0
R-VER-L39,Race,VER,0.2425,18.35808,289.142001,72.258028,0.0,7.0,0.0
R-VER-L39,Race,VER,0.245,18.520628,287.400417,15.946818,100.0,7.0,0.0
R-VER-L39,Race,VER,0.2475,18.6898,276.257695,1.760503,100.0,7.0,0.0
R-VER-L39,Race,VER,0.25,18.86095,262.308181,0.150944,100.0,7.0,0.0
R-VER-L39,Race,VER,0.2525,19.048015,245.730797,0.0,100.0,7.0,0.0
R-VER-L39,Race,VER,0.255,19.250454,224.813462,0.0,100.0,7.0,0.0
R-VER-L39,Race,VER,0.2575,19.471657,198.335291,0.0,100.0,7.0,0.0
R-VER-L39,Race,VER,0.26,19.725195,172.209339,0.0,100.0,7.0,0.0
R-VER-L39,Race,VER,0.2625,20.010221,150.541697,0.0,100.0,6.0,0.0
R-VER-L39,Race,VER,0.265,20.345595,129.602862,0.0,100.0,3.0,0.0
R-VER-L39,Race,VER,0.2675,20.728605,114.180587,0.0,100.0,3.0,0.0
R-VER-L39,Race,VER,0.27,21.160781,104.965242,0.0,100.0,3.0,0.0
R-VER-L39,Race,VER,0.2725,21.623568,97.488649,0.563919,0.0,3.0,0.0
R-VER-L39,Race,VER,0.275,22.117577,93.0,23.564051,0.0,3.0,0.0
R-VER-L39,Race,VER,0.2775,22.602251,100.642775,36.346821,0.0,3.0,0.0
R-VER-L39,Race,VER,0.28,23.046532,110.768081,54.595736,0.0,3.0,0.0
R-VER-L39,Race,VER,0.2825,23.448366,123.23591,72.518304,0.0,3.0,0.0
R-VER-L39,Race,VER,0.285,23.80457,138.935873,89.640998,0.0,3.0,0.0
R-VER-L39,Race,VER,0.2875,24.128112,151.986162,100.0,0.0,3.0,0.0
R-VER-L39,Race,VER,0.29,24.423769,165.329188,100.0,0.0,4.0,0.0
R-VER-L39,Race,VER,0.2925,24.698009,179.003206,100.0,0.0,4.0,0.0
R-VER-L39,Race,VER,0.295,24.949875,189.661454,100.0,0.0,4.0,0.0
R-VER-L39,Race,VER,0.2975,25.193222,197.880553,100.0,0.0,4.0,0.0
R-VER-L39,Race,VER,0.3,25.427203,203.730078,100.0,0.0,4.0,0.0
R-VER-L39,Race,VER,0.3025,25.653392,210.571793,100.0,0.0,5.0,0.0
R-VER-L39,Race,VER,0.305,25.872017,220.722236,100.0,0.0,5.0,0.0
R-VER-L39,Race,VER,0.3075,26.08208,224.644278,100.0,0.0,5.0,0.0
R-VER-L39,Race,VER,0.31,26.288685,229.920545,100.0,0.0,5.0,0.0
R-VER-L39,Race,VER,0.3125,26.490572,235.314303,100.0,0.0,6.0,0.0
R-VER-L39,Race,VER,0.315,26.687535,241.158911,100.0,0.0,6.0,0.0
R-VER-L39,Race,VER,0.3175,26.880518,244.375306,100.0,0.0,6.0,0.0
R-VER-L39,Race,VER,0.32,27.070367,248.265007,100.0,0.0,6.0,0.0
R-VER-L39,Race,VER,0.3225,27.258484,251.756055,100.0,0.0,6.0,0.0
R-VER-L39,Race,VER,0.325,27.443223,255.130577,100.0,0.0,6.0,0.0
R-VER-L39,Race,VER,0.3275,27.625916,259.209371,100.0,0.0,6.0,0.0
R-VER-L39,Race,VER,0.33,27.805936,260.559516,100.0,0.0,7.0,0.0
R-VER-L39,Race,VER,0.3325,27.985955,261.909662,100.0,0.0,7.0,0.0
R-VER-L39,Race,VER,0.335,28.160064,264.818505,100.0,0.0,7.0,0.0
R-VER-L39,Race,VER,0.3375,28.333749,267.83912,100.0,0.0,7.0,0.0
R-VER-L39,Race,VER,0.34,28.507435,270.859735,100.0,0.0,7.0,0.0
R-VER-L39,Race,VER,0.3425,28.68112,273.88035,100.0,0.0,7.0,0.0
R-VER-L39,Race,VER,0.345,28.854805,276.900965,100.0,0.0,7.0,0.0
R-VER-L39,Race,VER,0.3475,29.025311,278.0,100.0,0.0,7.0,0.0
R-VER-L39,Race,VER,0.35,29.193312,279.362718,100.0,0.0,7.0,0.0
R-VER-L39,Race,VER,0.3525,29.360496,282.348143,100.0,0.0,7.0,0.0
R-VER-L39,Race,VER,0.355,29.525842,284.380455,100.0,0.0,7.0,0.0
R-VER-L39,Race,VER,0.3575,29.690533,286.126871,100.0,0.0,7.0,0.0
R-VER-L39,Race,VER,0.36,29.853646,287.656058,100.0,0.0,7.0,0.0
R-VER-L39,Race,VER,0.3625,30.016589,289.139921,100.0,0.0,7.0,0.0
R-VER-L39,Race,VER,0.365,30.178296,290.294972,100.0,0.0,7.0,0.0
R-VER-L39,Race,VER,0.3675,30.339572,291.44694,100.0,0.0,7.0,0.0
R-VER-L39,Race,VER,0.37,30.500171,292.594079,100.0,0.0,7.0,0.0
R-VER-L39,Race,VER,0.3725,30.660065,293.572581,100.0,0.0,7.0,0.0
R-VER-L39,Race,VER,0.375,30.819572,294.458731,100.0,0.0,8.0,0.0
R-VER-L39,Race,VER,0.3775,30.978659,295.513826,100.0,0.0,8.0,0.0
R-VER-L39,Race,VER,0.38,31.137088,296.834069,100.0,0.0,8.0,0.0
R-VER-L39,Race,VER,0.3825,31.294819,297.689096,100.0,0.0,8.0,0.0
R-VER-L39,Race,VER,0.385,31.451971,298.678362,100.0,0.0,8.0,0.0
R-VER-L39,Race,VER,0.3875,31.60881,299.798645,100.0,0.0,8.0,0.0
R-VER-L39,Race,VER,0.39,31.765008,300.795079,100.0,0.0,8.0,0.0
R-VER-L39,Race,VER,0.3925,31.920656,301.511068,100.0,0.0,8.0,0.0
R-VER-L39,Race,VER,0.395,32.076006,302.211146,100.0,0.0,8.0,0.0
R-VER-L39,Race,VER,0.3975,32.230775,303.070975,100.0,0.0,8.0,0.0
R-VER-L39,Race,VER,0.4,32.385545,303.930803,100.0,0.0,8.0,0.0
R-VER-L39,Race,VER,0.4025,32.539846,304.0,100.0,0.0,8.0,0.0
R-VER-L39,Race,VER,0.405,32.69388,304.341348,100.0,0.0,8.0,0.0
R-VER-L39,Race,VER,0.4075,32.847887,304.725405,100.0,0.0,8.0,0.0
R-VER-L39,Race,VER,0.41,33.001679,305.272992,100.0,0.0,8.0,0.0
R-VER-L39,Race,VER,0.4125,33.154931,306.230816,100.0,0.0,8.0,0.0
R-VER-L39,Race,VER,0.415,33.308035,307.107268,100.0,0.0,8.0,0.0
R-VER-L39,Race,VER,0.4175,33.460539,307.651926,100.0,0.0,8.0,0.0
R-VER-L39,Race,VER,0.42,33.612954,308.0,100.0,0.0,8.0,0.0
R-VER-L39,Race,VER,0.4225,33.765211,308.0,100.0,0.0,8.0,0.0
R-VER-L39,Race,VER,0.425,33.917467,308.0,100.0,0.0,8.0,0.0
R-VER-L39,Race,VER,0.4275,34.069724,308.0,100.0,0.0,8.0,0.0
R-VER-L39,Race,VER,0.43,34.221981,308.0,100.0,0.0,8.0,0.0
R-VER-L39,Race,VER,0.4325,34.374264,307.941915,100.0,0.0,8.0,0.0
R-VER-L39,Race,VER,0.435,34.526768,307.397257,100.0,0.0,8.0,0.0
R-VER-L39,Race,VER,0.4375,34.679339,307.0,100.0,0.0,8.0,0.0
R-VER-L39,Race,VER,0.44,34.832092,307.0,100.0,0.0,8.0,0.0
R-VER-L39,Race,VER,0.4425,34.984845,307.0,100.0,0.0,8.0,0.0
R-VER-L39,Race,VER,0.445,35.137597,307.0,100.0,0.0,8.0,0.0
R-VER-L39,Race,VER,0.4475,35.29035,307.0,100.0,0.0,8.0,0.0
R-VER-L39,Race,VER,0.45,35.443102,307.0,100.0,0.0,8.0,0.0
R-VER-L39,Race,VER,0.4525,35.595855,307.0,100.0,0.0,8.0,0.0
R-VER-L39,Race,VER,0.455,35.748608,307.0,100.0,0.0,8.0,0.0
R-VER-L39,Race,VER,0.4575,35.90136,307.0,100.0,0.0,8.0,0.0
R-VER-L39,Race,VER,0.46,36.054206,306.795693,100.0,0.0,8.0,0.0
R-VER-L39,Race,VER,0.4625,36.207208,306.249258,100.0,0.0,8.0,0.0
R-VER-L39,Race,VER,0.465,36.360346,306.0,100.0,0.0,8.0,0.0
R-VER-L39,Race,VER,0.4675,36.513657,305.817626,99.817626,0.0,8.0,0.0
R-VER-L39,Race,VER,0.47,36.66716,305.053931,99.053931,0.0,8.0,0.0
R-VER-L39,Race,VER,0.4725,36.820896,305.0,51.027663,0.0,8.0,0.0
R-VER-L39,Race,VER,0.475,36.974985,303.975797,4.573249,0.0,8.0,0.0
R-VER-L39,Race,VER,0.4775,37.131824,294.518131,0.632555,100.0,8.0,0.0
R-VER-L39,Race,VER,0.48,37.295863,276.510078,0.0,100.0,8.0,0.0
R-VER-L39,Race,VER,0.4825,37.481598,250.681971,0.0,100.0,8.0,0.0
R-VER-L39,Race,VER,0.485,37.67031,223.947705,0.0,100.0,8.0,0.0
R-VER-L39,Race,VER,0.4875,37.893009,197.624191,0.0,100.0,8.0,0.0
R-VER-L39,Race,VER,0.49,38.145525,174.247481,0.0,100.0,8.0,0.0
R-VER-L39,Race,VER,0.4925,38.440242,147.793521,0.0,100.0,6.0,0.0
R-VER-L39,Race,VER,0.495,38.793918,118.33422,0.0,100.0,4.0,0.0
R-VER-L39,Race,VER,0.4975,39.236481,93.717285,0.0,100.0,2.0,0.0
R-VER-L39,Race,VER,0.5,39.789019,76.396853,0.0,100.0,2.0,0.0
R-VER-L39,Race,VER,0.5025,40.464377,61.340574,2.795656,0.0,2.0,0.0
R-VER-L39,Race,VER,0.505,41.221496,65.78583,29.381107,0.0,2.0,0.0
R-VER-L39,Race,VER,0.5075,41.851039,83.422431,54.456874,0.0,2.0,0.0
R-VER-L39,Race,VER,0.51,42.360524,98.317459,32.169317,0.0,3.0,0.0
R-VER-L39,Race,VER,0.5125,42.831821,100.0,13.756949,0.0,3.0,0.0
R-VER-L39,Race,VER,0.515,43.302901,99.527142,27.379989,0.0,3.0,0.0
R-VER-L39,Race,VER,0.5175,43.759441,106.528363,53.410797,0.0,3.0,0.0
R-VER-L39,Race,VER,0.52,44.165506,122.038735,69.553261,0.0,3.0,0.0
R-VER-L39,Race,VER,0.5225,44.526237,138.687864,92.445813,0.0,3.0,0.0
R-VER-L39,Race,VER,0.525,44.852093,152.065987,100.0,0.0,3.0,0.0
R-VER-L39,Race,VER,0.5275,45.148749,163.656228,100.0,0.0,4.0,0.0
R-VER-L39,Race,VER,0.53,45.424783,175.333541,100.0,0.0,4.0,0.0
R-VER-L39,Race,VER,0.5325,45.684043,187.325783,100.0,0.0,4.0,0.0
R-VER-L39,Race,VER,0.535,45.928204,197.557134,100.0,0.0,4.0,0.0
R-VER-L39,Race,VER,0.5375,46.16025,204.563278,100.0,0.0,5.0,0.0
R-VER-L39,Race,VER,0.54,46.383045,210.678583,100.0,0.0,5.0,0.0
R-VER-L39,Race,VER,0.5425,46.591468,216.057227,100.0,0.0,5.0,0.0
R-VER-L39,Race,VER,0.545,46.79989,221.43587,100.0,0.0,5.0,0.0
R-VER-L39,Race,VER,0.5475,47.008312,226.814513,100.0,0.0,6.0,0.0
R-VER-L39,Race,VER,0.55,47.216735,232.193157,100.0,0.0,6.0,0.0
R-VER-L39,Race,VER,0.5525,47.425157,237.5718,100.0,0.0,6.0,0.0
R-VER-L39,Race,VER,0.555,47.627694,242.742359,100.0,0.0,6.0,0.0
R-VER-L39,Race,VER,0.5575,47.819448,247.428954,100.0,0.0,6.0,0.0
R-VER-L39,Race,VER,0.56,48.007589,251.205472,100.0,0.0,6.0,0.0
R-VER-L39,Race,VER,0.5625,48.192215,255.161747,100.0,0.0,6.0,0.0
R-VER-L39,Race,VER,0.565,48.374933,258.211661,100.0,0.0,6.0,0.0
R-VER-L39,Race,VER,0.5675,48.555995,260.474935,100.0,0.0,6.0,0.0
R-VER-L39,Race,VER,0.57,48.735203,263.058041,100.0,0.0,7.0,0.0
R-VER-L39,Race,VER,0.5725,48.912326,265.633231,100.0,0.0,7.0,0.0
R-VER-L39,Race,VER,0.575,49.088485,268.131615,100.0,0.0,7.0,0.0
R-VER-L39,Race,VER,0.5775,49.262493,270.315811,100.0,0.0,7.0,0.0
R-VER-L39,Race,VER,0.58,49.43562,271.494251,100.0,0.0,7.0,0.0
R-VER-L39,Race,VER,0.5825,49.607878,273.012488,100.0,0.0,7.0,0.0
R-VER-L39,Race,VER,0.585,49.778725,276.345413,100.0,0.0,7.0,0.0
R-VER-L39,Race,VER,0.5875,49.947412,279.156867,100.0,0.0,7.0,0.0
R-VER-L39,Race,VER,0.59,50.114838,280.977727,100.0,0.0,7.0,0.0
R-VER-L39,Race,VER,0.5925,50.281174,282.501982,100.0,0.0,7.0,0.0
R-VER-L39,Race,VER,0.595,50.446008,284.375087,100.0,0.0,7.0,0.0
R-VER-L39,Race,VER,0.5975,50.610841,286.248192,100.0,0.0,7.0,0.0
R-VER-L39,Race,VER,0.6,50.774475,287.696249,100.0,0.0,7.0,0.0
R-VER-L39,Race,VER,0.6025,50.937305,288.859321,100.0,0.0,7.0,0.0
R-VER-L39,Race,VER,0.605,51.098903,290.766429,100.0,0.0,7.0,0.0
R-VER-L39,Race,VER,0.6075,51.259906,292.389344,100.0,0.0,7.0,0.0
R-VER-L39,Race,VER,0.61,51.420015,293.224253,100.0,0.0,7.0,0.0
R-VER-L39,Race,VER,0.6125,51.579794,293.792861,100.0,0.0,7.0,0.0
R-VER-L39,Race,VER,0.615,51.739056,294.721829,100.0,0.0,7.0,0.0
R-VER-L39,Race,VER,0.6175,51.898022,295.857303,100.0,0.0,8.0,0.0
R-VER-L39,Race,VER,0.62,52.055821,296.939686,100.0,0.0,8.0,0.0
R-VER-L39,Race,VER,0.6225,52.213451,298.014439,100.0,0.0,8.0,0.0
R-VER-L39,Race,VER,0.625,52.370994,299.036195,100.0,0.0,8.0,0.0
R-VER-L39,Race,VER,0.6275,52.527572,299.472345,100.0,0.0,8.0,0.0
R-VER-L39,Race,VER,0.63,52.68415,299.908495,100.0,0.0,8.0,0.0
R-VER-L39,Race,VER,0.6325,52.840316,300.765936,100.0,0.0,8.0,0.0
R-VER-L39,Race,VER,0.635,52.995785,301.981538,100.0,0.0,8.0,0.0
R-VER-L39,Race,VER,0.6375,53.150903,303.137095,100.0,0.0,8.0,0.0
R-VER-L39,Race,VER,0.64,53.305417,303.780904,100.0,0.0,8.0,0.0
R-VER-L39,Race,VER,0.6425,53.460099,303.36188,100.0,0.0,8.0,0.0
R-VER-L39,Race,VER,0.645,53.614868,302.394573,100.0,0.0,8.0,0.0
R-VER-L39,Race,VER,0.6475,53.769941,302.0,100.0,0.0,8.0,0.0
R-VER-L39,Race,VER,0.65,53.925223,302.0,100.0,0.0,8.0,0.0
R-VER-L39,Race,VER,0.6525,54.080575,301.893563,100.0,0.0,8.0,0.0
R-VER-L39,Race,VER,0.655,54.236114,301.504716,100.0,0.0,8.0,0.0
R-VER-L39,Race,VER,0.6575,54.391653,301.115868,100.0,0.0,8.0,0.0
R-VER-L39,Race,VER,0.66,54.547373,301.0,100.0,0.0,8.0,0.0
R-VER-L39,Race,VER,0.6625,54.703171,301.0,100.0,0.0,8.0,0.0
R-VER-L39,Race,VER,0.665,54.858968,301.0,100.0,0.0,8.0,0.0
R-VER-L39,Race,VER,0.6675,55.014766,301.0,100.0,0.0,8.0,0.0
R-VER-L39,Race,VER,0.67,55.170784,300.58505,63.899352,0.0,8.0,0.0
R-VER-L39,Race,VER,0.6725,55.326841,300.097373,21.471429,100.0,8.0,0.0
R-VER-L39,Race,VER,0.675,55.485442,292.990687,5.353477,100.0,8.0,0.0
R-VER-L39,Race,VER,0.6775,55.651505,276.532732,0.610398,100.0,8.0,0.0
R-VER-L39,Race,VER,0.68,55.82583,254.912769,0.0,100.0,8.0,0.0
R-VER-L39,Race,VER,0.6825,56.014923,240.730799,0.0,100.0,8.0,0.0
R-VER-L39,Race,VER,0.685,56.223042,225.090228,0.0,100.0,8.0,0.0
R-VER-L39,Race,VER,0.6875,56.433806,209.246901,0.0,100.0,8.0,0.0
R-VER-L39,Race,VER,0.69,56.661577,198.616938,0.0,100.0,6.0,0.0
R-VER-L39,Race,VER,0.6925,56.903251,191.636699,0.707033,100.0,5.0,0.0
R-VER-L39,Race,VER,0.695,57.150358,186.699635,1.0,0.0,5.0,0.0
R-VER-L39,Race,VER,0.6975,57.405093,180.821783,3.035643,0.0,4.0,0.0
R-VER-L39,Race,VER,0.7,57.669434,175.094581,4.301806,0.0,4.0,0.0
R-VER-L39,Race,VER,0.7025,57.941158,170.396062,14.299779,0.0,4.0,0.0
R-VER-L39,Race,VER,0.705,58.220261,165.569745,44.19843,0.0,4.0,0.0
R-VER-L39,Race,VER,0.7075,58.502734,167.71555,69.336283,0.0,4.0,0.0
R-VER-L39,Race,VER,0.71,58.777016,172.247605,71.039671,0.0,4.0,0.0
R-VER-L39,Race,VER,0.7125,59.046528,175.609498,73.841248,0.0,4.0,0.0
R-VER-L39,Race,VER,0.715,59.310772,179.55329,77.127742,0.0,4.0,0.0
R-VER-L39,Race,VER,0.7175,59.569832,183.880539,81.320808,0.0,5.0,0.0
R-VER-L39,Race,VER,0.72,59.821744,188.610553,87.610553,0.0,5.0,0.0
R-VER-L39,Race,VER,0.7225,60.066353,195.386018,97.094832,0.0,5.0,0.0
R-VER-L39,Race,VER,0.725,60.300424,201.560597,100.0,0.0,5.0,0.0
R-VER-L39,Race,VER,0.7275,60.532056,207.439241,100.0,0.0,5.0,0.0
R-VER-L39,Race,VER,0.73,60.75426,213.271006,100.0,0.0,5.0,0.0
R-VER-L39,Race,VER,0.7325,60.972255,217.35638,100.0,0.0,5.0,0.0
R-VER-L39,Race,VER,0.735,61.185488,222.124799,100.0,0.0,5.0,0.0
R-VER-L39,Race,VER,0.7375,61.394951,225.923778,100.0,0.0,5.0,0.0
R-VER-L39,Race,VER,0.74,61.600558,231.055961,100.0,0.0,6.0,0.0
R-VER-L39,Race,VER,0.7425,61.800537,235.430499,100.0,0.0,6.0,0.0
R-VER-L39,Race,VER,0.745,61.998457,240.514293,100.0,0.0,6.0,0.0
R-VER-L39,Race,VER,0.7475,62.191327,244.618953,100.0,0.0,6.0,0.0
R-VER-L39,Race,VER,0.75,62.382338,247.604664,100.0,0.0,6.0,0.0
R-VER-L39,Race,VER,0.7525,62.569955,251.772046,100.0,0.0,6.0,0.0
R-VER-L39,Race,VER,0.755,62.755001,254.712514,100.0,0.0,6.0,0.0
R-VER-L39,Race,VER,0.7575,62.937472,258.133845,100.0,0.0,6.0,0.0
R-VER-L39,Race,VER,0.76,63.118515,261.018943,100.0,0.0,6.0,0.0
R-VER-L39,Race,VER,0.7625,63.297455,263.188404,100.0,0.0,6.0,0.0
R-VER-L39,Race,VER,0.765,63.473422,264.809147,100.0,0.0,6.0,0.0
R-VER-L39,Race,VER,0.7675,63.649388,266.42989,100.0,0.0,6.0,0.0
R-VER-L39,Race,VER,0.77,63.825354,268.050633,100.0,0.0,7.0,0.0
R-VER-L39,Race,VER,0.7725,64.001321,269.671377,100.0,0.0,7.0,0.0
R-VER-L39,Race,VER,0.775,64.174958,271.144878,100.0,0.0,7.0,0.0
R-VER-L39,Race,VER,0.7775,64.347745,272.0,100.0,0.0,7.0,0.0
R-VER-L39,Race,VER,0.78,64.520153,272.0,100.0,0.0,7.0,0.0
R-VER-L39,Race,VER,0.7825,64.692561,272.0,100.0,0.0,7.0,0.0
R-VER-L39,Race,VER,0.785,64.864431,272.813507,100.0,0.0,7.0,0.0
R-VER-L39,Race,VER,0.7875,65.036208,273.767822,100.0,0.0,7.0,0.0
R-VER-L39,Race,VER,0.79,65.20751,274.0,91.040162,0.0,7.0,0.0
R-VER-L39,Race,VER,0.7925,65.378919,273.40867,78.356063,0.0,7.0,0.0
R-VER-L39,Race,VER,0.795,65.550922,271.89668,62.541215,0.0,7.0,0.0
R-VER-L39,Race,VER,0.7975,65.724244,269.075113,39.213574,0.0,7.0,0.0
R-VER-L39,Race,VER,0.8,65.899507,265.594213,8.647375,0.0,7.0,0.0
R-VER-L39,Race,VER,0.8025,66.077649,261.382131,0.0,100.0,7.0,0.0
R-VER-L39,Race,VER,0.805,66.259717,252.828289,0.0,100.0,7.0,0.0
R-VER-L39,Race,VER,0.8075,66.454871,232.906646,0.0,100.0,7.0,0.0
R-VER-L39,Race,VER,0.81,66.664224,210.475979,0.0,100.0,7.0,0.0
R-VER-L39,Race,VER,0.8125,66.896285,193.003649,0.0,100.0,7.0,0.0
R-VER-L39,Race,VER,0.815,67.16035,170.627643,0.0,100.0,7.0,0.0
R-VER-L39,Race,VER,0.8175,67.447588,151.654205,0.0,100.0,5.0,0.0
R-VER-L39,Race,VER,0.82,67.781522,130.513036,0.0,100.0,3.0,0.0
R-VER-L39,Race,VER,0.8225,68.16305,115.201412,0.0,100.0,3.0,0.0
R-VER-L39,Race,VER,0.825,68.589684,106.175881,0.0,100.0,3.0,0.0
R-VER-L39,Race,VER,0.8275,69.049745,96.470912,8.027714,0.0,3.0,0.0
R-VER-L39,Race,VER,0.83,69.540017,96.858078,30.526928,0.0,3.0,0.0
R-VER-L39,Race,VER,0.8325,69.99974,106.508024,54.171664,0.0,3.0,0.0
R-VER-L39,Race,VER,0.835,70.417531,120.953232,77.780023,0.0,3.0,0.0
R-VER-L39,Race,VER,0.8375,70.782017,133.875139,66.248609,0.0,3.0,0.0
R-VER-L39,Race,VER,0.84,71.125593,140.976131,39.21233,0.0,4.0,0.0
R-VER-L39,Race,VER,0.8425,71.459365,140.048985,8.61651,0.0,4.0,0.0
R-VER-L39,Race,VER,0.845,71.797854,137.249356,1.496137,0.0,4.0,0.0
R-VER-L39,Race,VER,0.8475,72.144947,132.791836,28.553751,0.0,4.0,0.0
R-VER-L39,Race,VER,0.85,72.494091,136.101984,53.702551,0.0,4.0,0.0
R-VER-L39,Race,VER,0.8525,72.831035,143.11941,61.41294,0.0,4.0,0.0
R-VER-L39,Race,VER,0.855,73.15242,148.900361,73.760868,0.0,4.0,0.0
R-VER-L39,Race,VER,0.8575,73.45913,155.381793,2.381793,0.0,4.0,0.0
R-VER-L39,Race,VER,0.86,73.76546,151.383441,1.0,0.0,4.0,0.0
R-VER-L39,Race,VER,0.8625,74.079256,147.488228,3.519619,0.0,4.0,0.0
R-VER-L39,Race,VER,0.865,74.401057,144.188252,6.905874,0.0,4.0,0.0
R-VER-L39,Race,VER,0.8675,74.728992,141.345042,15.859491,0.0,4.0,0.0
R-VER-L39,Race,VER,0.87,75.061179,141.2229,42.448847,0.0,4.0,0.0
R-VER-L39,Race,VER,0.8725,75.388251,146.00502,65.268825,0.0,4.0,0.0
R-VER-L39,Race,VER,0.875,75.700546,154.307973,77.769324,0.0,4.0,0.0
R-VER-L39,Race,VER,0.8775,75.994301,163.892853,88.265293,0.0,4.0,0.0
R-VER-L39,Race,VER,0.88,76.274085,172.666714,100.0,0.0,4.0,0.0
R-VER-L39,Race,VER,0.8825,76.53484,183.389461,100.0,0.0,4.0,0.0
R-VER-L39,Race,VER,0.885,76.786304,193.402653,100.0,0.0,4.0,0.0
R-VER-L39,Race,VER,0.8875,77.023839,202.006469,100.0,0.0,5.0,0.0
R-VER-L39,Race,VER,0.89,77.249427,208.301719,100.0,0.0,5.0,0.0
R-VER-L39,Race,VER,0.8925,77.472737,213.872857,100.0,0.0,5.0,0.0
R-VER-L39,Race,VER,0.895,77.688585,220.36495,100.0,0.0,5.0,0.0
R-VER-L39,Race,VER,0.8975,77.899824,227.425862,100.0,0.0,5.0,0.0
R-VER-L39,Race,VER,0.9,78.100718,231.731775,100.0,0.0,5.0,0.0
R-VER-L39,Race,VER,0.9025,78.300697,235.793846,100.0,0.0,6.0,0.0
R-VER-L39,Race,VER,0.905,78.500676,239.855917,100.0,0.0,6.0,0.0
R-VER-L39,Race,VER,0.9075,78.694218,243.80037,98.133087,0.0,6.0,0.0
R-VER-L39,Race,VER,0.91,78.885237,247.698707,95.534195,0.0,6.0,0.0
R-VER-L39,Race,VER,0.9125,79.07454,250.765404,90.938383,0.0,6.0,0.0
R-VER-L39,Race,VER,0.915,79.261122,252.0,85.473985,0.0,6.0,0.0
R-VER-L39,Race,VER,0.9175,79.447213,252.0,83.923223,0.0,6.0,0.0
R-VER-L39,Race,VER,0.92,79.633156,252.469722,83.469722,0.0,6.0,0.0
R-VER-L39,Race,VER,0.9225,79.818679,253.0,86.51698,0.0,6.0,0.0
R-VER-L39,Race,VER,0.925,80.004011,253.060415,91.181246,0.0,6.0,0.0
R-VER-L39,Race,VER,0.9275,80.188638,254.915955,96.747865,0.0,6.0,0.0
R-VER-L39,Race,VER,0.93,80.371887,255.793137,98.189705,0.0,6.0,0.0
R-VER-L39,Race,VER,0.9325,80.55507,256.623902,99.435853,0.0,6.0,0.0
R-VER-L39,Race,VER,0.935,80.737477,257.496145,100.0,0.0,6.0,0.0
R-VER-L39,Race,VER,0.9375,80.919241,258.402697,100.0,0.0,6.0,0.0
R-VER-L39,Race,VER,0.94,81.100646,259.387711,94.18433,0.0,6.0,0.0
R-VER-L39,Race,VER,0.9425,81.28283,257.643605,64.970639,0.0,6.0,0.0
R-VER-L39,Race,VER,0.945,81.466732,252.535212,21.549299,100.0,6.0,0.0
R-VER-L39,Race,VER,0.9475,81.659164,238.077095,0.0,100.0,6.0,0.0
R-VER-L39,Race,VER,0.95,81.863813,214.676801,0.0,100.0,6.0,0.0
R-VER-L39,Race,VER,0.9525,82.099467,193.467986,0.0,100.0,5.0,0.0
R-VER-L39,Race,VER,0.955,82.355489,172.939422,0.0,100.0,5.0,0.0
R-VER-L39,Race,VER,0.9575,82.640565,153.381175,0.0,100.0,4.0,0.0
R-VER-L39,Race,VER,0.96,82.955882,141.295798,0.0,100.0,4.0,0.0
R-VER-L39,Race,VER,0.9625,83.298242,132.481368,0.0,0.0,4.0,0.0
R-VER-L39,Race,VER,0.965,83.65909,127.723873,0.0,0.0,4.0,0.0
R-VER-L39,Race,VER,0.9675,84.036228,120.038638,23.867527,0.0,4.0,0.0
R-VER-L39,Race,VER,0.97,84.420781,123.835374,46.139047,0.0,4.0,0.0
R-VER-L39,Race,VER,0.9725,84.79049,130.869156,68.542045,0.0,4.0,0.0
R-VER-L39,Race,VER,0.975,85.136896,139.63804,83.276081,0.0,4.0,0.0
R-VER-L39,Race,VER,0.9775,85.455578,154.433998,100.0,0.0,4.0,0.0
R-VER-L39,Race,VER,0.98,85.748332,165.864237,100.0,0.0,4.0,0.0
R-VER-L39,Race,VER,0.9825,86.022872,176.658039,100.0,0.0,4.0,0.0
R-VER-L39,Race,VER,0.985,86.279497,187.921316,100.0,0.0,4.0,0.0
R-VER-L39,Race,VER,0.9875,86.522925,196.123113,100.0,0.0,4.0,0.0
R-VER-L39,Race,VER,0.99,86.759768,202.044205,100.0,0.0,5.0,0.0
R-VER-L39,Race,VER,0.9925,86.987508,210.885232,100.0,0.0,5.0,0.0
R-VER-L39,Race,VER,0.995,87.206311,217.811677,100.0,0.0,5.0,0.0
R-VER-L39,Race,VER,0.9975,87.417491,224.487277,100.0,0.0,5.0,0.0
R-VER-L39,Race,VER,1.0,87.625,229.54,100.0,0.0,5.0,0.0
