driver,team,lap,phase,axis_index,lap_fraction,time_s,speed_kph,throttle,x,y
VER,Red Bull Racing,17,Q3,0,0.0,0.0,238.85,100.0,588.6921,2082.2678
VER,Red Bull Racing,17,Q3,1,0.002,0.1538,244.4673,100.0,672.8232,2092.7052
VER,Red Bull Racing,17,Q3,2,0.004,0.3051,247.2857,100.0,775.9721,2105.1877
VER,Red Bull Racing,17,Q3,3,0.006,0.4553,249.9192,100.0,879.4985,2117.4434
VER,Red Bull Racing,17,Q3,4,0.008,0.6029,252.7903,100.0,979.9741,2128.7573
VER,Red Bull Racing,17,Q3,5,0.01,0.7492,255.6348,100.0,1065.5016,2138.045
VER,Red Bull Racing,17,Q3,6,0.012,0.8953,257.2729,100.0,1217.89,2154.9021
VER,Red Bull Racing,17,Q3,7,0.014,1.0404,259.3575,100.0,1391.0845,2174.2626
VER,Red Bull Racing,17,Q3,8,0.016,1.1837,261.9286,100.0,1464.6685,2182.6496
VER,Red Bull Racing,17,Q3,9,0.018,1.326,264.2992,100.0,1499.7553,2186.851
VER,Red Bull Racing,17,Q3,10,0.02,1.4664,266.2302,100.0,1597.6928,2198.3503
VER,Red Bull Racing,17,Q3,11,0.022,1.606,267.9755,100.0,1703.6547,2210.6015
VER,Red Bull Racing,17,Q3,12,0.024,1.7449,269.711,100.0,1806.2128,2222.2094
VER,Red Bull Racing,17,Q3,13,0.026,1.883,271.2364,100.0,1907.5576,2233.4275
VER,Red Bull Racing,17,Q3,14,0.028,2.0208,272.7187,100.0,2008.803,2244.5588
VER,Red Bull Racing,17,Q3,15,0.03,2.1579,274.1093,100.0,2112.2293,2256.0792
VER,Red Bull Racing,17,Q3,16,0.032,2.2941,275.7359,100.0,2215.9684,2267.8786
VER,Red Bull Racing,17,Q3,17,0.034,2.4288,277.8411,100.0,2319.0407,2280.0048
VER,Red Bull Racing,17,Q3,18,0.036,2.5629,279.9356,100.0,2411.6592,2290.6739
VER,Red Bull Racing,17,Q3,19,0.038,2.6965,281.0795,100.0,2583.5592,2309.8993
VER,Red Bull Racing,17,Q3,20,0.04,2.8295,282.2346,100.0,2741.7178,2327.5639
VER,Red Bull Racing,17,Q3,21,0.042,2.9609,283.603,100.0,2801.0705,2334.2716
VER,Red Bull Racing,17,Q3,22,0.044,3.0923,284.9714,100.0,2860.4232,2340.9793
VER,Red Bull Racing,17,Q3,23,0.046,3.2233,286.3365,100.0,2961.0535,2352.3269
VER,Red Bull Racing,17,Q3,24,0.048,3.3538,287.668,100.0,3125.9355,2370.8898
VER,Red Bull Racing,17,Q3,25,0.05,3.484,288.9698,100.0,3258.1757,2385.7757
VER,Red Bull Racing,17,Q3,26,0.052,3.6132,289.3507,100.0,3306.8863,2391.3069
VER,Red Bull Racing,17,Q3,27,0.054,3.7425,289.7097,100.0,3354.242,2396.6867
VER,Red Bull Racing,17,Q3,28,0.056,3.8748,288.2648,88.4322,3436.7258,2405.8825
VER,Red Bull Racing,17,Q3,29,0.058,4.0111,279.7429,31.6195,3558.436,2418.5354
VER,Red Bull Racing,17,Q3,30,0.06,4.1555,265.0678,0.0,3717.8241,2433.0625
VER,Red Bull Racing,17,Q3,31,0.062,4.3103,243.9618,0.0,3881.8902,2445.65
VER,Red Bull Racing,17,Q3,32,0.064,4.4751,228.3111,0.0,3948.2092,2447.8995
VER,Red Bull Racing,17,Q3,33,0.066,4.6569,207.4368,0.0,3989.3165,2462.0332
VER,Red Bull Racing,17,Q3,34,0.068,4.8544,193.3258,0.0,4149.3284,2526.998
VER,Red Bull Racing,17,Q3,35,0.07,5.0681,184.5868,0.0,4214.8165,2567.7531
VER,Red Bull Racing,17,Q3,36,0.072,5.2843,176.9276,0.0,4264.3234,2611.7709
VER,Red Bull Racing,17,Q3,37,0.074,5.502,173.1613,6.7095,4327.9105,2694.0756
VER,Red Bull Racing,17,Q3,38,0.076,5.7256,168.0599,63.3286,4367.6289,2791.2738
VER,Red Bull Racing,17,Q3,39,0.078,5.9424,171.7523,72.5766,4385.8868,2911.7746
VER,Red Bull Racing,17,Q3,40,0.08,6.1555,175.5721,81.4874,4396.3273,3050.3432
VER,Red Bull Racing,17,Q3,41,0.082,6.3643,179.9232,92.8004,4396.6586,3134.4103
VER,Red Bull Racing,17,Q3,42,0.084,6.5626,187.2973,97.2568,4392.7101,3207.0872
VER,Red Bull Racing,17,Q3,43,0.086,6.7549,193.6728,100.0,4384.8643,3309.6044
VER,Red Bull Racing,17,Q3,44,0.088,6.946,197.0,100.0,4372.4854,3412.8808
VER,Red Bull Racing,17,Q3,45,0.09,7.1324,201.7459,100.0,4357.5981,3515.6065
VER,Red Bull Racing,17,Q3,46,0.092,7.3057,211.4965,100.0,4340.5509,3615.2836
VER,Red Bull Racing,17,Q3,47,0.094,7.4781,216.8345,100.0,4321.5087,3716.6463
VER,Red Bull Racing,17,Q3,48,0.096,7.6487,220.0184,100.0,4301.1127,3817.3868
VER,Red Bull Racing,17,Q3,49,0.098,7.8164,224.2112,100.0,4279.0464,3920.1086
VER,Red Bull Racing,17,Q3,50,0.1,7.9783,228.6204,100.0,4246.8644,4053.1097
VER,Red Bull Racing,17,Q3,51,0.102,8.1383,233.0631,100.0,4216.0354,4175.4778
VER,Red Bull Racing,17,Q3,52,0.104,8.2968,236.3313,100.0,4187.5429,4280.6154
VER,Red Bull Racing,17,Q3,53,0.106,8.4544,238.9668,100.0,4158.2022,4383.6499
VER,Red Bull Racing,17,Q3,54,0.108,8.609,242.187,100.0,4121.9901,4503.9376
VER,Red Bull Racing,17,Q3,55,0.11,8.7612,245.8428,100.0,4089.428,4608.99
VER,Red Bull Racing,17,Q3,56,0.112,8.9119,249.2488,100.0,4063.6672,4687.9361
VER,Red Bull Racing,17,Q3,57,0.114,9.0611,250.7405,100.0,4044.8318,4736.3154
VER,Red Bull Racing,17,Q3,58,0.116,9.2097,252.2272,100.0,4016.6573,4802.9345
VER,Red Bull Racing,17,Q3,59,0.118,9.3577,253.5889,100.0,3972.8396,4892.1194
VER,Red Bull Racing,17,Q3,60,0.12,9.5053,254.8193,100.0,3920.2191,4987.208
VER,Red Bull Racing,17,Q3,61,0.122,9.6526,255.5234,100.0,3856.212,5065.788
VER,Red Bull Racing,17,Q3,62,0.124,9.7992,256.3223,100.0,3780.4544,5134.3046
VER,Red Bull Racing,17,Q3,63,0.126,9.9451,257.7815,100.0,3695.2731,5195.468
VER,Red Bull Racing,17,Q3,64,0.128,10.0904,258.771,100.0,3601.5101,5244.9904
VER,Red Bull Racing,17,Q3,65,0.13,10.235,259.6752,100.0,3502.9089,5286.1005
VER,Red Bull Racing,17,Q3,66,0.132,10.379,260.9199,100.0,3401.2528,5319.971
VER,Red Bull Racing,17,Q3,67,0.134,10.5224,262.4427,100.0,3299.3101,5351.7932
VER,Red Bull Racing,17,Q3,68,0.136,10.6645,264.2183,100.0,3199.8744,5383.7547
VER,Red Bull Racing,17,Q3,69,0.138,10.8054,266.3066,100.0,3091.3163,5420.1943
VER,Red Bull Racing,17,Q3,70,0.14,10.9452,268.6365,100.0,2954.3422,5468.3524
VER,Red Bull Racing,17,Q3,71,0.142,11.0847,269.5884,100.0,2824.6308,5514.974
VER,Red Bull Racing,17,Q3,72,0.144,11.2239,270.3556,100.0,2727.0658,5550.3162
VER,Red Bull Racing,17,Q3,73,0.146,11.3627,271.1785,100.0,2677.9658,5571.2237
VER,Red Bull Racing,17,Q3,74,0.148,11.5011,271.8706,100.0,2629.2725,5603.4172
VER,Red Bull Racing,17,Q3,75,0.15,11.6391,272.4671,100.0,2546.6055,5668.674
VER,Red Bull Racing,17,Q3,76,0.152,11.777,273.0,100.0,2467.3994,5740.2771
VER,Red Bull Racing,17,Q3,77,0.154,11.9149,273.0,100.0,2395.3146,5824.0445
VER,Red Bull Racing,17,Q3,78,0.156,12.0526,273.186,100.0,2322.1775,5925.3008
VER,Red Bull Racing,17,Q3,79,0.158,12.19,273.7585,100.0,2263.0061,6025.0227
VER,Red Bull Racing,17,Q3,80,0.16,12.3274,274.0,100.0,2220.5674,6117.0537
VER,Red Bull Racing,17,Q3,81,0.162,12.4648,274.0599,100.0,2185.8206,6210.9323
VER,Red Bull Racing,17,Q3,82,0.164,12.6017,274.549,100.0,2161.9537,6345.8594
VER,Red Bull Racing,17,Q3,83,0.166,12.7385,275.0403,100.0,2143.2829,6496.2376
VER,Red Bull Racing,17,Q3,84,0.168,12.8745,275.5634,100.0,2143.7596,6579.8123
VER,Red Bull Racing,17,Q3,85,0.17,13.0104,276.086,100.0,2147.3829,6650.4666
VER,Red Bull Racing,17,Q3,86,0.172,13.1462,276.6085,100.0,2156.0237,6739.837
VER,Red Bull Racing,17,Q3,87,0.174,13.2821,277.0,100.0,2169.0319,6845.1162
VER,Red Bull Racing,17,Q3,88,0.176,13.418,277.0,100.0,2183.057,6944.7819
VER,Red Bull Racing,17,Q3,89,0.178,13.5532,278.3145,100.0,2200.0139,7052.1223
VER,Red Bull Racing,17,Q3,90,0.18,13.6878,279.4986,100.0,2223.0791,7190.6125
VER,Red Bull Racing,17,Q3,91,0.182,13.8221,280.3384,100.0,2247.5157,7335.2579
VER,Red Bull Racing,17,Q3,92,0.184,13.9557,281.4157,100.0,2263.7777,7430.3963
VER,Red Bull Racing,17,Q3,93,0.186,14.0883,283.4041,100.0,2274.5463,7491.9765
VER,Red Bull Racing,17,Q3,94,0.188,14.2203,284.7693,100.0,2288.3385,7568.2721
VER,Red Bull Racing,17,Q3,95,0.19,14.3518,285.8652,100.0,2307.2379,7670.9515
VER,Red Bull Racing,17,Q3,96,0.192,14.483,286.4794,100.0,2325.4155,7773.819
VER,Red Bull Racing,17,Q3,97,0.194,14.6142,287.0618,100.0,2343.4171,7876.5027
VER,Red Bull Racing,17,Q3,98,0.196,14.7444,288.3644,100.0,2360.5137,7979.0824
VER,Red Bull Racing,17,Q3,99,0.198,14.8747,289.0,100.0,2378.9068,8119.2756
VER,Red Bull Racing,17,Q3,100,0.2,15.005,289.0,100.0,2397.6474,8278.1308
VER,Red Bull Racing,17,Q3,101,0.202,15.1344,290.0801,100.0,2408.2853,8379.9784
VER,Red Bull Racing,17,Q3,102,0.204,15.2633,291.6908,100.0,2412.9294,8438.8689
VER,Red Bull Racing,17,Q3,103,0.206,15.3919,292.5194,100.0,2415.0152,8497.5991
VER,Red Bull Racing,17,Q3,104,0.208,15.5202,293.0808,100.0,2417.2131,8591.5597
VER,Red Bull Racing,17,Q3,105,0.21,15.6484,293.4021,100.0,2419.3052,8703.7406
VER,Red Bull Racing,17,Q3,106,0.212,15.7765,293.7229,100.0,2420.0,8810.7891
VER,Red Bull Racing,17,Q3,107,0.214,15.9043,294.0721,100.0,2419.787,8911.3246
VER,Red Bull Racing,17,Q3,108,0.216,16.032,294.604,100.0,2418.4328,9027.6589
VER,Red Bull Racing,17,Q3,109,0.218,16.1594,295.1014,100.0,2414.7665,9182.4927
VER,Red Bull Racing,17,Q3,110,0.22,16.2867,295.4992,100.0,2410.685,9322.685
VER,Red Bull Racing,17,Q3,111,0.222,16.4138,295.8963,100.0,2408.1433,9384.6926
VER,Red Bull Racing,17,Q3,112,0.224,16.5407,296.4682,100.0,2405.5916,9436.7593
VER,Red Bull Racing,17,Q3,113,0.226,16.6674,297.0,100.0,2402.1483,9511.1349
VER,Red Bull Racing,17,Q3,114,0.228,16.7942,297.0,100.0,2397.3015,9620.0832
VER,Red Bull Racing,17,Q3,115,0.23,16.9207,297.3685,100.0,2390.7873,9741.6961
VER,Red Bull Racing,17,Q3,116,0.232,17.047,297.9999,100.0,2381.4161,9881.0052
VER,Red Bull Racing,17,Q3,117,0.234,17.1733,298.0,100.0,2370.7592,10022.1435
VER,Red Bull Racing,17,Q3,118,0.236,17.2997,298.0,100.0,2361.6789,10140.6751
VER,Red Bull Racing,17,Q3,119,0.238,17.4258,298.1838,100.0,2353.6767,10245.3616
VER,Red Bull Racing,17,Q3,120,0.24,17.5518,298.5773,100.0,2346.9363,10333.8747
VER,Red Bull Racing,17,Q3,121,0.242,17.6776,298.9706,100.0,2342.3628,10396.6903
VER,Red Bull Racing,17,Q3,122,0.244,17.8035,299.3236,100.0,2335.4867,10480.9068
VER,Red Bull Racing,17,Q3,123,0.246,17.9289,299.6718,100.0,2322.3405,10626.9884
VER,Red Bull Racing,17,Q3,124,0.248,18.054,299.95,97.4992,2307.6942,10787.5102
VER,Red Bull Racing,17,Q3,125,0.25,18.1796,299.0526,52.6294,2298.2523,10884.4327
VER,Red Bull Racing,17,Q3,126,0.252,18.3067,298.1451,7.2561,2291.4152,10950.8999
VER,Red Bull Racing,17,Q3,127,0.254,18.4471,280.8388,0.0,2284.1476,11006.915
VER,Red Bull Racing,17,Q3,128,0.256,18.6146,256.9085,0.0,2268.183,11108.5381
VER,Red Bull Racing,17,Q3,129,0.258,18.7842,232.9735,0.0,2251.395,11212.2965
VER,Red Bull Racing,17,Q3,130,0.26,18.9812,208.352,0.0,2224.8498,11323.535
VER,Red Bull Racing,17,Q3,131,0.262,19.1953,182.5587,0.0,2190.2647,11428.9096
VER,Red Bull Racing,17,Q3,132,0.264,19.4317,161.4577,0.0,2148.7962,11524.144
VER,Red Bull Racing,17,Q3,133,0.266,19.6956,143.1997,0.0,2075.305,11627.9054
VER,Red Bull Racing,17,Q3,134,0.268,19.9913,126.3698,0.0,2001.5962,11705.6676
VER,Red Bull Racing,17,Q3,135,0.27,20.3191,117.4906,0.0,1883.0725,11761.4783
VER,Red Bull Racing,17,Q3,136,0.272,20.6629,108.6693,1.0748,1808.5729,11782.7208
VER,Red Bull Racing,17,Q3,137,0.274,21.0359,101.1746,27.6591,1684.2132,11741.0023
VER,Red Bull Racing,17,Q3,138,0.276,21.3969,104.9129,46.5303,1622.6238,11703.8946
VER,Red Bull Racing,17,Q3,139,0.278,21.7257,114.3188,57.1449,1528.0751,11618.9976
VER,Red Bull Racing,17,Q3,140,0.28,22.0306,124.9918,78.5656,1438.1757,11499.2879
VER,Red Bull Racing,17,Q3,141,0.282,22.2979,138.0496,90.5234,1409.1859,11435.8594
VER,Red Bull Racing,17,Q3,142,0.284,22.546,149.2295,100.0,1386.9444,11384.9919
VER,Red Bull Racing,17,Q3,143,0.286,22.7889,155.7847,100.0,1352.4071,11293.4494
VER,Red Bull Racing,17,Q3,144,0.288,23.0141,165.3872,100.0,1319.7031,11196.1202
VER,Red Bull Racing,17,Q3,145,0.29,23.2279,173.701,100.0,1288.2052,11098.2757
VER,Red Bull Racing,17,Q3,146,0.292,23.4252,183.5397,100.0,1252.7103,10984.5436
VER,Red Bull Racing,17,Q3,147,0.294,23.6141,193.8412,100.0,1220.5462,10880.9196
VER,Red Bull Racing,17,Q3,148,0.296,23.7949,202.4676,100.0,1196.4652,10803.8537
VER,Red Bull Racing,17,Q3,149,0.298,23.9701,208.8394,100.0,1168.3192,10713.9548
VER,Red Bull Racing,17,Q3,150,0.3,24.1424,215.1063,100.0,1138.6499,10620.7493
VER,Red Bull Racing,17,Q3,151,0.302,24.3115,218.9555,100.0,1102.6275,10506.4464
VER,Red Bull Racing,17,Q3,152,0.304,24.4783,222.3685,100.0,1060.9126,10371.977
VER,Red Bull Racing,17,Q3,153,0.306,24.6437,226.4667,100.0,1024.0489,10253.5529
VER,Red Bull Racing,17,Q3,154,0.308,24.8052,232.9295,100.0,999.782,10176.8783
VER,Red Bull Racing,17,Q3,155,0.31,24.9635,236.9113,100.0,979.3374,10113.1999
VER,Red Bull Racing,17,Q3,156,0.312,25.1185,240.7797,100.0,952.3008,10028.1369
VER,Red Bull Racing,17,Q3,157,0.314,25.2707,244.5739,100.0,912.9659,9904.5947
VER,Red Bull Racing,17,Q3,158,0.316,25.4215,247.7645,100.0,869.2912,9768.6418
VER,Red Bull Racing,17,Q3,159,0.318,25.5714,249.9062,100.0,836.3268,9668.6105
VER,Red Bull Racing,17,Q3,160,0.32,25.7205,252.3598,100.0,805.0597,9575.5312
VER,Red Bull Racing,17,Q3,161,0.322,25.8678,255.1962,100.0,773.432,9484.2399
VER,Red Bull Racing,17,Q3,162,0.324,26.0136,258.1405,100.0,738.5293,9384.567
VER,Red Bull Racing,17,Q3,163,0.326,26.1573,261.7327,100.0,702.1815,9281.5993
VER,Red Bull Racing,17,Q3,164,0.328,26.3003,262.9451,100.0,671.7366,9194.9272
VER,Red Bull Racing,17,Q3,165,0.33,26.4426,263.9614,100.0,646.1915,9121.7726
VER,Red Bull Racing,17,Q3,166,0.332,26.583,266.8132,100.0,619.3571,9044.4417
VER,Red Bull Racing,17,Q3,167,0.334,26.7222,269.6108,100.0,587.1494,8951.5829
VER,Red Bull Racing,17,Q3,168,0.336,26.8596,272.0639,100.0,552.8949,8853.6218
VER,Red Bull Racing,17,Q3,169,0.338,26.9964,274.4725,100.0,517.1692,8751.8082
VER,Red Bull Racing,17,Q3,170,0.34,27.1318,276.7293,100.0,475.3424,8633.2748
VER,Red Bull Racing,17,Q3,171,0.342,27.2667,278.7343,100.0,434.9526,8518.7355
VER,Red Bull Racing,17,Q3,172,0.344,27.4006,280.4075,100.0,401.6783,8423.946
VER,Red Bull Racing,17,Q3,173,0.346,27.5336,282.6044,100.0,373.0276,8341.9115
VER,Red Bull Racing,17,Q3,174,0.348,27.6654,284.8314,100.0,345.5453,8262.9476
VER,Red Bull Racing,17,Q3,175,0.35,27.7934,286.6833,100.0,312.9529,8169.3347
VER,Red Bull Racing,17,Q3,176,0.352,27.9206,288.5246,100.0,279.3498,8072.8439
VER,Red Bull Racing,17,Q3,177,0.354,28.0478,290.3658,100.0,245.7467,7976.3531
VER,Red Bull Racing,17,Q3,178,0.356,28.175,292.207,100.0,212.1436,7879.8623
VER,Red Bull Racing,17,Q3,179,0.358,28.3022,294.0482,100.0,178.5405,7783.3715
VER,Red Bull Racing,17,Q3,180,0.36,28.4289,295.6094,100.0,144.1573,7685.4043
VER,Red Bull Racing,17,Q3,181,0.362,28.5549,296.8689,100.0,109.4309,7587.116
VER,Red Bull Racing,17,Q3,182,0.364,28.6808,298.1279,100.0,74.8086,7489.0944
VER,Red Bull Racing,17,Q3,183,0.366,28.8063,299.3199,100.0,39.6292,7387.523
VER,Red Bull Racing,17,Q3,184,0.368,28.9309,300.3612,100.0,-4.1829,7261.2702
VER,Red Bull Racing,17,Q3,185,0.37,29.0555,301.4025,100.0,-47.9951,7135.0174
VER,Red Bull Racing,17,Q3,186,0.372,29.1796,302.5257,100.0,-88.6069,7018.1807
VER,Red Bull Racing,17,Q3,187,0.374,29.3026,303.7555,100.0,-121.3442,6924.2785
VER,Red Bull Racing,17,Q3,188,0.376,29.4255,304.9853,100.0,-154.0815,6830.3763
VER,Red Bull Racing,17,Q3,189,0.378,29.5484,306.2676,100.0,-186.8868,6736.4037
VER,Red Bull Racing,17,Q3,190,0.38,29.6706,307.7952,100.0,-221.4871,6638.1919
VER,Red Bull Racing,17,Q3,191,0.382,29.7921,308.7164,100.0,-256.3649,6539.3315
VER,Red Bull Racing,17,Q3,192,0.384,29.9134,309.5437,100.0,-291.2339,6440.5077
VER,Red Bull Racing,17,Q3,193,0.386,30.0342,310.3672,100.0,-319.3418,6359.8283
VER,Red Bull Racing,17,Q3,194,0.388,30.1548,311.2778,100.0,-346.5319,6281.5625
VER,Red Bull Racing,17,Q3,195,0.39,30.2751,312.4806,100.0,-374.2305,6201.7687
VER,Red Bull Racing,17,Q3,196,0.392,30.3949,313.8488,100.0,-405.836,6111.3701
VER,Red Bull Racing,17,Q3,197,0.394,30.5144,315.1368,100.0,-440.1808,6013.6493
VER,Red Bull Racing,17,Q3,198,0.396,30.6335,315.7323,100.0,-472.4775,5922.0001
VER,Red Bull Racing,17,Q3,199,0.398,30.7525,316.2338,100.0,-514.0029,5803.3386
VER,Red Bull Racing,17,Q3,200,0.4,30.8712,316.6579,100.0,-572.1929,5635.894
VER,Red Bull Racing,17,Q3,201,0.402,30.9898,317.1142,100.0,-624.3205,5486.0684
VER,Red Bull Racing,17,Q3,202,0.404,31.1082,317.7061,100.0,-661.8871,5378.6049
VER,Red Bull Racing,17,Q3,203,0.406,31.2265,318.1353,100.0,-691.184,5295.0616
VER,Red Bull Racing,17,Q3,204,0.408,31.3447,318.4039,100.0,-712.3244,5235.1103
VER,Red Bull Racing,17,Q3,205,0.41,31.4627,318.6721,100.0,-729.8471,5185.4337
VER,Red Bull Racing,17,Q3,206,0.412,31.5805,318.9398,100.0,-742.9071,5148.4317
VER,Red Bull Racing,17,Q3,207,0.414,31.6979,320.1292,100.0,-759.9873,5099.7451
VER,Red Bull Racing,17,Q3,208,0.416,31.8151,321.1471,100.0,-783.3447,5032.9358
VER,Red Bull Racing,17,Q3,209,0.418,31.9321,321.5127,100.0,-817.5981,4934.6997
VER,Red Bull Racing,17,Q3,210,0.42,32.0489,321.8778,100.0,-851.3815,4837.6536
VER,Red Bull Racing,17,Q3,211,0.422,32.1656,322.4847,100.0,-888.3524,4731.7667
VER,Red Bull Racing,17,Q3,212,0.424,32.2819,323.1696,100.0,-930.4688,4611.7186
VER,Red Bull Racing,17,Q3,213,0.426,32.3979,323.7495,100.0,-973.7334,4488.5957
VER,Red Bull Racing,17,Q3,214,0.428,32.5138,324.3288,100.0,-1011.3538,4381.1973
VER,Red Bull Racing,17,Q3,215,0.43,32.6294,324.907,100.0,-1039.3544,4300.5996
VER,Red Bull Racing,17,Q3,216,0.432,32.745,325.2694,100.0,-1065.1294,4226.3602
VER,Red Bull Racing,17,Q3,217,0.434,32.8605,325.5903,100.0,-1092.7625,4147.0612
VER,Red Bull Racing,17,Q3,218,0.436,32.9759,325.9108,100.0,-1127.0503,4049.4755
VER,Red Bull Racing,17,Q3,219,0.438,33.0912,326.2599,100.0,-1162.0523,3949.7397
VER,Red Bull Racing,17,Q3,220,0.44,33.2063,326.6197,100.0,-1196.5911,3851.2403
VER,Red Bull Racing,17,Q3,221,0.442,33.3214,326.9792,100.0,-1231.4667,3752.901
VER,Red Bull Racing,17,Q3,222,0.444,33.4363,327.2706,100.0,-1267.0381,3654.7572
VER,Red Bull Racing,17,Q3,223,0.446,33.5511,327.5577,100.0,-1302.7722,3556.5642
VER,Red Bull Racing,17,Q3,224,0.448,33.6658,327.8445,100.0,-1338.8916,3457.5655
VER,Red Bull Racing,17,Q3,225,0.45,33.7803,328.2616,100.0,-1377.0962,3352.545
VER,Red Bull Racing,17,Q3,226,0.452,33.8947,328.8337,100.0,-1415.6596,3246.428
VER,Red Bull Racing,17,Q3,227,0.454,34.0089,329.4047,100.0,-1450.5249,3150.7371
VER,Red Bull Racing,17,Q3,228,0.456,34.123,329.975,100.0,-1483.0548,3061.6351
VER,Red Bull Racing,17,Q3,229,0.458,34.2368,330.2719,100.0,-1517.4187,2967.4059
VER,Red Bull Racing,17,Q3,230,0.46,34.3504,330.5561,100.0,-1553.2177,2869.1007
VER,Red Bull Racing,17,Q3,231,0.462,34.4642,330.8404,100.0,-1586.6715,2776.9138
VER,Red Bull Racing,17,Q3,232,0.464,34.5781,330.7913,100.0,-1622.3568,2678.4237
VER,Red Bull Racing,17,Q3,233,0.466,34.6922,330.3159,100.0,-1670.8841,2544.9463
VER,Red Bull Racing,17,Q3,234,0.468,34.8062,330.2388,100.0,-1726.6513,2392.3793
VER,Red Bull Racing,17,Q3,235,0.47,34.9199,330.9493,100.0,-1777.2562,2257.077
VER,Red Bull Racing,17,Q3,236,0.472,35.0328,331.0,100.0,-1820.1516,2144.2199
VER,Red Bull Racing,17,Q3,237,0.474,35.1456,331.0,100.0,-1862.4722,2033.0322
VER,Red Bull Racing,17,Q3,238,0.476,35.2599,331.0,100.0,-1904.4135,1918.6938
VER,Red Bull Racing,17,Q3,239,0.478,35.3745,331.0,100.0,-1946.2448,1803.44
VER,Red Bull Racing,17,Q3,240,0.48,35.4924,323.0889,100.0,-1983.9256,1698.095
VER,Red Bull Racing,17,Q3,241,0.482,35.6128,311.7187,77.467,-2017.3235,1604.0906
VER,Red Bull Racing,17,Q3,242,0.484,35.7408,299.5007,13.1613,-2039.8108,1540.8649
VER,Red Bull Racing,17,Q3,243,0.486,35.8808,272.808,0.0,-2059.1075,1484.3739
VER,Red Bull Racing,17,Q3,244,0.488,36.0334,245.9696,0.0,-2089.7736,1387.4629
VER,Red Bull Racing,17,Q3,245,0.49,36.2117,217.6941,0.0,-2142.6922,1212.6871
VER,Red Bull Racing,17,Q3,246,0.492,36.42,185.7517,0.0,-2157.13,1157.999
VER,Red Bull Racing,17,Q3,247,0.494,36.6507,163.6429,0.0,-2176.2654,1067.8394
VER,Red Bull Racing,17,Q3,248,0.496,36.9317,136.4205,0.0,-2191.2564,949.3926
VER,Red Bull Racing,17,Q3,249,0.498,37.2627,112.3713,0.0,-2195.9415,843.999
VER,Red Bull Racing,17,Q3,250,0.5,37.6527,96.6451,0.0,-2174.6386,697.5437
VER,Red Bull Racing,17,Q3,251,0.502,38.1319,75.8786,0.0,-2144.5638,633.1413
VER,Red Bull Racing,17,Q3,252,0.504,38.6715,68.1956,17.8804,-2067.2763,572.7345
VER,Red Bull Racing,17,Q3,253,0.506,39.1903,73.557,36.557,-1942.0248,576.4552
VER,Red Bull Racing,17,Q3,254,0.508,39.6311,88.6301,54.6493,-1869.3768,591.4875
VER,Red Bull Racing,17,Q3,255,0.51,39.9987,102.1789,47.6948,-1745.4338,608.832
VER,Red Bull Racing,17,Q3,256,0.512,40.3555,105.9374,20.9386,-1653.257,600.8918
VER,Red Bull Racing,17,Q3,257,0.514,40.7105,106.0,20.375,-1577.115,564.0812
VER,Red Bull Racing,17,Q3,258,0.516,41.0658,106.0,35.196,-1492.55,459.1252
VER,Red Bull Racing,17,Q3,259,0.518,41.4023,113.858,62.9444,-1455.2443,367.5687
VER,Red Bull Racing,17,Q3,260,0.52,41.7094,125.4557,88.8396,-1430.9275,291.2982
VER,Red Bull Racing,17,Q3,261,0.522,41.9845,138.9429,99.4127,-1399.7473,172.0815
VER,Red Bull Racing,17,Q3,262,0.524,42.2365,149.5193,100.0,-1381.4309,98.3383
VER,Red Bull Racing,17,Q3,263,0.526,42.4668,163.948,100.0,-1351.2192,-26.6707
VER,Red Bull Racing,17,Q3,264,0.528,42.6767,174.4726,100.0,-1328.0065,-121.9758
VER,Red Bull Racing,17,Q3,265,0.53,42.8831,180.6581,100.0,-1310.6091,-189.78
VER,Red Bull Racing,17,Q3,266,0.532,43.0876,184.1588,100.0,-1288.9666,-269.3259
VER,Red Bull Racing,17,Q3,267,0.534,43.2847,189.7923,100.0,-1259.5329,-371.3518
VER,Red Bull Racing,17,Q3,268,0.536,43.4677,198.6757,100.0,-1228.0846,-466.5747
VER,Red Bull Racing,17,Q3,269,0.538,43.6419,208.1753,100.0,-1194.1646,-560.0745
VER,Red Bull Racing,17,Q3,270,0.54,43.8125,216.5922,100.0,-1157.5103,-653.4242
VER,Red Bull Racing,17,Q3,271,0.542,43.9819,222.1599,100.0,-1116.3692,-748.8035
VER,Red Bull Racing,17,Q3,272,0.544,44.1496,223.9566,100.0,-1065.2987,-858.567
VER,Red Bull Racing,17,Q3,273,0.546,44.3153,226.1382,100.0,-1014.7246,-953.9828
VER,Red Bull Racing,17,Q3,274,0.548,44.4797,228.878,100.0,-962.2549,-1043.6217
VER,Red Bull Racing,17,Q3,275,0.55,44.6454,229.0,100.0,-905.6181,-1134.9035
VER,Red Bull Racing,17,Q3,276,0.552,44.8098,229.0,100.0,-847.6985,-1223.6786
VER,Red Bull Racing,17,Q3,277,0.554,44.9644,239.5112,100.0,-787.9414,-1308.4439
VER,Red Bull Racing,17,Q3,278,0.556,45.1148,248.9479,100.0,-727.6089,-1390.8257
VER,Red Bull Racing,17,Q3,279,0.558,45.2625,253.2571,100.0,-673.3206,-1462.0729
VER,Red Bull Racing,17,Q3,280,0.56,45.4081,256.4029,100.0,-598.5541,-1551.1747
VER,Red Bull Racing,17,Q3,281,0.562,45.5513,259.2653,100.0,-484.7871,-1675.414
VER,Red Bull Racing,17,Q3,282,0.564,45.6942,262.078,100.0,-386.0035,-1781.575
VER,Red Bull Racing,17,Q3,283,0.566,45.8368,263.8605,100.0,-341.5306,-1824.4991
VER,Red Bull Racing,17,Q3,284,0.568,45.9777,266.5936,100.0,-302.2096,-1859.7939
VER,Red Bull Racing,17,Q3,285,0.57,46.1169,269.1486,100.0,-238.3981,-1917.7962
VER,Red Bull Racing,17,Q3,286,0.572,46.255,271.4495,100.0,-145.0822,-2001.3223
VER,Red Bull Racing,17,Q3,287,0.574,46.3914,273.7242,100.0,2.3687,-2128.3159
VER,Red Bull Racing,17,Q3,288,0.576,46.5253,276.1992,100.0,51.5761,-2170.1595
VER,Red Bull Racing,17,Q3,289,0.578,46.6589,278.7046,100.0,92.1744,-2204.5819
VER,Red Bull Racing,17,Q3,290,0.58,46.7916,281.1917,100.0,149.4103,-2252.6618
VER,Red Bull Racing,17,Q3,291,0.582,46.9234,283.5054,100.0,222.7868,-2314.124
VER,Red Bull Racing,17,Q3,292,0.584,47.0547,285.381,100.0,311.1062,-2388.2122
VER,Red Bull Racing,17,Q3,293,0.586,47.1856,287.1882,100.0,394.2627,-2458.1333
VER,Red Bull Racing,17,Q3,294,0.588,47.3158,288.5837,100.0,474.5866,-2526.0529
VER,Red Bull Racing,17,Q3,295,0.59,47.4451,289.9694,100.0,570.9892,-2608.1119
VER,Red Bull Racing,17,Q3,296,0.592,47.5731,291.9548,100.0,652.1557,-2676.5606
VER,Red Bull Racing,17,Q3,297,0.594,47.7005,293.9456,100.0,722.2227,-2735.15
VER,Red Bull Racing,17,Q3,298,0.596,47.8278,295.4269,100.0,793.375,-2795.089
VER,Red Bull Racing,17,Q3,299,0.598,47.9547,296.3335,100.0,870.0741,-2860.7764
VER,Red Bull Racing,17,Q3,300,0.6,48.0808,297.4921,100.0,942.1024,-2922.228
VER,Red Bull Racing,17,Q3,301,0.602,48.2063,299.3744,100.0,1017.208,-2985.6426
VER,Red Bull Racing,17,Q3,302,0.604,48.3315,300.5221,100.0,1130.4274,-3080.7706
VER,Red Bull Racing,17,Q3,303,0.606,48.4563,301.6035,100.0,1265.2699,-3193.932
VER,Red Bull Racing,17,Q3,304,0.608,48.58,303.15,100.0,1318.4439,-3239.1892
VER,Red Bull Racing,17,Q3,305,0.61,48.7036,304.2782,100.0,1369.5889,-3282.7167
VER,Red Bull Racing,17,Q3,306,0.612,48.8271,304.8953,100.0,1430.2951,-3334.1134
VER,Red Bull Racing,17,Q3,307,0.614,48.9494,306.2681,100.0,1548.5395,-3433.056
VER,Red Bull Racing,17,Q3,308,0.616,49.0717,307.7959,100.0,1672.6192,-3536.804
VER,Red Bull Racing,17,Q3,309,0.618,49.1932,309.0575,100.0,1773.9418,-3620.9593
VER,Red Bull Racing,17,Q3,310,0.62,49.3145,310.1963,100.0,1866.8697,-3697.591
VER,Red Bull Racing,17,Q3,311,0.622,49.4352,311.0584,100.0,1944.8302,-3760.3205
VER,Red Bull Racing,17,Q3,312,0.624,49.5558,311.9203,100.0,2022.9117,-3823.0572
VER,Red Bull Racing,17,Q3,313,0.626,49.6758,313.0877,100.0,2105.369,-3886.2325
VER,Red Bull Racing,17,Q3,314,0.628,49.7956,314.1191,100.0,2188.571,-3949.1812
VER,Red Bull Racing,17,Q3,315,0.63,49.9152,314.6175,100.0,2273.4905,-4011.3109
VER,Red Bull Racing,17,Q3,316,0.632,50.0344,315.1714,100.0,2357.8464,-4070.7272
VER,Red Bull Racing,17,Q3,317,0.634,50.1532,315.9137,100.0,2438.5107,-4125.5825
VER,Red Bull Racing,17,Q3,318,0.636,50.272,316.6561,100.0,2519.1749,-4180.4378
VER,Red Bull Racing,17,Q3,319,0.638,50.3905,317.3968,100.0,2586.8512,-4225.9171
VER,Red Bull Racing,17,Q3,320,0.64,50.5089,318.0,100.0,2645.7763,-4264.9238
VER,Red Bull Racing,17,Q3,321,0.642,50.6273,318.0,100.0,2700.6245,-4300.1613
VER,Red Bull Racing,17,Q3,322,0.644,50.7449,318.9182,100.0,2781.1534,-4349.1581
VER,Red Bull Racing,17,Q3,323,0.646,50.8622,320.0174,100.0,2886.1665,-4411.0356
VER,Red Bull Racing,17,Q3,324,0.648,50.9793,321.0,100.0,3003.2566,-4478.9735
VER,Red Bull Racing,17,Q3,325,0.65,51.0966,321.0,100.0,3114.4132,-4538.8863
VER,Red Bull Racing,17,Q3,326,0.652,51.2136,321.3607,100.0,3213.0705,-4588.1138
VER,Red Bull Racing,17,Q3,327,0.654,51.3305,321.8478,100.0,3307.5696,-4633.807
VER,Red Bull Racing,17,Q3,328,0.656,51.4472,322.3989,100.0,3393.1823,-4674.0928
VER,Red Bull Racing,17,Q3,329,0.658,51.5637,322.9786,100.0,3469.0297,-4708.6365
VER,Red Bull Racing,17,Q3,330,0.66,51.6803,323.0,100.0,3540.1354,-4740.0486
VER,Red Bull Racing,17,Q3,331,0.662,51.7967,323.2453,100.0,3619.075,-4774.9611
VER,Red Bull Racing,17,Q3,332,0.664,51.9129,323.6603,100.0,3711.5549,-4816.0244
VER,Red Bull Racing,17,Q3,333,0.666,52.0289,324.1046,100.0,3807.3293,-4858.3907
VER,Red Bull Racing,17,Q3,334,0.668,52.1448,324.684,100.0,3902.3855,-4899.8634
VER,Red Bull Racing,17,Q3,335,0.67,52.2604,325.3276,100.0,3998.1849,-4940.25
VER,Red Bull Racing,17,Q3,336,0.672,52.3759,326.0,100.0,4094.3551,-4980.0717
VER,Red Bull Racing,17,Q3,337,0.674,52.4907,326.0,100.0,4190.7217,-5018.8879
VER,Red Bull Racing,17,Q3,338,0.676,52.6069,326.0,100.0,4288.812,-5057.4736
VER,Red Bull Racing,17,Q3,339,0.678,52.7271,318.1871,62.7958,4389.9695,-5096.4921
VER,Red Bull Racing,17,Q3,340,0.68,52.8502,310.1066,24.3172,4492.3225,-5135.7402
VER,Red Bull Racing,17,Q3,341,0.682,52.9818,294.9146,0.0,4600.0842,-5178.4869
VER,Red Bull Racing,17,Q3,342,0.684,53.1231,270.8658,0.0,4732.8294,-5230.7077
VER,Red Bull Racing,17,Q3,343,0.686,53.2764,252.796,0.0,4874.5061,-5285.7569
VER,Red Bull Racing,17,Q3,344,0.688,53.4401,237.993,0.8014,4956.9932,-5314.3877
VER,Red Bull Racing,17,Q3,345,0.69,53.6083,228.65,2.67,5014.4193,-5330.0287
VER,Red Bull Racing,17,Q3,346,0.692,53.7825,219.8945,4.1239,5100.5139,-5344.2041
VER,Red Bull Racing,17,Q3,347,0.694,53.9653,212.8333,4.5392,5204.9254,-5341.3723
VER,Red Bull Racing,17,Q3,348,0.696,54.1512,205.6494,4.9618,5301.3937,-5327.6803
VER,Red Bull Racing,17,Q3,349,0.698,54.3392,201.3314,6.8343,5411.0272,-5285.785
VER,Red Bull Racing,17,Q3,350,0.7,54.5316,196.562,16.3589,5548.9718,-5206.9653
VER,Red Bull Racing,17,Q3,351,0.702,54.7292,191.4111,37.2998,5609.7378,-5159.5745
VER,Red Bull Racing,17,Q3,352,0.704,54.9295,188.5505,63.0459,5660.0096,-5100.9451
VER,Red Bull Racing,17,Q3,353,0.706,55.127,189.5903,70.3854,5719.7673,-5004.9175
VER,Red Bull Racing,17,Q3,354,0.708,55.3226,191.546,73.319,5770.6153,-4894.0948
VER,Red Bull Racing,17,Q3,355,0.71,55.517,192.9314,78.1913,5788.6874,-4805.8583
VER,Red Bull Racing,17,Q3,356,0.712,55.7106,194.3784,83.3784,5796.2463,-4718.8892
VER,Red Bull Racing,17,Q3,357,0.714,55.9009,197.5624,86.5624,5788.3033,-4613.3821
VER,Red Bull Racing,17,Q3,358,0.716,56.0877,200.6782,89.0086,5766.3849,-4511.5436
VER,Red Bull Racing,17,Q3,359,0.718,56.2731,203.3259,90.6629,5735.189,-4410.2589
VER,Red Bull Racing,17,Q3,360,0.72,56.4552,207.2046,98.2104,5692.6667,-4314.3813
VER,Red Bull Racing,17,Q3,361,0.722,56.6316,210.8124,100.0,5640.2215,-4225.5455
VER,Red Bull Racing,17,Q3,362,0.724,56.8066,214.2144,100.0,5579.7822,-4133.5414
VER,Red Bull Racing,17,Q3,363,0.726,56.9789,217.638,100.0,5497.3572,-4034.8138
VER,Red Bull Racing,17,Q3,364,0.728,57.1498,220.2845,100.0,5409.6226,-3954.3354
VER,Red Bull Racing,17,Q3,365,0.73,57.3173,222.9303,100.0,5323.1438,-3897.6524
VER,Red Bull Racing,17,Q3,366,0.732,57.4829,225.8286,100.0,5239.448,-3853.4934
VER,Red Bull Racing,17,Q3,367,0.734,57.6462,228.9794,100.0,5161.7605,-3829.0789
VER,Red Bull Racing,17,Q3,368,0.736,57.8078,233.0198,100.0,5077.6288,-3813.9174
VER,Red Bull Racing,17,Q3,369,0.738,57.9664,236.9855,100.0,4952.1266,-3796.3442
VER,Red Bull Racing,17,Q3,370,0.74,58.1216,239.8903,100.0,4744.9013,-3770.5326
VER,Red Bull Racing,17,Q3,371,0.742,58.2764,242.7839,100.0,4553.5122,-3746.3815
VER,Red Bull Racing,17,Q3,372,0.744,58.4272,245.784,100.0,4502.1792,-3736.6216
VER,Red Bull Racing,17,Q3,373,0.746,58.5775,248.7896,100.0,4446.4825,-3726.204
VER,Red Bull Racing,17,Q3,374,0.748,58.7262,251.6365,100.0,4344.6227,-3710.5075
VER,Red Bull Racing,17,Q3,375,0.75,58.8737,254.0948,100.0,4231.3506,-3697.8856
VER,Red Bull Racing,17,Q3,376,0.752,59.0197,256.3751,100.0,4123.8575,-3687.7315
VER,Red Bull Racing,17,Q3,377,0.754,59.1644,258.5456,100.0,4024.3978,-3679.4576
VER,Red Bull Racing,17,Q3,378,0.756,59.3077,260.6958,100.0,3940.2071,-3672.8333
VER,Red Bull Racing,17,Q3,379,0.758,59.4502,262.7452,100.0,3831.9685,-3664.6222
VER,Red Bull Racing,17,Q3,380,0.76,59.5921,264.7725,100.0,3689.9602,-3653.8793
VER,Red Bull Racing,17,Q3,381,0.762,59.7332,266.1734,100.0,3528.5357,-3641.4106
VER,Red Bull Racing,17,Q3,382,0.764,59.8733,267.4871,100.0,3405.4636,-3631.3605
VER,Red Bull Racing,17,Q3,383,0.766,60.0121,269.7524,100.0,3306.2732,-3622.6976
VER,Red Bull Racing,17,Q3,384,0.768,60.15,272.6255,100.0,3223.8371,-3614.9802
VER,Red Bull Racing,17,Q3,385,0.77,60.287,273.9915,100.0,3157.4548,-3607.1693
VER,Red Bull Racing,17,Q3,386,0.772,60.4238,275.1128,100.0,3090.3947,-3598.4866
VER,Red Bull Racing,17,Q3,387,0.774,60.5598,276.0845,100.0,3003.4499,-3580.7214
VER,Red Bull Racing,17,Q3,388,0.776,60.6956,277.0472,100.0,2904.4958,-3557.349
VER,Red Bull Racing,17,Q3,389,0.778,60.831,277.8935,100.0,2805.9212,-3523.2783
VER,Red Bull Racing,17,Q3,390,0.78,60.966,278.7374,100.0,2710.525,-3481.5848
VER,Red Bull Racing,17,Q3,391,0.782,61.1006,279.3306,100.0,2598.1604,-3419.5221
VER,Red Bull Racing,17,Q3,392,0.784,61.235,279.8108,100.0,2478.3524,-3351.0293
VER,Red Bull Racing,17,Q3,393,0.786,61.3688,281.0099,100.0,2376.0955,-3290.2597
VER,Red Bull Racing,17,Q3,394,0.788,61.5017,282.6707,100.0,2309.5868,-3247.3848
VER,Red Bull Racing,17,Q3,395,0.79,61.6343,283.4428,100.0,2250.8675,-3205.8473
VER,Red Bull Racing,17,Q3,396,0.792,61.7668,283.9951,100.0,2186.173,-3158.4851
VER,Red Bull Racing,17,Q3,397,0.794,61.8994,284.0,100.0,2101.6821,-3092.6241
VER,Red Bull Racing,17,Q3,398,0.796,62.0319,284.0,100.0,2021.3574,-3025.2844
VER,Red Bull Racing,17,Q3,399,0.798,62.1645,284.0,100.0,1930.8124,-2924.454
VER,Red Bull Racing,17,Q3,400,0.8,62.2975,283.4603,100.0,1843.5313,-2811.0493
VER,Red Bull Racing,17,Q3,401,0.802,62.4305,283.0,100.0,1766.859,-2709.2055
VER,Red Bull Racing,17,Q3,402,0.804,62.5636,283.0,100.0,1745.4848,-2669.7737
VER,Red Bull Racing,17,Q3,403,0.806,62.696,283.0,72.4283,1722.4223,-2610.9977
VER,Red Bull Racing,17,Q3,404,0.808,62.8289,283.0,30.7583,1687.3829,-2509.7727
VER,Red Bull Racing,17,Q3,405,0.81,62.9659,277.5497,0.0,1654.3537,-2404.5531
VER,Red Bull Racing,17,Q3,406,0.812,63.1137,256.8686,0.0,1626.9723,-2294.4695
VER,Red Bull Racing,17,Q3,407,0.814,63.2819,233.7056,0.0,1606.1692,-2186.1363
VER,Red Bull Racing,17,Q3,408,0.816,63.4626,205.2764,0.0,1587.3113,-2061.8866
VER,Red Bull Racing,17,Q3,409,0.818,63.6631,187.7636,0.0,1574.8015,-1909.6382
VER,Red Bull Racing,17,Q3,410,0.82,63.8841,168.3683,0.0,1575.8662,-1785.1952
VER,Red Bull Racing,17,Q3,411,0.822,64.1533,144.142,0.0,1583.0241,-1701.2328
VER,Red Bull Racing,17,Q3,412,0.824,64.4534,127.2978,0.0,1597.9307,-1623.5399
VER,Red Bull Racing,17,Q3,413,0.826,64.7695,116.9723,0.0055,1631.846,-1525.8615
VER,Red Bull Racing,17,Q3,414,0.828,65.1095,109.3071,5.2316,1708.7293,-1448.5483
VER,Red Bull Racing,17,Q3,415,0.83,65.4727,103.6544,28.4699,1802.8584,-1409.1197
VER,Red Bull Racing,17,Q3,416,0.832,65.818,109.6437,53.2506,1897.7274,-1399.1871
VER,Red Bull Racing,17,Q3,417,0.834,66.1367,118.616,70.8614,2001.9751,-1400.0364
VER,Red Bull Racing,17,Q3,418,0.836,66.4262,125.752,71.981,2099.9889,-1407.8448
VER,Red Bull Racing,17,Q3,419,0.838,66.6671,132.1768,61.1391,2194.9153,-1389.5341
VER,Red Bull Racing,17,Q3,420,0.84,66.9081,138.6016,50.2973,2289.8416,-1371.2234
VER,Red Bull Racing,17,Q3,421,0.842,67.149,145.0264,39.4555,2384.7679,-1352.9128
VER,Red Bull Racing,17,Q3,422,0.844,67.3899,151.4512,28.6136,2479.6943,-1334.6021
VER,Red Bull Racing,17,Q3,423,0.846,67.64,150.2569,20.5139,2567.1761,-1272.1706
VER,Red Bull Racing,17,Q3,424,0.848,67.8957,147.3229,37.2869,2645.0884,-1195.8419
VER,Red Bull Racing,17,Q3,425,0.85,68.1474,149.7428,50.1427,2710.0957,-1103.3277
VER,Red Bull Racing,17,Q3,426,0.852,68.3945,152.2649,63.4568,2741.0365,-1022.3857
VER,Red Bull Racing,17,Q3,427,0.854,68.6337,156.8763,80.8071,2759.9899,-920.2045
VER,Red Bull Racing,17,Q3,428,0.856,68.8619,166.8574,92.0,2771.5554,-814.6247
VER,Red Bull Racing,17,Q3,429,0.858,69.0816,171.6716,78.5906,2777.5722,-700.9236
VER,Red Bull Racing,17,Q3,430,0.86,69.2976,174.4671,25.7566,2772.1083,-577.1317
VER,Red Bull Racing,17,Q3,431,0.862,69.5164,172.1137,20.2652,2754.5285,-455.9546
VER,Red Bull Racing,17,Q3,432,0.864,69.7401,168.9553,10.1048,2734.7348,-388.853
VER,Red Bull Racing,17,Q3,433,0.866,69.97,163.1102,7.815,2697.1445,-314.9898
VER,Red Bull Racing,17,Q3,434,0.868,70.2081,159.207,12.4688,2634.0472,-229.1423
VER,Red Bull Racing,17,Q3,435,0.87,70.4486,157.0,28.9165,2531.79,-142.7779
VER,Red Bull Racing,17,Q3,436,0.872,70.6864,158.3229,61.6064,2439.5325,-74.8545
VER,Red Bull Racing,17,Q3,437,0.874,70.9175,163.6452,81.4087,2383.0854,-44.6429
VER,Red Bull Racing,17,Q3,438,0.876,71.138,171.5617,95.4717,2243.327,-16.1737
VER,Red Bull Racing,17,Q3,439,0.878,71.3474,178.6481,100.0,2145.1032,-5.4171
VER,Red Bull Racing,17,Q3,440,0.88,71.5494,185.294,100.0,2073.5446,-8.2785
VER,Red Bull Racing,17,Q3,441,0.882,71.742,191.5565,100.0,1973.039,-15.7137
VER,Red Bull Racing,17,Q3,442,0.884,71.9313,198.1223,100.0,1867.78,-29.0335
VER,Red Bull Racing,17,Q3,443,0.886,72.1141,204.3163,100.0,1706.259,-54.0143
VER,Red Bull Racing,17,Q3,444,0.888,72.2919,209.8703,100.0,1587.2903,-72.2869
VER,Red Bull Racing,17,Q3,445,0.89,72.4644,215.3859,100.0,1527.5976,-80.3442
VER,Red Bull Racing,17,Q3,446,0.892,72.6344,220.8253,100.0,1449.1343,-90.5242
VER,Red Bull Racing,17,Q3,447,0.894,72.8011,225.6434,100.0,1342.1942,-104.4447
VER,Red Bull Racing,17,Q3,448,0.896,72.9644,228.8195,100.0,1239.2878,-117.9088
VER,Red Bull Racing,17,Q3,449,0.898,73.1253,231.9469,100.0,1134.8361,-131.9024
VER,Red Bull Racing,17,Q3,450,0.9,73.2834,235.8847,100.0,1040.4258,-145.4795
VER,Red Bull Racing,17,Q3,451,0.902,73.4399,239.6643,100.0,943.1574,-160.6928
VER,Red Bull Racing,17,Q3,452,0.904,73.5942,242.8782,100.0,779.2846,-189.3037
VER,Red Bull Racing,17,Q3,453,0.906,73.7467,245.9733,100.0,633.6116,-214.6686
VER,Red Bull Racing,17,Q3,454,0.908,73.8977,249.2413,100.0,525.2733,-232.9288
VER,Red Bull Racing,17,Q3,455,0.91,74.0467,252.4838,100.0,453.5788,-243.839
VER,Red Bull Racing,17,Q3,456,0.912,74.1943,254.3293,100.0,387.1501,-252.6283
VER,Red Bull Racing,17,Q3,457,0.914,74.3413,255.7775,100.0,314.559,-258.9393
VER,Red Bull Racing,17,Q3,458,0.916,74.4876,256.9967,100.0,219.5703,-261.0391
VER,Red Bull Racing,17,Q3,459,0.918,74.6331,258.2089,100.0,122.0157,-254.3308
VER,Red Bull Racing,17,Q3,460,0.92,74.7781,259.2507,100.0,24.385,-235.5521
VER,Red Bull Racing,17,Q3,461,0.922,74.9229,259.9746,100.0,-96.9198,-193.5498
VER,Red Bull Racing,17,Q3,462,0.924,75.0673,260.4353,100.0,-248.8755,-121.8679
VER,Red Bull Racing,17,Q3,463,0.926,75.2115,260.8858,100.0,-363.3402,-57.1669
VER,Red Bull Racing,17,Q3,464,0.928,75.3553,261.3352,100.0,-422.4691,-1.3763
VER,Red Bull Racing,17,Q3,465,0.93,75.499,261.7843,100.0,-468.3783,52.4954
VER,Red Bull Racing,17,Q3,466,0.932,75.6421,262.4631,100.0,-515.919,116.95
VER,Red Bull Racing,17,Q3,467,0.934,75.7848,263.3548,100.0,-565.1476,189.3781
VER,Red Bull Racing,17,Q3,468,0.936,75.927,264.3898,100.0,-617.8252,271.304
VER,Red Bull Racing,17,Q3,469,0.938,76.0685,265.8051,100.0,-674.2608,364.5527
VER,Red Bull Racing,17,Q3,470,0.94,76.2096,266.7648,100.0,-728.2386,454.9941
VER,Red Bull Racing,17,Q3,471,0.942,76.3494,268.0971,100.0,-777.2397,534.8765
VER,Red Bull Racing,17,Q3,472,0.944,76.4888,269.591,100.0,-825.1583,612.4276
VER,Red Bull Racing,17,Q3,473,0.946,76.6275,270.8373,100.0,-891.6374,731.2786
VER,Red Bull Racing,17,Q3,474,0.948,76.7659,271.991,100.0,-975.9443,891.998
VER,Red Bull Racing,17,Q3,475,0.95,76.9085,264.9261,100.0,-1010.4329,965.187
VER,Red Bull Racing,17,Q3,476,0.952,77.0682,241.05,41.1539,-1025.8611,1011.5353
VER,Red Bull Racing,17,Q3,477,0.954,77.2471,216.1925,0.0,-1057.4094,1111.4429
VER,Red Bull Racing,17,Q3,478,0.956,77.4419,197.5656,0.0,-1091.5723,1257.273
VER,Red Bull Racing,17,Q3,479,0.958,77.6581,181.8774,0.0,-1116.0164,1404.8969
VER,Red Bull Racing,17,Q3,480,0.96,77.8955,166.6269,0.0,-1122.0604,1486.7438
VER,Red Bull Racing,17,Q3,481,0.962,78.1447,154.1668,0.0,-1119.709,1570.2595
VER,Red Bull Racing,17,Q3,482,0.964,78.3994,147.2157,1.1961,-1106.4134,1701.1536
VER,Red Bull Racing,17,Q3,483,0.966,78.6641,142.2987,7.1039,-1085.117,1779.8738
VER,Red Bull Racing,17,Q3,484,0.968,78.9363,139.1977,22.2232,-1040.9031,1851.4345
VER,Red Bull Racing,17,Q3,485,0.97,79.2133,136.6794,48.0364,-968.5552,1918.6896
VER,Red Bull Racing,17,Q3,486,0.972,79.4851,138.4643,63.009,-825.4832,1966.3447
VER,Red Bull Racing,17,Q3,487,0.974,79.7451,145.4857,78.2856,-751.6898,1975.5917
VER,Red Bull Racing,17,Q3,488,0.976,79.9851,156.2216,93.7513,-648.6286,1980.6526
VER,Red Bull Racing,17,Q3,489,0.978,80.211,166.5362,100.0,-540.1482,1991.4783
VER,Red Bull Racing,17,Q3,490,0.98,80.4204,175.627,100.0,-454.0372,2003.369
VER,Red Bull Racing,17,Q3,491,0.982,80.6217,184.1812,100.0,-350.5272,2015.008
VER,Red Bull Racing,17,Q3,492,0.984,80.8199,189.4737,100.0,-206.0846,2025.0866
VER,Red Bull Racing,17,Q3,493,0.986,81.0074,196.4747,100.0,-89.9612,2030.8967
VER,Red Bull Racing,17,Q3,494,0.988,81.1913,203.757,100.0,6.9235,2035.5521
VER,Red Bull Racing,17,Q3,495,0.99,81.3673,209.4784,100.0,47.5403,2037.7099
VER,Red Bull Racing,17,Q3,496,0.992,81.54,215.0897,100.0,134.689,2042.289
VER,Red Bull Racing,17,Q3,497,0.994,81.7102,220.2648,100.0,236.254,2047.1355
VER,Red Bull Racing,17,Q3,498,0.996,81.8773,224.7329,100.0,341.2612,2053.6304
VER,Red Bull Racing,17,Q3,499,0.998,82.0431,227.0,100.0,457.223,2065.2059
VER,Red Bull Racing,17,Q3,500,1.0,82.207,229.6932,100.0,566.2316,2079.0742
NOR,McLaren,16,Q3,0,0.0,0.0,236.75,100.0,657.6506,2091.1553
NOR,McLaren,16,Q3,1,0.002,0.1561,240.0229,100.0,747.4317,2102.4017
NOR,McLaren,16,Q3,2,0.004,0.3107,243.1139,100.0,821.8195,2111.0709
NOR,McLaren,16,Q3,3,0.006,0.4627,246.2372,100.0,914.4751,2121.0678
NOR,McLaren,16,Q3,4,0.008,0.6128,249.452,100.0,1020.352,2132.4754
NOR,McLaren,16,Q3,5,0.01,0.7611,252.269,100.0,1123.7612,2144.1179
NOR,McLaren,16,Q3,6,0.012,0.9085,254.7251,100.0,1226.577,2155.902
NOR,McLaren,16,Q3,7,0.014,1.0538,257.1404,100.0,1329.6164,2167.7194
NOR,McLaren,16,Q3,8,0.016,1.1977,259.5322,100.0,1432.2515,2179.4499
NOR,McLaren,16,Q3,9,0.018,1.3402,261.9686,100.0,1534.5072,2191.2629
NOR,McLaren,16,Q3,10,0.02,1.4817,264.4941,100.0,1636.8196,2203.0706
NOR,McLaren,16,Q3,11,0.022,1.6222,266.8434,100.0,1739.7,2214.6511
NOR,McLaren,16,Q3,12,0.024,1.762,268.9393,100.0,1843.5848,2225.8011
NOR,McLaren,16,Q3,13,0.026,1.9007,270.1225,100.0,1948.1002,2237.524
NOR,McLaren,16,Q3,14,0.028,2.0389,271.274,100.0,2052.5446,2249.5279
NOR,McLaren,16,Q3,15,0.03,2.1764,272.5399,100.0,2156.2406,2261.1633
NOR,McLaren,16,Q3,16,0.032,2.3133,274.0066,100.0,2259.4069,2272.9591
NOR,McLaren,16,Q3,17,0.034,2.4494,275.6193,100.0,2362.2696,2285.0293
NOR,McLaren,16,Q3,18,0.036,2.5841,277.5444,100.0,2465.5802,2296.2587
NOR,McLaren,16,Q3,19,0.038,2.7185,279.1808,100.0,2568.8173,2307.7811
NOR,McLaren,16,Q3,20,0.04,2.8525,279.925,100.0,2672.2304,2319.6497
NOR,McLaren,16,Q3,21,0.042,2.9862,280.6677,100.0,2775.8849,2331.545
NOR,McLaren,16,Q3,22,0.044,3.1195,281.9189,100.0,2879.8809,2343.3849
NOR,McLaren,16,Q3,23,0.046,3.2521,283.3843,100.0,2983.7874,2355.0482
NOR,McLaren,16,Q3,24,0.048,3.3841,284.484,100.0,3083.5641,2366.365
NOR,McLaren,16,Q3,25,0.05,3.5155,285.4964,100.0,3192.035,2378.7983
NOR,McLaren,16,Q3,26,0.052,3.6465,286.432,100.0,3334.0832,2394.9174
NOR,McLaren,16,Q3,27,0.054,3.7789,285.6772,83.4647,3451.8317,2407.8103
NOR,McLaren,16,Q3,28,0.056,3.9137,282.3066,41.3324,3529.7112,2415.4015
NOR,McLaren,16,Q3,29,0.058,4.0487,278.5575,0.0,3607.8152,2422.9852
NOR,McLaren,16,Q3,30,0.06,4.1975,254.2328,0.0,3715.0749,2431.227
NOR,McLaren,16,Q3,31,0.062,4.3704,233.7003,0.0,3826.8912,2443.5406
NOR,McLaren,16,Q3,32,0.064,4.5516,212.5636,0.0,3945.1176,2460.3745
NOR,McLaren,16,Q3,33,0.066,4.7456,200.2764,0.0,4102.0406,2502.8312
NOR,McLaren,16,Q3,34,0.068,4.9445,190.1412,0.0,4176.3279,2532.8426
NOR,McLaren,16,Q3,35,0.07,5.1477,184.4314,0.0,4220.5515,2570.7332
NOR,McLaren,16,Q3,36,0.072,5.3576,179.6538,5.1616,4290.7173,2641.9578
NOR,McLaren,16,Q3,37,0.074,5.5721,175.9115,21.8848,4344.7012,2729.1415
NOR,McLaren,16,Q3,38,0.076,5.7899,173.1889,49.1108,4376.2097,2826.5792
NOR,McLaren,16,Q3,39,0.078,6.0061,174.021,70.0909,4392.485,2964.8275
NOR,McLaren,16,Q3,40,0.08,6.2173,177.9814,87.2529,4397.0227,3114.053
NOR,McLaren,16,Q3,41,0.082,6.4169,183.1814,96.707,4395.2437,3188.1123
NOR,McLaren,16,Q3,42,0.084,6.6108,189.8937,98.1986,4390.8591,3246.5325
NOR,McLaren,16,Q3,43,0.086,6.7965,196.3214,99.627,4381.172,3347.7191
NOR,McLaren,16,Q3,44,0.088,6.9782,202.5772,100.0,4367.5907,3448.4034
NOR,McLaren,16,Q3,45,0.09,7.1574,208.7383,100.0,4351.8335,3549.9067
NOR,McLaren,16,Q3,46,0.092,7.3339,213.2227,100.0,4334.749,3646.8971
NOR,McLaren,16,Q3,47,0.094,7.5065,217.5386,100.0,4311.9972,3764.6141
NOR,McLaren,16,Q3,48,0.096,7.6741,222.9487,100.0,4284.8781,3895.2898
NOR,McLaren,16,Q3,49,0.098,7.8382,227.5048,100.0,4260.8013,3999.1949
NOR,McLaren,16,Q3,50,0.1,8.001,230.8965,100.0,4238.5568,4088.2029
NOR,McLaren,16,Q3,51,0.102,8.1619,233.3384,100.0,4219.0688,4161.5984
NOR,McLaren,16,Q3,52,0.104,8.3206,236.2913,100.0,4195.4439,4247.1082
NOR,McLaren,16,Q3,53,0.106,8.4765,241.0856,100.0,4161.8453,4367.6393
NOR,McLaren,16,Q3,54,0.108,8.6292,245.987,100.0,4120.1296,4515.9783
NOR,McLaren,16,Q3,55,0.11,8.7794,248.3346,100.0,4096.4272,4592.7106
NOR,McLaren,16,Q3,56,0.112,8.9294,250.2716,100.0,4074.4488,4658.4641
NOR,McLaren,16,Q3,57,0.114,9.0788,251.4106,100.0,4045.3181,4732.2749
NOR,McLaren,16,Q3,58,0.116,9.2269,253.2613,100.0,4004.3215,4830.0403
NOR,McLaren,16,Q3,59,0.118,9.3745,254.4915,100.0,3958.5109,4921.8056
NOR,McLaren,16,Q3,60,0.12,9.5215,255.3081,100.0,3909.7774,5002.7614
NOR,McLaren,16,Q3,61,0.122,9.6679,256.2194,100.0,3853.0589,5074.8844
NOR,McLaren,16,Q3,62,0.124,9.8137,257.677,100.0,3711.0441,5178.6655
NOR,McLaren,16,Q3,63,0.126,9.959,258.7064,100.0,3588.1673,5256.5779
NOR,McLaren,16,Q3,64,0.128,10.1036,259.8129,100.0,3534.582,5278.8024
NOR,McLaren,16,Q3,65,0.13,10.2475,261.0189,100.0,3485.4554,5291.5981
NOR,McLaren,16,Q3,66,0.132,10.3896,262.7954,100.0,3379.3828,5326.3684
NOR,McLaren,16,Q3,67,0.134,10.5308,264.5596,100.0,3277.3655,5358.8438
NOR,McLaren,16,Q3,68,0.136,10.6715,266.2737,100.0,3177.2735,5390.6037
NOR,McLaren,16,Q3,69,0.138,10.8112,267.7764,100.0,3078.9113,5424.9994
NOR,McLaren,16,Q3,70,0.14,10.9507,269.3854,99.8715,2980.602,5459.4194
NOR,McLaren,16,Q3,71,0.142,11.0889,271.4592,99.1803,2882.4878,5493.951
NOR,McLaren,16,Q3,72,0.144,11.2269,272.3184,99.0,2784.9834,5529.9424
NOR,McLaren,16,Q3,73,0.146,11.3647,272.749,99.0,2693.2629,5566.3048
NOR,McLaren,16,Q3,74,0.148,11.5022,273.2383,99.0,2600.8062,5624.7084
NOR,McLaren,16,Q3,75,0.15,11.6395,273.8103,99.0,2453.2487,5756.8238
NOR,McLaren,16,Q3,76,0.152,11.776,274.3792,99.0,2390.6381,5825.9278
NOR,McLaren,16,Q3,77,0.154,11.9123,274.9471,99.0,2355.8715,5875.3893
NOR,McLaren,16,Q3,78,0.156,12.0486,275.515,99.0,2321.1048,5924.8508
NOR,McLaren,16,Q3,79,0.158,12.1847,276.0,99.0,2249.5374,6071.9189
NOR,McLaren,16,Q3,80,0.16,12.321,276.0,99.0,2185.0689,6210.9294
NOR,McLaren,16,Q3,81,0.162,12.4573,276.0,99.0,2166.6212,6275.5375
NOR,McLaren,16,Q3,82,0.164,12.5936,276.0,99.0,2158.9382,6323.8199
NOR,McLaren,16,Q3,83,0.166,12.7298,276.0198,99.0,2150.0712,6390.6346
NOR,McLaren,16,Q3,84,0.168,12.8656,276.5856,99.0,2145.0493,6509.7026
NOR,McLaren,16,Q3,85,0.17,13.0012,277.1808,99.0,2148.6698,6655.1112
NOR,McLaren,16,Q3,86,0.172,13.1364,277.8572,99.0,2167.991,6842.6908
NOR,McLaren,16,Q3,87,0.174,13.2717,278.0,99.0,2178.1593,6926.5015
NOR,McLaren,16,Q3,88,0.176,13.4067,278.5106,99.0,2184.8248,6966.251
NOR,McLaren,16,Q3,89,0.178,13.5414,279.2015,99.0,2197.1469,7032.2897
NOR,McLaren,16,Q3,90,0.18,13.6758,279.6814,99.0,2224.9463,7200.099
NOR,McLaren,16,Q3,91,0.182,13.8093,280.3692,99.0923,2249.8369,7350.91
NOR,McLaren,16,Q3,92,0.184,13.9418,281.4732,99.3683,2260.1107,7408.1669
NOR,McLaren,16,Q3,93,0.186,14.0743,282.5773,99.6443,2270.3845,7465.4238
NOR,McLaren,16,Q3,94,0.188,14.2066,283.6799,99.92,2285.5658,7550.3487
NOR,McLaren,16,Q3,95,0.19,14.339,284.0,100.0,2304.631,7657.4329
NOR,McLaren,16,Q3,96,0.192,14.471,284.6496,100.0,2323.471,7762.6133
NOR,McLaren,16,Q3,97,0.194,14.6024,285.9643,100.0,2341.4061,7863.2447
NOR,McLaren,16,Q3,98,0.196,14.7333,286.6366,100.0,2358.6027,7968.5632
NOR,McLaren,16,Q3,99,0.198,14.8638,287.2888,100.0,2376.8124,8106.4448
NOR,McLaren,16,Q3,100,0.2,14.9942,287.941,100.0,2395.0221,8244.3264
NOR,McLaren,16,Q3,101,0.202,15.1244,288.4934,100.0,2406.0733,8345.0519
NOR,McLaren,16,Q3,102,0.204,15.2544,289.0527,100.0,2412.9643,8422.3505
NOR,McLaren,16,Q3,103,0.206,15.3838,289.8614,100.0,2415.2145,8495.4742
NOR,McLaren,16,Q3,104,0.208,15.513,290.6687,100.0,2417.055,8589.286
NOR,McLaren,16,Q3,105,0.21,15.6419,291.3794,100.0,2418.7022,8693.8459
NOR,McLaren,16,Q3,106,0.212,15.7706,292.029,100.0,2420.0376,8797.31
NOR,McLaren,16,Q3,107,0.214,15.899,292.8312,100.0,2419.4026,8899.9484
NOR,McLaren,16,Q3,108,0.216,16.0271,293.3159,100.0,2418.0234,9006.4079
NOR,McLaren,16,Q3,109,0.218,16.155,293.7155,100.0,2415.7195,9120.2669
NOR,McLaren,16,Q3,110,0.22,16.2828,294.0,100.0,2413.0599,9232.016
NOR,McLaren,16,Q3,111,0.222,16.4108,294.0,100.0,2409.5056,9337.9332
NOR,McLaren,16,Q3,112,0.224,16.5385,294.2187,100.0,2405.4509,9444.2746
NOR,McLaren,16,Q3,113,0.226,16.666,294.75,100.0,2400.8326,9554.1838
NOR,McLaren,16,Q3,114,0.228,16.7933,295.1869,100.0,2393.3259,9686.1377
NOR,McLaren,16,Q3,115,0.23,16.9205,295.5402,100.0,2384.5865,9826.5745
NOR,McLaren,16,Q3,116,0.232,17.0474,295.8927,100.0,2376.5324,9944.6348
NOR,McLaren,16,Q3,117,0.234,17.1741,296.4404,100.0,2368.7376,10051.6228
NOR,McLaren,16,Q3,118,0.236,17.3007,297.0,100.0,2360.9275,10155.6843
NOR,McLaren,16,Q3,119,0.238,17.4273,297.0,100.0,2351.5433,10277.8732
NOR,McLaren,16,Q3,120,0.24,17.5539,297.1166,100.0,2342.2237,10398.2224
NOR,McLaren,16,Q3,121,0.242,17.6802,297.645,100.0,2333.9012,10503.0526
NOR,McLaren,16,Q3,122,0.244,17.806,297.8974,100.0,2327.8075,10575.1759
NOR,McLaren,16,Q3,123,0.246,17.9316,297.5835,100.0,2322.9774,10627.0334
NOR,McLaren,16,Q3,124,0.248,18.0582,297.267,100.0,2316.5942,10695.2498
NOR,McLaren,16,Q3,125,0.25,18.1875,295.217,90.616,2307.1961,10793.4391
NOR,McLaren,16,Q3,126,0.252,18.3216,284.5996,34.7348,2295.227,10909.8786
NOR,McLaren,16,Q3,127,0.254,18.464,269.4012,0.0,2282.1364,11020.6338
NOR,McLaren,16,Q3,128,0.256,18.6193,246.7506,0.0,2266.9652,11127.3409
NOR,McLaren,16,Q3,129,0.258,18.7938,220.673,0.0,2248.9272,11220.0274
NOR,McLaren,16,Q3,130,0.26,18.9982,191.456,0.0,2224.7248,11323.9147
NOR,McLaren,16,Q3,131,0.262,19.231,165.3603,0.0,2189.3769,11430.0598
NOR,McLaren,16,Q3,132,0.264,19.4778,151.5395,0.0,2144.4876,11525.4325
NOR,McLaren,16,Q3,133,0.266,19.7505,137.7552,0.0,2077.5345,11622.0178
NOR,McLaren,16,Q3,134,0.268,20.0411,127.1574,0.0,1981.0171,11716.2241
NOR,McLaren,16,Q3,135,0.27,20.3507,120.0863,0.0,1932.3329,11745.2646
NOR,McLaren,16,Q3,136,0.272,20.68,113.4194,2.2903,1834.144,11773.3047
NOR,McLaren,16,Q3,137,0.274,21.0245,108.8455,4.5772,1732.3186,11762.2157
NOR,McLaren,16,Q3,138,0.276,21.3699,109.6276,37.3535,1639.4445,11715.9002
NOR,McLaren,16,Q3,139,0.278,21.694,115.5381,54.907,1538.4019,11631.5022
NOR,McLaren,16,Q3,140,0.28,21.989,124.0492,71.3617,1493.1456,11577.5227
NOR,McLaren,16,Q3,141,0.282,22.2696,133.7456,83.3092,1440.4892,11495.734
NOR,McLaren,16,Q3,142,0.284,22.5336,144.0,98.2972,1391.4675,11392.1724
NOR,McLaren,16,Q3,143,0.286,22.7803,157.4317,99.8395,1342.4144,11268.3985
NOR,McLaren,16,Q3,144,0.288,23.0038,168.8994,100.0,1321.6889,11203.9743
NOR,McLaren,16,Q3,145,0.29,23.2143,177.6804,100.0,1293.2172,11114.3074
NOR,McLaren,16,Q3,146,0.292,23.4138,186.6907,100.0,1262.5781,11016.9457
NOR,McLaren,16,Q3,147,0.294,23.607,194.8415,100.0,1232.5567,10919.506
NOR,McLaren,16,Q3,148,0.296,23.7923,201.5423,100.0,1190.3823,10783.7616
NOR,McLaren,16,Q3,149,0.298,23.9731,207.768,100.0,1148.5163,10650.3749
NOR,McLaren,16,Q3,150,0.3,24.1477,214.315,100.0,1130.5586,10595.2428
NOR,McLaren,16,Q3,151,0.302,24.3187,219.5824,99.2363,1110.3737,10531.4564
NOR,McLaren,16,Q3,152,0.304,24.4838,224.2483,99.2953,1079.8376,10433.1857
NOR,McLaren,16,Q3,153,0.306,24.646,228.718,99.7016,1048.2504,10332.8272
NOR,McLaren,16,Q3,154,0.308,24.8066,232.5197,100.0,1018.4619,10237.4724
NOR,McLaren,16,Q3,155,0.31,24.9666,234.52,100.0,978.0091,10107.845
NOR,McLaren,16,Q3,156,0.312,25.1235,237.9626,100.0,929.8148,9955.639
NOR,McLaren,16,Q3,157,0.314,25.2776,241.814,100.0,906.25,9880.968
NOR,McLaren,16,Q3,158,0.316,25.4305,245.1105,100.0,890.6253,9832.0451
NOR,McLaren,16,Q3,159,0.318,25.5816,248.1317,100.0,865.5509,9755.9574
NOR,McLaren,16,Q3,160,0.32,25.7313,251.1267,100.0,832.8147,9657.5949
NOR,McLaren,16,Q3,161,0.322,25.879,254.0794,100.0,789.962,9532.7309
NOR,McLaren,16,Q3,162,0.324,26.0251,256.5633,100.0,743.365,9399.0708
NOR,McLaren,16,Q3,163,0.326,26.1693,258.8174,100.0,703.4439,9285.0029
NOR,McLaren,16,Q3,164,0.328,26.3123,261.2626,100.0,669.1005,9186.8794
NOR,McLaren,16,Q3,165,0.33,26.454,263.9197,100.0,640.826,9106.0232
NOR,McLaren,16,Q3,166,0.332,26.5945,266.4092,100.0,616.6518,9036.6738
NOR,McLaren,16,Q3,167,0.334,26.7338,268.3451,100.0,581.9152,8937.1765
NOR,McLaren,16,Q3,168,0.336,26.872,270.2644,100.0,527.9969,8783.0722
NOR,McLaren,16,Q3,169,0.338,27.0092,272.8034,100.0,483.6872,8656.5961
NOR,McLaren,16,Q3,170,0.34,27.1446,275.7064,100.0,462.4776,8596.3901
NOR,McLaren,16,Q3,171,0.342,27.2793,278.0109,99.8315,442.7409,8540.226
NOR,McLaren,16,Q3,172,0.344,27.4123,279.8208,99.5299,414.4442,8459.2349
NOR,McLaren,16,Q3,173,0.346,27.5448,281.6228,99.2295,380.5869,8362.2213
NOR,McLaren,16,Q3,174,0.348,27.677,283.3875,99.0775,346.2681,8264.2306
NOR,McLaren,16,Q3,175,0.35,27.808,285.025,99.405,311.5123,8165.7495
NOR,McLaren,16,Q3,176,0.352,27.9385,286.6563,99.7313,277.1129,8067.5484
NOR,McLaren,16,Q3,177,0.354,28.0683,288.319,100.0,242.5689,7969.1691
NOR,McLaren,16,Q3,178,0.356,28.1972,290.1599,100.0,210.8008,7877.7265
NOR,McLaren,16,Q3,179,0.358,28.3258,291.9972,100.0,179.8861,7788.3715
NOR,McLaren,16,Q3,180,0.36,28.4531,293.8158,100.0,141.7557,7678.8837
NOR,McLaren,16,Q3,181,0.362,28.58,295.6283,100.0,95.2334,7546.4921
NOR,McLaren,16,Q3,182,0.364,28.7065,296.8377,100.0,49.866,7417.4644
NOR,McLaren,16,Q3,183,0.366,28.8325,297.8876,100.0,25.7249,7346.9796
NOR,McLaren,16,Q3,184,0.368,28.9575,299.1615,100.0,0.4834,7272.8189
NOR,McLaren,16,Q3,185,0.37,29.0817,300.4557,100.0,-43.065,7147.4341
NOR,McLaren,16,Q3,186,0.372,29.2055,301.7452,100.0,-99.3344,6986.5036
NOR,McLaren,16,Q3,187,0.374,29.3292,303.0315,100.0,-139.9733,6870.6304
NOR,McLaren,16,Q3,188,0.376,29.4525,304.2645,100.0,-153.852,6831.4449
NOR,McLaren,16,Q3,189,0.378,29.5753,305.5476,100.0,-173.5813,6775.3932
NOR,McLaren,16,Q3,190,0.38,29.6974,306.9042,100.0,-203.6548,6689.5343
NOR,McLaren,16,Q3,191,0.382,29.8187,308.2525,100.0,-256.6067,6537.903
NOR,McLaren,16,Q3,192,0.384,29.94,309.3373,100.0,-304.0964,6402.0524
NOR,McLaren,16,Q3,193,0.386,30.0609,310.0929,100.0,-327.1808,6336.5598
NOR,McLaren,16,Q3,194,0.388,30.1817,310.8484,100.0,-350.2651,6271.0672
NOR,McLaren,16,Q3,195,0.39,30.302,311.7996,100.0,-374.3784,6202.0053
NOR,McLaren,16,Q3,196,0.392,30.4216,312.7971,100.0,-408.4452,6103.9483
NOR,McLaren,16,Q3,197,0.394,30.5413,313.7943,100.0,-446.1757,5995.5061
NOR,McLaren,16,Q3,198,0.396,30.6608,314.4739,100.0,-519.9268,5785.0874
NOR,McLaren,16,Q3,199,0.398,30.7801,315.0704,100.0,-576.6755,5623.1304
NOR,McLaren,16,Q3,200,0.4,30.8991,315.6654,100.0,-608.6379,5531.7406
NOR,McLaren,16,Q3,201,0.402,31.0178,316.2596,100.0,-635.5266,5454.9546
NOR,McLaren,16,Q3,202,0.404,31.1361,316.8528,100.0,-655.8978,5396.9276
NOR,McLaren,16,Q3,203,0.406,31.2544,317.4455,100.0,-675.7307,5340.6829
NOR,McLaren,16,Q3,204,0.408,31.3726,318.0,100.0,-695.2062,5285.6438
NOR,McLaren,16,Q3,205,0.41,31.4909,318.0,100.0,-716.2772,5225.7657
NOR,McLaren,16,Q3,206,0.412,31.6091,318.0406,100.0,-739.5404,5159.2092
NOR,McLaren,16,Q3,207,0.414,31.7266,319.2161,100.0,-771.3434,5067.5304
NOR,McLaren,16,Q3,208,0.416,31.8441,320.0,100.0,-805.4488,4969.269
NOR,McLaren,16,Q3,209,0.418,31.9616,320.0,100.0,-840.0858,4870.148
NOR,McLaren,16,Q3,210,0.42,32.0792,320.0,100.0,-874.7229,4771.0271
NOR,McLaren,16,Q3,211,0.422,32.1964,320.2142,100.0,-912.0645,4664.2017
NOR,McLaren,16,Q3,212,0.424,32.313,321.009,100.0,-953.8148,4544.7928
NOR,McLaren,16,Q3,213,0.426,32.4296,321.8039,100.0,-995.3738,4425.9321
NOR,McLaren,16,Q3,214,0.428,32.5458,322.5962,100.0,-1022.9933,4347.0314
NOR,McLaren,16,Q3,215,0.43,32.662,323.1295,100.0,-1050.467,4268.4666
NOR,McLaren,16,Q3,216,0.432,32.7781,323.3934,100.0,-1080.7509,4181.6956
NOR,McLaren,16,Q3,217,0.434,32.8942,323.6573,100.0,-1114.937,4083.6523
NOR,McLaren,16,Q3,218,0.436,33.0102,323.9208,100.0,-1148.059,3989.2192
NOR,McLaren,16,Q3,219,0.438,33.126,324.1841,100.0,-1184.358,3886.8048
NOR,McLaren,16,Q3,220,0.44,33.2417,324.4471,100.0,-1232.1595,3754.5588
NOR,McLaren,16,Q3,221,0.442,33.3574,324.71,100.0,-1280.1355,3621.8592
NOR,McLaren,16,Q3,222,0.444,33.4731,324.9729,100.0,-1327.6776,3490.3586
NOR,McLaren,16,Q3,223,0.446,33.5888,325.0,100.0,-1356.1105,3411.3338
NOR,McLaren,16,Q3,224,0.448,33.7045,325.0973,100.0,-1382.6525,3337.5394
NOR,McLaren,16,Q3,225,0.45,33.8198,325.6741,100.0,-1405.3511,3274.5775
NOR,McLaren,16,Q3,226,0.452,33.9351,326.1388,100.0,-1432.4662,3199.8025
NOR,McLaren,16,Q3,227,0.454,34.0502,326.4576,100.0,-1468.4354,3101.2471
NOR,McLaren,16,Q3,228,0.456,34.1651,326.776,100.0,-1519.0795,2961.9281
NOR,McLaren,16,Q3,229,0.458,34.28,327.1213,100.0,-1571.0134,2818.9285
NOR,McLaren,16,Q3,230,0.46,34.3946,327.5308,100.0,-1612.9675,2703.1941
NOR,McLaren,16,Q3,231,0.462,34.5093,327.9402,100.0,-1654.9215,2587.4597
NOR,McLaren,16,Q3,232,0.464,34.6239,328.0,100.0,-1692.2472,2485.5336
NOR,McLaren,16,Q3,233,0.466,34.7386,328.0,100.0,-1729.2968,2385.4267
NOR,McLaren,16,Q3,234,0.468,34.8532,328.0,100.0,-1766.9897,2284.6456
NOR,McLaren,16,Q3,235,0.47,34.9676,328.5102,100.0,-1803.9203,2186.7885
NOR,McLaren,16,Q3,236,0.472,35.0818,329.0,100.0,-1839.1113,2093.8797
NOR,McLaren,16,Q3,237,0.474,35.196,329.0,100.0,-1869.2144,2014.3554
NOR,McLaren,16,Q3,238,0.476,35.3105,329.0,100.0,-1896.5063,1942.2106
NOR,McLaren,16,Q3,239,0.478,35.427,324.3693,60.8497,-1925.4868,1863.9944
NOR,McLaren,16,Q3,240,0.48,35.546,318.9156,14.7414,-1958.1285,1774.615
NOR,McLaren,16,Q3,241,0.482,35.6745,303.6642,4.2878,-1994.7881,1670.4726
NOR,McLaren,16,Q3,242,0.484,35.811,285.6288,0.8757,-2030.1586,1566.8729
NOR,McLaren,16,Q3,243,0.486,35.9679,254.5804,0.0,-2070.4485,1445.5412
NOR,McLaren,16,Q3,244,0.488,36.1338,226.0094,0.0,-2110.6624,1322.1908
NOR,McLaren,16,Q3,245,0.49,36.311,214.9376,0.0,-2139.4398,1226.7971
NOR,McLaren,16,Q3,246,0.492,36.531,169.2108,0.0,-2159.9746,1144.7033
NOR,McLaren,16,Q3,247,0.494,36.8759,140.1687,0.0,-2177.2673,1021.3666
NOR,McLaren,16,Q3,248,0.496,37.2378,109.688,0.0,-2194.0957,892.0529
NOR,McLaren,16,Q3,249,0.498,37.6455,92.02,0.0,-2189.8488,781.5603
NOR,McLaren,16,Q3,250,0.5,38.1016,82.0686,0.0,-2158.0078,660.8912
NOR,McLaren,16,Q3,251,0.502,38.6113,71.3685,1.8944,-2098.2289,588.6385
NOR,McLaren,16,Q3,252,0.504,39.1791,66.8705,32.7978,-2011.5758,567.8534
NOR,McLaren,16,Q3,253,0.506,39.6634,81.81,53.1075,-1902.3066,584.7047
NOR,McLaren,16,Q3,254,0.508,40.0709,95.4712,55.3507,-1770.4663,608.2658
NOR,McLaren,16,Q3,255,0.51,40.4364,102.1169,32.0907,-1698.7145,608.6471
NOR,McLaren,16,Q3,256,0.512,40.7977,104.0,21.2079,-1614.042,584.6704
NOR,McLaren,16,Q3,257,0.514,41.1579,104.6385,26.9529,-1529.9104,512.3442
NOR,McLaren,16,Q3,258,0.516,41.4939,111.3587,58.0341,-1473.636,418.1998
NOR,McLaren,16,Q3,259,0.518,41.7957,123.2363,81.9743,-1445.5378,338.3648
NOR,McLaren,16,Q3,260,0.52,42.0696,136.1813,94.7383,-1417.6076,241.7705
NOR,McLaren,16,Q3,261,0.522,42.3184,148.337,99.2809,-1393.1646,145.4345
NOR,McLaren,16,Q3,262,0.524,42.5488,159.2839,99.857,-1367.6923,42.462
NOR,McLaren,16,Q3,263,0.526,42.77,169.3787,100.0,-1341.8235,-64.8901
NOR,McLaren,16,Q3,264,0.528,42.9798,179.6916,100.0,-1318.3629,-158.7475
NOR,McLaren,16,Q3,265,0.53,43.1748,187.7537,100.0,-1293.7114,-252.4499
NOR,McLaren,16,Q3,266,0.532,43.3642,195.3285,100.0,-1266.3854,-349.681
NOR,McLaren,16,Q3,267,0.534,43.5529,198.8365,100.0,-1235.2149,-447.7489
NOR,McLaren,16,Q3,268,0.536,43.7359,206.1812,100.0,-1199.0631,-548.9057
NOR,McLaren,16,Q3,269,0.538,43.9083,213.9838,100.0,-1152.5269,-663.6249
NOR,McLaren,16,Q3,270,0.54,44.0769,218.9008,100.0,-1100.869,-781.8402
NOR,McLaren,16,Q3,271,0.542,44.2419,223.7124,100.0,-1040.93,-899.2229
NOR,McLaren,16,Q3,272,0.544,44.4068,227.2651,100.0,-985.6479,-1002.0284
NOR,McLaren,16,Q3,273,0.546,44.5688,231.7018,100.0,-947.2997,-1071.5566
NOR,McLaren,16,Q3,274,0.548,44.7275,236.5774,100.0,-918.1889,-1120.7051
NOR,McLaren,16,Q3,275,0.55,44.8837,240.9666,100.0,-866.9451,-1195.9581
NOR,McLaren,16,Q3,276,0.552,45.0367,244.7922,100.0,-766.3673,-1336.6882
NOR,McLaren,16,Q3,277,0.554,45.1867,248.5435,100.0,-708.2543,-1416.5402
NOR,McLaren,16,Q3,278,0.556,45.3355,251.8423,100.0,-682.8558,-1448.8335
NOR,McLaren,16,Q3,279,0.558,45.4828,254.297,100.0,-621.4068,-1523.754
NOR,McLaren,16,Q3,280,0.56,45.6283,257.2589,100.0,-550.2389,-1607.1595
NOR,McLaren,16,Q3,281,0.562,45.7715,260.3913,100.0,-478.7486,-1684.1682
NOR,McLaren,16,Q3,282,0.564,45.9137,262.982,100.0,-405.9576,-1758.7662
NOR,McLaren,16,Q3,283,0.566,46.0551,265.0019,100.0,-337.4014,-1826.5858
NOR,McLaren,16,Q3,284,0.568,46.1951,267.2266,100.0,-261.1713,-1897.3832
NOR,McLaren,16,Q3,285,0.57,46.3333,269.6461,100.0,-151.2875,-1994.2175
NOR,McLaren,16,Q3,286,0.572,46.4706,272.0479,100.0,-18.3346,-2109.4346
NOR,McLaren,16,Q3,287,0.574,46.6059,275.0221,100.0,37.7988,-2157.589
NOR,McLaren,16,Q3,288,0.576,46.7407,278.3919,100.0,73.1282,-2187.6912
NOR,McLaren,16,Q3,289,0.578,46.8745,280.1737,100.0,136.5585,-2241.6432
NOR,McLaren,16,Q3,290,0.58,47.0079,281.6021,100.0,216.2865,-2309.3878
NOR,McLaren,16,Q3,291,0.582,47.1397,283.5718,100.0,296.0516,-2376.4511
NOR,McLaren,16,Q3,292,0.584,47.2712,285.7549,100.0,374.9732,-2442.6496
NOR,McLaren,16,Q3,293,0.586,47.4018,287.447,100.0,454.4265,-2509.1309
NOR,McLaren,16,Q3,294,0.588,47.5315,289.0687,100.0,528.9887,-2572.0566
NOR,McLaren,16,Q3,295,0.59,47.6598,290.6729,100.0,611.4194,-2642.1471
NOR,McLaren,16,Q3,296,0.592,47.7873,292.2666,100.0,716.2918,-2730.8225
NOR,McLaren,16,Q3,297,0.594,47.9143,293.8538,100.0,835.1018,-2831.0401
NOR,McLaren,16,Q3,298,0.596,48.0412,295.4394,100.0,924.3396,-2906.2718
NOR,McLaren,16,Q3,299,0.598,48.1678,297.0126,100.0,958.7963,-2935.2412
NOR,McLaren,16,Q3,300,0.6,48.2938,297.9126,100.0,1005.1169,-2974.4448
NOR,McLaren,16,Q3,301,0.602,48.4194,298.8097,100.0,1072.7782,-3031.8038
NOR,McLaren,16,Q3,302,0.604,48.5442,300.0907,100.0,1162.5499,-3107.8302
NOR,McLaren,16,Q3,303,0.606,48.6682,301.4694,100.0,1266.6029,-3195.7847
NOR,McLaren,16,Q3,304,0.608,48.7921,302.845,100.0,1375.3375,-3287.619
NOR,McLaren,16,Q3,305,0.61,48.9154,303.9118,100.0,1460.3553,-3359.2467
NOR,McLaren,16,Q3,306,0.612,49.0387,304.9392,100.0,1541.8768,-3427.8966
NOR,McLaren,16,Q3,307,0.614,49.1618,305.5789,100.0,1609.2823,-3484.6162
NOR,McLaren,16,Q3,308,0.616,49.2842,306.5724,100.0,1672.5369,-3537.8481
NOR,McLaren,16,Q3,309,0.618,49.4059,308.398,100.0,1733.4284,-3589.0501
NOR,McLaren,16,Q3,310,0.62,49.5272,309.4514,100.0,1808.3306,-3650.8562
NOR,McLaren,16,Q3,311,0.622,49.6482,310.1235,100.0,1903.6044,-3727.8479
NOR,McLaren,16,Q3,312,0.624,49.769,310.7942,100.0,2012.8752,-3815.1918
NOR,McLaren,16,Q3,313,0.626,49.8893,312.0412,100.0,2117.5943,-3896.2525
NOR,McLaren,16,Q3,314,0.628,50.0094,313.0,100.0,2213.3978,-3967.5445
NOR,McLaren,16,Q3,315,0.63,50.1296,313.0357,100.0,2299.9439,-4029.8186
NOR,McLaren,16,Q3,316,0.632,50.2491,314.2305,100.0,2368.2245,-4078.2512
NOR,McLaren,16,Q3,317,0.634,50.3682,315.211,100.0,2427.8103,-4119.6373
NOR,McLaren,16,Q3,318,0.636,50.4872,315.8061,100.0,2486.2611,-4159.1302
NOR,McLaren,16,Q3,319,0.638,50.606,316.5,100.0,2568.5761,-4212.9399
NOR,McLaren,16,Q3,320,0.64,50.7245,317.1925,100.0,2674.1909,-4280.5962
NOR,McLaren,16,Q3,321,0.642,50.8428,317.784,100.0,2782.3231,-4349.3885
NOR,McLaren,16,Q3,322,0.644,50.9608,318.3115,100.0,2851.4307,-4392.2902
NOR,McLaren,16,Q3,323,0.646,51.0787,318.8028,100.0,2910.5872,-4428.3122
NOR,McLaren,16,Q3,324,0.648,51.1964,319.4397,100.0,3001.7348,-4478.4503
NOR,McLaren,16,Q3,325,0.65,51.3138,320.0775,100.0,3148.6625,-4554.3081
NOR,McLaren,16,Q3,326,0.652,51.4311,320.4041,100.0,3301.3274,-4631.3499
NOR,McLaren,16,Q3,327,0.654,51.5482,320.7302,100.0,3382.5998,-4670.3224
NOR,McLaren,16,Q3,328,0.656,51.6652,321.0721,100.0,3458.6237,-4706.2211
NOR,McLaren,16,Q3,329,0.658,51.782,321.4892,100.0,3509.5141,-4727.3998
NOR,McLaren,16,Q3,330,0.66,51.8988,321.9063,100.0,3568.8754,-4752.5705
NOR,McLaren,16,Q3,331,0.662,52.0156,322.0,100.0,3665.1195,-4795.1128
NOR,McLaren,16,Q3,332,0.664,52.1324,322.0,100.0,3769.5392,-4841.4388
NOR,McLaren,16,Q3,333,0.666,52.249,322.2002,100.0,3875.8648,-4888.3656
NOR,McLaren,16,Q3,334,0.668,52.3654,322.7289,100.0,3972.1491,-4929.0765
NOR,McLaren,16,Q3,335,0.67,52.4814,323.2566,100.0,4069.9585,-4969.7041
NOR,McLaren,16,Q3,336,0.672,52.5972,323.7829,100.0,4169.5477,-5010.2345
NOR,McLaren,16,Q3,337,0.674,52.7134,323.6582,87.353,4267.6053,-5049.09
NOR,McLaren,16,Q3,338,0.676,52.8298,323.076,65.8133,4364.8378,-5087.0845
NOR,McLaren,16,Q3,339,0.678,52.955,311.218,38.2578,4465.5722,-5126.062
NOR,McLaren,16,Q3,340,0.68,53.0826,297.5413,9.5368,4567.0387,-5165.3225
NOR,McLaren,16,Q3,341,0.682,53.2231,278.2859,0.0,4669.9893,-5205.8843
NOR,McLaren,16,Q3,342,0.684,53.3725,256.4811,0.0,4772.7532,-5246.5662
NOR,McLaren,16,Q3,343,0.686,53.5317,245.4244,0.0,4874.1681,-5285.3298
NOR,McLaren,16,Q3,344,0.688,53.696,234.0112,0.0,4974.3076,-5320.7048
NOR,McLaren,16,Q3,345,0.69,53.866,223.5813,0.0,5070.1906,-5339.7301
NOR,McLaren,16,Q3,346,0.692,54.0422,214.6728,0.0,5164.131,-5345.3092
NOR,McLaren,16,Q3,347,0.694,54.2253,207.2196,0.8902,5266.1936,-5333.7139
NOR,McLaren,16,Q3,348,0.696,54.4159,201.5033,3.7484,5415.2803,-5276.8579
NOR,McLaren,16,Q3,349,0.698,54.6093,195.9187,10.8661,5537.6656,-5218.2978
NOR,McLaren,16,Q3,350,0.7,54.8049,192.211,32.2849,5581.9627,-5182.7934
NOR,McLaren,16,Q3,351,0.702,55.0018,191.2106,51.1086,5634.8918,-5128.0033
NOR,McLaren,16,Q3,352,0.704,55.1979,191.7552,66.9002,5724.9864,-4993.0245
NOR,McLaren,16,Q3,353,0.706,55.3899,193.5159,79.4141,5777.6394,-4880.1122
NOR,McLaren,16,Q3,354,0.708,55.5799,196.2865,89.3091,5788.4826,-4829.419
NOR,McLaren,16,Q3,355,0.71,55.7673,199.0191,99.0048,5790.6219,-4742.8809
NOR,McLaren,16,Q3,356,0.712,55.9532,201.6738,99.6685,5788.4239,-4626.4516
NOR,McLaren,16,Q3,357,0.714,56.1355,205.2372,100.0,5769.8707,-4521.2691
NOR,McLaren,16,Q3,358,0.716,56.314,209.6992,100.0,5732.0047,-4406.3064
NOR,McLaren,16,Q3,359,0.718,56.4887,213.0512,100.0,5689.051,-4311.1467
NOR,McLaren,16,Q3,360,0.72,56.6622,216.2885,100.0,5646.3785,-4229.6937
NOR,McLaren,16,Q3,361,0.722,56.8329,219.3371,100.0,5590.7665,-4146.2002
NOR,McLaren,16,Q3,362,0.724,57.001,222.5005,100.0,5532.2351,-4069.6308
NOR,McLaren,16,Q3,363,0.726,57.1679,225.524,100.0,5454.7534,-3989.6284
NOR,McLaren,16,Q3,364,0.728,57.3331,227.5892,100.0,5314.7109,-3886.1208
NOR,McLaren,16,Q3,365,0.73,57.4964,229.6301,100.0,5263.8369,-3851.4264
NOR,McLaren,16,Q3,366,0.732,57.6579,232.6388,100.0,5190.3854,-3836.7069
NOR,McLaren,16,Q3,367,0.734,57.8164,235.8826,100.0,5008.8004,-3811.9867
NOR,McLaren,16,Q3,368,0.736,57.9736,239.153,100.0,4801.0622,-3783.399
NOR,McLaren,16,Q3,369,0.738,58.1284,242.2634,100.0,4668.9006,-3763.2284
NOR,McLaren,16,Q3,370,0.74,58.2812,244.6602,100.0,4574.1483,-3747.6471
NOR,McLaren,16,Q3,371,0.742,58.4335,246.8354,100.0,4490.616,-3733.4623
NOR,McLaren,16,Q3,372,0.744,58.5851,247.7007,100.0,4388.5051,-3717.9735
NOR,McLaren,16,Q3,373,0.746,58.7349,250.2486,100.0,4283.4098,-3703.6519
NOR,McLaren,16,Q3,374,0.748,58.8827,253.9424,100.0,4177.6302,-3691.4237
NOR,McLaren,16,Q3,375,0.75,59.028,256.2339,100.0,4080.6802,-3683.5835
NOR,McLaren,16,Q3,376,0.752,59.1732,258.5033,100.0,3983.8583,-3675.7932
NOR,McLaren,16,Q3,377,0.754,59.3175,260.4058,100.0,3908.7385,-3669.9259
NOR,McLaren,16,Q3,378,0.756,59.4608,262.1977,100.0,3841.823,-3664.7128
NOR,McLaren,16,Q3,379,0.758,59.6033,263.734,100.0,3757.5986,-3658.3705
NOR,McLaren,16,Q3,380,0.76,59.7447,265.0596,100.0,3638.3404,-3649.6504
NOR,McLaren,16,Q3,381,0.762,59.8852,267.0041,100.0,3504.693,-3639.7945
NOR,McLaren,16,Q3,382,0.764,60.0242,270.1602,100.0,3383.3694,-3630.0417
NOR,McLaren,16,Q3,383,0.766,60.1625,271.3124,100.0,3279.483,-3620.4342
NOR,McLaren,16,Q3,384,0.768,60.3008,272.0,100.0,3180.7354,-3610.5366
NOR,McLaren,16,Q3,385,0.77,60.439,272.0,100.0,3097.5496,-3599.7053
NOR,McLaren,16,Q3,386,0.772,60.5758,274.4344,99.1885,3021.6918,-3586.3845
NOR,McLaren,16,Q3,387,0.774,60.712,275.7573,99.0,2936.834,-3566.3452
NOR,McLaren,16,Q3,388,0.776,60.8477,276.7261,99.0,2839.635,-3536.0586
NOR,McLaren,16,Q3,389,0.778,60.9831,277.4856,99.0,2743.3353,-3495.9729
NOR,McLaren,16,Q3,390,0.78,61.118,278.4006,99.0,2647.3271,-3449.25
NOR,McLaren,16,Q3,391,0.782,61.2523,280.0264,99.0,2552.0062,-3397.9521
NOR,McLaren,16,Q3,392,0.784,61.3863,280.5844,99.0,2464.615,-3346.4977
NOR,McLaren,16,Q3,393,0.786,61.5199,281.1061,99.0,2383.8977,-3295.452
NOR,McLaren,16,Q3,394,0.788,61.6534,281.5231,99.0,2299.1525,-3239.0834
NOR,McLaren,16,Q3,395,0.79,61.7866,281.9395,99.0,2214.2899,-3179.7071
NOR,McLaren,16,Q3,396,0.792,61.9196,282.7098,99.0,2115.2457,-3099.4217
NOR,McLaren,16,Q3,397,0.794,62.0524,283.0,99.0,2010.153,-3007.2046
NOR,McLaren,16,Q3,398,0.796,62.1853,283.0,99.0,1910.0649,-2916.0465
NOR,McLaren,16,Q3,399,0.798,62.3185,282.7987,99.0,1861.3848,-2858.6127
NOR,McLaren,16,Q3,400,0.8,62.4518,282.4283,99.0,1826.3032,-2807.5513
NOR,McLaren,16,Q3,401,0.802,62.5852,282.0578,99.0,1785.6735,-2742.5115
NOR,McLaren,16,Q3,402,0.804,62.7187,279.9515,73.6499,1738.2482,-2648.0463
NOR,McLaren,16,Q3,403,0.806,62.8526,277.5161,43.5122,1698.7343,-2548.9268
NOR,McLaren,16,Q3,404,0.808,62.9939,274.9473,11.7231,1666.3128,-2450.5854
NOR,McLaren,16,Q3,405,0.81,63.1478,258.0106,0.0,1638.0036,-2336.6522
NOR,McLaren,16,Q3,406,0.812,63.3133,232.0036,0.0,1608.2288,-2190.3872
NOR,McLaren,16,Q3,407,0.814,63.4988,208.3978,0.0,1588.5371,-2077.0163
NOR,McLaren,16,Q3,408,0.816,63.7074,182.3241,0.0,1581.0331,-2012.4109
NOR,McLaren,16,Q3,409,0.818,63.9549,157.6505,0.0,1575.1725,-1898.5769
NOR,McLaren,16,Q3,410,0.82,64.2323,138.9267,0.0,1577.0653,-1765.7818
NOR,McLaren,16,Q3,411,0.822,64.5372,124.352,0.0,1586.6224,-1678.3484
NOR,McLaren,16,Q3,412,0.824,64.8519,119.0233,0.1953,1609.5094,-1579.1864
NOR,McLaren,16,Q3,413,0.826,65.1849,110.6275,0.1255,1655.1296,-1491.2713
NOR,McLaren,16,Q3,414,0.828,65.5354,107.4734,13.7279,1736.0789,-1433.5396
NOR,McLaren,16,Q3,415,0.83,65.8775,111.0506,44.253,1853.9001,-1401.6913
NOR,McLaren,16,Q3,416,0.832,66.1928,119.5033,66.0067,1967.6556,-1397.9437
NOR,McLaren,16,Q3,417,0.834,66.4826,128.9234,84.8469,2057.4854,-1405.7226
NOR,McLaren,16,Q3,418,0.836,66.757,139.6011,92.1202,2143.6085,-1414.0
NOR,McLaren,16,Q3,419,0.838,67.0043,149.4573,72.1629,2279.916,-1406.3231
NOR,McLaren,16,Q3,420,0.84,67.2469,154.7977,42.5018,2382.2646,-1391.9633
NOR,McLaren,16,Q3,421,0.842,67.4909,154.1878,16.8881,2439.6165,-1362.8127
NOR,McLaren,16,Q3,422,0.844,67.739,151.8381,8.2794,2532.1711,-1299.1025
NOR,McLaren,16,Q3,423,0.846,67.9911,149.6118,16.7918,2615.3562,-1227.1224
NOR,McLaren,16,Q3,424,0.848,68.246,148.0,30.5744,2677.2356,-1160.9978
NOR,McLaren,16,Q3,425,0.85,68.4997,148.1717,52.3006,2732.5427,-1041.1353
NOR,McLaren,16,Q3,426,0.852,68.7473,151.2659,57.7153,2763.5197,-904.7544
NOR,McLaren,16,Q3,427,0.854,68.9925,153.5543,59.0,2771.7188,-807.0362
NOR,McLaren,16,Q3,428,0.856,69.2279,159.3067,78.7107,2776.1827,-738.8029
NOR,McLaren,16,Q3,429,0.858,69.453,166.3684,73.0703,2777.454,-655.1428
NOR,McLaren,16,Q3,430,0.86,69.6734,170.0,47.5439,2773.2682,-557.1203
NOR,McLaren,16,Q3,431,0.862,69.8969,167.8835,21.1456,2751.3098,-441.7898
NOR,McLaren,16,Q3,432,0.864,70.1248,165.4415,3.2374,2691.1267,-312.0748
NOR,McLaren,16,Q3,433,0.866,70.3527,165.0,6.2225,2637.7633,-229.7823
NOR,McLaren,16,Q3,434,0.868,70.5854,162.0105,28.9266,2583.8616,-178.7428
NOR,McLaren,16,Q3,435,0.87,70.8136,164.4909,54.8509,2501.4099,-115.9736
NOR,McLaren,16,Q3,436,0.872,71.0381,167.9012,74.4071,2390.0343,-60.9218
NOR,McLaren,16,Q3,437,0.874,71.2533,174.0462,85.365,2254.7748,-18.665
NOR,McLaren,16,Q3,438,0.876,71.4612,181.132,97.512,2196.7806,-7.3561
NOR,McLaren,16,Q3,439,0.878,71.6602,186.9142,99.546,2113.4551,-7.9304
NOR,McLaren,16,Q3,440,0.88,71.8546,192.7346,100.0,2008.5511,-12.1554
NOR,McLaren,16,Q3,441,0.882,72.0429,199.1065,100.0,1909.5345,-23.3736
NOR,McLaren,16,Q3,442,0.884,72.2264,204.4572,100.0,1814.4811,-37.4104
NOR,McLaren,16,Q3,443,0.886,72.4051,211.0037,100.0,1670.4293,-59.3388
NOR,McLaren,16,Q3,444,0.888,72.579,215.3498,100.0,1509.8678,-82.9256
NOR,McLaren,16,Q3,445,0.89,72.7489,220.8956,100.0,1386.1674,-99.5736
NOR,McLaren,16,Q3,446,0.892,72.914,226.3298,100.0,1295.4599,-111.2016
NOR,McLaren,16,Q3,447,0.894,73.0736,231.2068,100.0,1236.8392,-118.5849
NOR,McLaren,16,Q3,448,0.896,73.2322,235.4646,100.0,1171.4922,-127.0104
NOR,McLaren,16,Q3,449,0.898,73.388,238.8622,100.0,1072.4706,-140.8156
NOR,McLaren,16,Q3,450,0.9,73.5431,242.0699,100.0,970.1971,-156.0487
NOR,McLaren,16,Q3,451,0.902,73.6967,244.7237,100.0,867.8659,-173.3885
NOR,McLaren,16,Q3,452,0.904,73.8485,246.8926,100.0,760.7574,-192.7079
NOR,McLaren,16,Q3,453,0.906,73.9985,249.8118,100.0,630.786,-215.1386
NOR,McLaren,16,Q3,454,0.908,74.1473,252.7668,99.6166,507.0074,-235.7565
NOR,McLaren,16,Q3,455,0.91,74.2945,254.7572,99.0,424.5174,-247.7809
NOR,McLaren,16,Q3,456,0.912,74.4401,257.0323,99.0,354.3084,-255.5248
NOR,McLaren,16,Q3,457,0.914,74.5846,259.1329,99.0,261.9999,-258.8749
NOR,McLaren,16,Q3,458,0.916,74.7288,260.1628,99.0,156.8947,-254.7307
NOR,McLaren,16,Q3,459,0.918,74.8727,261.1904,99.0,54.4419,-242.2082
NOR,McLaren,16,Q3,460,0.92,75.0156,262.2117,99.0,-45.6491,-211.2277
NOR,McLaren,16,Q3,461,0.922,75.1583,263.1614,99.0,-144.0995,-176.6727
NOR,McLaren,16,Q3,462,0.924,75.2999,263.8696,99.0,-236.4404,-130.5108
NOR,McLaren,16,Q3,463,0.926,75.4394,264.5672,99.0,-305.9176,-47.6404
NOR,McLaren,16,Q3,464,0.928,75.579,265.2647,99.0,-375.3948,35.2299
NOR,McLaren,16,Q3,465,0.93,75.7185,265.9623,99.0,-444.872,118.1003
NOR,McLaren,16,Q3,466,0.932,75.858,266.6599,99.0,-514.3492,200.9707
NOR,McLaren,16,Q3,467,0.934,75.9975,267.3574,99.0,-583.8263,283.841
NOR,McLaren,16,Q3,468,0.936,76.137,268.055,99.0,-653.3035,366.7114
NOR,McLaren,16,Q3,469,0.938,76.2765,268.7526,99.0,-722.7807,449.5818
NOR,McLaren,16,Q3,470,0.94,76.4155,269.6391,99.3195,-778.4822,538.0426
NOR,McLaren,16,Q3,471,0.942,76.5542,270.6302,99.8151,-831.7681,626.1321
NOR,McLaren,16,Q3,472,0.944,76.6926,271.8657,100.0,-884.688,716.9592
NOR,McLaren,16,Q3,473,0.946,76.8301,272.7991,89.9526,-938.1586,818.898
NOR,McLaren,16,Q3,474,0.948,76.9682,271.6483,32.4133,-988.0408,923.8139
NOR,McLaren,16,Q3,475,0.95,77.1204,260.5844,0.0,-1028.4939,1020.9947
NOR,McLaren,16,Q3,476,0.952,77.2875,237.1871,0.0,-1059.7235,1111.2014
NOR,McLaren,16,Q3,477,0.954,77.477,210.5411,0.0,-1086.2237,1220.2457
NOR,McLaren,16,Q3,478,0.956,77.6725,192.0,0.0,-1106.5784,1332.4247
NOR,McLaren,16,Q3,479,0.958,77.882,175.3279,0.0,-1117.5089,1446.1907
NOR,McLaren,16,Q3,480,0.96,78.114,161.4788,0.0,-1121.0884,1564.7415
NOR,McLaren,16,Q3,481,0.962,78.3578,155.1831,0.831,-1117.1954,1633.5929
NOR,McLaren,16,Q3,482,0.964,78.6112,148.8446,2.473,-1107.0075,1698.0912
NOR,McLaren,16,Q3,483,0.966,78.8697,145.1527,2.0763,-1083.7774,1779.5272
NOR,McLaren,16,Q3,484,0.968,79.1424,139.2803,14.1545,-1033.761,1866.1057
NOR,McLaren,16,Q3,485,0.97,79.4179,137.0,42.7733,-919.0181,1935.8402
NOR,McLaren,16,Q3,486,0.972,79.6865,140.3588,66.2748,-849.8013,1965.4869
NOR,McLaren,16,Q3,487,0.974,79.9435,148.0369,89.0737,-744.5,1973.885
NOR,McLaren,16,Q3,488,0.976,80.1828,156.6287,99.4032,-608.1074,1983.6998
NOR,McLaren,16,Q3,489,0.978,80.4091,165.7376,100.0,-543.6396,1990.3372
NOR,McLaren,16,Q3,490,0.98,80.6173,175.1099,100.0,-447.8284,2004.1051
NOR,McLaren,16,Q3,491,0.982,80.8212,183.5688,100.0,-341.4046,2016.6913
NOR,McLaren,16,Q3,492,0.984,81.0171,190.5055,100.0,-176.9178,2026.5522
NOR,McLaren,16,Q3,493,0.986,81.2062,197.005,100.0,-68.9363,2032.182
NOR,McLaren,16,Q3,494,0.988,81.3893,202.8925,100.0,-15.7176,2034.7266
NOR,McLaren,16,Q3,495,0.99,81.5697,208.0912,100.0,77.0056,2039.5358
NOR,McLaren,16,Q3,496,0.992,81.7453,213.0337,100.0,181.1696,2045.0089
NOR,McLaren,16,Q3,497,0.994,81.915,218.2205,100.0,291.7285,2051.4558
NOR,McLaren,16,Q3,498,0.996,82.0818,223.1652,100.0,403.3276,2059.4881
NOR,McLaren,16,Q3,499,0.998,82.2456,227.8464,100.0,497.717,2070.7405
NOR,McLaren,16,Q3,500,1.0,82.408,231.0333,100.0,620.7677,2086.6455
PIA,McLaren,16,Q3,0,0.0,0.0,236.425,99.0,585.7596,2082.3562
PIA,McLaren,16,Q3,1,0.002,0.1563,240.3418,99.0,687.7125,2095.2366
PIA,McLaren,16,Q3,2,0.004,0.3106,243.6942,99.0,789.7666,2106.7958
PIA,McLaren,16,Q3,3,0.006,0.463,245.8711,99.0,906.7865,2119.7504
PIA,McLaren,16,Q3,4,0.008,0.6136,248.4322,99.0,1032.9685,2133.8487
PIA,McLaren,16,Q3,5,0.01,0.7611,251.3826,99.0,1160.5976,2148.4112
PIA,McLaren,16,Q3,6,0.012,0.9081,254.3224,99.0,1287.7556,2162.9802
PIA,McLaren,16,Q3,7,0.014,1.0542,256.4027,99.0,1406.7978,2176.6639
PIA,McLaren,16,Q3,8,0.016,1.1986,258.2074,99.0,1508.6321,2188.3245
PIA,McLaren,16,Q3,9,0.018,1.3429,260.0237,99.0,1610.3229,2199.968
PIA,McLaren,16,Q3,10,0.02,1.4838,263.5462,99.0,1681.2429,2207.9075
PIA,McLaren,16,Q3,11,0.022,1.6239,267.0487,99.0,1744.669,2214.9398
PIA,McLaren,16,Q3,12,0.024,1.7632,269.0123,99.0,1821.0453,2223.4729
PIA,McLaren,16,Q3,13,0.026,1.9016,270.3956,99.0,1920.0048,2234.6457
PIA,McLaren,16,Q3,14,0.028,2.0397,271.7771,99.0,2016.4713,2245.5229
PIA,McLaren,16,Q3,15,0.03,2.1769,273.4366,99.0,2122.5993,2257.4758
PIA,McLaren,16,Q3,16,0.032,2.3135,275.108,99.0,2301.7545,2277.8671
PIA,McLaren,16,Q3,17,0.034,2.4491,276.3788,99.0,2419.0783,2291.2565
PIA,McLaren,16,Q3,18,0.036,2.5843,277.6467,99.0,2493.2105,2299.7133
PIA,McLaren,16,Q3,19,0.038,2.7191,278.9711,99.0,2548.7101,2305.9622
PIA,McLaren,16,Q3,20,0.04,2.8532,280.3119,99.0,2624.6587,2314.4204
PIA,McLaren,16,Q3,21,0.042,2.9867,281.6468,99.0,2735.07,2326.7366
PIA,McLaren,16,Q3,22,0.044,3.1198,282.4892,99.0,2892.382,2344.4387
PIA,McLaren,16,Q3,23,0.046,3.2526,283.3825,99.0,3061.8095,2363.5293
PIA,McLaren,16,Q3,24,0.048,3.3842,285.027,99.0,3145.0221,2372.6876
PIA,McLaren,16,Q3,25,0.05,3.5157,286.0,99.0,3213.8271,2380.3788
PIA,McLaren,16,Q3,26,0.052,3.6472,286.1797,97.7419,3269.0864,2386.9199
PIA,McLaren,16,Q3,27,0.054,3.7776,287.1112,91.2219,3368.1505,2399.1404
PIA,McLaren,16,Q3,28,0.056,3.9087,287.552,82.6201,3473.2189,2411.6622
PIA,McLaren,16,Q3,29,0.058,4.0462,278.4241,34.1283,3574.2196,2420.3229
PIA,McLaren,16,Q3,30,0.06,4.1899,266.4912,0.0,3681.8429,2428.8417
PIA,McLaren,16,Q3,31,0.062,4.3573,246.82,0.0,3836.5712,2447.2911
PIA,McLaren,16,Q3,32,0.064,4.5285,226.7074,0.0,3984.7674,2466.3125
PIA,McLaren,16,Q3,33,0.066,4.7091,210.8788,0.0,4050.4056,2480.8371
PIA,McLaren,16,Q3,34,0.068,4.8983,199.4575,0.0,4106.0907,2504.4091
PIA,McLaren,16,Q3,35,0.07,5.0969,191.2296,1.4426,4186.2104,2546.1745
PIA,McLaren,16,Q3,36,0.072,5.3031,184.199,3.801,4263.3752,2608.7729
PIA,McLaren,16,Q3,37,0.074,5.5124,180.0401,10.0168,4323.8936,2689.2832
PIA,McLaren,16,Q3,38,0.076,5.7288,175.8321,23.242,4364.6722,2786.0637
PIA,McLaren,16,Q3,39,0.078,5.9467,173.5583,44.9026,4385.9497,2891.8856
PIA,McLaren,16,Q3,40,0.08,6.1631,174.1263,70.6313,4395.5712,2996.4163
PIA,McLaren,16,Q3,41,0.082,6.3745,178.7877,87.8057,4397.1585,3103.722
PIA,McLaren,16,Q3,42,0.084,6.5769,185.2722,96.3734,4391.1329,3235.2942
PIA,McLaren,16,Q3,43,0.086,6.7724,191.7445,99.0,4382.4383,3338.3244
PIA,McLaren,16,Q3,44,0.088,6.9625,196.8919,99.0,4372.1615,3419.8068
PIA,McLaren,16,Q3,45,0.09,7.1367,202.3342,99.0,4356.2038,3512.3598
PIA,McLaren,16,Q3,46,0.092,7.3056,207.6126,99.0,4338.2039,3610.5664
PIA,McLaren,16,Q3,47,0.094,7.4745,212.891,99.0,4320.2041,3708.7731
PIA,McLaren,16,Q3,48,0.096,7.6434,218.1694,99.0,4302.2043,3806.9798
PIA,McLaren,16,Q3,49,0.098,7.8111,223.2721,99.0,4283.6809,3899.9383
PIA,McLaren,16,Q3,50,0.1,7.9754,227.3764,99.0,4255.5258,4016.0885
PIA,McLaren,16,Q3,51,0.102,8.1377,230.4186,99.0,4217.5595,4162.3505
PIA,McLaren,16,Q3,52,0.104,8.2984,234.389,99.0,4188.0235,4275.1163
PIA,McLaren,16,Q3,53,0.106,8.4555,238.8368,99.2624,4175.1485,4322.4666
PIA,McLaren,16,Q3,54,0.108,8.6096,242.6902,99.8129,4154.9667,4394.7059
PIA,McLaren,16,Q3,55,0.11,8.7619,245.9988,99.5003,4125.5428,4495.8718
PIA,McLaren,16,Q3,56,0.112,8.9135,248.322,99.0,4095.2623,4594.7848
PIA,McLaren,16,Q3,57,0.114,9.0641,249.5261,99.0,4063.685,4687.5706
PIA,McLaren,16,Q3,58,0.116,9.2135,251.3933,99.0,4025.762,4784.291
PIA,McLaren,16,Q3,59,0.118,9.3624,252.6278,99.0,3966.2798,4905.8059
PIA,McLaren,16,Q3,60,0.12,9.5109,253.4445,99.0,3905.7422,5007.9778
PIA,McLaren,16,Q3,61,0.122,9.659,254.1849,99.0,3857.0014,5069.7591
PIA,McLaren,16,Q3,62,0.124,9.8066,254.923,99.0,3799.8958,5118.4816
PIA,McLaren,16,Q3,63,0.126,9.9528,256.4017,99.0,3715.0409,5181.9016
PIA,McLaren,16,Q3,64,0.128,10.0985,257.9628,99.0,3623.3149,5236.4681
PIA,McLaren,16,Q3,65,0.13,10.2441,258.5922,99.0,3525.102,5278.07
PIA,McLaren,16,Q3,66,0.132,10.3888,259.6478,99.0,3423.7661,5313.7336
PIA,McLaren,16,Q3,67,0.134,10.5318,261.6289,99.0,3321.8986,5344.6969
PIA,McLaren,16,Q3,68,0.136,10.6737,263.5945,99.0,3221.9161,5376.0861
PIA,McLaren,16,Q3,69,0.138,10.8143,265.9876,99.0,3124.1246,5409.2148
PIA,McLaren,16,Q3,70,0.14,10.954,268.4817,99.0,3026.5019,5443.2385
PIA,McLaren,16,Q3,71,0.142,11.0934,269.5522,99.0,2927.9317,5477.7823
PIA,McLaren,16,Q3,72,0.144,11.2328,270.1383,99.0,2829.3609,5512.6308
PIA,McLaren,16,Q3,73,0.146,11.3718,270.5245,99.0,2733.9072,5549.4403
PIA,McLaren,16,Q3,74,0.148,11.5105,270.9099,99.0,2644.3705,5594.2007
PIA,McLaren,16,Q3,75,0.15,11.6487,271.7551,99.0,2562.6821,5653.2613
PIA,McLaren,16,Q3,76,0.152,11.7865,272.7394,99.0,2484.6918,5723.8368
PIA,McLaren,16,Q3,77,0.154,11.9241,273.3609,99.0,2413.9407,5801.8322
PIA,McLaren,16,Q3,78,0.156,12.0614,273.8515,99.0,2346.2375,5888.1153
PIA,McLaren,16,Q3,79,0.158,12.1985,274.2652,99.0,2268.2793,6012.9529
PIA,McLaren,16,Q3,80,0.16,12.3353,274.6453,99.0,2224.4714,6114.3966
PIA,McLaren,16,Q3,81,0.162,12.4722,275.0,99.0,2183.8938,6214.035
PIA,McLaren,16,Q3,82,0.164,12.6091,275.0,99.0,2161.7804,6311.9398
PIA,McLaren,16,Q3,83,0.166,12.7452,276.0182,99.0,2146.9327,6413.9859
PIA,McLaren,16,Q3,84,0.168,12.8809,277.0,99.0,2140.5541,6515.574
PIA,McLaren,16,Q3,85,0.17,13.0168,277.0,99.0,2149.249,6652.6531
PIA,McLaren,16,Q3,86,0.172,13.1527,277.0303,99.0,2161.5625,6794.8597
PIA,McLaren,16,Q3,87,0.174,13.2881,277.4534,99.0,2172.9562,6873.0327
PIA,McLaren,16,Q3,88,0.176,13.4235,277.8765,99.0,2184.3498,6951.2058
PIA,McLaren,16,Q3,89,0.178,13.5589,278.0,99.0,2199.6497,7047.781
PIA,McLaren,16,Q3,90,0.18,13.6938,278.5985,99.0,2216.5762,7151.2588
PIA,McLaren,16,Q3,91,0.182,13.8277,279.7144,99.0,2233.7932,7253.604
PIA,McLaren,16,Q3,92,0.184,13.9616,280.8296,99.0,2252.2545,7362.5698
PIA,McLaren,16,Q3,93,0.186,14.0945,282.0546,99.3515,2282.6771,7534.6411
PIA,McLaren,16,Q3,94,0.188,14.2269,283.296,99.7653,2303.3602,7650.4214
PIA,McLaren,16,Q3,95,0.19,14.3589,284.7111,100.0,2316.9509,7725.7957
PIA,McLaren,16,Q3,96,0.192,14.4904,286.1422,100.0,2326.4183,7778.2627
PIA,McLaren,16,Q3,97,0.194,14.6216,286.798,100.0,2341.9747,7867.6694
PIA,McLaren,16,Q3,98,0.196,14.7525,287.3771,100.0,2359.1671,7972.0909
PIA,McLaren,16,Q3,99,0.198,14.8831,287.9213,100.0,2374.7819,8076.0765
PIA,McLaren,16,Q3,100,0.2,15.0133,288.6956,100.0,2388.8297,8179.6376
PIA,McLaren,16,Q3,101,0.202,15.143,289.5061,100.0,2400.1129,8280.231
PIA,McLaren,16,Q3,102,0.204,15.2725,290.2524,100.0,2409.2667,8385.7294
PIA,McLaren,16,Q3,103,0.206,15.4018,290.8991,100.0,2414.9487,8529.1297
PIA,McLaren,16,Q3,104,0.208,15.5313,291.0,100.0,2418.0627,8677.4195
PIA,McLaren,16,Q3,105,0.21,15.6607,291.0,100.0,2420.2776,8809.5819
PIA,McLaren,16,Q3,106,0.212,15.7895,291.2739,100.0,2420.5897,8887.4767
PIA,McLaren,16,Q3,107,0.214,15.9177,292.0136,100.0,2419.7243,8946.5579
PIA,McLaren,16,Q3,108,0.216,16.0458,292.753,100.0,2418.6091,9012.9381
PIA,McLaren,16,Q3,109,0.218,16.1736,293.4901,100.0,2416.2133,9116.757
PIA,McLaren,16,Q3,110,0.22,16.3015,294.0,99.8765,2413.856,9210.1601
PIA,McLaren,16,Q3,111,0.222,16.4295,294.0,99.4764,2410.4344,9310.2675
PIA,McLaren,16,Q3,112,0.224,16.5576,294.0,99.0762,2406.5479,9415.1982
PIA,McLaren,16,Q3,113,0.226,16.6857,294.0,99.6478,2402.0211,9517.793
PIA,McLaren,16,Q3,114,0.228,16.8132,294.7124,100.0,2396.4998,9625.859
PIA,McLaren,16,Q3,115,0.23,16.9404,295.9837,100.0,2389.259,9752.6067
PIA,McLaren,16,Q3,116,0.232,17.0676,296.0,100.0,2380.4868,9890.9391
PIA,McLaren,16,Q3,117,0.234,17.1947,296.0486,100.0,2372.0347,10012.2435
PIA,McLaren,16,Q3,118,0.236,17.3214,296.5767,100.0,2364.3535,10110.1561
PIA,McLaren,16,Q3,119,0.238,17.4482,297.0,100.0,2356.92,10205.1569
PIA,McLaren,16,Q3,120,0.24,17.5749,297.0,100.0,2351.1082,10281.9494
PIA,McLaren,16,Q3,121,0.242,17.7014,297.3919,100.0,2344.4043,10367.9624
PIA,McLaren,16,Q3,122,0.244,17.8277,298.0,100.0,2336.8111,10463.1756
PIA,McLaren,16,Q3,123,0.246,17.954,298.0,100.0,2322.7181,10625.5006
PIA,McLaren,16,Q3,124,0.248,18.0793,298.0,73.511,2310.2702,10765.5546
PIA,McLaren,16,Q3,125,0.25,18.2062,298.0,38.6179,2303.3206,10837.4988
PIA,McLaren,16,Q3,126,0.252,18.3361,291.7885,9.5154,2296.1286,10908.1688
PIA,McLaren,16,Q3,127,0.254,18.4777,266.9589,0.0,2286.7847,10983.8122
PIA,McLaren,16,Q3,128,0.256,18.6277,256.3361,0.0,2271.846,11091.7751
PIA,McLaren,16,Q3,129,0.258,18.7965,234.381,0.0,2253.4438,11200.7811
PIA,McLaren,16,Q3,130,0.26,18.9999,198.2102,0.0,2231.4052,11304.7385
PIA,McLaren,16,Q3,131,0.262,19.2207,172.8068,0.0,2180.9478,11447.5152
PIA,McLaren,16,Q3,132,0.264,19.4548,159.615,0.0,2129.193,11561.1477
PIA,McLaren,16,Q3,133,0.266,19.722,141.4931,0.0,2094.1568,11604.417
PIA,McLaren,16,Q3,134,0.268,20.019,128.8698,0.0,2018.7042,11686.4453
PIA,McLaren,16,Q3,135,0.27,20.3268,122.272,0.0,1933.4375,11743.8015
PIA,McLaren,16,Q3,136,0.272,20.6555,113.8067,1.0644,1834.1377,11772.2862
PIA,McLaren,16,Q3,137,0.274,21.0082,106.782,10.308,1706.366,11750.2065
PIA,McLaren,16,Q3,138,0.276,21.3558,108.1148,34.5617,1624.9862,11706.6033
PIA,McLaren,16,Q3,139,0.278,21.6908,112.7193,57.4385,1527.2346,11619.8441
PIA,McLaren,16,Q3,140,0.28,22.0222,115.0,74.0117,1483.9575,11565.9803
PIA,McLaren,16,Q3,141,0.282,22.3201,127.6162,85.1949,1433.0671,11479.8732
PIA,McLaren,16,Q3,142,0.284,22.5831,146.0345,92.0483,1371.0768,11346.265
PIA,McLaren,16,Q3,143,0.286,22.8263,156.7924,99.0,1353.663,11302.9423
PIA,McLaren,16,Q3,144,0.288,23.0491,169.3564,99.0,1320.7615,11199.7675
PIA,McLaren,16,Q3,145,0.29,23.2526,178.94,99.0,1275.7749,11060.6256
PIA,McLaren,16,Q3,146,0.292,23.446,186.9981,99.0,1258.8979,11006.2317
PIA,McLaren,16,Q3,147,0.294,23.6366,194.9423,99.0,1236.0262,10931.5099
PIA,McLaren,16,Q3,148,0.296,23.8248,200.0735,99.0,1204.1784,10827.9915
PIA,McLaren,16,Q3,149,0.298,24.0061,207.324,99.0,1173.6469,10730.3263
PIA,McLaren,16,Q3,150,0.3,24.1803,212.7185,99.0,1140.6848,10625.495
PIA,McLaren,16,Q3,151,0.302,24.3497,217.8005,99.0,1099.5985,10494.5301
PIA,McLaren,16,Q3,152,0.304,24.5167,223.5156,99.0,1064.6936,10383.2975
PIA,McLaren,16,Q3,153,0.306,24.6802,229.3762,99.0,1041.8416,10310.6873
PIA,McLaren,16,Q3,154,0.308,24.8407,232.8882,99.0,1019.724,10241.2722
PIA,McLaren,16,Q3,155,0.31,24.9988,236.394,99.0,988.5377,10142.9685
PIA,McLaren,16,Q3,156,0.312,25.155,240.3,99.0,958.14,10044.9037
PIA,McLaren,16,Q3,157,0.314,25.3101,242.5886,99.0,926.9545,9945.8003
PIA,McLaren,16,Q3,158,0.316,25.4623,245.982,99.0,895.5244,9847.3466
PIA,McLaren,16,Q3,159,0.318,25.6114,249.7094,99.0,863.691,9749.7696
PIA,McLaren,16,Q3,160,0.32,25.76,252.2129,99.0,830.5816,9651.8344
PIA,McLaren,16,Q3,161,0.322,25.908,254.0835,99.0,797.3005,9555.0525
PIA,McLaren,16,Q3,162,0.324,26.0541,256.5188,99.0,763.1305,9455.3832
PIA,McLaren,16,Q3,163,0.326,26.1988,258.9299,99.0,721.9741,9337.6333
PIA,McLaren,16,Q3,164,0.328,26.3421,261.3182,99.0,675.2729,9205.5988
PIA,McLaren,16,Q3,165,0.33,26.4838,263.6801,99.0,637.3241,9096.9122
PIA,McLaren,16,Q3,166,0.332,26.6244,266.4286,99.0,603.8007,8999.9873
PIA,McLaren,16,Q3,167,0.334,26.7644,268.7677,99.0,568.4831,8898.3043
PIA,McLaren,16,Q3,168,0.336,26.9031,270.5019,99.0,526.9155,8780.0439
PIA,McLaren,16,Q3,169,0.338,27.0405,273.0388,99.0,489.9592,8675.207
PIA,McLaren,16,Q3,170,0.34,27.1766,275.8878,99.0,459.2521,8588.169
PIA,McLaren,16,Q3,171,0.342,27.3101,278.2423,99.0,441.876,8538.5205
PIA,McLaren,16,Q3,172,0.344,27.4434,280.5747,99.0,423.0205,8484.5667
PIA,McLaren,16,Q3,173,0.346,27.5758,282.8914,99.0,392.7638,8397.6383
PIA,McLaren,16,Q3,174,0.348,27.708,284.05,99.0,355.926,8291.9207
PIA,McLaren,16,Q3,175,0.35,27.8398,285.2962,99.0,319.7387,8188.2252
PIA,McLaren,16,Q3,176,0.352,27.9703,287.4716,99.0,285.6222,8090.7778
PIA,McLaren,16,Q3,177,0.354,28.0998,289.5674,99.0,251.4087,7992.8286
PIA,McLaren,16,Q3,178,0.356,28.2287,291.5011,99.0,217.0333,7894.1318
PIA,McLaren,16,Q3,179,0.358,28.3566,293.1831,99.0,182.7448,7795.9211
PIA,McLaren,16,Q3,180,0.36,28.4838,294.7731,99.0,148.5053,7697.9708
PIA,McLaren,16,Q3,181,0.362,28.6105,296.285,99.0,114.2014,7599.8571
PIA,McLaren,16,Q3,182,0.364,28.7368,297.5482,99.0,79.6998,7501.3237
PIA,McLaren,16,Q3,183,0.366,28.8624,299.0055,99.0,45.2037,7402.9088
PIA,McLaren,16,Q3,184,0.368,28.9875,300.5685,99.0,10.8187,7304.7551
PIA,McLaren,16,Q3,185,0.37,29.1117,302.1208,99.0,-27.867,7192.3497
PIA,McLaren,16,Q3,186,0.372,29.2354,303.6674,99.0,-75.2446,7055.3898
PIA,McLaren,16,Q3,187,0.374,29.3589,304.4844,99.0,-121.1869,6923.8291
PIA,McLaren,16,Q3,188,0.376,29.4822,305.1265,99.0,-162.7443,6805.3181
PIA,McLaren,16,Q3,189,0.378,29.6052,305.8953,99.0,-182.3297,6750.4955
PIA,McLaren,16,Q3,190,0.38,29.7277,307.0567,99.0,-200.5167,6699.4109
PIA,McLaren,16,Q3,191,0.382,29.8496,308.2303,99.0,-227.7327,6621.7326
PIA,McLaren,16,Q3,192,0.384,29.9712,309.2433,99.0,-263.8939,6517.8015
PIA,McLaren,16,Q3,193,0.386,30.0923,310.2515,99.0,-298.831,6417.719
PIA,McLaren,16,Q3,194,0.388,30.213,311.2533,99.0,-333.0216,6320.2334
PIA,McLaren,16,Q3,195,0.39,30.3335,312.127,99.0,-367.5794,6222.1113
PIA,McLaren,16,Q3,196,0.392,30.4538,312.6283,99.0,-402.295,6123.2073
PIA,McLaren,16,Q3,197,0.394,30.5739,313.1547,99.0,-436.634,6024.6711
PIA,McLaren,16,Q3,198,0.396,30.6938,313.754,99.0,-468.7327,5932.524
PIA,McLaren,16,Q3,199,0.398,30.8133,314.5024,99.0,-504.8567,5828.8837
PIA,McLaren,16,Q3,200,0.4,30.9324,315.3528,99.0,-553.9358,5688.1545
PIA,McLaren,16,Q3,201,0.402,31.0515,316.0,99.0,-601.9951,5550.3516
PIA,McLaren,16,Q3,202,0.404,31.1708,316.0,99.0,-627.259,5478.0173
PIA,McLaren,16,Q3,203,0.406,31.2901,316.0,99.0,-650.3343,5411.9742
PIA,McLaren,16,Q3,204,0.408,31.4093,316.0,99.0,-677.5015,5334.4716
PIA,McLaren,16,Q3,205,0.41,31.528,316.0,99.0,-711.8048,5236.9842
PIA,McLaren,16,Q3,206,0.412,31.6461,317.547,99.0,-745.9435,5139.7742
PIA,McLaren,16,Q3,207,0.414,31.7641,319.0,99.0,-778.9387,5045.6233
PIA,McLaren,16,Q3,208,0.416,31.8821,319.0,99.0,-815.789,4940.4561
PIA,McLaren,16,Q3,209,0.418,31.9995,320.2059,99.0,-865.5391,4798.7874
PIA,McLaren,16,Q3,210,0.42,32.1167,321.0,99.0,-913.5092,4661.9785
PIA,McLaren,16,Q3,211,0.422,32.234,321.0549,99.0,-946.8411,4566.0012
PIA,McLaren,16,Q3,212,0.424,32.3509,321.6394,99.0,-967.1827,4506.5475
PIA,McLaren,16,Q3,213,0.426,32.4677,322.1861,99.0,-990.1003,4440.3434
PIA,McLaren,16,Q3,214,0.428,32.5842,322.6717,99.0,-1022.4466,4349.0605
PIA,McLaren,16,Q3,215,0.43,32.7007,323.0,99.0,-1057.2779,4250.6203
PIA,McLaren,16,Q3,216,0.432,32.8173,323.0,99.0,-1091.779,4151.9979
PIA,McLaren,16,Q3,217,0.434,32.9336,323.3061,99.0,-1126.1119,4053.3547
PIA,McLaren,16,Q3,218,0.436,33.0494,324.4645,99.0,-1160.1371,3954.1749
PIA,McLaren,16,Q3,219,0.438,33.1653,325.0,99.0,-1208.3484,3818.67
PIA,McLaren,16,Q3,220,0.44,33.2811,325.0,99.0,-1262.3267,3668.7176
PIA,McLaren,16,Q3,221,0.442,33.3968,325.224,99.0,-1304.397,3552.2504
PIA,McLaren,16,Q3,222,0.444,33.5122,325.705,99.0,-1324.6493,3496.9025
PIA,McLaren,16,Q3,223,0.446,33.6275,326.2227,99.0,-1344.8227,3441.789
PIA,McLaren,16,Q3,224,0.448,33.7427,326.7983,99.0,-1369.8116,3373.3152
PIA,McLaren,16,Q3,225,0.45,33.8577,327.0,99.0,-1405.2644,3275.7319
PIA,McLaren,16,Q3,226,0.452,33.9728,327.0,99.0,-1443.6162,3170.0768
PIA,McLaren,16,Q3,227,0.454,34.088,327.0,99.0,-1479.4392,3071.3298
PIA,McLaren,16,Q3,228,0.456,34.2031,327.0,99.0,-1513.522,2977.2884
PIA,McLaren,16,Q3,229,0.458,34.3183,327.0,99.0,-1552.9565,2868.6473
PIA,McLaren,16,Q3,230,0.46,34.4333,327.0353,99.0,-1608.8217,2715.27
PIA,McLaren,16,Q3,231,0.462,34.5481,327.3942,99.0,-1664.3607,2562.7284
PIA,McLaren,16,Q3,232,0.464,34.6629,327.7527,99.0,-1694.1481,2480.1826
PIA,McLaren,16,Q3,233,0.466,34.7776,328.0,99.0,-1717.3777,2415.8919
PIA,McLaren,16,Q3,234,0.468,34.8923,328.0,99.0,-1738.3812,2358.9977
PIA,McLaren,16,Q3,235,0.47,35.0071,328.0,99.0,-1770.8816,2273.1985
PIA,McLaren,16,Q3,236,0.472,35.1219,328.0,99.0,-1807.7319,2176.4165
PIA,McLaren,16,Q3,237,0.474,35.2363,328.0,99.0,-1851.5436,2061.1008
PIA,McLaren,16,Q3,238,0.476,35.3516,327.4281,96.0199,-1901.9701,1927.7069
PIA,McLaren,16,Q3,239,0.478,35.4695,320.4302,59.5574,-1952.417,1791.9268
PIA,McLaren,16,Q3,240,0.48,35.5941,313.0316,21.0068,-1991.7314,1678.916
PIA,McLaren,16,Q3,241,0.482,35.7262,298.362,0.0,-2026.7884,1576.1525
PIA,McLaren,16,Q3,242,0.484,35.8697,274.6029,0.0,-2055.8039,1488.9395
PIA,McLaren,16,Q3,243,0.486,36.029,249.9965,0.0,-2080.9626,1414.0924
PIA,McLaren,16,Q3,244,0.488,36.2055,227.442,0.0,-2117.0517,1294.0783
PIA,McLaren,16,Q3,245,0.49,36.3969,202.5483,0.0,-2161.4655,1137.589
PIA,McLaren,16,Q3,246,0.492,36.62,172.273,0.0,-2177.8958,1069.0485
PIA,McLaren,16,Q3,247,0.494,36.9098,141.9841,0.0,-2187.9822,982.0172
PIA,McLaren,16,Q3,248,0.496,37.2459,115.4853,0.0,-2195.0,863.0441
PIA,McLaren,16,Q3,249,0.498,37.6303,97.6226,0.0,-2186.5014,753.8429
PIA,McLaren,16,Q3,250,0.5,38.0686,82.8592,0.0,-2148.3974,641.2071
PIA,McLaren,16,Q3,251,0.502,38.5769,73.4219,5.2321,-2067.0945,576.8494
PIA,McLaren,16,Q3,252,0.504,39.1133,71.3653,27.8383,-1980.63,570.4384
PIA,McLaren,16,Q3,253,0.506,39.5876,81.115,61.2389,-1870.6999,590.8957
PIA,McLaren,16,Q3,254,0.508,39.9673,100.1709,65.0,-1779.007,606.8975
PIA,McLaren,16,Q3,255,0.51,40.3272,104.279,7.859,-1626.0758,595.4776
PIA,McLaren,16,Q3,256,0.512,40.7004,100.8181,12.341,-1572.8355,559.8747
PIA,McLaren,16,Q3,257,0.514,41.0825,98.9076,30.2354,-1515.5782,496.8844
PIA,McLaren,16,Q3,258,0.516,41.4446,104.0923,52.3691,-1469.5826,401.2019
PIA,McLaren,16,Q3,259,0.518,41.7764,113.5103,74.1371,-1431.8361,289.6077
PIA,McLaren,16,Q3,260,0.52,42.0688,125.6572,92.744,-1407.4732,204.4511
PIA,McLaren,16,Q3,261,0.522,42.3274,140.3518,96.8585,-1385.7805,115.0966
PIA,McLaren,16,Q3,262,0.524,42.5646,152.6649,99.0,-1362.6332,20.4749
PIA,McLaren,16,Q3,263,0.526,42.7868,162.7647,99.0,-1335.839,-87.3551
PIA,McLaren,16,Q3,264,0.528,43.0033,173.0669,99.0,-1313.0116,-177.7234
PIA,McLaren,16,Q3,265,0.53,43.21,182.3184,99.0,-1294.0956,-249.6301
PIA,McLaren,16,Q3,266,0.532,43.4054,190.5837,99.0,-1271.4398,-331.7119
PIA,McLaren,16,Q3,267,0.534,43.591,198.8094,99.0,-1232.0222,-455.3486
PIA,McLaren,16,Q3,268,0.536,43.7747,203.1967,99.0,-1188.3979,-577.005
PIA,McLaren,16,Q3,269,0.538,43.9578,205.6456,99.0,-1149.9253,-675.0579
PIA,McLaren,16,Q3,270,0.54,44.1341,213.3975,99.0,-1110.357,-760.6061
PIA,McLaren,16,Q3,271,0.542,44.3043,221.0484,99.0,-1063.9431,-855.3382
PIA,McLaren,16,Q3,272,0.544,44.47,227.1253,99.0,-1014.1904,-951.6072
PIA,McLaren,16,Q3,273,0.546,44.6327,230.0304,99.0,-971.9516,-1027.6876
PIA,McLaren,16,Q3,274,0.548,44.7937,233.0555,99.0,-931.2984,-1095.7043
PIA,McLaren,16,Q3,275,0.55,44.9526,236.366,99.0,-883.4375,-1170.212
PIA,McLaren,16,Q3,276,0.552,45.1066,241.4135,99.0,-825.3686,-1255.552
PIA,McLaren,16,Q3,277,0.554,45.2583,246.8312,99.0,-766.1912,-1339.5724
PIA,McLaren,16,Q3,278,0.556,45.4077,250.0152,99.0,-689.2131,-1438.1951
PIA,McLaren,16,Q3,279,0.558,45.5566,252.8927,99.0,-612.7583,-1534.0948
PIA,McLaren,16,Q3,280,0.56,45.7034,255.3402,99.0,-546.9412,-1611.0861
PIA,McLaren,16,Q3,281,0.562,45.8483,259.2898,99.0,-488.9149,-1674.3922
PIA,McLaren,16,Q3,282,0.564,45.9909,262.6183,99.0,-429.3181,-1735.4479
PIA,McLaren,16,Q3,283,0.566,46.1271,265.129,99.0,-353.9861,-1804.2058
PIA,McLaren,16,Q3,284,0.568,46.2634,267.6396,99.0,-278.6542,-1872.9637
PIA,McLaren,16,Q3,285,0.57,46.3997,270.1502,99.0,-203.3223,-1941.7216
PIA,McLaren,16,Q3,286,0.572,46.536,272.6608,99.0,-127.9903,-2010.4795
PIA,McLaren,16,Q3,287,0.574,46.6722,275.1602,99.0,-52.4191,-2079.2257
PIA,McLaren,16,Q3,288,0.576,46.8059,277.5014,99.0,26.106,-2146.9685
PIA,McLaren,16,Q3,289,0.578,46.9394,279.8362,99.0,104.2492,-2213.6761
PIA,McLaren,16,Q3,290,0.58,47.0725,282.1058,99.0,182.6936,-2280.0766
PIA,McLaren,16,Q3,291,0.582,47.2041,283.5727,99.0,282.6687,-2364.4747
PIA,McLaren,16,Q3,292,0.584,47.3357,285.0385,99.0,384.7377,-2450.7393
PIA,McLaren,16,Q3,293,0.586,47.4667,286.5586,99.0,481.1527,-2532.2874
PIA,McLaren,16,Q3,294,0.588,47.596,288.1747,99.0,557.0849,-2596.5644
PIA,McLaren,16,Q3,295,0.59,47.7253,289.7908,99.0,633.017,-2660.8413
PIA,McLaren,16,Q3,296,0.592,47.8543,291.606,99.0,709.0528,-2725.1423
PIA,McLaren,16,Q3,297,0.594,47.9823,294.0031,99.0,788.8832,-2792.3559
PIA,McLaren,16,Q3,298,0.596,48.1086,295.4387,99.0,868.5781,-2859.3132
PIA,McLaren,16,Q3,299,0.598,48.2349,296.8735,99.0,946.9503,-2925.1586
PIA,McLaren,16,Q3,300,0.6,48.3602,298.2979,99.0,1009.8405,-2977.9903
PIA,McLaren,16,Q3,301,0.602,48.4854,299.6342,99.0,1073.6147,-3031.7575
PIA,McLaren,16,Q3,302,0.604,48.6105,300.8848,99.0,1138.2481,-3086.4341
PIA,McLaren,16,Q3,303,0.606,48.7348,302.4099,99.0,1216.4898,-3153.0799
PIA,McLaren,16,Q3,304,0.608,48.8586,303.7656,99.0,1293.0839,-3218.1618
PIA,McLaren,16,Q3,305,0.61,48.9819,304.9993,99.0,1366.986,-3280.7264
PIA,McLaren,16,Q3,306,0.612,49.1047,305.8762,99.4381,1491.4328,-3385.0923
PIA,McLaren,16,Q3,307,0.614,49.2273,306.7519,99.876,1627.205,-3498.8468
PIA,McLaren,16,Q3,308,0.616,49.3492,307.872,99.564,1721.0663,-3577.4916
PIA,McLaren,16,Q3,309,0.618,49.471,309.061,99.0,1802.9142,-3646.0244
PIA,McLaren,16,Q3,310,0.62,49.5918,309.8851,99.0,1858.7296,-3691.9713
PIA,McLaren,16,Q3,311,0.622,49.7126,310.709,99.0,1914.8049,-3738.0325
PIA,McLaren,16,Q3,312,0.624,49.833,311.5298,99.0,1974.7124,-3785.7782
PIA,McLaren,16,Q3,313,0.626,49.9534,312.319,99.0,2038.6436,-3835.8585
PIA,McLaren,16,Q3,314,0.628,50.0736,313.0663,99.0331,2108.6667,-3889.4916
PIA,McLaren,16,Q3,315,0.63,50.1932,313.8139,99.4069,2191.3345,-3950.604
PIA,McLaren,16,Q3,316,0.632,50.3127,314.5605,99.7803,2274.4073,-4011.4927
PIA,McLaren,16,Q3,317,0.634,50.4319,315.3059,100.0,2361.1971,-4073.5563
PIA,McLaren,16,Q3,318,0.636,50.551,316.0399,99.98,2465.7209,-4144.8983
PIA,McLaren,16,Q3,319,0.638,50.6695,316.6326,99.6837,2574.4757,-4216.6199
PIA,McLaren,16,Q3,320,0.64,50.788,317.2249,99.3875,2676.3977,-4283.5336
PIA,McLaren,16,Q3,321,0.642,50.9062,317.8158,99.0921,2748.4213,-4329.4089
PIA,McLaren,16,Q3,322,0.644,51.0243,318.2257,99.0,2816.6701,-4370.9277
PIA,McLaren,16,Q3,323,0.646,51.1423,318.5537,99.0,2886.4343,-4412.0486
PIA,McLaren,16,Q3,324,0.648,51.2602,318.8812,99.0,2976.2809,-4462.9796
PIA,McLaren,16,Q3,325,0.65,51.3781,319.2345,99.0,3068.4427,-4513.9557
PIA,McLaren,16,Q3,326,0.652,51.4957,319.6021,99.0,3160.5883,-4562.3158
PIA,McLaren,16,Q3,327,0.654,51.6133,319.9695,99.0,3253.8762,-4609.1905
PIA,McLaren,16,Q3,328,0.656,51.7307,320.2692,99.2692,3349.0832,-4653.2878
PIA,McLaren,16,Q3,329,0.658,51.848,320.5624,99.5624,3444.3581,-4696.8548
PIA,McLaren,16,Q3,330,0.66,51.9652,320.8554,99.8555,3540.9079,-4740.56
PIA,McLaren,16,Q3,331,0.662,52.0822,321.2958,99.7042,3646.2073,-4787.3386
PIA,McLaren,16,Q3,332,0.664,52.1991,321.8803,99.1197,3753.5725,-4834.7443
PIA,McLaren,16,Q3,333,0.666,52.316,322.0,99.0,3849.1667,-4876.6602
PIA,McLaren,16,Q3,334,0.668,52.4328,322.0245,98.5347,3939.7997,-4916.1429
PIA,McLaren,16,Q3,335,0.67,52.5486,322.314,93.0331,4035.8515,-4955.9163
PIA,McLaren,16,Q3,336,0.672,52.6642,322.6029,87.5452,4135.212,-4996.3537
PIA,McLaren,16,Q3,337,0.674,52.7819,322.8972,81.9541,4235.3588,-5036.1961
PIA,McLaren,16,Q3,338,0.676,52.9021,317.3957,53.6268,4335.3562,-5075.352
PIA,McLaren,16,Q3,339,0.678,53.0258,308.6325,12.3881,4434.8904,-5113.7326
PIA,McLaren,16,Q3,340,0.68,53.1526,298.7192,0.0,4540.1455,-5155.0762
PIA,McLaren,16,Q3,341,0.682,53.288,287.448,0.0,4657.8093,-5201.7288
PIA,McLaren,16,Q3,342,0.684,53.4307,275.2619,0.0,4782.9951,-5250.8373
PIA,McLaren,16,Q3,343,0.686,53.5841,262.1585,0.0,4902.117,-5290.0653
PIA,McLaren,16,Q3,344,0.688,53.7425,246.8198,0.0,5013.643,-5323.0039
PIA,McLaren,16,Q3,345,0.69,53.906,229.7028,0.0,5103.0087,-5345.0018
PIA,McLaren,16,Q3,346,0.692,54.0743,224.3855,0.0,5161.0561,-5356.2128
PIA,McLaren,16,Q3,347,0.694,54.2481,216.4777,0.3917,5225.1685,-5347.4202
PIA,McLaren,16,Q3,348,0.696,54.425,212.9353,3.0323,5375.0096,-5295.2555
PIA,McLaren,16,Q3,349,0.698,54.6063,209.0512,4.9744,5477.7293,-5253.6388
PIA,McLaren,16,Q3,350,0.7,54.7913,204.395,17.9086,5520.7795,-5224.4154
PIA,McLaren,16,Q3,351,0.702,54.9812,199.0197,41.0635,5599.4526,-5161.3535
PIA,McLaren,16,Q3,352,0.704,55.1772,194.1196,56.3764,5674.9988,-5082.9879
PIA,McLaren,16,Q3,353,0.706,55.3736,192.3986,68.9793,5730.728,-4995.2914
PIA,McLaren,16,Q3,354,0.708,55.5677,193.3213,78.4498,5771.036,-4909.4864
PIA,McLaren,16,Q3,355,0.71,55.7585,195.7066,81.7892,5789.5734,-4771.2529
PIA,McLaren,16,Q3,356,0.712,55.9476,198.0703,85.0234,5793.0922,-4616.3272
PIA,McLaren,16,Q3,357,0.714,56.1349,200.4113,85.8038,5782.4718,-4569.2132
PIA,McLaren,16,Q3,358,0.716,56.3193,203.4513,87.9611,5760.335,-4489.1489
PIA,McLaren,16,Q3,359,0.718,56.5008,206.6435,91.4479,5726.4909,-4389.7534
PIA,McLaren,16,Q3,360,0.72,56.6801,209.6205,98.1462,5683.1745,-4295.5542
PIA,McLaren,16,Q3,361,0.722,56.857,212.5671,99.0,5630.7907,-4204.8421
PIA,McLaren,16,Q3,362,0.724,57.0297,215.6265,99.0,5572.2241,-4122.1441
PIA,McLaren,16,Q3,363,0.726,57.1992,218.804,99.0,5485.5791,-4030.2859
PIA,McLaren,16,Q3,364,0.728,57.3667,221.9444,99.0,5372.5255,-3927.9993
PIA,McLaren,16,Q3,365,0.73,57.5335,225.0726,99.0,5312.5413,-3883.1729
PIA,McLaren,16,Q3,366,0.732,57.6978,228.4605,99.0,5267.112,-3864.8449
PIA,McLaren,16,Q3,367,0.734,57.8593,231.9215,99.0,5196.6246,-3838.6805
PIA,McLaren,16,Q3,368,0.736,58.0194,234.1716,99.0,5048.7512,-3810.1153
PIA,McLaren,16,Q3,369,0.738,58.1773,236.3654,99.0,4832.9226,-3787.8245
PIA,McLaren,16,Q3,370,0.74,58.3327,240.1985,99.0,4688.7398,-3768.9412
PIA,McLaren,16,Q3,371,0.742,58.4869,244.1194,99.0,4581.9004,-3751.8332
PIA,McLaren,16,Q3,372,0.744,58.6406,244.888,99.0,4509.1571,-3736.7344
PIA,McLaren,16,Q3,373,0.746,58.791,248.8391,99.0,4431.6984,-3723.2794
PIA,McLaren,16,Q3,374,0.748,58.9397,252.2778,99.0,4339.4217,-3709.9816
PIA,McLaren,16,Q3,375,0.75,59.0862,254.7205,99.0,4216.3377,-3696.5649
PIA,McLaren,16,Q3,376,0.752,59.232,257.1682,99.0,4079.029,-3683.1533
PIA,McLaren,16,Q3,377,0.754,59.3767,259.8825,99.0,3952.4813,-3672.6468
PIA,McLaren,16,Q3,378,0.756,59.521,260.8624,99.0,3844.0971,-3664.7945
PIA,McLaren,16,Q3,379,0.758,59.6645,262.2146,99.0,3756.051,-3658.6318
PIA,McLaren,16,Q3,380,0.76,59.8064,264.2687,99.0,3683.5331,-3653.5222
PIA,McLaren,16,Q3,381,0.762,59.9474,267.0821,99.0,3611.9505,-3648.279
PIA,McLaren,16,Q3,382,0.764,60.0868,269.6963,99.0,3494.1989,-3638.3677
PIA,McLaren,16,Q3,383,0.766,60.2258,270.6142,99.0,3366.141,-3627.9909
PIA,McLaren,16,Q3,384,0.768,60.364,271.7622,99.0,3271.8763,-3621.5056
PIA,McLaren,16,Q3,385,0.77,60.5014,273.4794,99.0,3202.4466,-3617.4267
PIA,McLaren,16,Q3,386,0.772,60.6382,275.1895,99.0,3095.1073,-3599.3842
PIA,McLaren,16,Q3,387,0.774,60.7739,276.5925,99.0,2922.6365,-3558.3396
PIA,McLaren,16,Q3,388,0.776,60.9088,277.7202,99.0,2801.8554,-3523.5516
PIA,McLaren,16,Q3,389,0.778,61.0435,278.8456,99.0,2718.7143,-3495.1872
PIA,McLaren,16,Q3,390,0.78,61.1785,279.0,99.0,2664.8444,-3463.9835
PIA,McLaren,16,Q3,391,0.782,61.3134,279.0,99.0,2608.3105,-3428.7845
PIA,McLaren,16,Q3,392,0.784,61.4477,279.7553,99.0,2514.7017,-3375.2392
PIA,McLaren,16,Q3,393,0.786,61.5816,280.7111,99.0,2426.7065,-3322.8209
PIA,McLaren,16,Q3,394,0.788,61.7147,281.6318,99.0,2341.7166,-3268.2018
PIA,McLaren,16,Q3,395,0.79,61.8473,282.5361,99.0,2255.5431,-3209.9217
PIA,McLaren,16,Q3,396,0.792,61.9796,283.4384,99.0,2171.5121,-3147.7255
PIA,McLaren,16,Q3,397,0.794,62.1121,284.0,99.0,2089.7776,-3083.4182
PIA,McLaren,16,Q3,398,0.796,62.2446,284.0,99.0,2011.0398,-3016.3866
PIA,McLaren,16,Q3,399,0.798,62.3771,284.0,99.0,1939.39,-2943.3331
PIA,McLaren,16,Q3,400,0.8,62.5096,284.0,99.0,1870.2403,-2868.0717
PIA,McLaren,16,Q3,401,0.802,62.6427,283.5805,99.0,1810.7585,-2784.2341
PIA,McLaren,16,Q3,402,0.804,62.7756,283.0267,99.0,1759.2355,-2695.1112
PIA,McLaren,16,Q3,403,0.806,62.9079,282.3006,64.3807,1716.9346,-2599.6048
PIA,McLaren,16,Q3,404,0.808,63.0412,281.56,27.722,1681.609,-2498.2936
PIA,McLaren,16,Q3,405,0.81,63.1801,275.316,0.0,1651.5212,-2394.2983
PIA,McLaren,16,Q3,406,0.812,63.3314,252.7299,0.0,1626.628,-2287.5691
PIA,McLaren,16,Q3,407,0.814,63.5065,223.0653,0.0,1604.7976,-2182.5241
PIA,McLaren,16,Q3,408,0.816,63.7055,196.526,0.0,1586.0425,-2059.3332
PIA,McLaren,16,Q3,409,0.818,63.9406,170.6648,0.0,1573.6766,-1873.0297
PIA,McLaren,16,Q3,410,0.82,64.1835,153.9639,0.0,1574.1165,-1801.6783
PIA,McLaren,16,Q3,411,0.822,64.457,137.5661,0.0,1580.5311,-1724.2325
PIA,McLaren,16,Q3,412,0.824,64.7609,126.0688,0.0,1609.0865,-1578.3648
PIA,McLaren,16,Q3,413,0.826,65.0954,114.9185,0.0,1635.8918,-1523.9405
PIA,McLaren,16,Q3,414,0.828,65.4457,107.3082,15.0139,1705.1786,-1446.3193
PIA,McLaren,16,Q3,415,0.83,65.7951,108.4667,48.6297,1814.1866,-1406.8446
PIA,McLaren,16,Q3,416,0.832,66.1163,116.9526,59.8578,1906.8557,-1397.3077
PIA,McLaren,16,Q3,417,0.834,66.4222,123.7704,78.3324,2004.5827,-1400.1418
PIA,McLaren,16,Q3,418,0.836,66.7048,137.0674,96.97,2152.8018,-1414.3304
PIA,McLaren,16,Q3,419,0.838,66.9615,146.8303,87.0956,2235.2547,-1423.5703
PIA,McLaren,16,Q3,420,0.84,67.2051,154.4826,23.8263,2329.3101,-1399.6796
PIA,McLaren,16,Q3,421,0.842,67.4529,151.5946,9.0,2466.9098,-1349.1905
PIA,McLaren,16,Q3,422,0.844,67.7089,147.1867,16.7064,2555.6184,-1285.0581
PIA,McLaren,16,Q3,423,0.846,67.9693,144.4634,29.2198,2627.4322,-1213.7174
PIA,McLaren,16,Q3,424,0.848,68.2296,144.6984,38.9845,2692.8936,-1134.4193
PIA,McLaren,16,Q3,425,0.85,68.4881,145.5816,54.7956,2730.9057,-1044.158
PIA,McLaren,16,Q3,426,0.852,68.7416,149.738,69.2332,2755.2931,-963.5056
PIA,McLaren,16,Q3,427,0.854,68.9865,153.8095,83.5055,2765.2026,-888.3596
PIA,McLaren,16,Q3,428,0.856,69.2146,163.0733,96.3322,2774.4119,-770.2508
PIA,McLaren,16,Q3,429,0.858,69.441,165.7132,79.0566,2777.4514,-643.6181
PIA,McLaren,16,Q3,430,0.86,69.6574,173.8257,11.4524,2770.5922,-539.5764
PIA,McLaren,16,Q3,431,0.862,69.8776,170.8178,9.9089,2756.029,-454.1769
PIA,McLaren,16,Q3,432,0.864,70.1021,167.3046,10.4128,2729.6279,-375.8674
PIA,McLaren,16,Q3,433,0.866,70.3346,162.5258,15.4225,2679.8088,-285.3833
PIA,McLaren,16,Q3,434,0.868,70.5704,159.579,28.8941,2610.5651,-204.7245
PIA,McLaren,16,Q3,435,0.87,70.806,160.192,47.7276,2530.6422,-135.8046
PIA,McLaren,16,Q3,436,0.872,71.0347,163.8803,64.8753,2443.2276,-80.9617
PIA,McLaren,16,Q3,437,0.874,71.2569,168.8473,80.4828,2348.3388,-39.5165
PIA,McLaren,16,Q3,438,0.876,71.4712,175.1489,90.0936,2212.489,-15.2437
PIA,McLaren,16,Q3,439,0.878,71.6766,182.4153,99.0,2096.9363,-4.3325
PIA,McLaren,16,Q3,440,0.88,71.8733,188.4244,99.0,2032.0145,-9.9296
PIA,McLaren,16,Q3,441,0.882,72.0645,194.5086,99.0,1943.8742,-19.2099
PIA,McLaren,16,Q3,442,0.884,72.2459,201.1056,99.0,1842.3535,-33.1923
PIA,McLaren,16,Q3,443,0.886,72.4241,207.5846,99.0,1747.0238,-47.8395
PIA,McLaren,16,Q3,444,0.888,72.6001,211.9385,99.0,1631.7307,-65.2584
PIA,McLaren,16,Q3,445,0.89,72.7742,215.781,99.0,1473.9551,-87.1155
PIA,McLaren,16,Q3,446,0.892,72.9443,220.0336,99.0,1378.45,-99.8895
PIA,McLaren,16,Q3,447,0.894,73.1092,226.4066,99.0,1314.1086,-108.2194
PIA,McLaren,16,Q3,448,0.896,73.2691,233.1381,99.0,1222.8234,-119.7295
PIA,McLaren,16,Q3,449,0.898,73.4256,236.658,99.0,1105.6631,-136.2842
PIA,McLaren,16,Q3,450,0.9,73.5806,240.1467,99.0,984.2049,-154.3737
PIA,McLaren,16,Q3,451,0.902,73.7337,243.5458,99.0,883.674,-170.6114
PIA,McLaren,16,Q3,452,0.904,73.8849,246.8539,99.0,801.8725,-185.1842
PIA,McLaren,16,Q3,453,0.906,74.0355,249.6591,99.0,711.1722,-201.393
PIA,McLaren,16,Q3,454,0.908,74.185,251.5351,99.0,607.8152,-219.6847
PIA,McLaren,16,Q3,455,0.91,74.332,254.2913,99.0,505.4318,-235.9244
PIA,McLaren,16,Q3,456,0.912,74.4783,257.1022,99.0,402.871,-250.3554
PIA,McLaren,16,Q3,457,0.914,74.6242,258.0277,99.0,299.4788,-259.8246
PIA,McLaren,16,Q3,458,0.916,74.769,259.8378,99.0,199.6831,-261.4621
PIA,McLaren,16,Q3,459,0.918,74.9129,260.7275,99.0,99.326,-246.15
PIA,McLaren,16,Q3,460,0.92,75.0567,261.5264,99.0,-2.712,-227.9641
PIA,McLaren,16,Q3,461,0.922,75.1997,262.5769,99.0,-122.6819,-185.072
PIA,McLaren,16,Q3,462,0.924,75.3423,264.0016,99.0,-242.6088,-130.8124
PIA,McLaren,16,Q3,463,0.926,75.4843,264.8894,99.0,-346.1147,-59.0771
PIA,McLaren,16,Q3,464,0.928,75.626,265.3101,99.0,-429.4374,18.8328
PIA,McLaren,16,Q3,465,0.93,75.7676,265.6641,99.0,-505.6764,96.5932
PIA,McLaren,16,Q3,466,0.932,75.9089,266.043,99.0,-559.2048,168.9483
PIA,McLaren,16,Q3,467,0.934,76.0499,266.9241,99.0,-600.3929,241.0163
PIA,McLaren,16,Q3,468,0.936,76.1909,267.0,99.0,-651.8004,326.6073
PIA,McLaren,16,Q3,469,0.938,76.3311,267.646,99.0,-723.3979,445.7333
PIA,McLaren,16,Q3,470,0.94,76.4707,268.9502,99.0,-800.421,575.142
PIA,McLaren,16,Q3,471,0.942,76.6095,270.1988,99.0,-858.799,673.5803
PIA,McLaren,16,Q3,472,0.944,76.747,271.2299,99.0,-883.9125,717.4232
PIA,McLaren,16,Q3,473,0.946,76.8848,272.2635,99.0,-915.482,774.1959
PIA,McLaren,16,Q3,474,0.948,77.0239,271.2978,82.1484,-964.2312,867.4503
PIA,McLaren,16,Q3,475,0.95,77.1676,265.3072,22.8415,-1008.1005,971.4164
PIA,McLaren,16,Q3,476,0.952,77.3209,253.4583,0.0,-1046.187,1075.3555
PIA,McLaren,16,Q3,477,0.954,77.4865,237.3077,0.0,-1076.975,1174.7364
PIA,McLaren,16,Q3,478,0.956,77.6699,217.2955,0.0,-1098.8197,1271.7461
PIA,McLaren,16,Q3,479,0.958,77.8743,188.094,0.0,-1114.5862,1406.742
PIA,McLaren,16,Q3,480,0.96,78.1008,171.0216,0.0,-1119.5251,1562.8926
PIA,McLaren,16,Q3,481,0.962,78.3424,157.0303,0.0,-1113.1395,1660.5685
PIA,McLaren,16,Q3,482,0.964,78.5965,148.2196,0.0,-1108.0828,1696.9753
PIA,McLaren,16,Q3,483,0.966,78.859,143.2147,0.5571,-1096.4192,1741.7787
PIA,McLaren,16,Q3,484,0.968,79.1287,139.1792,24.6706,-1058.1067,1833.2259
PIA,McLaren,16,Q3,485,0.97,79.4048,136.091,37.1823,-978.6979,1903.9353
PIA,McLaren,16,Q3,486,0.972,79.6756,139.5437,63.1044,-865.952,1957.2133
PIA,McLaren,16,Q3,487,0.974,79.9338,146.1567,86.1607,-788.2661,1970.5116
PIA,McLaren,16,Q3,488,0.976,80.1761,155.2416,98.4713,-693.6131,1977.1504
PIA,McLaren,16,Q3,489,0.978,80.4059,165.146,98.3568,-576.3142,1987.5456
PIA,McLaren,16,Q3,490,0.98,80.6204,174.5599,99.312,-436.7401,2005.5089
PIA,McLaren,16,Q3,491,0.982,80.8291,180.5217,99.3696,-356.765,2015.36
PIA,McLaren,16,Q3,492,0.984,81.029,186.7383,99.0,-280.4321,2020.3709
PIA,McLaren,16,Q3,493,0.986,81.2217,193.9894,99.0,-156.7353,2027.5148
PIA,McLaren,16,Q3,494,0.988,81.413,196.8646,99.0,-54.518,2032.2187
PIA,McLaren,16,Q3,495,0.99,81.5918,206.9054,99.0,40.5738,2037.6088
PIA,McLaren,16,Q3,496,0.992,81.7688,213.0032,99.6677,159.8113,2043.7001
PIA,McLaren,16,Q3,497,0.994,81.941,217.9683,99.504,312.4153,2051.7995
PIA,McLaren,16,Q3,498,0.996,82.1091,222.883,99.0,449.5547,2065.0159
PIA,McLaren,16,Q3,499,0.998,82.2754,226.4828,99.0,567.4419,2079.6399
PIA,McLaren,16,Q3,500,1.0,82.437,230.9722,99.0,653.8229,2090.6094
